<?xml version="1.0" encoding="UTF-8" standalone="yes"?>
<PublicationDelivery xmlns="http://www.netex.org.uk/netex" xmlns:ns2="http://www.opengis.net/gml/3.2" xmlns:ns3="http://www.siri.org.uk/siri" version="1.11:NO-NeTEx-networktimetable:1.3">
    <PublicationTimestamp>2024-09-02T03:57:40</PublicationTimestamp>
    <ParticipantRef>SAM</ParticipantRef>
    <dataObjects>
        <CompositeFrame created="2024-09-02T03:57:40" version="20240902035740" id="SE:020:CompositeFrame:9011020096200000">
            <ValidBetween>
                <FromDate>1970-01-01T00:00:00</FromDate>
            </ValidBetween>
            <codespaces>
                <Codespace id="SE:020">
                    <Xmlns>SE:020</Xmlns>
                    <XmlnsUrl>http://www.samtrafiken.se/ns/dt</XmlnsUrl>
                </Codespace>
            </codespaces>
            <FrameDefaults>
                <DefaultLocale>
                    <TimeZone>Europe/Stockholm</TimeZone>
                    <DefaultLanguage>se</DefaultLanguage>
                </DefaultLocale>
                <DefaultLocationSystem>4326</DefaultLocationSystem>
            </FrameDefaults>
            <frames>
                <ServiceFrame version="20240902035740" id="SE:020:ServiceFrame:9011020096200000">
                    <routes>
                        <Route version="any" id="SE:020:Route:205330000122307219">
                            <Name>Skolbuss</Name>
                            <LineRef ref="SE:020:Line:9011020096200000" version="220811"/>
                            <DirectionType>outbound</DirectionType>
                            <pointsInSequence>
<PointOnRoute order="1" version="any" id="SE:020:PointOnRoute:205330000122307224">
    <RoutePointRef ref="SE:020:RoutePoint:9022020584147001"/>
</PointOnRoute>
<PointOnRoute order="2" version="any" id="SE:020:PointOnRoute:205330000122307225">
    <RoutePointRef ref="SE:020:RoutePoint:9022020584187001"/>
</PointOnRoute>
<PointOnRoute order="3" version="any" id="SE:020:PointOnRoute:205330000122307226">
    <RoutePointRef ref="SE:020:RoutePoint:9022020584104001"/>
</PointOnRoute>
<PointOnRoute order="4" version="any" id="SE:020:PointOnRoute:205330000122307227">
    <RoutePointRef ref="SE:020:RoutePoint:9022020584103001"/>
</PointOnRoute>
<PointOnRoute order="5" version="any" id="SE:020:PointOnRoute:205330000122307228">
    <RoutePointRef ref="SE:020:RoutePoint:9022020584335001"/>
</PointOnRoute>
<PointOnRoute order="6" version="any" id="SE:020:PointOnRoute:205330000122307229">
    <RoutePointRef ref="SE:020:RoutePoint:9022020584105001"/>
</PointOnRoute>
<PointOnRoute order="7" version="any" id="SE:020:PointOnRoute:205330000122307230">
    <RoutePointRef ref="SE:020:RoutePoint:9022020584107001"/>
</PointOnRoute>
<PointOnRoute order="8" version="any" id="SE:020:PointOnRoute:205330000122307231">
    <RoutePointRef ref="SE:020:RoutePoint:9022020584046001"/>
</PointOnRoute>
<PointOnRoute order="9" version="any" id="SE:020:PointOnRoute:205330000122307232">
    <RoutePointRef ref="SE:020:RoutePoint:9022020584108001"/>
</PointOnRoute>
<PointOnRoute order="10" version="any" id="SE:020:PointOnRoute:205330000122307233">
    <RoutePointRef ref="SE:020:RoutePoint:9022020584293001"/>
</PointOnRoute>
<PointOnRoute order="11" version="any" id="SE:020:PointOnRoute:205330000122307234">
    <RoutePointRef ref="SE:020:RoutePoint:9022020584245001"/>
</PointOnRoute>
                            </pointsInSequence>
                        </Route>
                    </routes>
                    <lines>
                        <Line version="220811" id="SE:020:Line:9011020096200000">
                            <ValidBetween>
<FromDate>2022-08-11T00:00:00</FromDate>
                            </ValidBetween>
                            <Name>962</Name>
                            <TransportMode>bus</TransportMode>
                            <TransportSubmode>
<BusSubmode>unknown</BusSubmode>
                            </TransportSubmode>
                            <PublicCode>962</PublicCode>
                            <PrivateCode>962</PrivateCode>
                            <RepresentedByGroupRef ref="SE:020:Network:9010020000000000"/>
                        </Line>
                    </lines>
                    <journeyPatterns>
                        <JourneyPattern version="any" id="SE:020:JourneyPattern:205339415000026224">
                            <RouteRef ref="SE:020:Route:205330000122307219" version="any"/>
                            <pointsInSequence>
<StopPointInJourneyPattern order="1" version="any" id="SE:020:StopPointInJourneyPattern:205339415000026224_205330000122307224">
    <ScheduledStopPointRef ref="SE:020:ScheduledStopPoint:9022020584147001"/>
    <ForAlighting>false</ForAlighting>
    <ForBoarding>true</ForBoarding>
    <DestinationDisplayRef ref="SE:020:DestinationDisplay:205330000122307242"/>
    <RequestStop>true</RequestStop>
</StopPointInJourneyPattern>
<StopPointInJourneyPattern order="2" version="any" id="SE:020:StopPointInJourneyPattern:205339415000026224_205330000122307225">
    <ScheduledStopPointRef ref="SE:020:ScheduledStopPoint:9022020584187001"/>
    <ForAlighting>true</ForAlighting>
    <ForBoarding>true</ForBoarding>
    <RequestStop>true</RequestStop>
</StopPointInJourneyPattern>
<StopPointInJourneyPattern order="3" version="any" id="SE:020:StopPointInJourneyPattern:205339415000026224_205330000122307226">
    <ScheduledStopPointRef ref="SE:020:ScheduledStopPoint:9022020584104001"/>
    <ForAlighting>true</ForAlighting>
    <ForBoarding>true</ForBoarding>
    <RequestStop>true</RequestStop>
</StopPointInJourneyPattern>
<StopPointInJourneyPattern order="4" version="any" id="SE:020:StopPointInJourneyPattern:205339415000026224_205330000122307227">
    <ScheduledStopPointRef ref="SE:020:ScheduledStopPoint:9022020584103001"/>
    <ForAlighting>true</ForAlighting>
    <ForBoarding>true</ForBoarding>
    <RequestStop>true</RequestStop>
</StopPointInJourneyPattern>
<StopPointInJourneyPattern order="5" version="any" id="SE:020:StopPointInJourneyPattern:205339415000026224_205330000122307228">
    <ScheduledStopPointRef ref="SE:020:ScheduledStopPoint:9022020584335001"/>
    <ForAlighting>true</ForAlighting>
    <ForBoarding>true</ForBoarding>
    <RequestStop>true</RequestStop>
</StopPointInJourneyPattern>
<StopPointInJourneyPattern order="6" version="any" id="SE:020:StopPointInJourneyPattern:205339415000026224_205330000122307229">
    <ScheduledStopPointRef ref="SE:020:ScheduledStopPoint:9022020584105001"/>
    <ForAlighting>true</ForAlighting>
    <ForBoarding>true</ForBoarding>
    <RequestStop>true</RequestStop>
</StopPointInJourneyPattern>
<StopPointInJourneyPattern order="7" version="any" id="SE:020:StopPointInJourneyPattern:205339415000026224_205330000122307230">
    <ScheduledStopPointRef ref="SE:020:ScheduledStopPoint:9022020584107001"/>
    <ForAlighting>true</ForAlighting>
    <ForBoarding>true</ForBoarding>
    <RequestStop>true</RequestStop>
</StopPointInJourneyPattern>
<StopPointInJourneyPattern order="8" version="any" id="SE:020:StopPointInJourneyPattern:205339415000026224_205330000122307231">
    <ScheduledStopPointRef ref="SE:020:ScheduledStopPoint:9022020584046001"/>
    <ForAlighting>true</ForAlighting>
    <ForBoarding>true</ForBoarding>
    <RequestStop>true</RequestStop>
</StopPointInJourneyPattern>
<StopPointInJourneyPattern order="9" version="any" id="SE:020:StopPointInJourneyPattern:205339415000026224_205330000122307232">
    <ScheduledStopPointRef ref="SE:020:ScheduledStopPoint:9022020584108001"/>
    <ForAlighting>true</ForAlighting>
    <ForBoarding>true</ForBoarding>
    <RequestStop>true</RequestStop>
</StopPointInJourneyPattern>
<StopPointInJourneyPattern order="10" version="any" id="SE:020:StopPointInJourneyPattern:205339415000026224_205330000122307233">
    <ScheduledStopPointRef ref="SE:020:ScheduledStopPoint:9022020584293001"/>
    <ForAlighting>true</ForAlighting>
    <ForBoarding>true</ForBoarding>
    <RequestStop>true</RequestStop>
</StopPointInJourneyPattern>
<StopPointInJourneyPattern order="11" version="any" id="SE:020:StopPointInJourneyPattern:205339415000026224_205330000122307234">
    <ScheduledStopPointRef ref="SE:020:ScheduledStopPoint:9022020584245001"/>
    <ForAlighting>true</ForAlighting>
    <ForBoarding>false</ForBoarding>
    <RequestStop>true</RequestStop>
</StopPointInJourneyPattern>
                            </pointsInSequence>
                            <linksInSequence>
<ServiceLinkInJourneyPattern order="1" version="any" id="SE:020:ServiceLinkInJourneyPattern:BUS_44540">
    <ServiceLinkRef ref="SE:020:ServiceLink:BUS_9025020058414701_9025020058418701"/>
</ServiceLinkInJourneyPattern>
<ServiceLinkInJourneyPattern order="2" version="any" id="SE:020:ServiceLinkInJourneyPattern:BUS_44541">
    <ServiceLinkRef ref="SE:020:ServiceLink:BUS_9025020058418701_9025020058410401"/>
</ServiceLinkInJourneyPattern>
<ServiceLinkInJourneyPattern order="3" version="any" id="SE:020:ServiceLinkInJourneyPattern:BUS_44542">
    <ServiceLinkRef ref="SE:020:ServiceLink:BUS_9025020058410401_9025020058410301"/>
</ServiceLinkInJourneyPattern>
<ServiceLinkInJourneyPattern order="4" version="any" id="SE:020:ServiceLinkInJourneyPattern:BUS_44543">
    <ServiceLinkRef ref="SE:020:ServiceLink:BUS_9025020058410301_9025020058433501"/>
</ServiceLinkInJourneyPattern>
<ServiceLinkInJourneyPattern order="5" version="any" id="SE:020:ServiceLinkInJourneyPattern:BUS_44544">
    <ServiceLinkRef ref="SE:020:ServiceLink:BUS_9025020058433501_9025020058410501"/>
</ServiceLinkInJourneyPattern>
<ServiceLinkInJourneyPattern order="6" version="any" id="SE:020:ServiceLinkInJourneyPattern:BUS_44545">
    <ServiceLinkRef ref="SE:020:ServiceLink:BUS_9025020058410501_9025020058410701"/>
</ServiceLinkInJourneyPattern>
<ServiceLinkInJourneyPattern order="7" version="any" id="SE:020:ServiceLinkInJourneyPattern:BUS_44546">
    <ServiceLinkRef ref="SE:020:ServiceLink:BUS_9025020058410701_9025020058404601"/>
</ServiceLinkInJourneyPattern>
<ServiceLinkInJourneyPattern order="8" version="any" id="SE:020:ServiceLinkInJourneyPattern:BUS_44547">
    <ServiceLinkRef ref="SE:020:ServiceLink:BUS_9025020058404601_9025020058410801"/>
</ServiceLinkInJourneyPattern>
<ServiceLinkInJourneyPattern order="9" version="any" id="SE:020:ServiceLinkInJourneyPattern:BUS_44548">
    <ServiceLinkRef ref="SE:020:ServiceLink:BUS_9025020058410801_9025020058429301"/>
</ServiceLinkInJourneyPattern>
<ServiceLinkInJourneyPattern order="10" version="any" id="SE:020:ServiceLinkInJourneyPattern:BUS_44549">
    <ServiceLinkRef ref="SE:020:ServiceLink:BUS_9025020058429301_9025020058424501"/>
</ServiceLinkInJourneyPattern>
                            </linksInSequence>
                        </JourneyPattern>
                    </journeyPatterns>
                </ServiceFrame>
                <TimetableFrame version="20240902035740" id="SE:020:TimetableFrame:9011020096200000">
                    <vehicleJourneys>
                        <ServiceJourney version="any" id="SE:020:ServiceJourney:205330000122307264">
                            <TransportMode>bus</TransportMode>
                            <TransportSubmode>
<BusSubmode>unknown</BusSubmode>
                            </TransportSubmode>
                            <dayTypes>
<DayTypeRef ref="SE:020:DayType:h05vum7jn71m52v7li4eqrlmspeivijh"/>
                            </dayTypes>
                            <JourneyPatternRef ref="SE:020:JourneyPattern:205339415000026224" version="any"/>
                            <OperatorRef ref="SE:020:Operator:9013020140700000"/>
                            <passingTimes>
<TimetabledPassingTime version="any" id="SE:020:TimetabledPassingTime:205330000122307250">
    <StopPointInJourneyPatternRef ref="SE:020:StopPointInJourneyPattern:205339415000026224_205330000122307224" version="any"/>
    <DepartureTime>06:55:00</DepartureTime>
</TimetabledPassingTime>
<TimetabledPassingTime version="any" id="SE:020:TimetabledPassingTime:205330000122307251">
    <StopPointInJourneyPatternRef ref="SE:020:StopPointInJourneyPattern:205339415000026224_205330000122307225" version="any"/>
    <ArrivalTime>07:01:18</ArrivalTime>
    <DepartureTime>07:01:18</DepartureTime>
</TimetabledPassingTime>
<TimetabledPassingTime version="any" id="SE:020:TimetabledPassingTime:205330000122307252">
    <StopPointInJourneyPatternRef ref="SE:020:StopPointInJourneyPattern:205339415000026224_205330000122307226" version="any"/>
    <ArrivalTime>07:12:00</ArrivalTime>
    <DepartureTime>07:12:00</DepartureTime>
</TimetabledPassingTime>
<TimetabledPassingTime version="any" id="SE:020:TimetabledPassingTime:205330000122307253">
    <StopPointInJourneyPatternRef ref="SE:020:StopPointInJourneyPattern:205339415000026224_205330000122307227" version="any"/>
    <ArrivalTime>07:13:50</ArrivalTime>
    <DepartureTime>07:13:50</DepartureTime>
</TimetabledPassingTime>
<TimetabledPassingTime version="any" id="SE:020:TimetabledPassingTime:205330000122307254">
    <StopPointInJourneyPatternRef ref="SE:020:StopPointInJourneyPattern:205339415000026224_205330000122307228" version="any"/>
    <ArrivalTime>07:14:40</ArrivalTime>
    <DepartureTime>07:14:40</DepartureTime>
</TimetabledPassingTime>
<TimetabledPassingTime version="any" id="SE:020:TimetabledPassingTime:205330000122307255">
    <StopPointInJourneyPatternRef ref="SE:020:StopPointInJourneyPattern:205339415000026224_205330000122307229" version="any"/>
    <ArrivalTime>07:15:14</ArrivalTime>
    <DepartureTime>07:15:14</DepartureTime>
</TimetabledPassingTime>
<TimetabledPassingTime version="any" id="SE:020:TimetabledPassingTime:205330000122307256">
    <StopPointInJourneyPatternRef ref="SE:020:StopPointInJourneyPattern:205339415000026224_205330000122307230" version="any"/>
    <ArrivalTime>07:16:27</ArrivalTime>
    <DepartureTime>07:16:27</DepartureTime>
</TimetabledPassingTime>
<TimetabledPassingTime version="any" id="SE:020:TimetabledPassingTime:205330000122307257">
    <StopPointInJourneyPatternRef ref="SE:020:StopPointInJourneyPattern:205339415000026224_205330000122307231" version="any"/>
    <ArrivalTime>07:17:13</ArrivalTime>
    <DepartureTime>07:17:13</DepartureTime>
</TimetabledPassingTime>
<TimetabledPassingTime version="any" id="SE:020:TimetabledPassingTime:205330000122307258">
    <StopPointInJourneyPatternRef ref="SE:020:StopPointInJourneyPattern:205339415000026224_205330000122307232" version="any"/>
    <ArrivalTime>07:19:13</ArrivalTime>
    <DepartureTime>07:19:13</DepartureTime>
</TimetabledPassingTime>
<TimetabledPassingTime version="any" id="SE:020:TimetabledPassingTime:205330000122307259">
    <StopPointInJourneyPatternRef ref="SE:020:StopPointInJourneyPattern:205339415000026224_205330000122307233" version="any"/>
    <ArrivalTime>07:24:00</ArrivalTime>
    <DepartureTime>07:24:00</DepartureTime>
</TimetabledPassingTime>
<TimetabledPassingTime version="any" id="SE:020:TimetabledPassingTime:205330000122307260">
    <StopPointInJourneyPatternRef ref="SE:020:StopPointInJourneyPattern:205339415000026224_205330000122307234" version="any"/>
    <ArrivalTime>07:28:00</ArrivalTime>
</TimetabledPassingTime>
                            </passingTimes>
                        </ServiceJourney>
                    </vehicleJourneys>
                </TimetableFrame>
            </frames>
        </CompositeFrame>
    </dataObjects>
</PublicationDelivery>
