<?xml version="1.0" encoding="UTF-8" standalone="yes"?>
<PublicationDelivery xmlns="http://www.netex.org.uk/netex" xmlns:ns2="http://www.opengis.net/gml/3.2" xmlns:ns3="http://www.siri.org.uk/siri" version="1.11:NO-NeTEx-networktimetable:1.3">
    <PublicationTimestamp>2024-09-02T03:57:40</PublicationTimestamp>
    <ParticipantRef>SAM</ParticipantRef>
    <dataObjects>
        <CompositeFrame created="2024-09-02T03:57:40" version="20240902035740" id="SE:020:CompositeFrame:9011020078100000">
            <ValidBetween>
                <FromDate>1970-01-01T00:00:00</FromDate>
            </ValidBetween>
            <codespaces>
                <Codespace id="SE:020">
                    <Xmlns>SE:020</Xmlns>
                    <XmlnsUrl>http://www.samtrafiken.se/ns/dt</XmlnsUrl>
                </Codespace>
            </codespaces>
            <FrameDefaults>
                <DefaultLocale>
                    <TimeZone>Europe/Stockholm</TimeZone>
                    <DefaultLanguage>se</DefaultLanguage>
                </DefaultLocale>
                <DefaultLocationSystem>4326</DefaultLocationSystem>
            </FrameDefaults>
            <frames>
                <ServiceFrame version="20240902035740" id="SE:020:ServiceFrame:9011020078100000">
                    <routes>
                        <Route version="any" id="SE:020:Route:205330000090068750">
                            <Name>Flextrafik</Name>
                            <LineRef ref="SE:020:Line:9011020078100000" version="190529"/>
                            <DirectionType>outbound</DirectionType>
                            <pointsInSequence>
<PointOnRoute order="1" version="any" id="SE:020:PointOnRoute:205330000090068755">
    <RoutePointRef ref="SE:020:RoutePoint:9022020539985001"/>
</PointOnRoute>
<PointOnRoute order="2" version="any" id="SE:020:PointOnRoute:205330000090068756">
    <RoutePointRef ref="SE:020:RoutePoint:9022020539021001"/>
</PointOnRoute>
<PointOnRoute order="3" version="any" id="SE:020:PointOnRoute:205330000090068757">
    <RoutePointRef ref="SE:020:RoutePoint:9022020539191001"/>
</PointOnRoute>
<PointOnRoute order="4" version="any" id="SE:020:PointOnRoute:205330000090068758">
    <RoutePointRef ref="SE:020:RoutePoint:9022020539041001"/>
</PointOnRoute>
                            </pointsInSequence>
                        </Route>
                        <Route version="any" id="SE:020:Route:205330000090068770">
                            <Name>Flextrafik</Name>
                            <LineRef ref="SE:020:Line:9011020078100000" version="190529"/>
                            <DirectionType>outbound</DirectionType>
                            <pointsInSequence>
<PointOnRoute order="1" version="any" id="SE:020:PointOnRoute:205330000090068775">
    <RoutePointRef ref="SE:020:RoutePoint:9022020539041001"/>
</PointOnRoute>
<PointOnRoute order="2" version="any" id="SE:020:PointOnRoute:205330000090068776">
    <RoutePointRef ref="SE:020:RoutePoint:9022020539021001"/>
</PointOnRoute>
<PointOnRoute order="3" version="any" id="SE:020:PointOnRoute:205330000090068777">
    <RoutePointRef ref="SE:020:RoutePoint:9022020539191001"/>
</PointOnRoute>
<PointOnRoute order="4" version="any" id="SE:020:PointOnRoute:205330000090068778">
    <RoutePointRef ref="SE:020:RoutePoint:9022020539985001"/>
</PointOnRoute>
                            </pointsInSequence>
                        </Route>
                    </routes>
                    <lines>
                        <Line version="190529" id="SE:020:Line:9011020078100000">
                            <ValidBetween>
<FromDate>2019-05-29T00:00:00</FromDate>
                            </ValidBetween>
                            <Name>781</Name>
                            <TransportMode>taxi</TransportMode>
                            <PublicCode>781</PublicCode>
                            <PrivateCode>781</PrivateCode>
                            <RepresentedByGroupRef ref="SE:020:Network:9010020000000000"/>
                        </Line>
                    </lines>
                    <journeyPatterns>
                        <JourneyPattern version="any" id="SE:020:JourneyPattern:205339415000019370">
                            <RouteRef ref="SE:020:Route:205330000090068750" version="any"/>
                            <pointsInSequence>
<StopPointInJourneyPattern order="1" version="any" id="SE:020:StopPointInJourneyPattern:205339415000019370_205330000090068755">
    <ScheduledStopPointRef ref="SE:020:ScheduledStopPoint:9022020539985001"/>
    <ForAlighting>false</ForAlighting>
    <ForBoarding>true</ForBoarding>
    <DestinationDisplayRef ref="SE:020:DestinationDisplay:205330000090068766"/>
    <RequestStop>true</RequestStop>
</StopPointInJourneyPattern>
<StopPointInJourneyPattern order="2" version="any" id="SE:020:StopPointInJourneyPattern:205339415000019370_205330000090068756">
    <ScheduledStopPointRef ref="SE:020:ScheduledStopPoint:9022020539021001"/>
    <ForAlighting>true</ForAlighting>
    <ForBoarding>true</ForBoarding>
    <RequestStop>true</RequestStop>
</StopPointInJourneyPattern>
<StopPointInJourneyPattern order="3" version="any" id="SE:020:StopPointInJourneyPattern:205339415000019370_205330000090068757">
    <ScheduledStopPointRef ref="SE:020:ScheduledStopPoint:9022020539191001"/>
    <ForAlighting>true</ForAlighting>
    <ForBoarding>true</ForBoarding>
    <RequestStop>true</RequestStop>
</StopPointInJourneyPattern>
<StopPointInJourneyPattern order="4" version="any" id="SE:020:StopPointInJourneyPattern:205339415000019370_205330000090068758">
    <ScheduledStopPointRef ref="SE:020:ScheduledStopPoint:9022020539041001"/>
    <ForAlighting>true</ForAlighting>
    <ForBoarding>false</ForBoarding>
    <RequestStop>true</RequestStop>
</StopPointInJourneyPattern>
                            </pointsInSequence>
                            <linksInSequence>
<ServiceLinkInJourneyPattern order="1" version="any" id="SE:020:ServiceLinkInJourneyPattern:TAXI_38198">
    <ServiceLinkRef ref="SE:020:ServiceLink:TAXI_9025020053998501_9025020053902101"/>
</ServiceLinkInJourneyPattern>
<ServiceLinkInJourneyPattern order="2" version="any" id="SE:020:ServiceLinkInJourneyPattern:TAXI_38199">
    <ServiceLinkRef ref="SE:020:ServiceLink:TAXI_9025020053902101_9025020053919101"/>
</ServiceLinkInJourneyPattern>
<ServiceLinkInJourneyPattern order="3" version="any" id="SE:020:ServiceLinkInJourneyPattern:TAXI_38200">
    <ServiceLinkRef ref="SE:020:ServiceLink:TAXI_9025020053919101_9025020053904101"/>
</ServiceLinkInJourneyPattern>
                            </linksInSequence>
                        </JourneyPattern>
                        <JourneyPattern version="any" id="SE:020:JourneyPattern:205339415000019371">
                            <RouteRef ref="SE:020:Route:205330000090068770" version="any"/>
                            <pointsInSequence>
<StopPointInJourneyPattern order="1" version="any" id="SE:020:StopPointInJourneyPattern:205339415000019371_205330000090068775">
    <ScheduledStopPointRef ref="SE:020:ScheduledStopPoint:9022020539041001"/>
    <ForAlighting>false</ForAlighting>
    <ForBoarding>true</ForBoarding>
    <DestinationDisplayRef ref="SE:020:DestinationDisplay:205330000090068786"/>
    <RequestStop>true</RequestStop>
</StopPointInJourneyPattern>
<StopPointInJourneyPattern order="2" version="any" id="SE:020:StopPointInJourneyPattern:205339415000019371_205330000090068776">
    <ScheduledStopPointRef ref="SE:020:ScheduledStopPoint:9022020539021001"/>
    <ForAlighting>true</ForAlighting>
    <ForBoarding>true</ForBoarding>
    <RequestStop>true</RequestStop>
</StopPointInJourneyPattern>
<StopPointInJourneyPattern order="3" version="any" id="SE:020:StopPointInJourneyPattern:205339415000019371_205330000090068777">
    <ScheduledStopPointRef ref="SE:020:ScheduledStopPoint:9022020539191001"/>
    <ForAlighting>true</ForAlighting>
    <ForBoarding>true</ForBoarding>
    <RequestStop>true</RequestStop>
</StopPointInJourneyPattern>
<StopPointInJourneyPattern order="4" version="any" id="SE:020:StopPointInJourneyPattern:205339415000019371_205330000090068778">
    <ScheduledStopPointRef ref="SE:020:ScheduledStopPoint:9022020539985001"/>
    <ForAlighting>true</ForAlighting>
    <ForBoarding>false</ForBoarding>
    <RequestStop>true</RequestStop>
</StopPointInJourneyPattern>
                            </pointsInSequence>
                            <linksInSequence>
<ServiceLinkInJourneyPattern order="1" version="any" id="SE:020:ServiceLinkInJourneyPattern:TAXI_38201">
    <ServiceLinkRef ref="SE:020:ServiceLink:TAXI_9025020053904101_9025020053902101"/>
</ServiceLinkInJourneyPattern>
<ServiceLinkInJourneyPattern order="2" version="any" id="SE:020:ServiceLinkInJourneyPattern:TAXI_38202">
    <ServiceLinkRef ref="SE:020:ServiceLink:TAXI_9025020053902101_9025020053919101"/>
</ServiceLinkInJourneyPattern>
<ServiceLinkInJourneyPattern order="3" version="any" id="SE:020:ServiceLinkInJourneyPattern:TAXI_38203">
    <ServiceLinkRef ref="SE:020:ServiceLink:TAXI_9025020053919101_9025020053998501"/>
</ServiceLinkInJourneyPattern>
                            </linksInSequence>
                        </JourneyPattern>
                        <JourneyPattern version="any" id="SE:020:JourneyPattern:205339415000024685">
                            <RouteRef ref="SE:020:Route:205330000090068770" version="any"/>
                            <pointsInSequence>
<StopPointInJourneyPattern order="1" version="any" id="SE:020:StopPointInJourneyPattern:205339415000024685_205330000090068775">
    <ScheduledStopPointRef ref="SE:020:ScheduledStopPoint:9022020539041001"/>
    <ForAlighting>false</ForAlighting>
    <ForBoarding>true</ForBoarding>
    <DestinationDisplayRef ref="SE:020:DestinationDisplay:205330000113220540"/>
    <RequestStop>true</RequestStop>
</StopPointInJourneyPattern>
<StopPointInJourneyPattern order="2" version="any" id="SE:020:StopPointInJourneyPattern:205339415000024685_205330000090068776">
    <ScheduledStopPointRef ref="SE:020:ScheduledStopPoint:9022020539021001"/>
    <ForAlighting>true</ForAlighting>
    <ForBoarding>true</ForBoarding>
    <RequestStop>true</RequestStop>
</StopPointInJourneyPattern>
<StopPointInJourneyPattern order="3" version="any" id="SE:020:StopPointInJourneyPattern:205339415000024685_205330000090068777">
    <ScheduledStopPointRef ref="SE:020:ScheduledStopPoint:9022020539191001"/>
    <ForAlighting>true</ForAlighting>
    <ForBoarding>true</ForBoarding>
    <RequestStop>true</RequestStop>
</StopPointInJourneyPattern>
<StopPointInJourneyPattern order="4" version="any" id="SE:020:StopPointInJourneyPattern:205339415000024685_205330000090068778">
    <ScheduledStopPointRef ref="SE:020:ScheduledStopPoint:9022020539985001"/>
    <ForAlighting>true</ForAlighting>
    <ForBoarding>false</ForBoarding>
    <RequestStop>true</RequestStop>
</StopPointInJourneyPattern>
                            </pointsInSequence>
                            <linksInSequence>
<ServiceLinkInJourneyPattern order="1" version="any" id="SE:020:ServiceLinkInJourneyPattern:TAXI_38204">
    <ServiceLinkRef ref="SE:020:ServiceLink:TAXI_9025020053904101_9025020053902101"/>
</ServiceLinkInJourneyPattern>
<ServiceLinkInJourneyPattern order="2" version="any" id="SE:020:ServiceLinkInJourneyPattern:TAXI_38205">
    <ServiceLinkRef ref="SE:020:ServiceLink:TAXI_9025020053902101_9025020053919101"/>
</ServiceLinkInJourneyPattern>
<ServiceLinkInJourneyPattern order="3" version="any" id="SE:020:ServiceLinkInJourneyPattern:TAXI_38206">
    <ServiceLinkRef ref="SE:020:ServiceLink:TAXI_9025020053919101_9025020053998501"/>
</ServiceLinkInJourneyPattern>
                            </linksInSequence>
                        </JourneyPattern>
                    </journeyPatterns>
                </ServiceFrame>
                <TimetableFrame version="20240902035740" id="SE:020:TimetableFrame:9011020078100000">
                    <vehicleJourneys>
                        <ServiceJourney version="any" id="SE:020:ServiceJourney:205330000113220554">
                            <TransportMode>bus</TransportMode>
                            <TransportSubmode>
<BusSubmode>unknown</BusSubmode>
                            </TransportSubmode>
                            <dayTypes>
<DayTypeRef ref="SE:020:DayType:8su9ufe0mv3r6qs3qp22r5bn32a4v1jo"/>
                            </dayTypes>
                            <JourneyPatternRef ref="SE:020:JourneyPattern:205339415000019370" version="any"/>
                            <OperatorRef ref="SE:020:Operator:9013020810000000"/>
                            <passingTimes>
<TimetabledPassingTime version="any" id="SE:020:TimetabledPassingTime:205330000113220548">
    <StopPointInJourneyPatternRef ref="SE:020:StopPointInJourneyPattern:205339415000019370_205330000090068755" version="any"/>
    <DepartureTime>09:15:00</DepartureTime>
</TimetabledPassingTime>
<TimetabledPassingTime version="any" id="SE:020:TimetabledPassingTime:205330000113220549">
    <StopPointInJourneyPatternRef ref="SE:020:StopPointInJourneyPattern:205339415000019370_205330000090068756" version="any"/>
    <ArrivalTime>10:10:00</ArrivalTime>
    <DepartureTime>10:10:00</DepartureTime>
</TimetabledPassingTime>
<TimetabledPassingTime version="any" id="SE:020:TimetabledPassingTime:205330000113220550">
    <StopPointInJourneyPatternRef ref="SE:020:StopPointInJourneyPattern:205339415000019370_205330000090068757" version="any"/>
    <ArrivalTime>10:12:00</ArrivalTime>
    <DepartureTime>10:12:00</DepartureTime>
</TimetabledPassingTime>
<TimetabledPassingTime version="any" id="SE:020:TimetabledPassingTime:205330000113220551">
    <StopPointInJourneyPatternRef ref="SE:020:StopPointInJourneyPattern:205339415000019370_205330000090068758" version="any"/>
    <ArrivalTime>10:15:00</ArrivalTime>
</TimetabledPassingTime>
                            </passingTimes>
                            <FlexibleServiceProperties>
<FlexibleServiceType>fixedPassingTimes</FlexibleServiceType>
<BookWhen>advanceOnly</BookWhen>
<BookingNote>Turen ska förbeställas senast 3 timmar före bussens avgångstid via telefon 0774-44 00 00.</BookingNote>
                            </FlexibleServiceProperties>
                        </ServiceJourney>
                        <ServiceJourney version="any" id="SE:020:ServiceJourney:205330000113220567">
                            <TransportMode>bus</TransportMode>
                            <TransportSubmode>
<BusSubmode>unknown</BusSubmode>
                            </TransportSubmode>
                            <dayTypes>
<DayTypeRef ref="SE:020:DayType:8su9ufe0mv3r6qs3qp22r5bn32a4v1jo"/>
                            </dayTypes>
                            <JourneyPatternRef ref="SE:020:JourneyPattern:205339415000024685" version="any"/>
                            <OperatorRef ref="SE:020:Operator:9013020810000000"/>
                            <passingTimes>
<TimetabledPassingTime version="any" id="SE:020:TimetabledPassingTime:205330000113220561">
    <StopPointInJourneyPatternRef ref="SE:020:StopPointInJourneyPattern:205339415000024685_205330000090068775" version="any"/>
    <DepartureTime>12:15:00</DepartureTime>
</TimetabledPassingTime>
<TimetabledPassingTime version="any" id="SE:020:TimetabledPassingTime:205330000113220562">
    <StopPointInJourneyPatternRef ref="SE:020:StopPointInJourneyPattern:205339415000024685_205330000090068776" version="any"/>
    <ArrivalTime>12:16:00</ArrivalTime>
    <DepartureTime>12:16:00</DepartureTime>
</TimetabledPassingTime>
<TimetabledPassingTime version="any" id="SE:020:TimetabledPassingTime:205330000113220563">
    <StopPointInJourneyPatternRef ref="SE:020:StopPointInJourneyPattern:205339415000024685_205330000090068777" version="any"/>
    <ArrivalTime>12:18:00</ArrivalTime>
    <DepartureTime>12:18:00</DepartureTime>
</TimetabledPassingTime>
<TimetabledPassingTime version="any" id="SE:020:TimetabledPassingTime:205330000113220564">
    <StopPointInJourneyPatternRef ref="SE:020:StopPointInJourneyPattern:205339415000024685_205330000090068778" version="any"/>
    <ArrivalTime>13:15:00</ArrivalTime>
</TimetabledPassingTime>
                            </passingTimes>
                            <FlexibleServiceProperties>
<FlexibleServiceType>fixedPassingTimes</FlexibleServiceType>
<BookWhen>advanceOnly</BookWhen>
<BookingNote>Turen ska förbeställas senast 3 timmar före bussens avgångstid via telefon 0774-44 00 00.</BookingNote>
                            </FlexibleServiceProperties>
                        </ServiceJourney>
                    </vehicleJourneys>
                </TimetableFrame>
            </frames>
        </CompositeFrame>
    </dataObjects>
</PublicationDelivery>
