<?xml version="1.0" encoding="UTF-8" standalone="yes"?>
<PublicationDelivery xmlns="http://www.netex.org.uk/netex" xmlns:ns2="http://www.opengis.net/gml/3.2" xmlns:ns3="http://www.siri.org.uk/siri" version="1.11:NO-NeTEx-networktimetable:1.3">
    <PublicationTimestamp>2024-09-02T03:57:40</PublicationTimestamp>
    <ParticipantRef>SAM</ParticipantRef>
    <dataObjects>
        <CompositeFrame created="2024-09-02T03:57:40" version="20240902035740" id="SE:020:CompositeFrame:9011020020500000">
            <ValidBetween>
                <FromDate>1970-01-01T00:00:00</FromDate>
            </ValidBetween>
            <codespaces>
                <Codespace id="SE:020">
                    <Xmlns>SE:020</Xmlns>
                    <XmlnsUrl>http://www.samtrafiken.se/ns/dt</XmlnsUrl>
                </Codespace>
            </codespaces>
            <FrameDefaults>
                <DefaultLocale>
                    <TimeZone>Europe/Stockholm</TimeZone>
                    <DefaultLanguage>se</DefaultLanguage>
                </DefaultLocale>
                <DefaultLocationSystem>4326</DefaultLocationSystem>
            </FrameDefaults>
            <frames>
                <ServiceFrame version="20240902035740" id="SE:020:ServiceFrame:9011020020500000">
                    <routes>
                        <Route version="any" id="SE:020:Route:205330000101441827">
                            <Name>Hovnäs - Leknäs - By Kyrkby</Name>
                            <LineRef ref="SE:020:Line:9011020020500000" version="111216"/>
                            <DirectionType>outbound</DirectionType>
                            <pointsInSequence>
<PointOnRoute order="1" version="any" id="SE:020:PointOnRoute:205330000101441832">
    <RoutePointRef ref="SE:020:RoutePoint:9022020584297001"/>
</PointOnRoute>
<PointOnRoute order="2" version="any" id="SE:020:PointOnRoute:205330000101441833">
    <RoutePointRef ref="SE:020:RoutePoint:9022020584298001"/>
</PointOnRoute>
<PointOnRoute order="3" version="any" id="SE:020:PointOnRoute:205330000101441834">
    <RoutePointRef ref="SE:020:RoutePoint:9022020584299001"/>
</PointOnRoute>
<PointOnRoute order="4" version="any" id="SE:020:PointOnRoute:205330000101441835">
    <RoutePointRef ref="SE:020:RoutePoint:9022020584336001"/>
</PointOnRoute>
<PointOnRoute order="5" version="any" id="SE:020:PointOnRoute:205330000101441836">
    <RoutePointRef ref="SE:020:RoutePoint:9022020584338001"/>
</PointOnRoute>
<PointOnRoute order="6" version="any" id="SE:020:PointOnRoute:205330000101441837">
    <RoutePointRef ref="SE:020:RoutePoint:9022020584337001"/>
</PointOnRoute>
<PointOnRoute order="7" version="any" id="SE:020:PointOnRoute:205330000101441838">
    <RoutePointRef ref="SE:020:RoutePoint:9022020584229002"/>
</PointOnRoute>
<PointOnRoute order="8" version="any" id="SE:020:PointOnRoute:205330000101441839">
    <RoutePointRef ref="SE:020:RoutePoint:9022020584232001"/>
</PointOnRoute>
<PointOnRoute order="9" version="any" id="SE:020:PointOnRoute:205330000101441840">
    <RoutePointRef ref="SE:020:RoutePoint:9022020584234001"/>
</PointOnRoute>
                            </pointsInSequence>
                        </Route>
                        <Route version="any" id="SE:020:Route:205330000109278477">
                            <Name>By Kyrkby - Leknäs - Hovnäs</Name>
                            <LineRef ref="SE:020:Line:9011020020500000" version="111216"/>
                            <DirectionType>inbound</DirectionType>
                            <pointsInSequence>
<PointOnRoute order="1" version="any" id="SE:020:PointOnRoute:205330000109278482">
    <RoutePointRef ref="SE:020:RoutePoint:9022020584234001"/>
</PointOnRoute>
<PointOnRoute order="2" version="any" id="SE:020:PointOnRoute:205330000109278483">
    <RoutePointRef ref="SE:020:RoutePoint:9022020584232001"/>
</PointOnRoute>
<PointOnRoute order="3" version="any" id="SE:020:PointOnRoute:205330000109278484">
    <RoutePointRef ref="SE:020:RoutePoint:9022020584229001"/>
</PointOnRoute>
<PointOnRoute order="4" version="any" id="SE:020:PointOnRoute:205330000109278485">
    <RoutePointRef ref="SE:020:RoutePoint:9022020584337002"/>
</PointOnRoute>
<PointOnRoute order="5" version="any" id="SE:020:PointOnRoute:205330000109278486">
    <RoutePointRef ref="SE:020:RoutePoint:9022020584338002"/>
</PointOnRoute>
<PointOnRoute order="6" version="any" id="SE:020:PointOnRoute:205330000109278487">
    <RoutePointRef ref="SE:020:RoutePoint:9022020584336002"/>
</PointOnRoute>
<PointOnRoute order="7" version="any" id="SE:020:PointOnRoute:205330000109278488">
    <RoutePointRef ref="SE:020:RoutePoint:9022020584299001"/>
</PointOnRoute>
<PointOnRoute order="8" version="any" id="SE:020:PointOnRoute:205330000109278489">
    <RoutePointRef ref="SE:020:RoutePoint:9022020584298001"/>
</PointOnRoute>
<PointOnRoute order="9" version="any" id="SE:020:PointOnRoute:205330000109278490">
    <RoutePointRef ref="SE:020:RoutePoint:9022020584297001"/>
</PointOnRoute>
<PointOnRoute order="10" version="any" id="SE:020:PointOnRoute:205330000109278491">
    <RoutePointRef ref="SE:020:RoutePoint:9022020584250001"/>
</PointOnRoute>
                            </pointsInSequence>
                        </Route>
                        <Route version="any" id="SE:020:Route:205330000101441852">
                            <Name>By Kyrkby - Leknäs - Hovnäs</Name>
                            <LineRef ref="SE:020:Line:9011020020500000" version="111216"/>
                            <DirectionType>inbound</DirectionType>
                            <pointsInSequence>
<PointOnRoute order="1" version="any" id="SE:020:PointOnRoute:205330000101441857">
    <RoutePointRef ref="SE:020:RoutePoint:9022020584234001"/>
</PointOnRoute>
<PointOnRoute order="2" version="any" id="SE:020:PointOnRoute:205330000101441858">
    <RoutePointRef ref="SE:020:RoutePoint:9022020584232001"/>
</PointOnRoute>
<PointOnRoute order="3" version="any" id="SE:020:PointOnRoute:205330000101441859">
    <RoutePointRef ref="SE:020:RoutePoint:9022020584229001"/>
</PointOnRoute>
<PointOnRoute order="4" version="any" id="SE:020:PointOnRoute:205330000101441860">
    <RoutePointRef ref="SE:020:RoutePoint:9022020584337002"/>
</PointOnRoute>
<PointOnRoute order="5" version="any" id="SE:020:PointOnRoute:205330000101441861">
    <RoutePointRef ref="SE:020:RoutePoint:9022020584338002"/>
</PointOnRoute>
<PointOnRoute order="6" version="any" id="SE:020:PointOnRoute:205330000101441862">
    <RoutePointRef ref="SE:020:RoutePoint:9022020584336002"/>
</PointOnRoute>
<PointOnRoute order="7" version="any" id="SE:020:PointOnRoute:205330000101441863">
    <RoutePointRef ref="SE:020:RoutePoint:9022020584299001"/>
</PointOnRoute>
<PointOnRoute order="8" version="any" id="SE:020:PointOnRoute:205330000101441864">
    <RoutePointRef ref="SE:020:RoutePoint:9022020584298001"/>
</PointOnRoute>
<PointOnRoute order="9" version="any" id="SE:020:PointOnRoute:205330000101441865">
    <RoutePointRef ref="SE:020:RoutePoint:9022020584297001"/>
</PointOnRoute>
                            </pointsInSequence>
                        </Route>
                    </routes>
                    <lines>
                        <Line version="111216" id="SE:020:Line:9011020020500000">
                            <ValidBetween>
<FromDate>2011-12-16T00:00:00</FromDate>
                            </ValidBetween>
                            <Name>205</Name>
                            <TransportMode>bus</TransportMode>
                            <TransportSubmode>
<BusSubmode>unknown</BusSubmode>
                            </TransportSubmode>
                            <PublicCode>205</PublicCode>
                            <PrivateCode>205</PrivateCode>
                            <RepresentedByGroupRef ref="SE:020:Network:9010020000000000"/>
                        </Line>
                    </lines>
                    <journeyPatterns>
                        <JourneyPattern version="any" id="SE:020:JourneyPattern:205339415000022298">
                            <RouteRef ref="SE:020:Route:205330000101441827" version="any"/>
                            <pointsInSequence>
<StopPointInJourneyPattern order="1" version="any" id="SE:020:StopPointInJourneyPattern:205339415000022298_205330000101441832">
    <ScheduledStopPointRef ref="SE:020:ScheduledStopPoint:9022020584297001"/>
    <ForAlighting>false</ForAlighting>
    <ForBoarding>true</ForBoarding>
    <DestinationDisplayRef ref="SE:020:DestinationDisplay:205330000101441848"/>
    <RequestStop>true</RequestStop>
</StopPointInJourneyPattern>
<StopPointInJourneyPattern order="2" version="any" id="SE:020:StopPointInJourneyPattern:205339415000022298_205330000101441833">
    <ScheduledStopPointRef ref="SE:020:ScheduledStopPoint:9022020584298001"/>
    <ForAlighting>true</ForAlighting>
    <ForBoarding>true</ForBoarding>
    <RequestStop>true</RequestStop>
</StopPointInJourneyPattern>
<StopPointInJourneyPattern order="3" version="any" id="SE:020:StopPointInJourneyPattern:205339415000022298_205330000101441834">
    <ScheduledStopPointRef ref="SE:020:ScheduledStopPoint:9022020584299001"/>
    <ForAlighting>true</ForAlighting>
    <ForBoarding>true</ForBoarding>
    <RequestStop>true</RequestStop>
</StopPointInJourneyPattern>
<StopPointInJourneyPattern order="4" version="any" id="SE:020:StopPointInJourneyPattern:205339415000022298_205330000101441835">
    <ScheduledStopPointRef ref="SE:020:ScheduledStopPoint:9022020584336001"/>
    <ForAlighting>true</ForAlighting>
    <ForBoarding>true</ForBoarding>
    <RequestStop>true</RequestStop>
</StopPointInJourneyPattern>
<StopPointInJourneyPattern order="5" version="any" id="SE:020:StopPointInJourneyPattern:205339415000022298_205330000101441836">
    <ScheduledStopPointRef ref="SE:020:ScheduledStopPoint:9022020584338001"/>
    <ForAlighting>true</ForAlighting>
    <ForBoarding>true</ForBoarding>
    <RequestStop>true</RequestStop>
</StopPointInJourneyPattern>
<StopPointInJourneyPattern order="6" version="any" id="SE:020:StopPointInJourneyPattern:205339415000022298_205330000101441837">
    <ScheduledStopPointRef ref="SE:020:ScheduledStopPoint:9022020584337001"/>
    <ForAlighting>true</ForAlighting>
    <ForBoarding>true</ForBoarding>
    <RequestStop>true</RequestStop>
</StopPointInJourneyPattern>
<StopPointInJourneyPattern order="7" version="any" id="SE:020:StopPointInJourneyPattern:205339415000022298_205330000101441838">
    <ScheduledStopPointRef ref="SE:020:ScheduledStopPoint:9022020584229002"/>
    <ForAlighting>true</ForAlighting>
    <ForBoarding>true</ForBoarding>
    <RequestStop>true</RequestStop>
</StopPointInJourneyPattern>
<StopPointInJourneyPattern order="8" version="any" id="SE:020:StopPointInJourneyPattern:205339415000022298_205330000101441839">
    <ScheduledStopPointRef ref="SE:020:ScheduledStopPoint:9022020584232001"/>
    <ForAlighting>true</ForAlighting>
    <ForBoarding>true</ForBoarding>
    <RequestStop>true</RequestStop>
</StopPointInJourneyPattern>
<StopPointInJourneyPattern order="9" version="any" id="SE:020:StopPointInJourneyPattern:205339415000022298_205330000101441840">
    <ScheduledStopPointRef ref="SE:020:ScheduledStopPoint:9022020584234001"/>
    <ForAlighting>true</ForAlighting>
    <ForBoarding>false</ForBoarding>
    <RequestStop>true</RequestStop>
</StopPointInJourneyPattern>
                            </pointsInSequence>
                            <linksInSequence>
<ServiceLinkInJourneyPattern order="1" version="any" id="SE:020:ServiceLinkInJourneyPattern:BUS_1898">
    <ServiceLinkRef ref="SE:020:ServiceLink:BUS_9025020058429701_9025020058429801"/>
</ServiceLinkInJourneyPattern>
<ServiceLinkInJourneyPattern order="2" version="any" id="SE:020:ServiceLinkInJourneyPattern:BUS_1899">
    <ServiceLinkRef ref="SE:020:ServiceLink:BUS_9025020058429801_9025020058429901"/>
</ServiceLinkInJourneyPattern>
<ServiceLinkInJourneyPattern order="3" version="any" id="SE:020:ServiceLinkInJourneyPattern:BUS_1900">
    <ServiceLinkRef ref="SE:020:ServiceLink:BUS_9025020058429901_9025020058433601"/>
</ServiceLinkInJourneyPattern>
<ServiceLinkInJourneyPattern order="4" version="any" id="SE:020:ServiceLinkInJourneyPattern:BUS_1901">
    <ServiceLinkRef ref="SE:020:ServiceLink:BUS_9025020058433601_9025020058433801"/>
</ServiceLinkInJourneyPattern>
<ServiceLinkInJourneyPattern order="5" version="any" id="SE:020:ServiceLinkInJourneyPattern:BUS_1902">
    <ServiceLinkRef ref="SE:020:ServiceLink:BUS_9025020058433801_9025020058433701"/>
</ServiceLinkInJourneyPattern>
<ServiceLinkInJourneyPattern order="6" version="any" id="SE:020:ServiceLinkInJourneyPattern:BUS_1903">
    <ServiceLinkRef ref="SE:020:ServiceLink:BUS_9025020058433701_9025020058422902"/>
</ServiceLinkInJourneyPattern>
<ServiceLinkInJourneyPattern order="7" version="any" id="SE:020:ServiceLinkInJourneyPattern:BUS_1904">
    <ServiceLinkRef ref="SE:020:ServiceLink:BUS_9025020058422902_9025020058423201"/>
</ServiceLinkInJourneyPattern>
<ServiceLinkInJourneyPattern order="8" version="any" id="SE:020:ServiceLinkInJourneyPattern:BUS_1905">
    <ServiceLinkRef ref="SE:020:ServiceLink:BUS_9025020058423201_9025020058423401"/>
</ServiceLinkInJourneyPattern>
                            </linksInSequence>
                        </JourneyPattern>
                        <JourneyPattern version="any" id="SE:020:JourneyPattern:205339415000024245">
                            <RouteRef ref="SE:020:Route:205330000109278477" version="any"/>
                            <pointsInSequence>
<StopPointInJourneyPattern order="1" version="any" id="SE:020:StopPointInJourneyPattern:205339415000024245_205330000109278482">
    <ScheduledStopPointRef ref="SE:020:ScheduledStopPoint:9022020584234001"/>
    <ForAlighting>false</ForAlighting>
    <ForBoarding>true</ForBoarding>
    <DestinationDisplayRef ref="SE:020:DestinationDisplay:205330000109278499"/>
    <RequestStop>true</RequestStop>
</StopPointInJourneyPattern>
<StopPointInJourneyPattern order="2" version="any" id="SE:020:StopPointInJourneyPattern:205339415000024245_205330000109278483">
    <ScheduledStopPointRef ref="SE:020:ScheduledStopPoint:9022020584232001"/>
    <ForAlighting>true</ForAlighting>
    <ForBoarding>true</ForBoarding>
    <RequestStop>true</RequestStop>
</StopPointInJourneyPattern>
<StopPointInJourneyPattern order="3" version="any" id="SE:020:StopPointInJourneyPattern:205339415000024245_205330000109278484">
    <ScheduledStopPointRef ref="SE:020:ScheduledStopPoint:9022020584229001"/>
    <ForAlighting>true</ForAlighting>
    <ForBoarding>true</ForBoarding>
    <RequestStop>true</RequestStop>
</StopPointInJourneyPattern>
<StopPointInJourneyPattern order="4" version="any" id="SE:020:StopPointInJourneyPattern:205339415000024245_205330000109278485">
    <ScheduledStopPointRef ref="SE:020:ScheduledStopPoint:9022020584337002"/>
    <ForAlighting>true</ForAlighting>
    <ForBoarding>true</ForBoarding>
    <RequestStop>true</RequestStop>
</StopPointInJourneyPattern>
<StopPointInJourneyPattern order="5" version="any" id="SE:020:StopPointInJourneyPattern:205339415000024245_205330000109278486">
    <ScheduledStopPointRef ref="SE:020:ScheduledStopPoint:9022020584338002"/>
    <ForAlighting>true</ForAlighting>
    <ForBoarding>true</ForBoarding>
    <RequestStop>true</RequestStop>
</StopPointInJourneyPattern>
<StopPointInJourneyPattern order="6" version="any" id="SE:020:StopPointInJourneyPattern:205339415000024245_205330000109278487">
    <ScheduledStopPointRef ref="SE:020:ScheduledStopPoint:9022020584336002"/>
    <ForAlighting>true</ForAlighting>
    <ForBoarding>true</ForBoarding>
    <RequestStop>true</RequestStop>
</StopPointInJourneyPattern>
<StopPointInJourneyPattern order="7" version="any" id="SE:020:StopPointInJourneyPattern:205339415000024245_205330000109278488">
    <ScheduledStopPointRef ref="SE:020:ScheduledStopPoint:9022020584299001"/>
    <ForAlighting>true</ForAlighting>
    <ForBoarding>true</ForBoarding>
    <RequestStop>true</RequestStop>
</StopPointInJourneyPattern>
<StopPointInJourneyPattern order="8" version="any" id="SE:020:StopPointInJourneyPattern:205339415000024245_205330000109278489">
    <ScheduledStopPointRef ref="SE:020:ScheduledStopPoint:9022020584298001"/>
    <ForAlighting>true</ForAlighting>
    <ForBoarding>true</ForBoarding>
    <RequestStop>true</RequestStop>
</StopPointInJourneyPattern>
<StopPointInJourneyPattern order="9" version="any" id="SE:020:StopPointInJourneyPattern:205339415000024245_205330000109278490">
    <ScheduledStopPointRef ref="SE:020:ScheduledStopPoint:9022020584297001"/>
    <ForAlighting>true</ForAlighting>
    <ForBoarding>true</ForBoarding>
    <RequestStop>true</RequestStop>
</StopPointInJourneyPattern>
<StopPointInJourneyPattern order="10" version="any" id="SE:020:StopPointInJourneyPattern:205339415000024245_205330000109278491">
    <ScheduledStopPointRef ref="SE:020:ScheduledStopPoint:9022020584250001"/>
    <ForAlighting>true</ForAlighting>
    <ForBoarding>false</ForBoarding>
    <RequestStop>true</RequestStop>
</StopPointInJourneyPattern>
                            </pointsInSequence>
                            <linksInSequence>
<ServiceLinkInJourneyPattern order="1" version="any" id="SE:020:ServiceLinkInJourneyPattern:BUS_1906">
    <ServiceLinkRef ref="SE:020:ServiceLink:BUS_9025020058423401_9025020058423201"/>
</ServiceLinkInJourneyPattern>
<ServiceLinkInJourneyPattern order="2" version="any" id="SE:020:ServiceLinkInJourneyPattern:BUS_1907">
    <ServiceLinkRef ref="SE:020:ServiceLink:BUS_9025020058423201_9025020058422901"/>
</ServiceLinkInJourneyPattern>
<ServiceLinkInJourneyPattern order="3" version="any" id="SE:020:ServiceLinkInJourneyPattern:BUS_1908">
    <ServiceLinkRef ref="SE:020:ServiceLink:BUS_9025020058422901_9025020058433702"/>
</ServiceLinkInJourneyPattern>
<ServiceLinkInJourneyPattern order="4" version="any" id="SE:020:ServiceLinkInJourneyPattern:BUS_1909">
    <ServiceLinkRef ref="SE:020:ServiceLink:BUS_9025020058433702_9025020058433802"/>
</ServiceLinkInJourneyPattern>
<ServiceLinkInJourneyPattern order="5" version="any" id="SE:020:ServiceLinkInJourneyPattern:BUS_1910">
    <ServiceLinkRef ref="SE:020:ServiceLink:BUS_9025020058433802_9025020058433602"/>
</ServiceLinkInJourneyPattern>
<ServiceLinkInJourneyPattern order="6" version="any" id="SE:020:ServiceLinkInJourneyPattern:BUS_1911">
    <ServiceLinkRef ref="SE:020:ServiceLink:BUS_9025020058433602_9025020058429901"/>
</ServiceLinkInJourneyPattern>
<ServiceLinkInJourneyPattern order="7" version="any" id="SE:020:ServiceLinkInJourneyPattern:BUS_1912">
    <ServiceLinkRef ref="SE:020:ServiceLink:BUS_9025020058429901_9025020058429801"/>
</ServiceLinkInJourneyPattern>
<ServiceLinkInJourneyPattern order="8" version="any" id="SE:020:ServiceLinkInJourneyPattern:BUS_1913">
    <ServiceLinkRef ref="SE:020:ServiceLink:BUS_9025020058429801_9025020058429701"/>
</ServiceLinkInJourneyPattern>
<ServiceLinkInJourneyPattern order="9" version="any" id="SE:020:ServiceLinkInJourneyPattern:BUS_1914">
    <ServiceLinkRef ref="SE:020:ServiceLink:BUS_9025020058429701_9025020058425001"/>
</ServiceLinkInJourneyPattern>
                            </linksInSequence>
                        </JourneyPattern>
                        <JourneyPattern version="any" id="SE:020:JourneyPattern:205339415000024801">
                            <RouteRef ref="SE:020:Route:205330000109278477" version="any"/>
                            <pointsInSequence>
<StopPointInJourneyPattern order="1" version="any" id="SE:020:StopPointInJourneyPattern:205339415000024801_205330000109278482">
    <ScheduledStopPointRef ref="SE:020:ScheduledStopPoint:9022020584234001"/>
    <ForAlighting>false</ForAlighting>
    <ForBoarding>true</ForBoarding>
    <DestinationDisplayRef ref="SE:020:DestinationDisplay:205330000113809475"/>
    <RequestStop>true</RequestStop>
</StopPointInJourneyPattern>
<StopPointInJourneyPattern order="2" version="any" id="SE:020:StopPointInJourneyPattern:205339415000024801_205330000109278483">
    <ScheduledStopPointRef ref="SE:020:ScheduledStopPoint:9022020584232001"/>
    <ForAlighting>true</ForAlighting>
    <ForBoarding>true</ForBoarding>
    <RequestStop>true</RequestStop>
</StopPointInJourneyPattern>
<StopPointInJourneyPattern order="3" version="any" id="SE:020:StopPointInJourneyPattern:205339415000024801_205330000109278484">
    <ScheduledStopPointRef ref="SE:020:ScheduledStopPoint:9022020584229001"/>
    <ForAlighting>true</ForAlighting>
    <ForBoarding>true</ForBoarding>
    <RequestStop>true</RequestStop>
</StopPointInJourneyPattern>
<StopPointInJourneyPattern order="4" version="any" id="SE:020:StopPointInJourneyPattern:205339415000024801_205330000109278485">
    <ScheduledStopPointRef ref="SE:020:ScheduledStopPoint:9022020584337002"/>
    <ForAlighting>true</ForAlighting>
    <ForBoarding>true</ForBoarding>
    <RequestStop>true</RequestStop>
</StopPointInJourneyPattern>
<StopPointInJourneyPattern order="5" version="any" id="SE:020:StopPointInJourneyPattern:205339415000024801_205330000109278486">
    <ScheduledStopPointRef ref="SE:020:ScheduledStopPoint:9022020584338002"/>
    <ForAlighting>true</ForAlighting>
    <ForBoarding>true</ForBoarding>
    <RequestStop>true</RequestStop>
</StopPointInJourneyPattern>
<StopPointInJourneyPattern order="6" version="any" id="SE:020:StopPointInJourneyPattern:205339415000024801_205330000109278487">
    <ScheduledStopPointRef ref="SE:020:ScheduledStopPoint:9022020584336002"/>
    <ForAlighting>true</ForAlighting>
    <ForBoarding>true</ForBoarding>
    <RequestStop>true</RequestStop>
</StopPointInJourneyPattern>
<StopPointInJourneyPattern order="7" version="any" id="SE:020:StopPointInJourneyPattern:205339415000024801_205330000109278488">
    <ScheduledStopPointRef ref="SE:020:ScheduledStopPoint:9022020584299001"/>
    <ForAlighting>true</ForAlighting>
    <ForBoarding>true</ForBoarding>
    <RequestStop>true</RequestStop>
</StopPointInJourneyPattern>
<StopPointInJourneyPattern order="8" version="any" id="SE:020:StopPointInJourneyPattern:205339415000024801_205330000109278489">
    <ScheduledStopPointRef ref="SE:020:ScheduledStopPoint:9022020584298001"/>
    <ForAlighting>true</ForAlighting>
    <ForBoarding>true</ForBoarding>
    <RequestStop>true</RequestStop>
</StopPointInJourneyPattern>
<StopPointInJourneyPattern order="9" version="any" id="SE:020:StopPointInJourneyPattern:205339415000024801_205330000109278490">
    <ScheduledStopPointRef ref="SE:020:ScheduledStopPoint:9022020584297001"/>
    <ForAlighting>true</ForAlighting>
    <ForBoarding>true</ForBoarding>
    <RequestStop>true</RequestStop>
</StopPointInJourneyPattern>
<StopPointInJourneyPattern order="10" version="any" id="SE:020:StopPointInJourneyPattern:205339415000024801_205330000109278491">
    <ScheduledStopPointRef ref="SE:020:ScheduledStopPoint:9022020584250001"/>
    <ForAlighting>true</ForAlighting>
    <ForBoarding>false</ForBoarding>
    <RequestStop>true</RequestStop>
</StopPointInJourneyPattern>
                            </pointsInSequence>
                            <linksInSequence>
<ServiceLinkInJourneyPattern order="1" version="any" id="SE:020:ServiceLinkInJourneyPattern:BUS_1915">
    <ServiceLinkRef ref="SE:020:ServiceLink:BUS_9025020058423401_9025020058423201"/>
</ServiceLinkInJourneyPattern>
<ServiceLinkInJourneyPattern order="2" version="any" id="SE:020:ServiceLinkInJourneyPattern:BUS_1916">
    <ServiceLinkRef ref="SE:020:ServiceLink:BUS_9025020058423201_9025020058422901"/>
</ServiceLinkInJourneyPattern>
<ServiceLinkInJourneyPattern order="3" version="any" id="SE:020:ServiceLinkInJourneyPattern:BUS_1917">
    <ServiceLinkRef ref="SE:020:ServiceLink:BUS_9025020058422901_9025020058433702"/>
</ServiceLinkInJourneyPattern>
<ServiceLinkInJourneyPattern order="4" version="any" id="SE:020:ServiceLinkInJourneyPattern:BUS_1918">
    <ServiceLinkRef ref="SE:020:ServiceLink:BUS_9025020058433702_9025020058433802"/>
</ServiceLinkInJourneyPattern>
<ServiceLinkInJourneyPattern order="5" version="any" id="SE:020:ServiceLinkInJourneyPattern:BUS_1919">
    <ServiceLinkRef ref="SE:020:ServiceLink:BUS_9025020058433802_9025020058433602"/>
</ServiceLinkInJourneyPattern>
<ServiceLinkInJourneyPattern order="6" version="any" id="SE:020:ServiceLinkInJourneyPattern:BUS_1920">
    <ServiceLinkRef ref="SE:020:ServiceLink:BUS_9025020058433602_9025020058429901"/>
</ServiceLinkInJourneyPattern>
<ServiceLinkInJourneyPattern order="7" version="any" id="SE:020:ServiceLinkInJourneyPattern:BUS_1921">
    <ServiceLinkRef ref="SE:020:ServiceLink:BUS_9025020058429901_9025020058429801"/>
</ServiceLinkInJourneyPattern>
<ServiceLinkInJourneyPattern order="8" version="any" id="SE:020:ServiceLinkInJourneyPattern:BUS_1922">
    <ServiceLinkRef ref="SE:020:ServiceLink:BUS_9025020058429801_9025020058429701"/>
</ServiceLinkInJourneyPattern>
<ServiceLinkInJourneyPattern order="9" version="any" id="SE:020:ServiceLinkInJourneyPattern:BUS_1923">
    <ServiceLinkRef ref="SE:020:ServiceLink:BUS_9025020058429701_9025020058425001"/>
</ServiceLinkInJourneyPattern>
                            </linksInSequence>
                        </JourneyPattern>
                        <JourneyPattern version="any" id="SE:020:JourneyPattern:205339415000022299">
                            <RouteRef ref="SE:020:Route:205330000101441852" version="any"/>
                            <pointsInSequence>
<StopPointInJourneyPattern order="1" version="any" id="SE:020:StopPointInJourneyPattern:205339415000022299_205330000101441857">
    <ScheduledStopPointRef ref="SE:020:ScheduledStopPoint:9022020584234001"/>
    <ForAlighting>false</ForAlighting>
    <ForBoarding>true</ForBoarding>
    <DestinationDisplayRef ref="SE:020:DestinationDisplay:205330000101441873"/>
    <RequestStop>true</RequestStop>
</StopPointInJourneyPattern>
<StopPointInJourneyPattern order="2" version="any" id="SE:020:StopPointInJourneyPattern:205339415000022299_205330000101441858">
    <ScheduledStopPointRef ref="SE:020:ScheduledStopPoint:9022020584232001"/>
    <ForAlighting>true</ForAlighting>
    <ForBoarding>true</ForBoarding>
    <RequestStop>true</RequestStop>
</StopPointInJourneyPattern>
<StopPointInJourneyPattern order="3" version="any" id="SE:020:StopPointInJourneyPattern:205339415000022299_205330000101441859">
    <ScheduledStopPointRef ref="SE:020:ScheduledStopPoint:9022020584229001"/>
    <ForAlighting>true</ForAlighting>
    <ForBoarding>true</ForBoarding>
    <RequestStop>true</RequestStop>
</StopPointInJourneyPattern>
<StopPointInJourneyPattern order="4" version="any" id="SE:020:StopPointInJourneyPattern:205339415000022299_205330000101441860">
    <ScheduledStopPointRef ref="SE:020:ScheduledStopPoint:9022020584337002"/>
    <ForAlighting>true</ForAlighting>
    <ForBoarding>true</ForBoarding>
    <RequestStop>true</RequestStop>
</StopPointInJourneyPattern>
<StopPointInJourneyPattern order="5" version="any" id="SE:020:StopPointInJourneyPattern:205339415000022299_205330000101441861">
    <ScheduledStopPointRef ref="SE:020:ScheduledStopPoint:9022020584338002"/>
    <ForAlighting>true</ForAlighting>
    <ForBoarding>true</ForBoarding>
    <RequestStop>true</RequestStop>
</StopPointInJourneyPattern>
<StopPointInJourneyPattern order="6" version="any" id="SE:020:StopPointInJourneyPattern:205339415000022299_205330000101441862">
    <ScheduledStopPointRef ref="SE:020:ScheduledStopPoint:9022020584336002"/>
    <ForAlighting>true</ForAlighting>
    <ForBoarding>true</ForBoarding>
    <RequestStop>true</RequestStop>
</StopPointInJourneyPattern>
<StopPointInJourneyPattern order="7" version="any" id="SE:020:StopPointInJourneyPattern:205339415000022299_205330000101441863">
    <ScheduledStopPointRef ref="SE:020:ScheduledStopPoint:9022020584299001"/>
    <ForAlighting>true</ForAlighting>
    <ForBoarding>true</ForBoarding>
    <RequestStop>true</RequestStop>
</StopPointInJourneyPattern>
<StopPointInJourneyPattern order="8" version="any" id="SE:020:StopPointInJourneyPattern:205339415000022299_205330000101441864">
    <ScheduledStopPointRef ref="SE:020:ScheduledStopPoint:9022020584298001"/>
    <ForAlighting>true</ForAlighting>
    <ForBoarding>true</ForBoarding>
    <RequestStop>true</RequestStop>
</StopPointInJourneyPattern>
<StopPointInJourneyPattern order="9" version="any" id="SE:020:StopPointInJourneyPattern:205339415000022299_205330000101441865">
    <ScheduledStopPointRef ref="SE:020:ScheduledStopPoint:9022020584297001"/>
    <ForAlighting>true</ForAlighting>
    <ForBoarding>false</ForBoarding>
    <RequestStop>true</RequestStop>
</StopPointInJourneyPattern>
                            </pointsInSequence>
                            <linksInSequence>
<ServiceLinkInJourneyPattern order="1" version="any" id="SE:020:ServiceLinkInJourneyPattern:BUS_1924">
    <ServiceLinkRef ref="SE:020:ServiceLink:BUS_9025020058423401_9025020058423201"/>
</ServiceLinkInJourneyPattern>
<ServiceLinkInJourneyPattern order="2" version="any" id="SE:020:ServiceLinkInJourneyPattern:BUS_1925">
    <ServiceLinkRef ref="SE:020:ServiceLink:BUS_9025020058423201_9025020058422901"/>
</ServiceLinkInJourneyPattern>
<ServiceLinkInJourneyPattern order="3" version="any" id="SE:020:ServiceLinkInJourneyPattern:BUS_1926">
    <ServiceLinkRef ref="SE:020:ServiceLink:BUS_9025020058422901_9025020058433702"/>
</ServiceLinkInJourneyPattern>
<ServiceLinkInJourneyPattern order="4" version="any" id="SE:020:ServiceLinkInJourneyPattern:BUS_1927">
    <ServiceLinkRef ref="SE:020:ServiceLink:BUS_9025020058433702_9025020058433802"/>
</ServiceLinkInJourneyPattern>
<ServiceLinkInJourneyPattern order="5" version="any" id="SE:020:ServiceLinkInJourneyPattern:BUS_1928">
    <ServiceLinkRef ref="SE:020:ServiceLink:BUS_9025020058433802_9025020058433602"/>
</ServiceLinkInJourneyPattern>
<ServiceLinkInJourneyPattern order="6" version="any" id="SE:020:ServiceLinkInJourneyPattern:BUS_1929">
    <ServiceLinkRef ref="SE:020:ServiceLink:BUS_9025020058433602_9025020058429901"/>
</ServiceLinkInJourneyPattern>
<ServiceLinkInJourneyPattern order="7" version="any" id="SE:020:ServiceLinkInJourneyPattern:BUS_1930">
    <ServiceLinkRef ref="SE:020:ServiceLink:BUS_9025020058429901_9025020058429801"/>
</ServiceLinkInJourneyPattern>
<ServiceLinkInJourneyPattern order="8" version="any" id="SE:020:ServiceLinkInJourneyPattern:BUS_1931">
    <ServiceLinkRef ref="SE:020:ServiceLink:BUS_9025020058429801_9025020058429701"/>
</ServiceLinkInJourneyPattern>
                            </linksInSequence>
                        </JourneyPattern>
                        <JourneyPattern version="any" id="SE:020:JourneyPattern:205339415000024802">
                            <RouteRef ref="SE:020:Route:205330000101441852" version="any"/>
                            <pointsInSequence>
<StopPointInJourneyPattern order="1" version="any" id="SE:020:StopPointInJourneyPattern:205339415000024802_205330000101441857">
    <ScheduledStopPointRef ref="SE:020:ScheduledStopPoint:9022020584234001"/>
    <ForAlighting>false</ForAlighting>
    <ForBoarding>true</ForBoarding>
    <DestinationDisplayRef ref="SE:020:DestinationDisplay:205330000113809489"/>
    <RequestStop>true</RequestStop>
</StopPointInJourneyPattern>
<StopPointInJourneyPattern order="2" version="any" id="SE:020:StopPointInJourneyPattern:205339415000024802_205330000101441858">
    <ScheduledStopPointRef ref="SE:020:ScheduledStopPoint:9022020584232001"/>
    <ForAlighting>true</ForAlighting>
    <ForBoarding>true</ForBoarding>
    <RequestStop>true</RequestStop>
</StopPointInJourneyPattern>
<StopPointInJourneyPattern order="3" version="any" id="SE:020:StopPointInJourneyPattern:205339415000024802_205330000101441859">
    <ScheduledStopPointRef ref="SE:020:ScheduledStopPoint:9022020584229001"/>
    <ForAlighting>true</ForAlighting>
    <ForBoarding>true</ForBoarding>
    <RequestStop>true</RequestStop>
</StopPointInJourneyPattern>
<StopPointInJourneyPattern order="4" version="any" id="SE:020:StopPointInJourneyPattern:205339415000024802_205330000101441860">
    <ScheduledStopPointRef ref="SE:020:ScheduledStopPoint:9022020584337002"/>
    <ForAlighting>true</ForAlighting>
    <ForBoarding>true</ForBoarding>
    <RequestStop>true</RequestStop>
</StopPointInJourneyPattern>
<StopPointInJourneyPattern order="5" version="any" id="SE:020:StopPointInJourneyPattern:205339415000024802_205330000101441861">
    <ScheduledStopPointRef ref="SE:020:ScheduledStopPoint:9022020584338002"/>
    <ForAlighting>true</ForAlighting>
    <ForBoarding>true</ForBoarding>
    <RequestStop>true</RequestStop>
</StopPointInJourneyPattern>
<StopPointInJourneyPattern order="6" version="any" id="SE:020:StopPointInJourneyPattern:205339415000024802_205330000101441862">
    <ScheduledStopPointRef ref="SE:020:ScheduledStopPoint:9022020584336002"/>
    <ForAlighting>true</ForAlighting>
    <ForBoarding>true</ForBoarding>
    <RequestStop>true</RequestStop>
</StopPointInJourneyPattern>
<StopPointInJourneyPattern order="7" version="any" id="SE:020:StopPointInJourneyPattern:205339415000024802_205330000101441863">
    <ScheduledStopPointRef ref="SE:020:ScheduledStopPoint:9022020584299001"/>
    <ForAlighting>true</ForAlighting>
    <ForBoarding>true</ForBoarding>
    <RequestStop>true</RequestStop>
</StopPointInJourneyPattern>
<StopPointInJourneyPattern order="8" version="any" id="SE:020:StopPointInJourneyPattern:205339415000024802_205330000101441864">
    <ScheduledStopPointRef ref="SE:020:ScheduledStopPoint:9022020584298001"/>
    <ForAlighting>true</ForAlighting>
    <ForBoarding>true</ForBoarding>
    <RequestStop>true</RequestStop>
</StopPointInJourneyPattern>
<StopPointInJourneyPattern order="9" version="any" id="SE:020:StopPointInJourneyPattern:205339415000024802_205330000101441865">
    <ScheduledStopPointRef ref="SE:020:ScheduledStopPoint:9022020584297001"/>
    <ForAlighting>true</ForAlighting>
    <ForBoarding>false</ForBoarding>
    <RequestStop>true</RequestStop>
</StopPointInJourneyPattern>
                            </pointsInSequence>
                            <linksInSequence>
<ServiceLinkInJourneyPattern order="1" version="any" id="SE:020:ServiceLinkInJourneyPattern:BUS_1932">
    <ServiceLinkRef ref="SE:020:ServiceLink:BUS_9025020058423401_9025020058423201"/>
</ServiceLinkInJourneyPattern>
<ServiceLinkInJourneyPattern order="2" version="any" id="SE:020:ServiceLinkInJourneyPattern:BUS_1933">
    <ServiceLinkRef ref="SE:020:ServiceLink:BUS_9025020058423201_9025020058422901"/>
</ServiceLinkInJourneyPattern>
<ServiceLinkInJourneyPattern order="3" version="any" id="SE:020:ServiceLinkInJourneyPattern:BUS_1934">
    <ServiceLinkRef ref="SE:020:ServiceLink:BUS_9025020058422901_9025020058433702"/>
</ServiceLinkInJourneyPattern>
<ServiceLinkInJourneyPattern order="4" version="any" id="SE:020:ServiceLinkInJourneyPattern:BUS_1935">
    <ServiceLinkRef ref="SE:020:ServiceLink:BUS_9025020058433702_9025020058433802"/>
</ServiceLinkInJourneyPattern>
<ServiceLinkInJourneyPattern order="5" version="any" id="SE:020:ServiceLinkInJourneyPattern:BUS_1936">
    <ServiceLinkRef ref="SE:020:ServiceLink:BUS_9025020058433802_9025020058433602"/>
</ServiceLinkInJourneyPattern>
<ServiceLinkInJourneyPattern order="6" version="any" id="SE:020:ServiceLinkInJourneyPattern:BUS_1937">
    <ServiceLinkRef ref="SE:020:ServiceLink:BUS_9025020058433602_9025020058429901"/>
</ServiceLinkInJourneyPattern>
<ServiceLinkInJourneyPattern order="7" version="any" id="SE:020:ServiceLinkInJourneyPattern:BUS_1938">
    <ServiceLinkRef ref="SE:020:ServiceLink:BUS_9025020058429901_9025020058429801"/>
</ServiceLinkInJourneyPattern>
<ServiceLinkInJourneyPattern order="8" version="any" id="SE:020:ServiceLinkInJourneyPattern:BUS_1939">
    <ServiceLinkRef ref="SE:020:ServiceLink:BUS_9025020058429801_9025020058429701"/>
</ServiceLinkInJourneyPattern>
                            </linksInSequence>
                        </JourneyPattern>
                    </journeyPatterns>
                </ServiceFrame>
                <TimetableFrame version="20240902035740" id="SE:020:TimetableFrame:9011020020500000">
                    <vehicleJourneys>
                        <ServiceJourney version="any" id="SE:020:ServiceJourney:205330000122229657">
                            <TransportMode>bus</TransportMode>
                            <TransportSubmode>
<BusSubmode>unknown</BusSubmode>
                            </TransportSubmode>
                            <dayTypes>
<DayTypeRef ref="SE:020:DayType:h05vum7jn71m52v7li4eqrlmspeivijh"/>
                            </dayTypes>
                            <JourneyPatternRef ref="SE:020:JourneyPattern:205339415000022298" version="any"/>
                            <OperatorRef ref="SE:020:Operator:9013020140700000"/>
                            <passingTimes>
<TimetabledPassingTime version="any" id="SE:020:TimetabledPassingTime:205330000122229645">
    <StopPointInJourneyPatternRef ref="SE:020:StopPointInJourneyPattern:205339415000022298_205330000101441832" version="any"/>
    <DepartureTime>07:22:00</DepartureTime>
</TimetabledPassingTime>
<TimetabledPassingTime version="any" id="SE:020:TimetabledPassingTime:205330000122229646">
    <StopPointInJourneyPatternRef ref="SE:020:StopPointInJourneyPattern:205339415000022298_205330000101441833" version="any"/>
    <ArrivalTime>07:24:48</ArrivalTime>
    <DepartureTime>07:24:48</DepartureTime>
</TimetabledPassingTime>
<TimetabledPassingTime version="any" id="SE:020:TimetabledPassingTime:205330000122229647">
    <StopPointInJourneyPatternRef ref="SE:020:StopPointInJourneyPattern:205339415000022298_205330000101441834" version="any"/>
    <ArrivalTime>07:30:00</ArrivalTime>
    <DepartureTime>07:30:00</DepartureTime>
</TimetabledPassingTime>
<TimetabledPassingTime version="any" id="SE:020:TimetabledPassingTime:205330000122229648">
    <StopPointInJourneyPatternRef ref="SE:020:StopPointInJourneyPattern:205339415000022298_205330000101441835" version="any"/>
    <ArrivalTime>07:31:16</ArrivalTime>
    <DepartureTime>07:31:16</DepartureTime>
</TimetabledPassingTime>
<TimetabledPassingTime version="any" id="SE:020:TimetabledPassingTime:205330000122229649">
    <StopPointInJourneyPatternRef ref="SE:020:StopPointInJourneyPattern:205339415000022298_205330000101441836" version="any"/>
    <ArrivalTime>07:34:37</ArrivalTime>
    <DepartureTime>07:34:37</DepartureTime>
</TimetabledPassingTime>
<TimetabledPassingTime version="any" id="SE:020:TimetabledPassingTime:205330000122229650">
    <StopPointInJourneyPatternRef ref="SE:020:StopPointInJourneyPattern:205339415000022298_205330000101441837" version="any"/>
    <ArrivalTime>07:34:49</ArrivalTime>
    <DepartureTime>07:34:49</DepartureTime>
</TimetabledPassingTime>
<TimetabledPassingTime version="any" id="SE:020:TimetabledPassingTime:205330000122229651">
    <StopPointInJourneyPatternRef ref="SE:020:StopPointInJourneyPattern:205339415000022298_205330000101441838" version="any"/>
    <ArrivalTime>07:38:29</ArrivalTime>
    <DepartureTime>07:38:29</DepartureTime>
</TimetabledPassingTime>
<TimetabledPassingTime version="any" id="SE:020:TimetabledPassingTime:205330000122229652">
    <StopPointInJourneyPatternRef ref="SE:020:StopPointInJourneyPattern:205339415000022298_205330000101441839" version="any"/>
    <ArrivalTime>07:42:00</ArrivalTime>
    <DepartureTime>07:42:00</DepartureTime>
</TimetabledPassingTime>
<TimetabledPassingTime version="any" id="SE:020:TimetabledPassingTime:205330000122229653">
    <StopPointInJourneyPatternRef ref="SE:020:StopPointInJourneyPattern:205339415000022298_205330000101441840" version="any"/>
    <ArrivalTime>07:44:00</ArrivalTime>
</TimetabledPassingTime>
                            </passingTimes>
                        </ServiceJourney>
                        <ServiceJourney version="any" id="SE:020:ServiceJourney:205330000113809529">
                            <TransportMode>bus</TransportMode>
                            <TransportSubmode>
<BusSubmode>unknown</BusSubmode>
                            </TransportSubmode>
                            <dayTypes>
<DayTypeRef ref="SE:020:DayType:h05vum7jn71m52v7li4eqrlmspeivijh"/>
                            </dayTypes>
                            <JourneyPatternRef ref="SE:020:JourneyPattern:205339415000024801" version="any"/>
                            <OperatorRef ref="SE:020:Operator:9013020140700000"/>
                            <passingTimes>
<TimetabledPassingTime version="any" id="SE:020:TimetabledPassingTime:205330000113809517">
    <StopPointInJourneyPatternRef ref="SE:020:StopPointInJourneyPattern:205339415000024801_205330000109278482" version="any"/>
    <DepartureTime>13:38:00</DepartureTime>
</TimetabledPassingTime>
<TimetabledPassingTime version="any" id="SE:020:TimetabledPassingTime:205330000113809518">
    <StopPointInJourneyPatternRef ref="SE:020:StopPointInJourneyPattern:205339415000024801_205330000109278483" version="any"/>
    <ArrivalTime>13:40:00</ArrivalTime>
    <DepartureTime>13:40:00</DepartureTime>
</TimetabledPassingTime>
<TimetabledPassingTime version="any" id="SE:020:TimetabledPassingTime:205330000113809519">
    <StopPointInJourneyPatternRef ref="SE:020:StopPointInJourneyPattern:205339415000024801_205330000109278484" version="any"/>
    <ArrivalTime>13:41:56</ArrivalTime>
    <DepartureTime>13:41:56</DepartureTime>
</TimetabledPassingTime>
<TimetabledPassingTime version="any" id="SE:020:TimetabledPassingTime:205330000113809520">
    <StopPointInJourneyPatternRef ref="SE:020:StopPointInJourneyPattern:205339415000024801_205330000109278485" version="any"/>
    <ArrivalTime>13:44:58</ArrivalTime>
    <DepartureTime>13:44:58</DepartureTime>
</TimetabledPassingTime>
<TimetabledPassingTime version="any" id="SE:020:TimetabledPassingTime:205330000113809521">
    <StopPointInJourneyPatternRef ref="SE:020:StopPointInJourneyPattern:205339415000024801_205330000109278486" version="any"/>
    <ArrivalTime>13:45:10</ArrivalTime>
    <DepartureTime>13:45:10</DepartureTime>
</TimetabledPassingTime>
<TimetabledPassingTime version="any" id="SE:020:TimetabledPassingTime:205330000113809522">
    <StopPointInJourneyPatternRef ref="SE:020:StopPointInJourneyPattern:205339415000024801_205330000109278487" version="any"/>
    <ArrivalTime>13:47:56</ArrivalTime>
    <DepartureTime>13:47:56</DepartureTime>
</TimetabledPassingTime>
<TimetabledPassingTime version="any" id="SE:020:TimetabledPassingTime:205330000113809523">
    <StopPointInJourneyPatternRef ref="SE:020:StopPointInJourneyPattern:205339415000024801_205330000109278488" version="any"/>
    <ArrivalTime>13:50:00</ArrivalTime>
    <DepartureTime>13:50:00</DepartureTime>
</TimetabledPassingTime>
<TimetabledPassingTime version="any" id="SE:020:TimetabledPassingTime:205330000113809524">
    <StopPointInJourneyPatternRef ref="SE:020:StopPointInJourneyPattern:205339415000024801_205330000109278489" version="any"/>
    <ArrivalTime>13:55:30</ArrivalTime>
    <DepartureTime>13:55:30</DepartureTime>
</TimetabledPassingTime>
<TimetabledPassingTime version="any" id="SE:020:TimetabledPassingTime:205330000113809525">
    <StopPointInJourneyPatternRef ref="SE:020:StopPointInJourneyPattern:205339415000024801_205330000109278490" version="any"/>
    <ArrivalTime>14:00:00</ArrivalTime>
    <DepartureTime>14:00:00</DepartureTime>
</TimetabledPassingTime>
<TimetabledPassingTime version="any" id="SE:020:TimetabledPassingTime:205330000113809526">
    <StopPointInJourneyPatternRef ref="SE:020:StopPointInJourneyPattern:205339415000024801_205330000109278491" version="any"/>
    <ArrivalTime>14:08:00</ArrivalTime>
</TimetabledPassingTime>
                            </passingTimes>
                        </ServiceJourney>
                        <ServiceJourney version="any" id="SE:020:ServiceJourney:205330000113809549">
                            <TransportMode>bus</TransportMode>
                            <TransportSubmode>
<BusSubmode>unknown</BusSubmode>
                            </TransportSubmode>
                            <dayTypes>
<DayTypeRef ref="SE:020:DayType:h05vum7jn71m52v7li4eqrlmspeivijh"/>
                            </dayTypes>
                            <JourneyPatternRef ref="SE:020:JourneyPattern:205339415000024802" version="any"/>
                            <OperatorRef ref="SE:020:Operator:9013020140700000"/>
                            <passingTimes>
<TimetabledPassingTime version="any" id="SE:020:TimetabledPassingTime:205330000113809538">
    <StopPointInJourneyPatternRef ref="SE:020:StopPointInJourneyPattern:205339415000024802_205330000101441857" version="any"/>
    <DepartureTime>15:28:00</DepartureTime>
</TimetabledPassingTime>
<TimetabledPassingTime version="any" id="SE:020:TimetabledPassingTime:205330000113809539">
    <StopPointInJourneyPatternRef ref="SE:020:StopPointInJourneyPattern:205339415000024802_205330000101441858" version="any"/>
    <ArrivalTime>15:30:00</ArrivalTime>
    <DepartureTime>15:30:00</DepartureTime>
</TimetabledPassingTime>
<TimetabledPassingTime version="any" id="SE:020:TimetabledPassingTime:205330000113809540">
    <StopPointInJourneyPatternRef ref="SE:020:StopPointInJourneyPattern:205339415000024802_205330000101441859" version="any"/>
    <ArrivalTime>15:31:56</ArrivalTime>
    <DepartureTime>15:31:56</DepartureTime>
</TimetabledPassingTime>
<TimetabledPassingTime version="any" id="SE:020:TimetabledPassingTime:205330000113809541">
    <StopPointInJourneyPatternRef ref="SE:020:StopPointInJourneyPattern:205339415000024802_205330000101441860" version="any"/>
    <ArrivalTime>15:34:58</ArrivalTime>
    <DepartureTime>15:34:58</DepartureTime>
</TimetabledPassingTime>
<TimetabledPassingTime version="any" id="SE:020:TimetabledPassingTime:205330000113809542">
    <StopPointInJourneyPatternRef ref="SE:020:StopPointInJourneyPattern:205339415000024802_205330000101441861" version="any"/>
    <ArrivalTime>15:35:10</ArrivalTime>
    <DepartureTime>15:35:10</DepartureTime>
</TimetabledPassingTime>
<TimetabledPassingTime version="any" id="SE:020:TimetabledPassingTime:205330000113809543">
    <StopPointInJourneyPatternRef ref="SE:020:StopPointInJourneyPattern:205339415000024802_205330000101441862" version="any"/>
    <ArrivalTime>15:37:56</ArrivalTime>
    <DepartureTime>15:37:56</DepartureTime>
</TimetabledPassingTime>
<TimetabledPassingTime version="any" id="SE:020:TimetabledPassingTime:205330000113809544">
    <StopPointInJourneyPatternRef ref="SE:020:StopPointInJourneyPattern:205339415000024802_205330000101441863" version="any"/>
    <ArrivalTime>15:40:00</ArrivalTime>
    <DepartureTime>15:40:00</DepartureTime>
</TimetabledPassingTime>
<TimetabledPassingTime version="any" id="SE:020:TimetabledPassingTime:205330000113809545">
    <StopPointInJourneyPatternRef ref="SE:020:StopPointInJourneyPattern:205339415000024802_205330000101441864" version="any"/>
    <ArrivalTime>15:45:30</ArrivalTime>
    <DepartureTime>15:45:30</DepartureTime>
</TimetabledPassingTime>
<TimetabledPassingTime version="any" id="SE:020:TimetabledPassingTime:205330000113809546">
    <StopPointInJourneyPatternRef ref="SE:020:StopPointInJourneyPattern:205339415000024802_205330000101441865" version="any"/>
    <ArrivalTime>15:50:00</ArrivalTime>
</TimetabledPassingTime>
                            </passingTimes>
                        </ServiceJourney>
                    </vehicleJourneys>
                </TimetableFrame>
            </frames>
        </CompositeFrame>
    </dataObjects>
</PublicationDelivery>
