<?xml version="1.0" encoding="UTF-8" standalone="yes"?>
<PublicationDelivery xmlns="http://www.netex.org.uk/netex" xmlns:ns2="http://www.opengis.net/gml/3.2" xmlns:ns3="http://www.siri.org.uk/siri" version="1.11:NO-NeTEx-networktimetable:1.3">
    <PublicationTimestamp>2024-09-02T03:57:40</PublicationTimestamp>
    <ParticipantRef>SAM</ParticipantRef>
    <dataObjects>
        <CompositeFrame created="2024-09-02T03:57:40" version="20240902035740" id="SE:020:CompositeFrame:9011020052100000">
            <ValidBetween>
                <FromDate>1970-01-01T00:00:00</FromDate>
            </ValidBetween>
            <codespaces>
                <Codespace id="SE:020">
                    <Xmlns>SE:020</Xmlns>
                    <XmlnsUrl>http://www.samtrafiken.se/ns/dt</XmlnsUrl>
                </Codespace>
            </codespaces>
            <FrameDefaults>
                <DefaultLocale>
                    <TimeZone>Europe/Stockholm</TimeZone>
                    <DefaultLanguage>se</DefaultLanguage>
                </DefaultLocale>
                <DefaultLocationSystem>4326</DefaultLocationSystem>
            </FrameDefaults>
            <frames>
                <ServiceFrame version="20240902035740" id="SE:020:ServiceFrame:9011020052100000">
                    <routes>
                        <Route version="any" id="SE:020:Route:205330000091744881">
                            <Name>Flexområde Södra Ludvika</Name>
                            <LineRef ref="SE:020:Line:9011020052100000" version="190819"/>
                            <DirectionType>outbound</DirectionType>
                            <pointsInSequence>
<PointOnRoute order="1" version="any" id="SE:020:PointOnRoute:205330000091744886">
    <RoutePointRef ref="SE:020:RoutePoint:9022020585159001"/>
</PointOnRoute>
<PointOnRoute order="2" version="any" id="SE:020:PointOnRoute:205330000091744887">
    <RoutePointRef ref="SE:020:RoutePoint:9022020585301001"/>
</PointOnRoute>
<PointOnRoute order="3" version="any" id="SE:020:PointOnRoute:205330000091744888">
    <RoutePointRef ref="SE:020:RoutePoint:9022020585300002"/>
</PointOnRoute>
<PointOnRoute order="4" version="any" id="SE:020:PointOnRoute:205330000091744889">
    <RoutePointRef ref="SE:020:RoutePoint:9022020585303001"/>
</PointOnRoute>
<PointOnRoute order="5" version="any" id="SE:020:PointOnRoute:205330000091744890">
    <RoutePointRef ref="SE:020:RoutePoint:9022020585938001"/>
</PointOnRoute>
                            </pointsInSequence>
                        </Route>
                        <Route version="any" id="SE:020:Route:205330000091744860">
                            <Name>Flexområde Södra Ludvika</Name>
                            <LineRef ref="SE:020:Line:9011020052100000" version="190819"/>
                            <DirectionType>outbound</DirectionType>
                            <pointsInSequence>
<PointOnRoute order="1" version="any" id="SE:020:PointOnRoute:205330000091744865">
    <RoutePointRef ref="SE:020:RoutePoint:9022020585938001"/>
</PointOnRoute>
<PointOnRoute order="2" version="any" id="SE:020:PointOnRoute:205330000091744866">
    <RoutePointRef ref="SE:020:RoutePoint:9022020585303001"/>
</PointOnRoute>
<PointOnRoute order="3" version="any" id="SE:020:PointOnRoute:205330000091744867">
    <RoutePointRef ref="SE:020:RoutePoint:9022020585301001"/>
</PointOnRoute>
<PointOnRoute order="4" version="any" id="SE:020:PointOnRoute:205330000091744868">
    <RoutePointRef ref="SE:020:RoutePoint:9022020585300002"/>
</PointOnRoute>
<PointOnRoute order="5" version="any" id="SE:020:PointOnRoute:205330000091744869">
    <RoutePointRef ref="SE:020:RoutePoint:9022020585159001"/>
</PointOnRoute>
                            </pointsInSequence>
                        </Route>
                    </routes>
                    <lines>
                        <Line version="190819" id="SE:020:Line:9011020052100000">
                            <ValidBetween>
<FromDate>2019-08-19T00:00:00</FromDate>
                            </ValidBetween>
                            <Name>521</Name>
                            <TransportMode>bus</TransportMode>
                            <TransportSubmode>
<BusSubmode>unknown</BusSubmode>
                            </TransportSubmode>
                            <PublicCode>521</PublicCode>
                            <PrivateCode>521</PrivateCode>
                            <RepresentedByGroupRef ref="SE:020:Network:9010020000000000"/>
                        </Line>
                    </lines>
                    <journeyPatterns>
                        <JourneyPattern version="any" id="SE:020:JourneyPattern:205339415000020087">
                            <RouteRef ref="SE:020:Route:205330000091744881" version="any"/>
                            <pointsInSequence>
<StopPointInJourneyPattern order="1" version="any" id="SE:020:StopPointInJourneyPattern:205339415000020087_205330000091744886">
    <ScheduledStopPointRef ref="SE:020:ScheduledStopPoint:9022020585159001"/>
    <ForAlighting>false</ForAlighting>
    <ForBoarding>true</ForBoarding>
    <DestinationDisplayRef ref="SE:020:DestinationDisplay:205330000091744898"/>
    <RequestStop>true</RequestStop>
</StopPointInJourneyPattern>
<StopPointInJourneyPattern order="2" version="any" id="SE:020:StopPointInJourneyPattern:205339415000020087_205330000091744887">
    <ScheduledStopPointRef ref="SE:020:ScheduledStopPoint:9022020585301001"/>
    <ForAlighting>true</ForAlighting>
    <ForBoarding>true</ForBoarding>
    <RequestStop>true</RequestStop>
</StopPointInJourneyPattern>
<StopPointInJourneyPattern order="3" version="any" id="SE:020:StopPointInJourneyPattern:205339415000020087_205330000091744888">
    <ScheduledStopPointRef ref="SE:020:ScheduledStopPoint:9022020585300002"/>
    <ForAlighting>true</ForAlighting>
    <ForBoarding>true</ForBoarding>
    <RequestStop>true</RequestStop>
</StopPointInJourneyPattern>
<StopPointInJourneyPattern order="4" version="any" id="SE:020:StopPointInJourneyPattern:205339415000020087_205330000091744889">
    <ScheduledStopPointRef ref="SE:020:ScheduledStopPoint:9022020585303001"/>
    <ForAlighting>true</ForAlighting>
    <ForBoarding>true</ForBoarding>
    <RequestStop>true</RequestStop>
</StopPointInJourneyPattern>
<StopPointInJourneyPattern order="5" version="any" id="SE:020:StopPointInJourneyPattern:205339415000020087_205330000091744890">
    <ScheduledStopPointRef ref="SE:020:ScheduledStopPoint:9022020585938001"/>
    <ForAlighting>true</ForAlighting>
    <ForBoarding>false</ForBoarding>
    <RequestStop>true</RequestStop>
</StopPointInJourneyPattern>
                            </pointsInSequence>
                            <linksInSequence>
<ServiceLinkInJourneyPattern order="1" version="any" id="SE:020:ServiceLinkInJourneyPattern:BUS_39939">
    <ServiceLinkRef ref="SE:020:ServiceLink:BUS_9025020058515901_9025020058530101"/>
</ServiceLinkInJourneyPattern>
<ServiceLinkInJourneyPattern order="2" version="any" id="SE:020:ServiceLinkInJourneyPattern:BUS_39940">
    <ServiceLinkRef ref="SE:020:ServiceLink:BUS_9025020058530101_9025020058530002"/>
</ServiceLinkInJourneyPattern>
<ServiceLinkInJourneyPattern order="3" version="any" id="SE:020:ServiceLinkInJourneyPattern:BUS_39941">
    <ServiceLinkRef ref="SE:020:ServiceLink:BUS_9025020058530002_9025020058530301"/>
</ServiceLinkInJourneyPattern>
<ServiceLinkInJourneyPattern order="4" version="any" id="SE:020:ServiceLinkInJourneyPattern:BUS_39942">
    <ServiceLinkRef ref="SE:020:ServiceLink:BUS_9025020058530301_9025020058593801"/>
</ServiceLinkInJourneyPattern>
                            </linksInSequence>
                        </JourneyPattern>
                        <JourneyPattern version="any" id="SE:020:JourneyPattern:205339415000020086">
                            <RouteRef ref="SE:020:Route:205330000091744860" version="any"/>
                            <pointsInSequence>
<StopPointInJourneyPattern order="1" version="any" id="SE:020:StopPointInJourneyPattern:205339415000020086_205330000091744865">
    <ScheduledStopPointRef ref="SE:020:ScheduledStopPoint:9022020585938001"/>
    <ForAlighting>false</ForAlighting>
    <ForBoarding>true</ForBoarding>
    <DestinationDisplayRef ref="SE:020:DestinationDisplay:205330000091744877"/>
    <RequestStop>true</RequestStop>
</StopPointInJourneyPattern>
<StopPointInJourneyPattern order="2" version="any" id="SE:020:StopPointInJourneyPattern:205339415000020086_205330000091744866">
    <ScheduledStopPointRef ref="SE:020:ScheduledStopPoint:9022020585303001"/>
    <ForAlighting>true</ForAlighting>
    <ForBoarding>true</ForBoarding>
    <RequestStop>true</RequestStop>
</StopPointInJourneyPattern>
<StopPointInJourneyPattern order="3" version="any" id="SE:020:StopPointInJourneyPattern:205339415000020086_205330000091744867">
    <ScheduledStopPointRef ref="SE:020:ScheduledStopPoint:9022020585301001"/>
    <ForAlighting>true</ForAlighting>
    <ForBoarding>true</ForBoarding>
    <RequestStop>true</RequestStop>
</StopPointInJourneyPattern>
<StopPointInJourneyPattern order="4" version="any" id="SE:020:StopPointInJourneyPattern:205339415000020086_205330000091744868">
    <ScheduledStopPointRef ref="SE:020:ScheduledStopPoint:9022020585300002"/>
    <ForAlighting>true</ForAlighting>
    <ForBoarding>true</ForBoarding>
    <RequestStop>true</RequestStop>
</StopPointInJourneyPattern>
<StopPointInJourneyPattern order="5" version="any" id="SE:020:StopPointInJourneyPattern:205339415000020086_205330000091744869">
    <ScheduledStopPointRef ref="SE:020:ScheduledStopPoint:9022020585159001"/>
    <ForAlighting>true</ForAlighting>
    <ForBoarding>false</ForBoarding>
    <RequestStop>true</RequestStop>
</StopPointInJourneyPattern>
                            </pointsInSequence>
                            <linksInSequence>
<ServiceLinkInJourneyPattern order="1" version="any" id="SE:020:ServiceLinkInJourneyPattern:BUS_39943">
    <ServiceLinkRef ref="SE:020:ServiceLink:BUS_9025020058593801_9025020058530301"/>
</ServiceLinkInJourneyPattern>
<ServiceLinkInJourneyPattern order="2" version="any" id="SE:020:ServiceLinkInJourneyPattern:BUS_39944">
    <ServiceLinkRef ref="SE:020:ServiceLink:BUS_9025020058530301_9025020058530101"/>
</ServiceLinkInJourneyPattern>
<ServiceLinkInJourneyPattern order="3" version="any" id="SE:020:ServiceLinkInJourneyPattern:BUS_39945">
    <ServiceLinkRef ref="SE:020:ServiceLink:BUS_9025020058530101_9025020058530002"/>
</ServiceLinkInJourneyPattern>
<ServiceLinkInJourneyPattern order="4" version="any" id="SE:020:ServiceLinkInJourneyPattern:BUS_39946">
    <ServiceLinkRef ref="SE:020:ServiceLink:BUS_9025020058530002_9025020058515901"/>
</ServiceLinkInJourneyPattern>
                            </linksInSequence>
                        </JourneyPattern>
                    </journeyPatterns>
                </ServiceFrame>
                <TimetableFrame version="20240902035740" id="SE:020:TimetableFrame:9011020052100000">
                    <vehicleJourneys>
                        <ServiceJourney version="any" id="SE:020:ServiceJourney:205330000113218372">
                            <TransportMode>bus</TransportMode>
                            <TransportSubmode>
<BusSubmode>unknown</BusSubmode>
                            </TransportSubmode>
                            <dayTypes>
<DayTypeRef ref="SE:020:DayType:88p3nq9vvdlprhuh7rt2f9pv4eg6okgo"/>
                            </dayTypes>
                            <JourneyPatternRef ref="SE:020:JourneyPattern:205339415000020086" version="any"/>
                            <OperatorRef ref="SE:020:Operator:9013020810000000"/>
                            <passingTimes>
<TimetabledPassingTime version="any" id="SE:020:TimetabledPassingTime:205330000113218365">
    <StopPointInJourneyPatternRef ref="SE:020:StopPointInJourneyPattern:205339415000020086_205330000091744865" version="any"/>
    <DepartureTime>09:00:00</DepartureTime>
</TimetabledPassingTime>
<TimetabledPassingTime version="any" id="SE:020:TimetabledPassingTime:205330000113218366">
    <StopPointInJourneyPatternRef ref="SE:020:StopPointInJourneyPattern:205339415000020086_205330000091744866" version="any"/>
    <ArrivalTime>09:50:00</ArrivalTime>
    <DepartureTime>09:50:00</DepartureTime>
</TimetabledPassingTime>
<TimetabledPassingTime version="any" id="SE:020:TimetabledPassingTime:205330000113218367">
    <StopPointInJourneyPatternRef ref="SE:020:StopPointInJourneyPattern:205339415000020086_205330000091744867" version="any"/>
    <ArrivalTime>10:00:00</ArrivalTime>
    <DepartureTime>10:00:00</DepartureTime>
</TimetabledPassingTime>
<TimetabledPassingTime version="any" id="SE:020:TimetabledPassingTime:205330000113218368">
    <StopPointInJourneyPatternRef ref="SE:020:StopPointInJourneyPattern:205339415000020086_205330000091744868" version="any"/>
    <ArrivalTime>10:02:00</ArrivalTime>
    <DepartureTime>10:02:00</DepartureTime>
</TimetabledPassingTime>
<TimetabledPassingTime version="any" id="SE:020:TimetabledPassingTime:205330000113218369">
    <StopPointInJourneyPatternRef ref="SE:020:StopPointInJourneyPattern:205339415000020086_205330000091744869" version="any"/>
    <ArrivalTime>10:10:00</ArrivalTime>
</TimetabledPassingTime>
                            </passingTimes>
                            <FlexibleServiceProperties>
<FlexibleServiceType>fixedPassingTimes</FlexibleServiceType>
<BookWhen>advanceOnly</BookWhen>
<BookingNote>Turen ska förbeställas senast 2 timmar före bussens avgångstid via telefon 0774-44 00 00.</BookingNote>
                            </FlexibleServiceProperties>
                        </ServiceJourney>
                        <ServiceJourney version="any" id="SE:020:ServiceJourney:205330000113218386">
                            <TransportMode>bus</TransportMode>
                            <TransportSubmode>
<BusSubmode>unknown</BusSubmode>
                            </TransportSubmode>
                            <dayTypes>
<DayTypeRef ref="SE:020:DayType:88p3nq9vvdlprhuh7rt2f9pv4eg6okgo"/>
                            </dayTypes>
                            <JourneyPatternRef ref="SE:020:JourneyPattern:205339415000020087" version="any"/>
                            <OperatorRef ref="SE:020:Operator:9013020810000000"/>
                            <passingTimes>
<TimetabledPassingTime version="any" id="SE:020:TimetabledPassingTime:205330000113218379">
    <StopPointInJourneyPatternRef ref="SE:020:StopPointInJourneyPattern:205339415000020087_205330000091744886" version="any"/>
    <DepartureTime>11:50:00</DepartureTime>
</TimetabledPassingTime>
<TimetabledPassingTime version="any" id="SE:020:TimetabledPassingTime:205330000113218380">
    <StopPointInJourneyPatternRef ref="SE:020:StopPointInJourneyPattern:205339415000020087_205330000091744887" version="any"/>
    <ArrivalTime>12:00:00</ArrivalTime>
    <DepartureTime>12:00:00</DepartureTime>
</TimetabledPassingTime>
<TimetabledPassingTime version="any" id="SE:020:TimetabledPassingTime:205330000113218381">
    <StopPointInJourneyPatternRef ref="SE:020:StopPointInJourneyPattern:205339415000020087_205330000091744888" version="any"/>
    <ArrivalTime>12:02:00</ArrivalTime>
    <DepartureTime>12:02:00</DepartureTime>
</TimetabledPassingTime>
<TimetabledPassingTime version="any" id="SE:020:TimetabledPassingTime:205330000113218382">
    <StopPointInJourneyPatternRef ref="SE:020:StopPointInJourneyPattern:205339415000020087_205330000091744889" version="any"/>
    <ArrivalTime>12:10:00</ArrivalTime>
    <DepartureTime>12:10:00</DepartureTime>
</TimetabledPassingTime>
<TimetabledPassingTime version="any" id="SE:020:TimetabledPassingTime:205330000113218383">
    <StopPointInJourneyPatternRef ref="SE:020:StopPointInJourneyPattern:205339415000020087_205330000091744890" version="any"/>
    <ArrivalTime>13:00:00</ArrivalTime>
</TimetabledPassingTime>
                            </passingTimes>
                            <FlexibleServiceProperties>
<FlexibleServiceType>fixedPassingTimes</FlexibleServiceType>
<BookWhen>advanceOnly</BookWhen>
<BookingNote>Turen ska förbeställas senast 2 timmar före bussens avgångstid via telefon 0774-44 00 00.</BookingNote>
                            </FlexibleServiceProperties>
                        </ServiceJourney>
                    </vehicleJourneys>
                </TimetableFrame>
            </frames>
        </CompositeFrame>
    </dataObjects>
</PublicationDelivery>
