<?xml version="1.0" encoding="UTF-8" standalone="yes"?>
<PublicationDelivery xmlns="http://www.netex.org.uk/netex" xmlns:ns2="http://www.opengis.net/gml/3.2" xmlns:ns3="http://www.siri.org.uk/siri" version="1.11:NO-NeTEx-networktimetable:1.3">
    <PublicationTimestamp>2024-09-02T03:57:40</PublicationTimestamp>
    <ParticipantRef>SAM</ParticipantRef>
    <dataObjects>
        <CompositeFrame created="2024-09-02T03:57:40" version="20240902035740" id="SE:020:CompositeFrame:9011020062300000">
            <ValidBetween>
                <FromDate>1970-01-01T00:00:00</FromDate>
            </ValidBetween>
            <codespaces>
                <Codespace id="SE:020">
                    <Xmlns>SE:020</Xmlns>
                    <XmlnsUrl>http://www.samtrafiken.se/ns/dt</XmlnsUrl>
                </Codespace>
            </codespaces>
            <FrameDefaults>
                <DefaultLocale>
                    <TimeZone>Europe/Stockholm</TimeZone>
                    <DefaultLanguage>se</DefaultLanguage>
                </DefaultLocale>
                <DefaultLocationSystem>4326</DefaultLocationSystem>
            </FrameDefaults>
            <frames>
                <ServiceFrame version="20240902035740" id="SE:020:ServiceFrame:9011020062300000">
                    <routes>
                        <Route version="any" id="SE:020:Route:205330000088915117">
                            <Name>623</Name>
                            <LineRef ref="SE:020:Line:9011020062300000" version="181204"/>
                            <DirectionType>outbound</DirectionType>
                            <pointsInSequence>
<PointOnRoute order="1" version="any" id="SE:020:PointOnRoute:205330000088915122">
    <RoutePointRef ref="SE:020:RoutePoint:9022020580801001"/>
</PointOnRoute>
<PointOnRoute order="2" version="any" id="SE:020:PointOnRoute:205330000088915123">
    <RoutePointRef ref="SE:020:RoutePoint:9022020580802001"/>
</PointOnRoute>
<PointOnRoute order="3" version="any" id="SE:020:PointOnRoute:205330000088915124">
    <RoutePointRef ref="SE:020:RoutePoint:9022020580803001"/>
</PointOnRoute>
<PointOnRoute order="4" version="any" id="SE:020:PointOnRoute:205330000088915125">
    <RoutePointRef ref="SE:020:RoutePoint:9022020580804001"/>
</PointOnRoute>
<PointOnRoute order="5" version="any" id="SE:020:PointOnRoute:205330000088915126">
    <RoutePointRef ref="SE:020:RoutePoint:9022020580218001"/>
</PointOnRoute>
<PointOnRoute order="6" version="any" id="SE:020:PointOnRoute:205330000088915127">
    <RoutePointRef ref="SE:020:RoutePoint:9022020580217001"/>
</PointOnRoute>
<PointOnRoute order="7" version="any" id="SE:020:PointOnRoute:205330000088915128">
    <RoutePointRef ref="SE:020:RoutePoint:9022020580216001"/>
</PointOnRoute>
<PointOnRoute order="8" version="any" id="SE:020:PointOnRoute:205330000088915129">
    <RoutePointRef ref="SE:020:RoutePoint:9022020580215001"/>
</PointOnRoute>
<PointOnRoute order="9" version="any" id="SE:020:PointOnRoute:205330000088915130">
    <RoutePointRef ref="SE:020:RoutePoint:9022020580145001"/>
</PointOnRoute>
<PointOnRoute order="10" version="any" id="SE:020:PointOnRoute:205330000088915131">
    <RoutePointRef ref="SE:020:RoutePoint:9022020580126002"/>
</PointOnRoute>
<PointOnRoute order="11" version="any" id="SE:020:PointOnRoute:205330000088915132">
    <RoutePointRef ref="SE:020:RoutePoint:9022020580135002"/>
</PointOnRoute>
<PointOnRoute order="12" version="any" id="SE:020:PointOnRoute:205330000088915133">
    <RoutePointRef ref="SE:020:RoutePoint:9022020580127002"/>
</PointOnRoute>
<PointOnRoute order="13" version="any" id="SE:020:PointOnRoute:205330000088915134">
    <RoutePointRef ref="SE:020:RoutePoint:9022020580128002"/>
</PointOnRoute>
<PointOnRoute order="14" version="any" id="SE:020:PointOnRoute:205330000088915135">
    <RoutePointRef ref="SE:020:RoutePoint:9022020580209001"/>
</PointOnRoute>
<PointOnRoute order="15" version="any" id="SE:020:PointOnRoute:205330000088915136">
    <RoutePointRef ref="SE:020:RoutePoint:9022020580208001"/>
</PointOnRoute>
                            </pointsInSequence>
                        </Route>
                        <Route version="any" id="SE:020:Route:205330000088915148">
                            <Name>623</Name>
                            <LineRef ref="SE:020:Line:9011020062300000" version="181204"/>
                            <DirectionType>inbound</DirectionType>
                            <pointsInSequence>
<PointOnRoute order="1" version="any" id="SE:020:PointOnRoute:205330000088915153">
    <RoutePointRef ref="SE:020:RoutePoint:9022020580208001"/>
</PointOnRoute>
<PointOnRoute order="2" version="any" id="SE:020:PointOnRoute:205330000088915154">
    <RoutePointRef ref="SE:020:RoutePoint:9022020580209002"/>
</PointOnRoute>
<PointOnRoute order="3" version="any" id="SE:020:PointOnRoute:205330000088915155">
    <RoutePointRef ref="SE:020:RoutePoint:9022020580128001"/>
</PointOnRoute>
<PointOnRoute order="4" version="any" id="SE:020:PointOnRoute:205330000088915156">
    <RoutePointRef ref="SE:020:RoutePoint:9022020580127001"/>
</PointOnRoute>
<PointOnRoute order="5" version="any" id="SE:020:PointOnRoute:205330000088915157">
    <RoutePointRef ref="SE:020:RoutePoint:9022020580135001"/>
</PointOnRoute>
<PointOnRoute order="6" version="any" id="SE:020:PointOnRoute:205330000088915158">
    <RoutePointRef ref="SE:020:RoutePoint:9022020580126001"/>
</PointOnRoute>
<PointOnRoute order="7" version="any" id="SE:020:PointOnRoute:205330000088915159">
    <RoutePointRef ref="SE:020:RoutePoint:9022020580145001"/>
</PointOnRoute>
<PointOnRoute order="8" version="any" id="SE:020:PointOnRoute:205330000088915160">
    <RoutePointRef ref="SE:020:RoutePoint:9022020580215002"/>
</PointOnRoute>
<PointOnRoute order="9" version="any" id="SE:020:PointOnRoute:205330000088915161">
    <RoutePointRef ref="SE:020:RoutePoint:9022020580216002"/>
</PointOnRoute>
<PointOnRoute order="10" version="any" id="SE:020:PointOnRoute:205330000088915162">
    <RoutePointRef ref="SE:020:RoutePoint:9022020580217002"/>
</PointOnRoute>
<PointOnRoute order="11" version="any" id="SE:020:PointOnRoute:205330000088915163">
    <RoutePointRef ref="SE:020:RoutePoint:9022020580218002"/>
</PointOnRoute>
<PointOnRoute order="12" version="any" id="SE:020:PointOnRoute:205330000088915164">
    <RoutePointRef ref="SE:020:RoutePoint:9022020580804001"/>
</PointOnRoute>
<PointOnRoute order="13" version="any" id="SE:020:PointOnRoute:205330000088915165">
    <RoutePointRef ref="SE:020:RoutePoint:9022020580803001"/>
</PointOnRoute>
<PointOnRoute order="14" version="any" id="SE:020:PointOnRoute:205330000088915166">
    <RoutePointRef ref="SE:020:RoutePoint:9022020580802001"/>
</PointOnRoute>
<PointOnRoute order="15" version="any" id="SE:020:PointOnRoute:205330000088915167">
    <RoutePointRef ref="SE:020:RoutePoint:9022020580801001"/>
</PointOnRoute>
                            </pointsInSequence>
                        </Route>
                    </routes>
                    <lines>
                        <Line version="181204" id="SE:020:Line:9011020062300000">
                            <ValidBetween>
<FromDate>2018-12-04T00:00:00</FromDate>
                            </ValidBetween>
                            <Name>623</Name>
                            <TransportMode>bus</TransportMode>
                            <TransportSubmode>
<BusSubmode>unknown</BusSubmode>
                            </TransportSubmode>
                            <PublicCode>623</PublicCode>
                            <PrivateCode>623</PrivateCode>
                            <RepresentedByGroupRef ref="SE:020:Network:9010020000000000"/>
                        </Line>
                    </lines>
                    <journeyPatterns>
                        <JourneyPattern version="any" id="SE:020:JourneyPattern:205339415000018963">
                            <RouteRef ref="SE:020:Route:205330000088915117" version="any"/>
                            <pointsInSequence>
<StopPointInJourneyPattern order="1" version="any" id="SE:020:StopPointInJourneyPattern:205339415000018963_205330000088915122">
    <ScheduledStopPointRef ref="SE:020:ScheduledStopPoint:9022020580801001"/>
    <ForAlighting>false</ForAlighting>
    <ForBoarding>true</ForBoarding>
    <DestinationDisplayRef ref="SE:020:DestinationDisplay:205330000088915144"/>
    <RequestStop>true</RequestStop>
</StopPointInJourneyPattern>
<StopPointInJourneyPattern order="2" version="any" id="SE:020:StopPointInJourneyPattern:205339415000018963_205330000088915123">
    <ScheduledStopPointRef ref="SE:020:ScheduledStopPoint:9022020580802001"/>
    <ForAlighting>true</ForAlighting>
    <ForBoarding>true</ForBoarding>
    <RequestStop>true</RequestStop>
</StopPointInJourneyPattern>
<StopPointInJourneyPattern order="3" version="any" id="SE:020:StopPointInJourneyPattern:205339415000018963_205330000088915124">
    <ScheduledStopPointRef ref="SE:020:ScheduledStopPoint:9022020580803001"/>
    <ForAlighting>true</ForAlighting>
    <ForBoarding>true</ForBoarding>
    <RequestStop>true</RequestStop>
</StopPointInJourneyPattern>
<StopPointInJourneyPattern order="4" version="any" id="SE:020:StopPointInJourneyPattern:205339415000018963_205330000088915125">
    <ScheduledStopPointRef ref="SE:020:ScheduledStopPoint:9022020580804001"/>
    <ForAlighting>true</ForAlighting>
    <ForBoarding>true</ForBoarding>
    <RequestStop>true</RequestStop>
</StopPointInJourneyPattern>
<StopPointInJourneyPattern order="5" version="any" id="SE:020:StopPointInJourneyPattern:205339415000018963_205330000088915126">
    <ScheduledStopPointRef ref="SE:020:ScheduledStopPoint:9022020580218001"/>
    <ForAlighting>true</ForAlighting>
    <ForBoarding>true</ForBoarding>
    <RequestStop>true</RequestStop>
</StopPointInJourneyPattern>
<StopPointInJourneyPattern order="6" version="any" id="SE:020:StopPointInJourneyPattern:205339415000018963_205330000088915127">
    <ScheduledStopPointRef ref="SE:020:ScheduledStopPoint:9022020580217001"/>
    <ForAlighting>true</ForAlighting>
    <ForBoarding>true</ForBoarding>
    <RequestStop>true</RequestStop>
</StopPointInJourneyPattern>
<StopPointInJourneyPattern order="7" version="any" id="SE:020:StopPointInJourneyPattern:205339415000018963_205330000088915128">
    <ScheduledStopPointRef ref="SE:020:ScheduledStopPoint:9022020580216001"/>
    <ForAlighting>true</ForAlighting>
    <ForBoarding>true</ForBoarding>
    <RequestStop>true</RequestStop>
</StopPointInJourneyPattern>
<StopPointInJourneyPattern order="8" version="any" id="SE:020:StopPointInJourneyPattern:205339415000018963_205330000088915129">
    <ScheduledStopPointRef ref="SE:020:ScheduledStopPoint:9022020580215001"/>
    <ForAlighting>true</ForAlighting>
    <ForBoarding>true</ForBoarding>
    <RequestStop>true</RequestStop>
</StopPointInJourneyPattern>
<StopPointInJourneyPattern order="9" version="any" id="SE:020:StopPointInJourneyPattern:205339415000018963_205330000088915130">
    <ScheduledStopPointRef ref="SE:020:ScheduledStopPoint:9022020580145001"/>
    <ForAlighting>true</ForAlighting>
    <ForBoarding>true</ForBoarding>
    <RequestStop>true</RequestStop>
</StopPointInJourneyPattern>
<StopPointInJourneyPattern order="10" version="any" id="SE:020:StopPointInJourneyPattern:205339415000018963_205330000088915131">
    <ScheduledStopPointRef ref="SE:020:ScheduledStopPoint:9022020580126002"/>
    <ForAlighting>true</ForAlighting>
    <ForBoarding>true</ForBoarding>
    <RequestStop>true</RequestStop>
</StopPointInJourneyPattern>
<StopPointInJourneyPattern order="11" version="any" id="SE:020:StopPointInJourneyPattern:205339415000018963_205330000088915132">
    <ScheduledStopPointRef ref="SE:020:ScheduledStopPoint:9022020580135002"/>
    <ForAlighting>true</ForAlighting>
    <ForBoarding>true</ForBoarding>
    <RequestStop>true</RequestStop>
</StopPointInJourneyPattern>
<StopPointInJourneyPattern order="12" version="any" id="SE:020:StopPointInJourneyPattern:205339415000018963_205330000088915133">
    <ScheduledStopPointRef ref="SE:020:ScheduledStopPoint:9022020580127002"/>
    <ForAlighting>true</ForAlighting>
    <ForBoarding>false</ForBoarding>
    <RequestStop>true</RequestStop>
</StopPointInJourneyPattern>
<StopPointInJourneyPattern order="13" version="any" id="SE:020:StopPointInJourneyPattern:205339415000018963_205330000088915134">
    <ScheduledStopPointRef ref="SE:020:ScheduledStopPoint:9022020580128002"/>
    <ForAlighting>true</ForAlighting>
    <ForBoarding>false</ForBoarding>
    <RequestStop>true</RequestStop>
</StopPointInJourneyPattern>
<StopPointInJourneyPattern order="14" version="any" id="SE:020:StopPointInJourneyPattern:205339415000018963_205330000088915135">
    <ScheduledStopPointRef ref="SE:020:ScheduledStopPoint:9022020580209001"/>
    <ForAlighting>true</ForAlighting>
    <ForBoarding>false</ForBoarding>
    <RequestStop>true</RequestStop>
</StopPointInJourneyPattern>
<StopPointInJourneyPattern order="15" version="any" id="SE:020:StopPointInJourneyPattern:205339415000018963_205330000088915136">
    <ScheduledStopPointRef ref="SE:020:ScheduledStopPoint:9022020580208001"/>
    <ForAlighting>true</ForAlighting>
    <ForBoarding>false</ForBoarding>
    <RequestStop>true</RequestStop>
</StopPointInJourneyPattern>
                            </pointsInSequence>
                            <linksInSequence>
<ServiceLinkInJourneyPattern order="1" version="any" id="SE:020:ServiceLinkInJourneyPattern:BUS_37865">
    <ServiceLinkRef ref="SE:020:ServiceLink:BUS_9025020058080101_9025020058080201"/>
</ServiceLinkInJourneyPattern>
<ServiceLinkInJourneyPattern order="2" version="any" id="SE:020:ServiceLinkInJourneyPattern:BUS_37866">
    <ServiceLinkRef ref="SE:020:ServiceLink:BUS_9025020058080201_9025020058080301"/>
</ServiceLinkInJourneyPattern>
<ServiceLinkInJourneyPattern order="3" version="any" id="SE:020:ServiceLinkInJourneyPattern:BUS_37867">
    <ServiceLinkRef ref="SE:020:ServiceLink:BUS_9025020058080301_9025020058080401"/>
</ServiceLinkInJourneyPattern>
<ServiceLinkInJourneyPattern order="4" version="any" id="SE:020:ServiceLinkInJourneyPattern:BUS_37868">
    <ServiceLinkRef ref="SE:020:ServiceLink:BUS_9025020058080401_9025020058021801"/>
</ServiceLinkInJourneyPattern>
<ServiceLinkInJourneyPattern order="5" version="any" id="SE:020:ServiceLinkInJourneyPattern:BUS_37869">
    <ServiceLinkRef ref="SE:020:ServiceLink:BUS_9025020058021801_9025020058021701"/>
</ServiceLinkInJourneyPattern>
<ServiceLinkInJourneyPattern order="6" version="any" id="SE:020:ServiceLinkInJourneyPattern:BUS_37870">
    <ServiceLinkRef ref="SE:020:ServiceLink:BUS_9025020058021701_9025020058021601"/>
</ServiceLinkInJourneyPattern>
<ServiceLinkInJourneyPattern order="7" version="any" id="SE:020:ServiceLinkInJourneyPattern:BUS_37871">
    <ServiceLinkRef ref="SE:020:ServiceLink:BUS_9025020058021601_9025020058021501"/>
</ServiceLinkInJourneyPattern>
<ServiceLinkInJourneyPattern order="8" version="any" id="SE:020:ServiceLinkInJourneyPattern:BUS_37872">
    <ServiceLinkRef ref="SE:020:ServiceLink:BUS_9025020058021501_9025020058014501"/>
</ServiceLinkInJourneyPattern>
<ServiceLinkInJourneyPattern order="9" version="any" id="SE:020:ServiceLinkInJourneyPattern:BUS_37873">
    <ServiceLinkRef ref="SE:020:ServiceLink:BUS_9025020058014501_9025020058012602"/>
</ServiceLinkInJourneyPattern>
<ServiceLinkInJourneyPattern order="10" version="any" id="SE:020:ServiceLinkInJourneyPattern:BUS_37874">
    <ServiceLinkRef ref="SE:020:ServiceLink:BUS_9025020058012602_9025020058013502"/>
</ServiceLinkInJourneyPattern>
<ServiceLinkInJourneyPattern order="11" version="any" id="SE:020:ServiceLinkInJourneyPattern:BUS_37875">
    <ServiceLinkRef ref="SE:020:ServiceLink:BUS_9025020058013502_9025020058012702"/>
</ServiceLinkInJourneyPattern>
<ServiceLinkInJourneyPattern order="12" version="any" id="SE:020:ServiceLinkInJourneyPattern:BUS_37876">
    <ServiceLinkRef ref="SE:020:ServiceLink:BUS_9025020058012702_9025020058012802"/>
</ServiceLinkInJourneyPattern>
<ServiceLinkInJourneyPattern order="13" version="any" id="SE:020:ServiceLinkInJourneyPattern:BUS_37877">
    <ServiceLinkRef ref="SE:020:ServiceLink:BUS_9025020058012802_9025020058020901"/>
</ServiceLinkInJourneyPattern>
<ServiceLinkInJourneyPattern order="14" version="any" id="SE:020:ServiceLinkInJourneyPattern:BUS_37878">
    <ServiceLinkRef ref="SE:020:ServiceLink:BUS_9025020058020901_9025020058020801"/>
</ServiceLinkInJourneyPattern>
                            </linksInSequence>
                        </JourneyPattern>
                        <JourneyPattern version="any" id="SE:020:JourneyPattern:205339415000024676">
                            <RouteRef ref="SE:020:Route:205330000088915117" version="any"/>
                            <pointsInSequence>
<StopPointInJourneyPattern order="1" version="any" id="SE:020:StopPointInJourneyPattern:205339415000024676_205330000088915122">
    <ScheduledStopPointRef ref="SE:020:ScheduledStopPoint:9022020580801001"/>
    <ForAlighting>false</ForAlighting>
    <ForBoarding>true</ForBoarding>
    <DestinationDisplayRef ref="SE:020:DestinationDisplay:205330000113218808"/>
    <RequestStop>true</RequestStop>
</StopPointInJourneyPattern>
<StopPointInJourneyPattern order="2" version="any" id="SE:020:StopPointInJourneyPattern:205339415000024676_205330000088915123">
    <ScheduledStopPointRef ref="SE:020:ScheduledStopPoint:9022020580802001"/>
    <ForAlighting>true</ForAlighting>
    <ForBoarding>true</ForBoarding>
    <RequestStop>true</RequestStop>
</StopPointInJourneyPattern>
<StopPointInJourneyPattern order="3" version="any" id="SE:020:StopPointInJourneyPattern:205339415000024676_205330000088915124">
    <ScheduledStopPointRef ref="SE:020:ScheduledStopPoint:9022020580803001"/>
    <ForAlighting>true</ForAlighting>
    <ForBoarding>true</ForBoarding>
    <RequestStop>true</RequestStop>
</StopPointInJourneyPattern>
<StopPointInJourneyPattern order="4" version="any" id="SE:020:StopPointInJourneyPattern:205339415000024676_205330000088915125">
    <ScheduledStopPointRef ref="SE:020:ScheduledStopPoint:9022020580804001"/>
    <ForAlighting>true</ForAlighting>
    <ForBoarding>true</ForBoarding>
    <RequestStop>true</RequestStop>
</StopPointInJourneyPattern>
<StopPointInJourneyPattern order="5" version="any" id="SE:020:StopPointInJourneyPattern:205339415000024676_205330000088915126">
    <ScheduledStopPointRef ref="SE:020:ScheduledStopPoint:9022020580218001"/>
    <ForAlighting>true</ForAlighting>
    <ForBoarding>true</ForBoarding>
    <RequestStop>true</RequestStop>
</StopPointInJourneyPattern>
<StopPointInJourneyPattern order="6" version="any" id="SE:020:StopPointInJourneyPattern:205339415000024676_205330000088915127">
    <ScheduledStopPointRef ref="SE:020:ScheduledStopPoint:9022020580217001"/>
    <ForAlighting>true</ForAlighting>
    <ForBoarding>true</ForBoarding>
    <RequestStop>true</RequestStop>
</StopPointInJourneyPattern>
<StopPointInJourneyPattern order="7" version="any" id="SE:020:StopPointInJourneyPattern:205339415000024676_205330000088915128">
    <ScheduledStopPointRef ref="SE:020:ScheduledStopPoint:9022020580216001"/>
    <ForAlighting>true</ForAlighting>
    <ForBoarding>true</ForBoarding>
    <RequestStop>true</RequestStop>
</StopPointInJourneyPattern>
<StopPointInJourneyPattern order="8" version="any" id="SE:020:StopPointInJourneyPattern:205339415000024676_205330000088915129">
    <ScheduledStopPointRef ref="SE:020:ScheduledStopPoint:9022020580215001"/>
    <ForAlighting>true</ForAlighting>
    <ForBoarding>true</ForBoarding>
    <RequestStop>true</RequestStop>
</StopPointInJourneyPattern>
<StopPointInJourneyPattern order="9" version="any" id="SE:020:StopPointInJourneyPattern:205339415000024676_205330000088915130">
    <ScheduledStopPointRef ref="SE:020:ScheduledStopPoint:9022020580145001"/>
    <ForAlighting>true</ForAlighting>
    <ForBoarding>true</ForBoarding>
    <RequestStop>true</RequestStop>
</StopPointInJourneyPattern>
<StopPointInJourneyPattern order="10" version="any" id="SE:020:StopPointInJourneyPattern:205339415000024676_205330000088915131">
    <ScheduledStopPointRef ref="SE:020:ScheduledStopPoint:9022020580126002"/>
    <ForAlighting>true</ForAlighting>
    <ForBoarding>true</ForBoarding>
    <RequestStop>true</RequestStop>
</StopPointInJourneyPattern>
<StopPointInJourneyPattern order="11" version="any" id="SE:020:StopPointInJourneyPattern:205339415000024676_205330000088915132">
    <ScheduledStopPointRef ref="SE:020:ScheduledStopPoint:9022020580135002"/>
    <ForAlighting>true</ForAlighting>
    <ForBoarding>true</ForBoarding>
    <RequestStop>true</RequestStop>
</StopPointInJourneyPattern>
<StopPointInJourneyPattern order="12" version="any" id="SE:020:StopPointInJourneyPattern:205339415000024676_205330000088915133">
    <ScheduledStopPointRef ref="SE:020:ScheduledStopPoint:9022020580127002"/>
    <ForAlighting>true</ForAlighting>
    <ForBoarding>false</ForBoarding>
    <RequestStop>true</RequestStop>
</StopPointInJourneyPattern>
<StopPointInJourneyPattern order="13" version="any" id="SE:020:StopPointInJourneyPattern:205339415000024676_205330000088915134">
    <ScheduledStopPointRef ref="SE:020:ScheduledStopPoint:9022020580128002"/>
    <ForAlighting>true</ForAlighting>
    <ForBoarding>false</ForBoarding>
    <RequestStop>true</RequestStop>
</StopPointInJourneyPattern>
<StopPointInJourneyPattern order="14" version="any" id="SE:020:StopPointInJourneyPattern:205339415000024676_205330000088915135">
    <ScheduledStopPointRef ref="SE:020:ScheduledStopPoint:9022020580209001"/>
    <ForAlighting>true</ForAlighting>
    <ForBoarding>false</ForBoarding>
    <RequestStop>true</RequestStop>
</StopPointInJourneyPattern>
<StopPointInJourneyPattern order="15" version="any" id="SE:020:StopPointInJourneyPattern:205339415000024676_205330000088915136">
    <ScheduledStopPointRef ref="SE:020:ScheduledStopPoint:9022020580208001"/>
    <ForAlighting>true</ForAlighting>
    <ForBoarding>false</ForBoarding>
    <RequestStop>true</RequestStop>
</StopPointInJourneyPattern>
                            </pointsInSequence>
                            <linksInSequence>
<ServiceLinkInJourneyPattern order="1" version="any" id="SE:020:ServiceLinkInJourneyPattern:BUS_37879">
    <ServiceLinkRef ref="SE:020:ServiceLink:BUS_9025020058080101_9025020058080201"/>
</ServiceLinkInJourneyPattern>
<ServiceLinkInJourneyPattern order="2" version="any" id="SE:020:ServiceLinkInJourneyPattern:BUS_37880">
    <ServiceLinkRef ref="SE:020:ServiceLink:BUS_9025020058080201_9025020058080301"/>
</ServiceLinkInJourneyPattern>
<ServiceLinkInJourneyPattern order="3" version="any" id="SE:020:ServiceLinkInJourneyPattern:BUS_37881">
    <ServiceLinkRef ref="SE:020:ServiceLink:BUS_9025020058080301_9025020058080401"/>
</ServiceLinkInJourneyPattern>
<ServiceLinkInJourneyPattern order="4" version="any" id="SE:020:ServiceLinkInJourneyPattern:BUS_37882">
    <ServiceLinkRef ref="SE:020:ServiceLink:BUS_9025020058080401_9025020058021801"/>
</ServiceLinkInJourneyPattern>
<ServiceLinkInJourneyPattern order="5" version="any" id="SE:020:ServiceLinkInJourneyPattern:BUS_37883">
    <ServiceLinkRef ref="SE:020:ServiceLink:BUS_9025020058021801_9025020058021701"/>
</ServiceLinkInJourneyPattern>
<ServiceLinkInJourneyPattern order="6" version="any" id="SE:020:ServiceLinkInJourneyPattern:BUS_37884">
    <ServiceLinkRef ref="SE:020:ServiceLink:BUS_9025020058021701_9025020058021601"/>
</ServiceLinkInJourneyPattern>
<ServiceLinkInJourneyPattern order="7" version="any" id="SE:020:ServiceLinkInJourneyPattern:BUS_37885">
    <ServiceLinkRef ref="SE:020:ServiceLink:BUS_9025020058021601_9025020058021501"/>
</ServiceLinkInJourneyPattern>
<ServiceLinkInJourneyPattern order="8" version="any" id="SE:020:ServiceLinkInJourneyPattern:BUS_37886">
    <ServiceLinkRef ref="SE:020:ServiceLink:BUS_9025020058021501_9025020058014501"/>
</ServiceLinkInJourneyPattern>
<ServiceLinkInJourneyPattern order="9" version="any" id="SE:020:ServiceLinkInJourneyPattern:BUS_37887">
    <ServiceLinkRef ref="SE:020:ServiceLink:BUS_9025020058014501_9025020058012602"/>
</ServiceLinkInJourneyPattern>
<ServiceLinkInJourneyPattern order="10" version="any" id="SE:020:ServiceLinkInJourneyPattern:BUS_37888">
    <ServiceLinkRef ref="SE:020:ServiceLink:BUS_9025020058012602_9025020058013502"/>
</ServiceLinkInJourneyPattern>
<ServiceLinkInJourneyPattern order="11" version="any" id="SE:020:ServiceLinkInJourneyPattern:BUS_37889">
    <ServiceLinkRef ref="SE:020:ServiceLink:BUS_9025020058013502_9025020058012702"/>
</ServiceLinkInJourneyPattern>
<ServiceLinkInJourneyPattern order="12" version="any" id="SE:020:ServiceLinkInJourneyPattern:BUS_37890">
    <ServiceLinkRef ref="SE:020:ServiceLink:BUS_9025020058012702_9025020058012802"/>
</ServiceLinkInJourneyPattern>
<ServiceLinkInJourneyPattern order="13" version="any" id="SE:020:ServiceLinkInJourneyPattern:BUS_37891">
    <ServiceLinkRef ref="SE:020:ServiceLink:BUS_9025020058012802_9025020058020901"/>
</ServiceLinkInJourneyPattern>
<ServiceLinkInJourneyPattern order="14" version="any" id="SE:020:ServiceLinkInJourneyPattern:BUS_37892">
    <ServiceLinkRef ref="SE:020:ServiceLink:BUS_9025020058020901_9025020058020801"/>
</ServiceLinkInJourneyPattern>
                            </linksInSequence>
                        </JourneyPattern>
                        <JourneyPattern version="any" id="SE:020:JourneyPattern:205339415000018964">
                            <RouteRef ref="SE:020:Route:205330000088915148" version="any"/>
                            <pointsInSequence>
<StopPointInJourneyPattern order="1" version="any" id="SE:020:StopPointInJourneyPattern:205339415000018964_205330000088915153">
    <ScheduledStopPointRef ref="SE:020:ScheduledStopPoint:9022020580208001"/>
    <ForAlighting>false</ForAlighting>
    <ForBoarding>true</ForBoarding>
    <DestinationDisplayRef ref="SE:020:DestinationDisplay:205330000088915175"/>
    <RequestStop>true</RequestStop>
</StopPointInJourneyPattern>
<StopPointInJourneyPattern order="2" version="any" id="SE:020:StopPointInJourneyPattern:205339415000018964_205330000088915154">
    <ScheduledStopPointRef ref="SE:020:ScheduledStopPoint:9022020580209002"/>
    <ForAlighting>false</ForAlighting>
    <ForBoarding>true</ForBoarding>
    <RequestStop>true</RequestStop>
</StopPointInJourneyPattern>
<StopPointInJourneyPattern order="3" version="any" id="SE:020:StopPointInJourneyPattern:205339415000018964_205330000088915155">
    <ScheduledStopPointRef ref="SE:020:ScheduledStopPoint:9022020580128001"/>
    <ForAlighting>false</ForAlighting>
    <ForBoarding>true</ForBoarding>
    <RequestStop>true</RequestStop>
</StopPointInJourneyPattern>
<StopPointInJourneyPattern order="4" version="any" id="SE:020:StopPointInJourneyPattern:205339415000018964_205330000088915156">
    <ScheduledStopPointRef ref="SE:020:ScheduledStopPoint:9022020580127001"/>
    <ForAlighting>false</ForAlighting>
    <ForBoarding>true</ForBoarding>
    <RequestStop>true</RequestStop>
</StopPointInJourneyPattern>
<StopPointInJourneyPattern order="5" version="any" id="SE:020:StopPointInJourneyPattern:205339415000018964_205330000088915157">
    <ScheduledStopPointRef ref="SE:020:ScheduledStopPoint:9022020580135001"/>
    <ForAlighting>true</ForAlighting>
    <ForBoarding>true</ForBoarding>
    <RequestStop>true</RequestStop>
</StopPointInJourneyPattern>
<StopPointInJourneyPattern order="6" version="any" id="SE:020:StopPointInJourneyPattern:205339415000018964_205330000088915158">
    <ScheduledStopPointRef ref="SE:020:ScheduledStopPoint:9022020580126001"/>
    <ForAlighting>true</ForAlighting>
    <ForBoarding>true</ForBoarding>
    <RequestStop>true</RequestStop>
</StopPointInJourneyPattern>
<StopPointInJourneyPattern order="7" version="any" id="SE:020:StopPointInJourneyPattern:205339415000018964_205330000088915159">
    <ScheduledStopPointRef ref="SE:020:ScheduledStopPoint:9022020580145001"/>
    <ForAlighting>true</ForAlighting>
    <ForBoarding>true</ForBoarding>
    <RequestStop>true</RequestStop>
</StopPointInJourneyPattern>
<StopPointInJourneyPattern order="8" version="any" id="SE:020:StopPointInJourneyPattern:205339415000018964_205330000088915160">
    <ScheduledStopPointRef ref="SE:020:ScheduledStopPoint:9022020580215002"/>
    <ForAlighting>true</ForAlighting>
    <ForBoarding>true</ForBoarding>
    <RequestStop>true</RequestStop>
</StopPointInJourneyPattern>
<StopPointInJourneyPattern order="9" version="any" id="SE:020:StopPointInJourneyPattern:205339415000018964_205330000088915161">
    <ScheduledStopPointRef ref="SE:020:ScheduledStopPoint:9022020580216002"/>
    <ForAlighting>true</ForAlighting>
    <ForBoarding>true</ForBoarding>
    <RequestStop>true</RequestStop>
</StopPointInJourneyPattern>
<StopPointInJourneyPattern order="10" version="any" id="SE:020:StopPointInJourneyPattern:205339415000018964_205330000088915162">
    <ScheduledStopPointRef ref="SE:020:ScheduledStopPoint:9022020580217002"/>
    <ForAlighting>true</ForAlighting>
    <ForBoarding>true</ForBoarding>
    <RequestStop>true</RequestStop>
</StopPointInJourneyPattern>
<StopPointInJourneyPattern order="11" version="any" id="SE:020:StopPointInJourneyPattern:205339415000018964_205330000088915163">
    <ScheduledStopPointRef ref="SE:020:ScheduledStopPoint:9022020580218002"/>
    <ForAlighting>true</ForAlighting>
    <ForBoarding>true</ForBoarding>
    <RequestStop>true</RequestStop>
</StopPointInJourneyPattern>
<StopPointInJourneyPattern order="12" version="any" id="SE:020:StopPointInJourneyPattern:205339415000018964_205330000088915164">
    <ScheduledStopPointRef ref="SE:020:ScheduledStopPoint:9022020580804001"/>
    <ForAlighting>true</ForAlighting>
    <ForBoarding>true</ForBoarding>
    <RequestStop>true</RequestStop>
</StopPointInJourneyPattern>
<StopPointInJourneyPattern order="13" version="any" id="SE:020:StopPointInJourneyPattern:205339415000018964_205330000088915165">
    <ScheduledStopPointRef ref="SE:020:ScheduledStopPoint:9022020580803001"/>
    <ForAlighting>true</ForAlighting>
    <ForBoarding>true</ForBoarding>
    <RequestStop>true</RequestStop>
</StopPointInJourneyPattern>
<StopPointInJourneyPattern order="14" version="any" id="SE:020:StopPointInJourneyPattern:205339415000018964_205330000088915166">
    <ScheduledStopPointRef ref="SE:020:ScheduledStopPoint:9022020580802001"/>
    <ForAlighting>true</ForAlighting>
    <ForBoarding>true</ForBoarding>
    <RequestStop>true</RequestStop>
</StopPointInJourneyPattern>
<StopPointInJourneyPattern order="15" version="any" id="SE:020:StopPointInJourneyPattern:205339415000018964_205330000088915167">
    <ScheduledStopPointRef ref="SE:020:ScheduledStopPoint:9022020580801001"/>
    <ForAlighting>true</ForAlighting>
    <ForBoarding>false</ForBoarding>
    <RequestStop>true</RequestStop>
</StopPointInJourneyPattern>
                            </pointsInSequence>
                            <linksInSequence>
<ServiceLinkInJourneyPattern order="1" version="any" id="SE:020:ServiceLinkInJourneyPattern:BUS_37893">
    <ServiceLinkRef ref="SE:020:ServiceLink:BUS_9025020058020801_9025020058020902"/>
</ServiceLinkInJourneyPattern>
<ServiceLinkInJourneyPattern order="2" version="any" id="SE:020:ServiceLinkInJourneyPattern:BUS_37894">
    <ServiceLinkRef ref="SE:020:ServiceLink:BUS_9025020058020902_9025020058012801"/>
</ServiceLinkInJourneyPattern>
<ServiceLinkInJourneyPattern order="3" version="any" id="SE:020:ServiceLinkInJourneyPattern:BUS_37895">
    <ServiceLinkRef ref="SE:020:ServiceLink:BUS_9025020058012801_9025020058012701"/>
</ServiceLinkInJourneyPattern>
<ServiceLinkInJourneyPattern order="4" version="any" id="SE:020:ServiceLinkInJourneyPattern:BUS_37896">
    <ServiceLinkRef ref="SE:020:ServiceLink:BUS_9025020058012701_9025020058013501"/>
</ServiceLinkInJourneyPattern>
<ServiceLinkInJourneyPattern order="5" version="any" id="SE:020:ServiceLinkInJourneyPattern:BUS_37897">
    <ServiceLinkRef ref="SE:020:ServiceLink:BUS_9025020058013501_9025020058012601"/>
</ServiceLinkInJourneyPattern>
<ServiceLinkInJourneyPattern order="6" version="any" id="SE:020:ServiceLinkInJourneyPattern:BUS_37898">
    <ServiceLinkRef ref="SE:020:ServiceLink:BUS_9025020058012601_9025020058014501"/>
</ServiceLinkInJourneyPattern>
<ServiceLinkInJourneyPattern order="7" version="any" id="SE:020:ServiceLinkInJourneyPattern:BUS_37899">
    <ServiceLinkRef ref="SE:020:ServiceLink:BUS_9025020058014501_9025020058021502"/>
</ServiceLinkInJourneyPattern>
<ServiceLinkInJourneyPattern order="8" version="any" id="SE:020:ServiceLinkInJourneyPattern:BUS_37900">
    <ServiceLinkRef ref="SE:020:ServiceLink:BUS_9025020058021502_9025020058021602"/>
</ServiceLinkInJourneyPattern>
<ServiceLinkInJourneyPattern order="9" version="any" id="SE:020:ServiceLinkInJourneyPattern:BUS_37901">
    <ServiceLinkRef ref="SE:020:ServiceLink:BUS_9025020058021602_9025020058021702"/>
</ServiceLinkInJourneyPattern>
<ServiceLinkInJourneyPattern order="10" version="any" id="SE:020:ServiceLinkInJourneyPattern:BUS_37902">
    <ServiceLinkRef ref="SE:020:ServiceLink:BUS_9025020058021702_9025020058021802"/>
</ServiceLinkInJourneyPattern>
<ServiceLinkInJourneyPattern order="11" version="any" id="SE:020:ServiceLinkInJourneyPattern:BUS_37903">
    <ServiceLinkRef ref="SE:020:ServiceLink:BUS_9025020058021802_9025020058080401"/>
</ServiceLinkInJourneyPattern>
<ServiceLinkInJourneyPattern order="12" version="any" id="SE:020:ServiceLinkInJourneyPattern:BUS_37904">
    <ServiceLinkRef ref="SE:020:ServiceLink:BUS_9025020058080401_9025020058080301"/>
</ServiceLinkInJourneyPattern>
<ServiceLinkInJourneyPattern order="13" version="any" id="SE:020:ServiceLinkInJourneyPattern:BUS_37905">
    <ServiceLinkRef ref="SE:020:ServiceLink:BUS_9025020058080301_9025020058080201"/>
</ServiceLinkInJourneyPattern>
<ServiceLinkInJourneyPattern order="14" version="any" id="SE:020:ServiceLinkInJourneyPattern:BUS_37906">
    <ServiceLinkRef ref="SE:020:ServiceLink:BUS_9025020058080201_9025020058080101"/>
</ServiceLinkInJourneyPattern>
                            </linksInSequence>
                        </JourneyPattern>
                        <JourneyPattern version="any" id="SE:020:JourneyPattern:205339415000024677">
                            <RouteRef ref="SE:020:Route:205330000088915148" version="any"/>
                            <pointsInSequence>
<StopPointInJourneyPattern order="1" version="any" id="SE:020:StopPointInJourneyPattern:205339415000024677_205330000088915153">
    <ScheduledStopPointRef ref="SE:020:ScheduledStopPoint:9022020580208001"/>
    <ForAlighting>false</ForAlighting>
    <ForBoarding>true</ForBoarding>
    <DestinationDisplayRef ref="SE:020:DestinationDisplay:205330000113218822"/>
    <RequestStop>true</RequestStop>
</StopPointInJourneyPattern>
<StopPointInJourneyPattern order="2" version="any" id="SE:020:StopPointInJourneyPattern:205339415000024677_205330000088915154">
    <ScheduledStopPointRef ref="SE:020:ScheduledStopPoint:9022020580209002"/>
    <ForAlighting>false</ForAlighting>
    <ForBoarding>true</ForBoarding>
    <RequestStop>true</RequestStop>
</StopPointInJourneyPattern>
<StopPointInJourneyPattern order="3" version="any" id="SE:020:StopPointInJourneyPattern:205339415000024677_205330000088915155">
    <ScheduledStopPointRef ref="SE:020:ScheduledStopPoint:9022020580128001"/>
    <ForAlighting>false</ForAlighting>
    <ForBoarding>true</ForBoarding>
    <RequestStop>true</RequestStop>
</StopPointInJourneyPattern>
<StopPointInJourneyPattern order="4" version="any" id="SE:020:StopPointInJourneyPattern:205339415000024677_205330000088915156">
    <ScheduledStopPointRef ref="SE:020:ScheduledStopPoint:9022020580127001"/>
    <ForAlighting>false</ForAlighting>
    <ForBoarding>true</ForBoarding>
    <RequestStop>true</RequestStop>
</StopPointInJourneyPattern>
<StopPointInJourneyPattern order="5" version="any" id="SE:020:StopPointInJourneyPattern:205339415000024677_205330000088915157">
    <ScheduledStopPointRef ref="SE:020:ScheduledStopPoint:9022020580135001"/>
    <ForAlighting>true</ForAlighting>
    <ForBoarding>true</ForBoarding>
    <RequestStop>true</RequestStop>
</StopPointInJourneyPattern>
<StopPointInJourneyPattern order="6" version="any" id="SE:020:StopPointInJourneyPattern:205339415000024677_205330000088915158">
    <ScheduledStopPointRef ref="SE:020:ScheduledStopPoint:9022020580126001"/>
    <ForAlighting>true</ForAlighting>
    <ForBoarding>true</ForBoarding>
    <RequestStop>true</RequestStop>
</StopPointInJourneyPattern>
<StopPointInJourneyPattern order="7" version="any" id="SE:020:StopPointInJourneyPattern:205339415000024677_205330000088915159">
    <ScheduledStopPointRef ref="SE:020:ScheduledStopPoint:9022020580145001"/>
    <ForAlighting>true</ForAlighting>
    <ForBoarding>true</ForBoarding>
    <RequestStop>true</RequestStop>
</StopPointInJourneyPattern>
<StopPointInJourneyPattern order="8" version="any" id="SE:020:StopPointInJourneyPattern:205339415000024677_205330000088915160">
    <ScheduledStopPointRef ref="SE:020:ScheduledStopPoint:9022020580215002"/>
    <ForAlighting>true</ForAlighting>
    <ForBoarding>true</ForBoarding>
    <RequestStop>true</RequestStop>
</StopPointInJourneyPattern>
<StopPointInJourneyPattern order="9" version="any" id="SE:020:StopPointInJourneyPattern:205339415000024677_205330000088915161">
    <ScheduledStopPointRef ref="SE:020:ScheduledStopPoint:9022020580216002"/>
    <ForAlighting>true</ForAlighting>
    <ForBoarding>true</ForBoarding>
    <RequestStop>true</RequestStop>
</StopPointInJourneyPattern>
<StopPointInJourneyPattern order="10" version="any" id="SE:020:StopPointInJourneyPattern:205339415000024677_205330000088915162">
    <ScheduledStopPointRef ref="SE:020:ScheduledStopPoint:9022020580217002"/>
    <ForAlighting>true</ForAlighting>
    <ForBoarding>true</ForBoarding>
    <RequestStop>true</RequestStop>
</StopPointInJourneyPattern>
<StopPointInJourneyPattern order="11" version="any" id="SE:020:StopPointInJourneyPattern:205339415000024677_205330000088915163">
    <ScheduledStopPointRef ref="SE:020:ScheduledStopPoint:9022020580218002"/>
    <ForAlighting>true</ForAlighting>
    <ForBoarding>true</ForBoarding>
    <RequestStop>true</RequestStop>
</StopPointInJourneyPattern>
<StopPointInJourneyPattern order="12" version="any" id="SE:020:StopPointInJourneyPattern:205339415000024677_205330000088915164">
    <ScheduledStopPointRef ref="SE:020:ScheduledStopPoint:9022020580804001"/>
    <ForAlighting>true</ForAlighting>
    <ForBoarding>true</ForBoarding>
    <RequestStop>true</RequestStop>
</StopPointInJourneyPattern>
<StopPointInJourneyPattern order="13" version="any" id="SE:020:StopPointInJourneyPattern:205339415000024677_205330000088915165">
    <ScheduledStopPointRef ref="SE:020:ScheduledStopPoint:9022020580803001"/>
    <ForAlighting>true</ForAlighting>
    <ForBoarding>true</ForBoarding>
    <RequestStop>true</RequestStop>
</StopPointInJourneyPattern>
<StopPointInJourneyPattern order="14" version="any" id="SE:020:StopPointInJourneyPattern:205339415000024677_205330000088915166">
    <ScheduledStopPointRef ref="SE:020:ScheduledStopPoint:9022020580802001"/>
    <ForAlighting>true</ForAlighting>
    <ForBoarding>true</ForBoarding>
    <RequestStop>true</RequestStop>
</StopPointInJourneyPattern>
<StopPointInJourneyPattern order="15" version="any" id="SE:020:StopPointInJourneyPattern:205339415000024677_205330000088915167">
    <ScheduledStopPointRef ref="SE:020:ScheduledStopPoint:9022020580801001"/>
    <ForAlighting>true</ForAlighting>
    <ForBoarding>false</ForBoarding>
    <RequestStop>true</RequestStop>
</StopPointInJourneyPattern>
                            </pointsInSequence>
                            <linksInSequence>
<ServiceLinkInJourneyPattern order="1" version="any" id="SE:020:ServiceLinkInJourneyPattern:BUS_37907">
    <ServiceLinkRef ref="SE:020:ServiceLink:BUS_9025020058020801_9025020058020902"/>
</ServiceLinkInJourneyPattern>
<ServiceLinkInJourneyPattern order="2" version="any" id="SE:020:ServiceLinkInJourneyPattern:BUS_37908">
    <ServiceLinkRef ref="SE:020:ServiceLink:BUS_9025020058020902_9025020058012801"/>
</ServiceLinkInJourneyPattern>
<ServiceLinkInJourneyPattern order="3" version="any" id="SE:020:ServiceLinkInJourneyPattern:BUS_37909">
    <ServiceLinkRef ref="SE:020:ServiceLink:BUS_9025020058012801_9025020058012701"/>
</ServiceLinkInJourneyPattern>
<ServiceLinkInJourneyPattern order="4" version="any" id="SE:020:ServiceLinkInJourneyPattern:BUS_37910">
    <ServiceLinkRef ref="SE:020:ServiceLink:BUS_9025020058012701_9025020058013501"/>
</ServiceLinkInJourneyPattern>
<ServiceLinkInJourneyPattern order="5" version="any" id="SE:020:ServiceLinkInJourneyPattern:BUS_37911">
    <ServiceLinkRef ref="SE:020:ServiceLink:BUS_9025020058013501_9025020058012601"/>
</ServiceLinkInJourneyPattern>
<ServiceLinkInJourneyPattern order="6" version="any" id="SE:020:ServiceLinkInJourneyPattern:BUS_37912">
    <ServiceLinkRef ref="SE:020:ServiceLink:BUS_9025020058012601_9025020058014501"/>
</ServiceLinkInJourneyPattern>
<ServiceLinkInJourneyPattern order="7" version="any" id="SE:020:ServiceLinkInJourneyPattern:BUS_37913">
    <ServiceLinkRef ref="SE:020:ServiceLink:BUS_9025020058014501_9025020058021502"/>
</ServiceLinkInJourneyPattern>
<ServiceLinkInJourneyPattern order="8" version="any" id="SE:020:ServiceLinkInJourneyPattern:BUS_37914">
    <ServiceLinkRef ref="SE:020:ServiceLink:BUS_9025020058021502_9025020058021602"/>
</ServiceLinkInJourneyPattern>
<ServiceLinkInJourneyPattern order="9" version="any" id="SE:020:ServiceLinkInJourneyPattern:BUS_37915">
    <ServiceLinkRef ref="SE:020:ServiceLink:BUS_9025020058021602_9025020058021702"/>
</ServiceLinkInJourneyPattern>
<ServiceLinkInJourneyPattern order="10" version="any" id="SE:020:ServiceLinkInJourneyPattern:BUS_37916">
    <ServiceLinkRef ref="SE:020:ServiceLink:BUS_9025020058021702_9025020058021802"/>
</ServiceLinkInJourneyPattern>
<ServiceLinkInJourneyPattern order="11" version="any" id="SE:020:ServiceLinkInJourneyPattern:BUS_37917">
    <ServiceLinkRef ref="SE:020:ServiceLink:BUS_9025020058021802_9025020058080401"/>
</ServiceLinkInJourneyPattern>
<ServiceLinkInJourneyPattern order="12" version="any" id="SE:020:ServiceLinkInJourneyPattern:BUS_37918">
    <ServiceLinkRef ref="SE:020:ServiceLink:BUS_9025020058080401_9025020058080301"/>
</ServiceLinkInJourneyPattern>
<ServiceLinkInJourneyPattern order="13" version="any" id="SE:020:ServiceLinkInJourneyPattern:BUS_37919">
    <ServiceLinkRef ref="SE:020:ServiceLink:BUS_9025020058080301_9025020058080201"/>
</ServiceLinkInJourneyPattern>
<ServiceLinkInJourneyPattern order="14" version="any" id="SE:020:ServiceLinkInJourneyPattern:BUS_37920">
    <ServiceLinkRef ref="SE:020:ServiceLink:BUS_9025020058080201_9025020058080101"/>
</ServiceLinkInJourneyPattern>
                            </linksInSequence>
                        </JourneyPattern>
                    </journeyPatterns>
                </ServiceFrame>
                <TimetableFrame version="20240902035740" id="SE:020:TimetableFrame:9011020062300000">
                    <vehicleJourneys>
                        <ServiceJourney version="any" id="SE:020:ServiceJourney:205330000113218847">
                            <TransportMode>bus</TransportMode>
                            <TransportSubmode>
<BusSubmode>unknown</BusSubmode>
                            </TransportSubmode>
                            <dayTypes>
<DayTypeRef ref="SE:020:DayType:0d7n928ioil4njo5aut8diq61as4dle8"/>
                            </dayTypes>
                            <JourneyPatternRef ref="SE:020:JourneyPattern:205339415000024676" version="any"/>
                            <OperatorRef ref="SE:020:Operator:9013020810000000"/>
                            <passingTimes>
<TimetabledPassingTime version="any" id="SE:020:TimetabledPassingTime:205330000113218830">
    <StopPointInJourneyPatternRef ref="SE:020:StopPointInJourneyPattern:205339415000024676_205330000088915122" version="any"/>
    <DepartureTime>09:42:00</DepartureTime>
</TimetabledPassingTime>
<TimetabledPassingTime version="any" id="SE:020:TimetabledPassingTime:205330000113218831">
    <StopPointInJourneyPatternRef ref="SE:020:StopPointInJourneyPattern:205339415000024676_205330000088915123" version="any"/>
    <ArrivalTime>09:55:00</ArrivalTime>
    <DepartureTime>09:55:00</DepartureTime>
</TimetabledPassingTime>
<TimetabledPassingTime version="any" id="SE:020:TimetabledPassingTime:205330000113218832">
    <StopPointInJourneyPatternRef ref="SE:020:StopPointInJourneyPattern:205339415000024676_205330000088915124" version="any"/>
    <ArrivalTime>09:57:03</ArrivalTime>
    <DepartureTime>09:57:03</DepartureTime>
</TimetabledPassingTime>
<TimetabledPassingTime version="any" id="SE:020:TimetabledPassingTime:205330000113218833">
    <StopPointInJourneyPatternRef ref="SE:020:StopPointInJourneyPattern:205339415000024676_205330000088915125" version="any"/>
    <ArrivalTime>10:01:27</ArrivalTime>
    <DepartureTime>10:01:27</DepartureTime>
</TimetabledPassingTime>
<TimetabledPassingTime version="any" id="SE:020:TimetabledPassingTime:205330000113218834">
    <StopPointInJourneyPatternRef ref="SE:020:StopPointInJourneyPattern:205339415000024676_205330000088915126" version="any"/>
    <ArrivalTime>10:02:34</ArrivalTime>
    <DepartureTime>10:02:34</DepartureTime>
</TimetabledPassingTime>
<TimetabledPassingTime version="any" id="SE:020:TimetabledPassingTime:205330000113218835">
    <StopPointInJourneyPatternRef ref="SE:020:StopPointInJourneyPattern:205339415000024676_205330000088915127" version="any"/>
    <ArrivalTime>10:04:00</ArrivalTime>
    <DepartureTime>10:04:00</DepartureTime>
</TimetabledPassingTime>
<TimetabledPassingTime version="any" id="SE:020:TimetabledPassingTime:205330000113218836">
    <StopPointInJourneyPatternRef ref="SE:020:StopPointInJourneyPattern:205339415000024676_205330000088915128" version="any"/>
    <ArrivalTime>10:05:00</ArrivalTime>
    <DepartureTime>10:05:00</DepartureTime>
</TimetabledPassingTime>
<TimetabledPassingTime version="any" id="SE:020:TimetabledPassingTime:205330000113218837">
    <StopPointInJourneyPatternRef ref="SE:020:StopPointInJourneyPattern:205339415000024676_205330000088915129" version="any"/>
    <ArrivalTime>10:05:26</ArrivalTime>
    <DepartureTime>10:05:26</DepartureTime>
</TimetabledPassingTime>
<TimetabledPassingTime version="any" id="SE:020:TimetabledPassingTime:205330000113218838">
    <StopPointInJourneyPatternRef ref="SE:020:StopPointInJourneyPattern:205339415000024676_205330000088915130" version="any"/>
    <ArrivalTime>10:07:00</ArrivalTime>
    <DepartureTime>10:07:00</DepartureTime>
</TimetabledPassingTime>
<TimetabledPassingTime version="any" id="SE:020:TimetabledPassingTime:205330000113218839">
    <StopPointInJourneyPatternRef ref="SE:020:StopPointInJourneyPattern:205339415000024676_205330000088915131" version="any"/>
    <ArrivalTime>10:08:29</ArrivalTime>
    <DepartureTime>10:08:29</DepartureTime>
</TimetabledPassingTime>
<TimetabledPassingTime version="any" id="SE:020:TimetabledPassingTime:205330000113218840">
    <StopPointInJourneyPatternRef ref="SE:020:StopPointInJourneyPattern:205339415000024676_205330000088915132" version="any"/>
    <ArrivalTime>10:09:47</ArrivalTime>
    <DepartureTime>10:09:47</DepartureTime>
</TimetabledPassingTime>
<TimetabledPassingTime version="any" id="SE:020:TimetabledPassingTime:205330000113218841">
    <StopPointInJourneyPatternRef ref="SE:020:StopPointInJourneyPattern:205339415000024676_205330000088915133" version="any"/>
    <ArrivalTime>10:12:55</ArrivalTime>
    <DepartureTime>10:12:55</DepartureTime>
</TimetabledPassingTime>
<TimetabledPassingTime version="any" id="SE:020:TimetabledPassingTime:205330000113218842">
    <StopPointInJourneyPatternRef ref="SE:020:StopPointInJourneyPattern:205339415000024676_205330000088915134" version="any"/>
    <ArrivalTime>10:13:51</ArrivalTime>
    <DepartureTime>10:13:51</DepartureTime>
</TimetabledPassingTime>
<TimetabledPassingTime version="any" id="SE:020:TimetabledPassingTime:205330000113218843">
    <StopPointInJourneyPatternRef ref="SE:020:StopPointInJourneyPattern:205339415000024676_205330000088915135" version="any"/>
    <ArrivalTime>10:14:48</ArrivalTime>
    <DepartureTime>10:14:48</DepartureTime>
</TimetabledPassingTime>
<TimetabledPassingTime version="any" id="SE:020:TimetabledPassingTime:205330000113218844">
    <StopPointInJourneyPatternRef ref="SE:020:StopPointInJourneyPattern:205339415000024676_205330000088915136" version="any"/>
    <ArrivalTime>10:17:00</ArrivalTime>
</TimetabledPassingTime>
                            </passingTimes>
                            <FlexibleServiceProperties>
<FlexibleServiceType>fixedPassingTimes</FlexibleServiceType>
<BookWhen>advanceOnly</BookWhen>
<BookingNote>Turen ska förbeställas senast 2 timmar före bussens avgångstid, gäller i vår app Dalatrafik eller via telefon 0774-44 00 00.</BookingNote>
                            </FlexibleServiceProperties>
                        </ServiceJourney>
                        <ServiceJourney version="any" id="SE:020:ServiceJourney:205330000113218871">
                            <TransportMode>bus</TransportMode>
                            <TransportSubmode>
<BusSubmode>unknown</BusSubmode>
                            </TransportSubmode>
                            <dayTypes>
<DayTypeRef ref="SE:020:DayType:0d7n928ioil4njo5aut8diq61as4dle8"/>
                            </dayTypes>
                            <JourneyPatternRef ref="SE:020:JourneyPattern:205339415000024677" version="any"/>
                            <OperatorRef ref="SE:020:Operator:9013020810000000"/>
                            <passingTimes>
<TimetabledPassingTime version="any" id="SE:020:TimetabledPassingTime:205330000113218854">
    <StopPointInJourneyPatternRef ref="SE:020:StopPointInJourneyPattern:205339415000024677_205330000088915153" version="any"/>
    <DepartureTime>12:43:00</DepartureTime>
</TimetabledPassingTime>
<TimetabledPassingTime version="any" id="SE:020:TimetabledPassingTime:205330000113218855">
    <StopPointInJourneyPatternRef ref="SE:020:StopPointInJourneyPattern:205339415000024677_205330000088915154" version="any"/>
    <ArrivalTime>12:43:33</ArrivalTime>
    <DepartureTime>12:43:33</DepartureTime>
</TimetabledPassingTime>
<TimetabledPassingTime version="any" id="SE:020:TimetabledPassingTime:205330000113218856">
    <StopPointInJourneyPatternRef ref="SE:020:StopPointInJourneyPattern:205339415000024677_205330000088915155" version="any"/>
    <ArrivalTime>12:44:01</ArrivalTime>
    <DepartureTime>12:44:01</DepartureTime>
</TimetabledPassingTime>
<TimetabledPassingTime version="any" id="SE:020:TimetabledPassingTime:205330000113218857">
    <StopPointInJourneyPatternRef ref="SE:020:StopPointInJourneyPattern:205339415000024677_205330000088915156" version="any"/>
    <ArrivalTime>12:44:37</ArrivalTime>
    <DepartureTime>12:44:37</DepartureTime>
</TimetabledPassingTime>
<TimetabledPassingTime version="any" id="SE:020:TimetabledPassingTime:205330000113218858">
    <StopPointInJourneyPatternRef ref="SE:020:StopPointInJourneyPattern:205339415000024677_205330000088915157" version="any"/>
    <ArrivalTime>12:46:35</ArrivalTime>
    <DepartureTime>12:46:35</DepartureTime>
</TimetabledPassingTime>
<TimetabledPassingTime version="any" id="SE:020:TimetabledPassingTime:205330000113218859">
    <StopPointInJourneyPatternRef ref="SE:020:StopPointInJourneyPattern:205339415000024677_205330000088915158" version="any"/>
    <ArrivalTime>12:47:22</ArrivalTime>
    <DepartureTime>12:47:22</DepartureTime>
</TimetabledPassingTime>
<TimetabledPassingTime version="any" id="SE:020:TimetabledPassingTime:205330000113218860">
    <StopPointInJourneyPatternRef ref="SE:020:StopPointInJourneyPattern:205339415000024677_205330000088915159" version="any"/>
    <ArrivalTime>12:49:00</ArrivalTime>
    <DepartureTime>12:49:00</DepartureTime>
</TimetabledPassingTime>
<TimetabledPassingTime version="any" id="SE:020:TimetabledPassingTime:205330000113218861">
    <StopPointInJourneyPatternRef ref="SE:020:StopPointInJourneyPattern:205339415000024677_205330000088915160" version="any"/>
    <ArrivalTime>12:50:11</ArrivalTime>
    <DepartureTime>12:50:11</DepartureTime>
</TimetabledPassingTime>
<TimetabledPassingTime version="any" id="SE:020:TimetabledPassingTime:205330000113218862">
    <StopPointInJourneyPatternRef ref="SE:020:StopPointInJourneyPattern:205339415000024677_205330000088915161" version="any"/>
    <ArrivalTime>12:50:43</ArrivalTime>
    <DepartureTime>12:50:43</DepartureTime>
</TimetabledPassingTime>
<TimetabledPassingTime version="any" id="SE:020:TimetabledPassingTime:205330000113218863">
    <StopPointInJourneyPatternRef ref="SE:020:StopPointInJourneyPattern:205339415000024677_205330000088915162" version="any"/>
    <ArrivalTime>12:52:00</ArrivalTime>
    <DepartureTime>12:52:00</DepartureTime>
</TimetabledPassingTime>
<TimetabledPassingTime version="any" id="SE:020:TimetabledPassingTime:205330000113218864">
    <StopPointInJourneyPatternRef ref="SE:020:StopPointInJourneyPattern:205339415000024677_205330000088915163" version="any"/>
    <ArrivalTime>12:52:45</ArrivalTime>
    <DepartureTime>12:52:45</DepartureTime>
</TimetabledPassingTime>
<TimetabledPassingTime version="any" id="SE:020:TimetabledPassingTime:205330000113218865">
    <StopPointInJourneyPatternRef ref="SE:020:StopPointInJourneyPattern:205339415000024677_205330000088915164" version="any"/>
    <ArrivalTime>12:53:59</ArrivalTime>
    <DepartureTime>12:53:59</DepartureTime>
</TimetabledPassingTime>
<TimetabledPassingTime version="any" id="SE:020:TimetabledPassingTime:205330000113218866">
    <StopPointInJourneyPatternRef ref="SE:020:StopPointInJourneyPattern:205339415000024677_205330000088915165" version="any"/>
    <ArrivalTime>12:59:23</ArrivalTime>
    <DepartureTime>12:59:23</DepartureTime>
</TimetabledPassingTime>
<TimetabledPassingTime version="any" id="SE:020:TimetabledPassingTime:205330000113218867">
    <StopPointInJourneyPatternRef ref="SE:020:StopPointInJourneyPattern:205339415000024677_205330000088915166" version="any"/>
    <ArrivalTime>13:03:00</ArrivalTime>
    <DepartureTime>13:03:00</DepartureTime>
</TimetabledPassingTime>
<TimetabledPassingTime version="any" id="SE:020:TimetabledPassingTime:205330000113218868">
    <StopPointInJourneyPatternRef ref="SE:020:StopPointInJourneyPattern:205339415000024677_205330000088915167" version="any"/>
    <ArrivalTime>13:18:00</ArrivalTime>
</TimetabledPassingTime>
                            </passingTimes>
                            <FlexibleServiceProperties>
<FlexibleServiceType>fixedPassingTimes</FlexibleServiceType>
<BookWhen>advanceOnly</BookWhen>
<BookingNote>Turen ska förbeställas senast 2 timmar före bussens avgångstid, gäller i vår app Dalatrafik eller via telefon 0774-44 00 00.</BookingNote>
                            </FlexibleServiceProperties>
                        </ServiceJourney>
                    </vehicleJourneys>
                </TimetableFrame>
            </frames>
        </CompositeFrame>
    </dataObjects>
</PublicationDelivery>
