<?xml version="1.0" encoding="UTF-8" standalone="yes"?>
<PublicationDelivery xmlns="http://www.netex.org.uk/netex" xmlns:ns2="http://www.opengis.net/gml/3.2" xmlns:ns3="http://www.siri.org.uk/siri" version="1.11:NO-NeTEx-networktimetable:1.3">
    <PublicationTimestamp>2024-09-02T03:57:40</PublicationTimestamp>
    <ParticipantRef>SAM</ParticipantRef>
    <dataObjects>
        <CompositeFrame created="2024-09-02T03:57:40" version="20240902035740" id="SE:020:CompositeFrame:9011020020900000">
            <ValidBetween>
                <FromDate>1970-01-01T00:00:00</FromDate>
            </ValidBetween>
            <codespaces>
                <Codespace id="SE:020">
                    <Xmlns>SE:020</Xmlns>
                    <XmlnsUrl>http://www.samtrafiken.se/ns/dt</XmlnsUrl>
                </Codespace>
            </codespaces>
            <FrameDefaults>
                <DefaultLocale>
                    <TimeZone>Europe/Stockholm</TimeZone>
                    <DefaultLanguage>se</DefaultLanguage>
                </DefaultLocale>
                <DefaultLocationSystem>4326</DefaultLocationSystem>
            </FrameDefaults>
            <frames>
                <ServiceFrame version="20240902035740" id="SE:020:ServiceFrame:9011020020900000">
                    <routes>
                        <Route version="any" id="SE:020:Route:205330000016113522">
                            <Name>Torsby</Name>
                            <LineRef ref="SE:020:Line:9011020020900000" version="111216"/>
                            <DirectionType>outbound</DirectionType>
                            <pointsInSequence>
<PointOnRoute order="1" version="any" id="SE:020:PointOnRoute:205330000016113527">
    <RoutePointRef ref="SE:020:RoutePoint:9022020523195001"/>
</PointOnRoute>
<PointOnRoute order="2" version="any" id="SE:020:PointOnRoute:205330000016113528">
    <RoutePointRef ref="SE:020:RoutePoint:9022020337099001"/>
</PointOnRoute>
                            </pointsInSequence>
                        </Route>
                        <Route version="any" id="SE:020:Route:205330000073987029">
                            <Name>Torsby</Name>
                            <LineRef ref="SE:020:Line:9011020020900000" version="111216"/>
                            <DirectionType>outbound</DirectionType>
                            <pointsInSequence>
<PointOnRoute order="1" version="any" id="SE:020:PointOnRoute:205330000073987034">
    <RoutePointRef ref="SE:020:RoutePoint:9022020523195001"/>
</PointOnRoute>
<PointOnRoute order="2" version="any" id="SE:020:PointOnRoute:205330000073987035">
    <RoutePointRef ref="SE:020:RoutePoint:9022020337099001"/>
</PointOnRoute>
<PointOnRoute order="3" version="any" id="SE:020:PointOnRoute:205330000073987036">
    <RoutePointRef ref="SE:020:RoutePoint:9022020337170002"/>
</PointOnRoute>
<PointOnRoute order="4" version="any" id="SE:020:PointOnRoute:205330000073987037">
    <RoutePointRef ref="SE:020:RoutePoint:9022020337169002"/>
</PointOnRoute>
<PointOnRoute order="5" version="any" id="SE:020:PointOnRoute:205330000073987038">
    <RoutePointRef ref="SE:020:RoutePoint:9022020337104001"/>
</PointOnRoute>
<PointOnRoute order="6" version="any" id="SE:020:PointOnRoute:205330000073987039">
    <RoutePointRef ref="SE:020:RoutePoint:9022020337101001"/>
</PointOnRoute>
<PointOnRoute order="7" version="any" id="SE:020:PointOnRoute:205330000073987040">
    <RoutePointRef ref="SE:020:RoutePoint:9022020337168002"/>
</PointOnRoute>
<PointOnRoute order="8" version="any" id="SE:020:PointOnRoute:205330000073987041">
    <RoutePointRef ref="SE:020:RoutePoint:9022020337108001"/>
</PointOnRoute>
<PointOnRoute order="9" version="any" id="SE:020:PointOnRoute:205330000073987042">
    <RoutePointRef ref="SE:020:RoutePoint:9022020337069001"/>
</PointOnRoute>
<PointOnRoute order="10" version="any" id="SE:020:PointOnRoute:205330000073987043">
    <RoutePointRef ref="SE:020:RoutePoint:9022020337109001"/>
</PointOnRoute>
<PointOnRoute order="11" version="any" id="SE:020:PointOnRoute:205330000073987044">
    <RoutePointRef ref="SE:020:RoutePoint:9022020337023001"/>
</PointOnRoute>
<PointOnRoute order="12" version="any" id="SE:020:PointOnRoute:205330000073987045">
    <RoutePointRef ref="SE:020:RoutePoint:9022020337110001"/>
</PointOnRoute>
<PointOnRoute order="13" version="any" id="SE:020:PointOnRoute:205330000073987046">
    <RoutePointRef ref="SE:020:RoutePoint:9022020337149001"/>
</PointOnRoute>
<PointOnRoute order="14" version="any" id="SE:020:PointOnRoute:205330000073987047">
    <RoutePointRef ref="SE:020:RoutePoint:9022020337068002"/>
</PointOnRoute>
<PointOnRoute order="15" version="any" id="SE:020:PointOnRoute:205330000073987048">
    <RoutePointRef ref="SE:020:RoutePoint:9022020337091003"/>
</PointOnRoute>
<PointOnRoute order="16" version="any" id="SE:020:PointOnRoute:205330000073987049">
    <RoutePointRef ref="SE:020:RoutePoint:9022020337089001"/>
</PointOnRoute>
<PointOnRoute order="17" version="any" id="SE:020:PointOnRoute:205330000073987050">
    <RoutePointRef ref="SE:020:RoutePoint:9022020337113001"/>
</PointOnRoute>
<PointOnRoute order="18" version="any" id="SE:020:PointOnRoute:205330000073987051">
    <RoutePointRef ref="SE:020:RoutePoint:9022020337087002"/>
</PointOnRoute>
                            </pointsInSequence>
                        </Route>
                        <Route version="any" id="SE:020:Route:205330000052458727">
                            <Name>Malung</Name>
                            <LineRef ref="SE:020:Line:9011020020900000" version="111216"/>
                            <DirectionType>inbound</DirectionType>
                            <pointsInSequence>
<PointOnRoute order="1" version="any" id="SE:020:PointOnRoute:205330000052458732">
    <RoutePointRef ref="SE:020:RoutePoint:9022020337087002"/>
</PointOnRoute>
<PointOnRoute order="2" version="any" id="SE:020:PointOnRoute:205330000052458733">
    <RoutePointRef ref="SE:020:RoutePoint:9022020337089002"/>
</PointOnRoute>
<PointOnRoute order="3" version="any" id="SE:020:PointOnRoute:205330000052458734">
    <RoutePointRef ref="SE:020:RoutePoint:9022020337091002"/>
</PointOnRoute>
<PointOnRoute order="4" version="any" id="SE:020:PointOnRoute:205330000052458735">
    <RoutePointRef ref="SE:020:RoutePoint:9022020337068001"/>
</PointOnRoute>
<PointOnRoute order="5" version="any" id="SE:020:PointOnRoute:205330000052458736">
    <RoutePointRef ref="SE:020:RoutePoint:9022020337149002"/>
</PointOnRoute>
<PointOnRoute order="6" version="any" id="SE:020:PointOnRoute:205330000052458737">
    <RoutePointRef ref="SE:020:RoutePoint:9022020337110002"/>
</PointOnRoute>
<PointOnRoute order="7" version="any" id="SE:020:PointOnRoute:205330000052458738">
    <RoutePointRef ref="SE:020:RoutePoint:9022020337023002"/>
</PointOnRoute>
<PointOnRoute order="8" version="any" id="SE:020:PointOnRoute:205330000052458739">
    <RoutePointRef ref="SE:020:RoutePoint:9022020337109002"/>
</PointOnRoute>
<PointOnRoute order="9" version="any" id="SE:020:PointOnRoute:205330000052458740">
    <RoutePointRef ref="SE:020:RoutePoint:9022020337069002"/>
</PointOnRoute>
<PointOnRoute order="10" version="any" id="SE:020:PointOnRoute:205330000052458741">
    <RoutePointRef ref="SE:020:RoutePoint:9022020337108002"/>
</PointOnRoute>
<PointOnRoute order="11" version="any" id="SE:020:PointOnRoute:205330000052458742">
    <RoutePointRef ref="SE:020:RoutePoint:9022020337168001"/>
</PointOnRoute>
<PointOnRoute order="12" version="any" id="SE:020:PointOnRoute:205330000052458743">
    <RoutePointRef ref="SE:020:RoutePoint:9022020337101002"/>
</PointOnRoute>
<PointOnRoute order="13" version="any" id="SE:020:PointOnRoute:205330000052458744">
    <RoutePointRef ref="SE:020:RoutePoint:9022020337104002"/>
</PointOnRoute>
<PointOnRoute order="14" version="any" id="SE:020:PointOnRoute:205330000052458745">
    <RoutePointRef ref="SE:020:RoutePoint:9022020337169001"/>
</PointOnRoute>
<PointOnRoute order="15" version="any" id="SE:020:PointOnRoute:205330000052458746">
    <RoutePointRef ref="SE:020:RoutePoint:9022020337170001"/>
</PointOnRoute>
<PointOnRoute order="16" version="any" id="SE:020:PointOnRoute:205330000052458747">
    <RoutePointRef ref="SE:020:RoutePoint:9022020337099001"/>
</PointOnRoute>
<PointOnRoute order="17" version="any" id="SE:020:PointOnRoute:205330000052458748">
    <RoutePointRef ref="SE:020:RoutePoint:9022020523195001"/>
</PointOnRoute>
                            </pointsInSequence>
                        </Route>
                        <Route version="any" id="SE:020:Route:205330000016113539">
                            <Name>Malung</Name>
                            <LineRef ref="SE:020:Line:9011020020900000" version="111216"/>
                            <DirectionType>inbound</DirectionType>
                            <pointsInSequence>
<PointOnRoute order="1" version="any" id="SE:020:PointOnRoute:205330000016113544">
    <RoutePointRef ref="SE:020:RoutePoint:9022020337099001"/>
</PointOnRoute>
<PointOnRoute order="2" version="any" id="SE:020:PointOnRoute:205330000016113545">
    <RoutePointRef ref="SE:020:RoutePoint:9022020523195001"/>
</PointOnRoute>
                            </pointsInSequence>
                        </Route>
                    </routes>
                    <lines>
                        <Line version="111216" id="SE:020:Line:9011020020900000">
                            <ValidBetween>
<FromDate>2011-12-16T00:00:00</FromDate>
                            </ValidBetween>
                            <Name>209</Name>
                            <TransportMode>bus</TransportMode>
                            <TransportSubmode>
<BusSubmode>unknown</BusSubmode>
                            </TransportSubmode>
                            <PublicCode>209</PublicCode>
                            <PrivateCode>209</PrivateCode>
                            <RepresentedByGroupRef ref="SE:020:Network:9010020000000000"/>
                        </Line>
                    </lines>
                    <journeyPatterns>
                        <JourneyPattern version="any" id="SE:020:JourneyPattern:205339415000012762">
                            <RouteRef ref="SE:020:Route:205330000016113522" version="any"/>
                            <pointsInSequence>
<StopPointInJourneyPattern order="1" version="any" id="SE:020:StopPointInJourneyPattern:205339415000012762_205330000016113527">
    <ScheduledStopPointRef ref="SE:020:ScheduledStopPoint:9022020523195001"/>
    <ForAlighting>false</ForAlighting>
    <ForBoarding>true</ForBoarding>
    <DestinationDisplayRef ref="SE:020:DestinationDisplay:205330000053247192"/>
    <RequestStop>true</RequestStop>
</StopPointInJourneyPattern>
<StopPointInJourneyPattern order="2" version="any" id="SE:020:StopPointInJourneyPattern:205339415000012762_205330000016113528">
    <ScheduledStopPointRef ref="SE:020:ScheduledStopPoint:9022020337099001"/>
    <ForAlighting>true</ForAlighting>
    <ForBoarding>false</ForBoarding>
    <RequestStop>true</RequestStop>
</StopPointInJourneyPattern>
                            </pointsInSequence>
                            <linksInSequence>
<ServiceLinkInJourneyPattern order="1" version="any" id="SE:020:ServiceLinkInJourneyPattern:BUS_1940">
    <ServiceLinkRef ref="SE:020:ServiceLink:BUS_9025020052319501_9025020033709901"/>
</ServiceLinkInJourneyPattern>
                            </linksInSequence>
                        </JourneyPattern>
                        <JourneyPattern version="any" id="SE:020:JourneyPattern:205339415000015449">
                            <RouteRef ref="SE:020:Route:205330000073987029" version="any"/>
                            <pointsInSequence>
<StopPointInJourneyPattern order="1" version="any" id="SE:020:StopPointInJourneyPattern:205339415000015449_205330000073987034">
    <ScheduledStopPointRef ref="SE:020:ScheduledStopPoint:9022020523195001"/>
    <ForAlighting>false</ForAlighting>
    <ForBoarding>true</ForBoarding>
    <DestinationDisplayRef ref="SE:020:DestinationDisplay:205330000073987059"/>
    <RequestStop>true</RequestStop>
</StopPointInJourneyPattern>
<StopPointInJourneyPattern order="2" version="any" id="SE:020:StopPointInJourneyPattern:205339415000015449_205330000073987035">
    <ScheduledStopPointRef ref="SE:020:ScheduledStopPoint:9022020337099001"/>
    <ForAlighting>true</ForAlighting>
    <ForBoarding>true</ForBoarding>
    <RequestStop>true</RequestStop>
</StopPointInJourneyPattern>
<StopPointInJourneyPattern order="3" version="any" id="SE:020:StopPointInJourneyPattern:205339415000015449_205330000073987036">
    <ScheduledStopPointRef ref="SE:020:ScheduledStopPoint:9022020337170002"/>
    <ForAlighting>true</ForAlighting>
    <ForBoarding>true</ForBoarding>
    <RequestStop>true</RequestStop>
</StopPointInJourneyPattern>
<StopPointInJourneyPattern order="4" version="any" id="SE:020:StopPointInJourneyPattern:205339415000015449_205330000073987037">
    <ScheduledStopPointRef ref="SE:020:ScheduledStopPoint:9022020337169002"/>
    <ForAlighting>true</ForAlighting>
    <ForBoarding>true</ForBoarding>
    <RequestStop>true</RequestStop>
</StopPointInJourneyPattern>
<StopPointInJourneyPattern order="5" version="any" id="SE:020:StopPointInJourneyPattern:205339415000015449_205330000073987038">
    <ScheduledStopPointRef ref="SE:020:ScheduledStopPoint:9022020337104001"/>
    <ForAlighting>true</ForAlighting>
    <ForBoarding>true</ForBoarding>
    <RequestStop>true</RequestStop>
</StopPointInJourneyPattern>
<StopPointInJourneyPattern order="6" version="any" id="SE:020:StopPointInJourneyPattern:205339415000015449_205330000073987039">
    <ScheduledStopPointRef ref="SE:020:ScheduledStopPoint:9022020337101001"/>
    <ForAlighting>true</ForAlighting>
    <ForBoarding>true</ForBoarding>
    <RequestStop>true</RequestStop>
</StopPointInJourneyPattern>
<StopPointInJourneyPattern order="7" version="any" id="SE:020:StopPointInJourneyPattern:205339415000015449_205330000073987040">
    <ScheduledStopPointRef ref="SE:020:ScheduledStopPoint:9022020337168002"/>
    <ForAlighting>true</ForAlighting>
    <ForBoarding>true</ForBoarding>
    <RequestStop>true</RequestStop>
</StopPointInJourneyPattern>
<StopPointInJourneyPattern order="8" version="any" id="SE:020:StopPointInJourneyPattern:205339415000015449_205330000073987041">
    <ScheduledStopPointRef ref="SE:020:ScheduledStopPoint:9022020337108001"/>
    <ForAlighting>true</ForAlighting>
    <ForBoarding>true</ForBoarding>
    <RequestStop>true</RequestStop>
</StopPointInJourneyPattern>
<StopPointInJourneyPattern order="9" version="any" id="SE:020:StopPointInJourneyPattern:205339415000015449_205330000073987042">
    <ScheduledStopPointRef ref="SE:020:ScheduledStopPoint:9022020337069001"/>
    <ForAlighting>true</ForAlighting>
    <ForBoarding>true</ForBoarding>
    <RequestStop>true</RequestStop>
</StopPointInJourneyPattern>
<StopPointInJourneyPattern order="10" version="any" id="SE:020:StopPointInJourneyPattern:205339415000015449_205330000073987043">
    <ScheduledStopPointRef ref="SE:020:ScheduledStopPoint:9022020337109001"/>
    <ForAlighting>true</ForAlighting>
    <ForBoarding>true</ForBoarding>
    <RequestStop>true</RequestStop>
</StopPointInJourneyPattern>
<StopPointInJourneyPattern order="11" version="any" id="SE:020:StopPointInJourneyPattern:205339415000015449_205330000073987044">
    <ScheduledStopPointRef ref="SE:020:ScheduledStopPoint:9022020337023001"/>
    <ForAlighting>true</ForAlighting>
    <ForBoarding>true</ForBoarding>
    <RequestStop>true</RequestStop>
</StopPointInJourneyPattern>
<StopPointInJourneyPattern order="12" version="any" id="SE:020:StopPointInJourneyPattern:205339415000015449_205330000073987045">
    <ScheduledStopPointRef ref="SE:020:ScheduledStopPoint:9022020337110001"/>
    <ForAlighting>true</ForAlighting>
    <ForBoarding>true</ForBoarding>
    <RequestStop>true</RequestStop>
</StopPointInJourneyPattern>
<StopPointInJourneyPattern order="13" version="any" id="SE:020:StopPointInJourneyPattern:205339415000015449_205330000073987046">
    <ScheduledStopPointRef ref="SE:020:ScheduledStopPoint:9022020337149001"/>
    <ForAlighting>true</ForAlighting>
    <ForBoarding>true</ForBoarding>
    <RequestStop>true</RequestStop>
</StopPointInJourneyPattern>
<StopPointInJourneyPattern order="14" version="any" id="SE:020:StopPointInJourneyPattern:205339415000015449_205330000073987047">
    <ScheduledStopPointRef ref="SE:020:ScheduledStopPoint:9022020337068002"/>
    <ForAlighting>true</ForAlighting>
    <ForBoarding>true</ForBoarding>
    <RequestStop>true</RequestStop>
</StopPointInJourneyPattern>
<StopPointInJourneyPattern order="15" version="any" id="SE:020:StopPointInJourneyPattern:205339415000015449_205330000073987048">
    <ScheduledStopPointRef ref="SE:020:ScheduledStopPoint:9022020337091003"/>
    <ForAlighting>true</ForAlighting>
    <ForBoarding>true</ForBoarding>
    <RequestStop>true</RequestStop>
</StopPointInJourneyPattern>
<StopPointInJourneyPattern order="16" version="any" id="SE:020:StopPointInJourneyPattern:205339415000015449_205330000073987049">
    <ScheduledStopPointRef ref="SE:020:ScheduledStopPoint:9022020337089001"/>
    <ForAlighting>true</ForAlighting>
    <ForBoarding>true</ForBoarding>
    <RequestStop>true</RequestStop>
</StopPointInJourneyPattern>
<StopPointInJourneyPattern order="17" version="any" id="SE:020:StopPointInJourneyPattern:205339415000015449_205330000073987050">
    <ScheduledStopPointRef ref="SE:020:ScheduledStopPoint:9022020337113001"/>
    <ForAlighting>true</ForAlighting>
    <ForBoarding>true</ForBoarding>
    <RequestStop>true</RequestStop>
</StopPointInJourneyPattern>
<StopPointInJourneyPattern order="18" version="any" id="SE:020:StopPointInJourneyPattern:205339415000015449_205330000073987051">
    <ScheduledStopPointRef ref="SE:020:ScheduledStopPoint:9022020337087002"/>
    <ForAlighting>true</ForAlighting>
    <ForBoarding>false</ForBoarding>
    <RequestStop>true</RequestStop>
</StopPointInJourneyPattern>
                            </pointsInSequence>
                            <linksInSequence>
<ServiceLinkInJourneyPattern order="1" version="any" id="SE:020:ServiceLinkInJourneyPattern:BUS_1941">
    <ServiceLinkRef ref="SE:020:ServiceLink:BUS_9025020052319501_9025020033709901"/>
</ServiceLinkInJourneyPattern>
<ServiceLinkInJourneyPattern order="2" version="any" id="SE:020:ServiceLinkInJourneyPattern:BUS_1942">
    <ServiceLinkRef ref="SE:020:ServiceLink:BUS_9025020033709901_9025020033717002"/>
</ServiceLinkInJourneyPattern>
<ServiceLinkInJourneyPattern order="3" version="any" id="SE:020:ServiceLinkInJourneyPattern:BUS_1943">
    <ServiceLinkRef ref="SE:020:ServiceLink:BUS_9025020033717002_9025020033716902"/>
</ServiceLinkInJourneyPattern>
<ServiceLinkInJourneyPattern order="4" version="any" id="SE:020:ServiceLinkInJourneyPattern:BUS_1944">
    <ServiceLinkRef ref="SE:020:ServiceLink:BUS_9025020033716902_9025020033710401"/>
</ServiceLinkInJourneyPattern>
<ServiceLinkInJourneyPattern order="5" version="any" id="SE:020:ServiceLinkInJourneyPattern:BUS_1945">
    <ServiceLinkRef ref="SE:020:ServiceLink:BUS_9025020033710401_9025020033710101"/>
</ServiceLinkInJourneyPattern>
<ServiceLinkInJourneyPattern order="6" version="any" id="SE:020:ServiceLinkInJourneyPattern:BUS_1946">
    <ServiceLinkRef ref="SE:020:ServiceLink:BUS_9025020033710101_9025020033716802"/>
</ServiceLinkInJourneyPattern>
<ServiceLinkInJourneyPattern order="7" version="any" id="SE:020:ServiceLinkInJourneyPattern:BUS_1947">
    <ServiceLinkRef ref="SE:020:ServiceLink:BUS_9025020033716802_9025020033710801"/>
</ServiceLinkInJourneyPattern>
<ServiceLinkInJourneyPattern order="8" version="any" id="SE:020:ServiceLinkInJourneyPattern:BUS_1948">
    <ServiceLinkRef ref="SE:020:ServiceLink:BUS_9025020033710801_9025020033706901"/>
</ServiceLinkInJourneyPattern>
<ServiceLinkInJourneyPattern order="9" version="any" id="SE:020:ServiceLinkInJourneyPattern:BUS_1949">
    <ServiceLinkRef ref="SE:020:ServiceLink:BUS_9025020033706901_9025020033710901"/>
</ServiceLinkInJourneyPattern>
<ServiceLinkInJourneyPattern order="10" version="any" id="SE:020:ServiceLinkInJourneyPattern:BUS_1950">
    <ServiceLinkRef ref="SE:020:ServiceLink:BUS_9025020033710901_9025020033702301"/>
</ServiceLinkInJourneyPattern>
<ServiceLinkInJourneyPattern order="11" version="any" id="SE:020:ServiceLinkInJourneyPattern:BUS_1951">
    <ServiceLinkRef ref="SE:020:ServiceLink:BUS_9025020033702301_9025020033711001"/>
</ServiceLinkInJourneyPattern>
<ServiceLinkInJourneyPattern order="12" version="any" id="SE:020:ServiceLinkInJourneyPattern:BUS_1952">
    <ServiceLinkRef ref="SE:020:ServiceLink:BUS_9025020033711001_9025020033714901"/>
</ServiceLinkInJourneyPattern>
<ServiceLinkInJourneyPattern order="13" version="any" id="SE:020:ServiceLinkInJourneyPattern:BUS_1953">
    <ServiceLinkRef ref="SE:020:ServiceLink:BUS_9025020033714901_9025020033706802"/>
</ServiceLinkInJourneyPattern>
<ServiceLinkInJourneyPattern order="14" version="any" id="SE:020:ServiceLinkInJourneyPattern:BUS_1954">
    <ServiceLinkRef ref="SE:020:ServiceLink:BUS_9025020033706802_9025020033709103"/>
</ServiceLinkInJourneyPattern>
<ServiceLinkInJourneyPattern order="15" version="any" id="SE:020:ServiceLinkInJourneyPattern:BUS_1955">
    <ServiceLinkRef ref="SE:020:ServiceLink:BUS_9025020033709103_9025020033708901"/>
</ServiceLinkInJourneyPattern>
<ServiceLinkInJourneyPattern order="16" version="any" id="SE:020:ServiceLinkInJourneyPattern:BUS_1956">
    <ServiceLinkRef ref="SE:020:ServiceLink:BUS_9025020033708901_9025020033711301"/>
</ServiceLinkInJourneyPattern>
<ServiceLinkInJourneyPattern order="17" version="any" id="SE:020:ServiceLinkInJourneyPattern:BUS_1957">
    <ServiceLinkRef ref="SE:020:ServiceLink:BUS_9025020033711301_9025020033708702"/>
</ServiceLinkInJourneyPattern>
                            </linksInSequence>
                        </JourneyPattern>
                        <JourneyPattern version="any" id="SE:020:JourneyPattern:205339415000012155">
                            <RouteRef ref="SE:020:Route:205330000052458727" version="any"/>
                            <pointsInSequence>
<StopPointInJourneyPattern order="1" version="any" id="SE:020:StopPointInJourneyPattern:205339415000012155_205330000052458732">
    <ScheduledStopPointRef ref="SE:020:ScheduledStopPoint:9022020337087002"/>
    <ForAlighting>false</ForAlighting>
    <ForBoarding>true</ForBoarding>
    <DestinationDisplayRef ref="SE:020:DestinationDisplay:205330000052458756"/>
    <RequestStop>true</RequestStop>
</StopPointInJourneyPattern>
<StopPointInJourneyPattern order="2" version="any" id="SE:020:StopPointInJourneyPattern:205339415000012155_205330000052458733">
    <ScheduledStopPointRef ref="SE:020:ScheduledStopPoint:9022020337089002"/>
    <ForAlighting>true</ForAlighting>
    <ForBoarding>true</ForBoarding>
    <RequestStop>true</RequestStop>
</StopPointInJourneyPattern>
<StopPointInJourneyPattern order="3" version="any" id="SE:020:StopPointInJourneyPattern:205339415000012155_205330000052458734">
    <ScheduledStopPointRef ref="SE:020:ScheduledStopPoint:9022020337091002"/>
    <ForAlighting>true</ForAlighting>
    <ForBoarding>true</ForBoarding>
    <RequestStop>true</RequestStop>
</StopPointInJourneyPattern>
<StopPointInJourneyPattern order="4" version="any" id="SE:020:StopPointInJourneyPattern:205339415000012155_205330000052458735">
    <ScheduledStopPointRef ref="SE:020:ScheduledStopPoint:9022020337068001"/>
    <ForAlighting>true</ForAlighting>
    <ForBoarding>true</ForBoarding>
    <RequestStop>true</RequestStop>
</StopPointInJourneyPattern>
<StopPointInJourneyPattern order="5" version="any" id="SE:020:StopPointInJourneyPattern:205339415000012155_205330000052458736">
    <ScheduledStopPointRef ref="SE:020:ScheduledStopPoint:9022020337149002"/>
    <ForAlighting>true</ForAlighting>
    <ForBoarding>true</ForBoarding>
    <RequestStop>true</RequestStop>
</StopPointInJourneyPattern>
<StopPointInJourneyPattern order="6" version="any" id="SE:020:StopPointInJourneyPattern:205339415000012155_205330000052458737">
    <ScheduledStopPointRef ref="SE:020:ScheduledStopPoint:9022020337110002"/>
    <ForAlighting>true</ForAlighting>
    <ForBoarding>true</ForBoarding>
    <RequestStop>true</RequestStop>
</StopPointInJourneyPattern>
<StopPointInJourneyPattern order="7" version="any" id="SE:020:StopPointInJourneyPattern:205339415000012155_205330000052458738">
    <ScheduledStopPointRef ref="SE:020:ScheduledStopPoint:9022020337023002"/>
    <ForAlighting>true</ForAlighting>
    <ForBoarding>true</ForBoarding>
    <RequestStop>true</RequestStop>
</StopPointInJourneyPattern>
<StopPointInJourneyPattern order="8" version="any" id="SE:020:StopPointInJourneyPattern:205339415000012155_205330000052458739">
    <ScheduledStopPointRef ref="SE:020:ScheduledStopPoint:9022020337109002"/>
    <ForAlighting>true</ForAlighting>
    <ForBoarding>true</ForBoarding>
    <RequestStop>true</RequestStop>
</StopPointInJourneyPattern>
<StopPointInJourneyPattern order="9" version="any" id="SE:020:StopPointInJourneyPattern:205339415000012155_205330000052458740">
    <ScheduledStopPointRef ref="SE:020:ScheduledStopPoint:9022020337069002"/>
    <ForAlighting>true</ForAlighting>
    <ForBoarding>true</ForBoarding>
    <RequestStop>true</RequestStop>
</StopPointInJourneyPattern>
<StopPointInJourneyPattern order="10" version="any" id="SE:020:StopPointInJourneyPattern:205339415000012155_205330000052458741">
    <ScheduledStopPointRef ref="SE:020:ScheduledStopPoint:9022020337108002"/>
    <ForAlighting>true</ForAlighting>
    <ForBoarding>true</ForBoarding>
    <RequestStop>true</RequestStop>
</StopPointInJourneyPattern>
<StopPointInJourneyPattern order="11" version="any" id="SE:020:StopPointInJourneyPattern:205339415000012155_205330000052458742">
    <ScheduledStopPointRef ref="SE:020:ScheduledStopPoint:9022020337168001"/>
    <ForAlighting>true</ForAlighting>
    <ForBoarding>true</ForBoarding>
    <RequestStop>true</RequestStop>
</StopPointInJourneyPattern>
<StopPointInJourneyPattern order="12" version="any" id="SE:020:StopPointInJourneyPattern:205339415000012155_205330000052458743">
    <ScheduledStopPointRef ref="SE:020:ScheduledStopPoint:9022020337101002"/>
    <ForAlighting>true</ForAlighting>
    <ForBoarding>true</ForBoarding>
    <RequestStop>true</RequestStop>
</StopPointInJourneyPattern>
<StopPointInJourneyPattern order="13" version="any" id="SE:020:StopPointInJourneyPattern:205339415000012155_205330000052458744">
    <ScheduledStopPointRef ref="SE:020:ScheduledStopPoint:9022020337104002"/>
    <ForAlighting>true</ForAlighting>
    <ForBoarding>true</ForBoarding>
    <RequestStop>true</RequestStop>
</StopPointInJourneyPattern>
<StopPointInJourneyPattern order="14" version="any" id="SE:020:StopPointInJourneyPattern:205339415000012155_205330000052458745">
    <ScheduledStopPointRef ref="SE:020:ScheduledStopPoint:9022020337169001"/>
    <ForAlighting>true</ForAlighting>
    <ForBoarding>true</ForBoarding>
    <RequestStop>true</RequestStop>
</StopPointInJourneyPattern>
<StopPointInJourneyPattern order="15" version="any" id="SE:020:StopPointInJourneyPattern:205339415000012155_205330000052458746">
    <ScheduledStopPointRef ref="SE:020:ScheduledStopPoint:9022020337170001"/>
    <ForAlighting>true</ForAlighting>
    <ForBoarding>true</ForBoarding>
    <RequestStop>true</RequestStop>
</StopPointInJourneyPattern>
<StopPointInJourneyPattern order="16" version="any" id="SE:020:StopPointInJourneyPattern:205339415000012155_205330000052458747">
    <ScheduledStopPointRef ref="SE:020:ScheduledStopPoint:9022020337099001"/>
    <ForAlighting>true</ForAlighting>
    <ForBoarding>true</ForBoarding>
    <RequestStop>true</RequestStop>
</StopPointInJourneyPattern>
<StopPointInJourneyPattern order="17" version="any" id="SE:020:StopPointInJourneyPattern:205339415000012155_205330000052458748">
    <ScheduledStopPointRef ref="SE:020:ScheduledStopPoint:9022020523195001"/>
    <ForAlighting>true</ForAlighting>
    <ForBoarding>false</ForBoarding>
    <RequestStop>true</RequestStop>
</StopPointInJourneyPattern>
                            </pointsInSequence>
                            <linksInSequence>
<ServiceLinkInJourneyPattern order="1" version="any" id="SE:020:ServiceLinkInJourneyPattern:BUS_1958">
    <ServiceLinkRef ref="SE:020:ServiceLink:BUS_9025020033708702_9025020033708902"/>
</ServiceLinkInJourneyPattern>
<ServiceLinkInJourneyPattern order="2" version="any" id="SE:020:ServiceLinkInJourneyPattern:BUS_1959">
    <ServiceLinkRef ref="SE:020:ServiceLink:BUS_9025020033708902_9025020033709102"/>
</ServiceLinkInJourneyPattern>
<ServiceLinkInJourneyPattern order="3" version="any" id="SE:020:ServiceLinkInJourneyPattern:BUS_1960">
    <ServiceLinkRef ref="SE:020:ServiceLink:BUS_9025020033709102_9025020033706801"/>
</ServiceLinkInJourneyPattern>
<ServiceLinkInJourneyPattern order="4" version="any" id="SE:020:ServiceLinkInJourneyPattern:BUS_1961">
    <ServiceLinkRef ref="SE:020:ServiceLink:BUS_9025020033706801_9025020033714902"/>
</ServiceLinkInJourneyPattern>
<ServiceLinkInJourneyPattern order="5" version="any" id="SE:020:ServiceLinkInJourneyPattern:BUS_1962">
    <ServiceLinkRef ref="SE:020:ServiceLink:BUS_9025020033714902_9025020033711002"/>
</ServiceLinkInJourneyPattern>
<ServiceLinkInJourneyPattern order="6" version="any" id="SE:020:ServiceLinkInJourneyPattern:BUS_1963">
    <ServiceLinkRef ref="SE:020:ServiceLink:BUS_9025020033711002_9025020033702302"/>
</ServiceLinkInJourneyPattern>
<ServiceLinkInJourneyPattern order="7" version="any" id="SE:020:ServiceLinkInJourneyPattern:BUS_1964">
    <ServiceLinkRef ref="SE:020:ServiceLink:BUS_9025020033702302_9025020033710902"/>
</ServiceLinkInJourneyPattern>
<ServiceLinkInJourneyPattern order="8" version="any" id="SE:020:ServiceLinkInJourneyPattern:BUS_1965">
    <ServiceLinkRef ref="SE:020:ServiceLink:BUS_9025020033710902_9025020033706902"/>
</ServiceLinkInJourneyPattern>
<ServiceLinkInJourneyPattern order="9" version="any" id="SE:020:ServiceLinkInJourneyPattern:BUS_1966">
    <ServiceLinkRef ref="SE:020:ServiceLink:BUS_9025020033706902_9025020033710802"/>
</ServiceLinkInJourneyPattern>
<ServiceLinkInJourneyPattern order="10" version="any" id="SE:020:ServiceLinkInJourneyPattern:BUS_1967">
    <ServiceLinkRef ref="SE:020:ServiceLink:BUS_9025020033710802_9025020033716801"/>
</ServiceLinkInJourneyPattern>
<ServiceLinkInJourneyPattern order="11" version="any" id="SE:020:ServiceLinkInJourneyPattern:BUS_1968">
    <ServiceLinkRef ref="SE:020:ServiceLink:BUS_9025020033716801_9025020033710102"/>
</ServiceLinkInJourneyPattern>
<ServiceLinkInJourneyPattern order="12" version="any" id="SE:020:ServiceLinkInJourneyPattern:BUS_1969">
    <ServiceLinkRef ref="SE:020:ServiceLink:BUS_9025020033710102_9025020033710402"/>
</ServiceLinkInJourneyPattern>
<ServiceLinkInJourneyPattern order="13" version="any" id="SE:020:ServiceLinkInJourneyPattern:BUS_1970">
    <ServiceLinkRef ref="SE:020:ServiceLink:BUS_9025020033710402_9025020033716901"/>
</ServiceLinkInJourneyPattern>
<ServiceLinkInJourneyPattern order="14" version="any" id="SE:020:ServiceLinkInJourneyPattern:BUS_1971">
    <ServiceLinkRef ref="SE:020:ServiceLink:BUS_9025020033716901_9025020033717001"/>
</ServiceLinkInJourneyPattern>
<ServiceLinkInJourneyPattern order="15" version="any" id="SE:020:ServiceLinkInJourneyPattern:BUS_1972">
    <ServiceLinkRef ref="SE:020:ServiceLink:BUS_9025020033717001_9025020033709901"/>
</ServiceLinkInJourneyPattern>
<ServiceLinkInJourneyPattern order="16" version="any" id="SE:020:ServiceLinkInJourneyPattern:BUS_1973">
    <ServiceLinkRef ref="SE:020:ServiceLink:BUS_9025020033709901_9025020052319501"/>
</ServiceLinkInJourneyPattern>
                            </linksInSequence>
                        </JourneyPattern>
                        <JourneyPattern version="any" id="SE:020:JourneyPattern:205339415000010089">
                            <RouteRef ref="SE:020:Route:205330000016113539" version="any"/>
                            <pointsInSequence>
<StopPointInJourneyPattern order="1" version="any" id="SE:020:StopPointInJourneyPattern:205339415000010089_205330000016113544">
    <ScheduledStopPointRef ref="SE:020:ScheduledStopPoint:9022020337099001"/>
    <ForAlighting>false</ForAlighting>
    <ForBoarding>true</ForBoarding>
    <DestinationDisplayRef ref="SE:020:DestinationDisplay:205330000038374333"/>
    <RequestStop>true</RequestStop>
</StopPointInJourneyPattern>
<StopPointInJourneyPattern order="2" version="any" id="SE:020:StopPointInJourneyPattern:205339415000010089_205330000016113545">
    <ScheduledStopPointRef ref="SE:020:ScheduledStopPoint:9022020523195001"/>
    <ForAlighting>true</ForAlighting>
    <ForBoarding>false</ForBoarding>
    <RequestStop>true</RequestStop>
</StopPointInJourneyPattern>
                            </pointsInSequence>
                            <linksInSequence>
<ServiceLinkInJourneyPattern order="1" version="any" id="SE:020:ServiceLinkInJourneyPattern:BUS_1974">
    <ServiceLinkRef ref="SE:020:ServiceLink:BUS_9025020033709901_9025020052319501"/>
</ServiceLinkInJourneyPattern>
                            </linksInSequence>
                        </JourneyPattern>
                    </journeyPatterns>
                </ServiceFrame>
                <TimetableFrame version="20240902035740" id="SE:020:TimetableFrame:9011020020900000">
                    <vehicleJourneys>
                        <ServiceJourney version="any" id="SE:020:ServiceJourney:205330000116038180">
                            <TransportMode>bus</TransportMode>
                            <TransportSubmode>
<BusSubmode>unknown</BusSubmode>
                            </TransportSubmode>
                            <dayTypes>
<DayTypeRef ref="SE:020:DayType:c2f4np0ho3dpqbom8ka20gsse6og360b"/>
                            </dayTypes>
                            <JourneyPatternRef ref="SE:020:JourneyPattern:205339415000012762" version="any"/>
                            <OperatorRef ref="SE:020:Operator:9013020140700000"/>
                            <passingTimes>
<TimetabledPassingTime version="any" id="SE:020:TimetabledPassingTime:205330000116038176">
    <StopPointInJourneyPatternRef ref="SE:020:StopPointInJourneyPattern:205339415000012762_205330000016113527" version="any"/>
    <DepartureTime>14:40:00</DepartureTime>
</TimetabledPassingTime>
<TimetabledPassingTime version="any" id="SE:020:TimetabledPassingTime:205330000116038177">
    <StopPointInJourneyPatternRef ref="SE:020:StopPointInJourneyPattern:205339415000012762_205330000016113528" version="any"/>
    <ArrivalTime>15:18:00</ArrivalTime>
</TimetabledPassingTime>
                            </passingTimes>
                        </ServiceJourney>
                        <ServiceJourney version="any" id="SE:020:ServiceJourney:205330000122456091">
                            <TransportMode>bus</TransportMode>
                            <TransportSubmode>
<BusSubmode>unknown</BusSubmode>
                            </TransportSubmode>
                            <dayTypes>
<DayTypeRef ref="SE:020:DayType:rfk55ee648oiusrs0487pvpdbnn7i054"/>
                            </dayTypes>
                            <JourneyPatternRef ref="SE:020:JourneyPattern:205339415000015449" version="any"/>
                            <OperatorRef ref="SE:020:Operator:9013020140700000"/>
                            <passingTimes>
<TimetabledPassingTime version="any" id="SE:020:TimetabledPassingTime:205330000122456071">
    <StopPointInJourneyPatternRef ref="SE:020:StopPointInJourneyPattern:205339415000015449_205330000073987034" version="any"/>
    <DepartureTime>13:05:00</DepartureTime>
</TimetabledPassingTime>
<TimetabledPassingTime version="any" id="SE:020:TimetabledPassingTime:205330000122456072">
    <StopPointInJourneyPatternRef ref="SE:020:StopPointInJourneyPattern:205339415000015449_205330000073987035" version="any"/>
    <ArrivalTime>13:40:00</ArrivalTime>
    <DepartureTime>13:40:00</DepartureTime>
</TimetabledPassingTime>
<TimetabledPassingTime version="any" id="SE:020:TimetabledPassingTime:205330000122456073">
    <StopPointInJourneyPatternRef ref="SE:020:StopPointInJourneyPattern:205339415000015449_205330000073987036" version="any"/>
    <ArrivalTime>13:55:47</ArrivalTime>
    <DepartureTime>13:55:47</DepartureTime>
</TimetabledPassingTime>
<TimetabledPassingTime version="any" id="SE:020:TimetabledPassingTime:205330000122456074">
    <StopPointInJourneyPatternRef ref="SE:020:StopPointInJourneyPattern:205339415000015449_205330000073987037" version="any"/>
    <ArrivalTime>13:57:11</ArrivalTime>
    <DepartureTime>13:57:11</DepartureTime>
</TimetabledPassingTime>
<TimetabledPassingTime version="any" id="SE:020:TimetabledPassingTime:205330000122456075">
    <StopPointInJourneyPatternRef ref="SE:020:StopPointInJourneyPattern:205339415000015449_205330000073987038" version="any"/>
    <ArrivalTime>14:00:00</ArrivalTime>
    <DepartureTime>14:00:00</DepartureTime>
</TimetabledPassingTime>
<TimetabledPassingTime version="any" id="SE:020:TimetabledPassingTime:205330000122456076">
    <StopPointInJourneyPatternRef ref="SE:020:StopPointInJourneyPattern:205339415000015449_205330000073987039" version="any"/>
    <ArrivalTime>14:00:55</ArrivalTime>
    <DepartureTime>14:00:55</DepartureTime>
</TimetabledPassingTime>
<TimetabledPassingTime version="any" id="SE:020:TimetabledPassingTime:205330000122456077">
    <StopPointInJourneyPatternRef ref="SE:020:StopPointInJourneyPattern:205339415000015449_205330000073987040" version="any"/>
    <ArrivalTime>14:01:35</ArrivalTime>
    <DepartureTime>14:01:35</DepartureTime>
</TimetabledPassingTime>
<TimetabledPassingTime version="any" id="SE:020:TimetabledPassingTime:205330000122456078">
    <StopPointInJourneyPatternRef ref="SE:020:StopPointInJourneyPattern:205339415000015449_205330000073987041" version="any"/>
    <ArrivalTime>14:02:20</ArrivalTime>
    <DepartureTime>14:02:20</DepartureTime>
</TimetabledPassingTime>
<TimetabledPassingTime version="any" id="SE:020:TimetabledPassingTime:205330000122456079">
    <StopPointInJourneyPatternRef ref="SE:020:StopPointInJourneyPattern:205339415000015449_205330000073987042" version="any"/>
    <ArrivalTime>14:03:05</ArrivalTime>
    <DepartureTime>14:03:05</DepartureTime>
</TimetabledPassingTime>
<TimetabledPassingTime version="any" id="SE:020:TimetabledPassingTime:205330000122456080">
    <StopPointInJourneyPatternRef ref="SE:020:StopPointInJourneyPattern:205339415000015449_205330000073987043" version="any"/>
    <ArrivalTime>14:04:14</ArrivalTime>
    <DepartureTime>14:04:14</DepartureTime>
</TimetabledPassingTime>
<TimetabledPassingTime version="any" id="SE:020:TimetabledPassingTime:205330000122456081">
    <StopPointInJourneyPatternRef ref="SE:020:StopPointInJourneyPattern:205339415000015449_205330000073987044" version="any"/>
    <ArrivalTime>14:05:00</ArrivalTime>
    <DepartureTime>14:05:00</DepartureTime>
</TimetabledPassingTime>
<TimetabledPassingTime version="any" id="SE:020:TimetabledPassingTime:205330000122456082">
    <StopPointInJourneyPatternRef ref="SE:020:StopPointInJourneyPattern:205339415000015449_205330000073987045" version="any"/>
    <ArrivalTime>14:05:41</ArrivalTime>
    <DepartureTime>14:05:41</DepartureTime>
</TimetabledPassingTime>
<TimetabledPassingTime version="any" id="SE:020:TimetabledPassingTime:205330000122456083">
    <StopPointInJourneyPatternRef ref="SE:020:StopPointInJourneyPattern:205339415000015449_205330000073987046" version="any"/>
    <ArrivalTime>14:12:59</ArrivalTime>
    <DepartureTime>14:12:59</DepartureTime>
</TimetabledPassingTime>
<TimetabledPassingTime version="any" id="SE:020:TimetabledPassingTime:205330000122456084">
    <StopPointInJourneyPatternRef ref="SE:020:StopPointInJourneyPattern:205339415000015449_205330000073987047" version="any"/>
    <ArrivalTime>14:13:47</ArrivalTime>
    <DepartureTime>14:13:47</DepartureTime>
</TimetabledPassingTime>
<TimetabledPassingTime version="any" id="SE:020:TimetabledPassingTime:205330000122456085">
    <StopPointInJourneyPatternRef ref="SE:020:StopPointInJourneyPattern:205339415000015449_205330000073987048" version="any"/>
    <ArrivalTime>14:15:36</ArrivalTime>
    <DepartureTime>14:15:36</DepartureTime>
</TimetabledPassingTime>
<TimetabledPassingTime version="any" id="SE:020:TimetabledPassingTime:205330000122456086">
    <StopPointInJourneyPatternRef ref="SE:020:StopPointInJourneyPattern:205339415000015449_205330000073987049" version="any"/>
    <ArrivalTime>14:16:42</ArrivalTime>
    <DepartureTime>14:16:42</DepartureTime>
</TimetabledPassingTime>
<TimetabledPassingTime version="any" id="SE:020:TimetabledPassingTime:205330000122456087">
    <StopPointInJourneyPatternRef ref="SE:020:StopPointInJourneyPattern:205339415000015449_205330000073987050" version="any"/>
    <ArrivalTime>14:17:31</ArrivalTime>
    <DepartureTime>14:17:31</DepartureTime>
</TimetabledPassingTime>
<TimetabledPassingTime version="any" id="SE:020:TimetabledPassingTime:205330000122456088">
    <StopPointInJourneyPatternRef ref="SE:020:StopPointInJourneyPattern:205339415000015449_205330000073987051" version="any"/>
    <ArrivalTime>14:20:00</ArrivalTime>
</TimetabledPassingTime>
                            </passingTimes>
                        </ServiceJourney>
                        <ServiceJourney version="any" id="SE:020:ServiceJourney:205330000113810345">
                            <TransportMode>bus</TransportMode>
                            <TransportSubmode>
<BusSubmode>unknown</BusSubmode>
                            </TransportSubmode>
                            <dayTypes>
<DayTypeRef ref="SE:020:DayType:c2f4np0ho3dpqbom8ka20gsse6og360b"/>
                            </dayTypes>
                            <JourneyPatternRef ref="SE:020:JourneyPattern:205339415000010089" version="any"/>
                            <OperatorRef ref="SE:020:Operator:9013020140700000"/>
                            <passingTimes>
<TimetabledPassingTime version="any" id="SE:020:TimetabledPassingTime:205330000113810341">
    <StopPointInJourneyPatternRef ref="SE:020:StopPointInJourneyPattern:205339415000010089_205330000016113544" version="any"/>
    <DepartureTime>15:20:00</DepartureTime>
</TimetabledPassingTime>
<TimetabledPassingTime version="any" id="SE:020:TimetabledPassingTime:205330000113810342">
    <StopPointInJourneyPatternRef ref="SE:020:StopPointInJourneyPattern:205339415000010089_205330000016113545" version="any"/>
    <ArrivalTime>16:00:00</ArrivalTime>
</TimetabledPassingTime>
                            </passingTimes>
                        </ServiceJourney>
                        <ServiceJourney version="any" id="SE:020:ServiceJourney:205330000122456126">
                            <TransportMode>bus</TransportMode>
                            <TransportSubmode>
<BusSubmode>unknown</BusSubmode>
                            </TransportSubmode>
                            <dayTypes>
<DayTypeRef ref="SE:020:DayType:rfk55ee648oiusrs0487pvpdbnn7i054"/>
                            </dayTypes>
                            <JourneyPatternRef ref="SE:020:JourneyPattern:205339415000012155" version="any"/>
                            <OperatorRef ref="SE:020:Operator:9013020140700000"/>
                            <passingTimes>
<TimetabledPassingTime version="any" id="SE:020:TimetabledPassingTime:205330000122456107">
    <StopPointInJourneyPatternRef ref="SE:020:StopPointInJourneyPattern:205339415000012155_205330000052458732" version="any"/>
    <DepartureTime>14:35:00</DepartureTime>
</TimetabledPassingTime>
<TimetabledPassingTime version="any" id="SE:020:TimetabledPassingTime:205330000122456108">
    <StopPointInJourneyPatternRef ref="SE:020:StopPointInJourneyPattern:205339415000012155_205330000052458733" version="any"/>
    <ArrivalTime>14:36:28</ArrivalTime>
    <DepartureTime>14:36:28</DepartureTime>
</TimetabledPassingTime>
<TimetabledPassingTime version="any" id="SE:020:TimetabledPassingTime:205330000122456109">
    <StopPointInJourneyPatternRef ref="SE:020:StopPointInJourneyPattern:205339415000012155_205330000052458734" version="any"/>
    <ArrivalTime>14:37:37</ArrivalTime>
    <DepartureTime>14:37:37</DepartureTime>
</TimetabledPassingTime>
<TimetabledPassingTime version="any" id="SE:020:TimetabledPassingTime:205330000122456110">
    <StopPointInJourneyPatternRef ref="SE:020:StopPointInJourneyPattern:205339415000012155_205330000052458735" version="any"/>
    <ArrivalTime>14:39:30</ArrivalTime>
    <DepartureTime>14:39:30</DepartureTime>
</TimetabledPassingTime>
<TimetabledPassingTime version="any" id="SE:020:TimetabledPassingTime:205330000122456111">
    <StopPointInJourneyPatternRef ref="SE:020:StopPointInJourneyPattern:205339415000012155_205330000052458736" version="any"/>
    <ArrivalTime>14:40:18</ArrivalTime>
    <DepartureTime>14:40:18</DepartureTime>
</TimetabledPassingTime>
<TimetabledPassingTime version="any" id="SE:020:TimetabledPassingTime:205330000122456112">
    <StopPointInJourneyPatternRef ref="SE:020:StopPointInJourneyPattern:205339415000012155_205330000052458737" version="any"/>
    <ArrivalTime>14:47:54</ArrivalTime>
    <DepartureTime>14:47:54</DepartureTime>
</TimetabledPassingTime>
<TimetabledPassingTime version="any" id="SE:020:TimetabledPassingTime:205330000122456113">
    <StopPointInJourneyPatternRef ref="SE:020:StopPointInJourneyPattern:205339415000012155_205330000052458738" version="any"/>
    <ArrivalTime>14:50:00</ArrivalTime>
    <DepartureTime>14:50:00</DepartureTime>
</TimetabledPassingTime>
<TimetabledPassingTime version="any" id="SE:020:TimetabledPassingTime:205330000122456114">
    <StopPointInJourneyPatternRef ref="SE:020:StopPointInJourneyPattern:205339415000012155_205330000052458739" version="any"/>
    <ArrivalTime>14:50:21</ArrivalTime>
    <DepartureTime>14:50:21</DepartureTime>
</TimetabledPassingTime>
<TimetabledPassingTime version="any" id="SE:020:TimetabledPassingTime:205330000122456115">
    <StopPointInJourneyPatternRef ref="SE:020:StopPointInJourneyPattern:205339415000012155_205330000052458740" version="any"/>
    <ArrivalTime>14:51:32</ArrivalTime>
    <DepartureTime>14:51:32</DepartureTime>
</TimetabledPassingTime>
<TimetabledPassingTime version="any" id="SE:020:TimetabledPassingTime:205330000122456116">
    <StopPointInJourneyPatternRef ref="SE:020:StopPointInJourneyPattern:205339415000012155_205330000052458741" version="any"/>
    <ArrivalTime>14:52:09</ArrivalTime>
    <DepartureTime>14:52:09</DepartureTime>
</TimetabledPassingTime>
<TimetabledPassingTime version="any" id="SE:020:TimetabledPassingTime:205330000122456117">
    <StopPointInJourneyPatternRef ref="SE:020:StopPointInJourneyPattern:205339415000012155_205330000052458742" version="any"/>
    <ArrivalTime>14:52:50</ArrivalTime>
    <DepartureTime>14:52:50</DepartureTime>
</TimetabledPassingTime>
<TimetabledPassingTime version="any" id="SE:020:TimetabledPassingTime:205330000122456118">
    <StopPointInJourneyPatternRef ref="SE:020:StopPointInJourneyPattern:205339415000012155_205330000052458743" version="any"/>
    <ArrivalTime>14:53:36</ArrivalTime>
    <DepartureTime>14:53:36</DepartureTime>
</TimetabledPassingTime>
<TimetabledPassingTime version="any" id="SE:020:TimetabledPassingTime:205330000122456119">
    <StopPointInJourneyPatternRef ref="SE:020:StopPointInJourneyPattern:205339415000012155_205330000052458744" version="any"/>
    <ArrivalTime>14:55:00</ArrivalTime>
    <DepartureTime>14:55:00</DepartureTime>
</TimetabledPassingTime>
<TimetabledPassingTime version="any" id="SE:020:TimetabledPassingTime:205330000122456120">
    <StopPointInJourneyPatternRef ref="SE:020:StopPointInJourneyPattern:205339415000012155_205330000052458745" version="any"/>
    <ArrivalTime>14:55:43</ArrivalTime>
    <DepartureTime>14:55:43</DepartureTime>
</TimetabledPassingTime>
<TimetabledPassingTime version="any" id="SE:020:TimetabledPassingTime:205330000122456121">
    <StopPointInJourneyPatternRef ref="SE:020:StopPointInJourneyPattern:205339415000012155_205330000052458746" version="any"/>
    <ArrivalTime>14:57:17</ArrivalTime>
    <DepartureTime>14:57:17</DepartureTime>
</TimetabledPassingTime>
<TimetabledPassingTime version="any" id="SE:020:TimetabledPassingTime:205330000122456122">
    <StopPointInJourneyPatternRef ref="SE:020:StopPointInJourneyPattern:205339415000012155_205330000052458747" version="any"/>
    <ArrivalTime>15:15:00</ArrivalTime>
    <DepartureTime>15:15:00</DepartureTime>
</TimetabledPassingTime>
<TimetabledPassingTime version="any" id="SE:020:TimetabledPassingTime:205330000122456123">
    <StopPointInJourneyPatternRef ref="SE:020:StopPointInJourneyPattern:205339415000012155_205330000052458748" version="any"/>
    <ArrivalTime>15:55:00</ArrivalTime>
</TimetabledPassingTime>
                            </passingTimes>
                        </ServiceJourney>
                    </vehicleJourneys>
                    <journeyInterchanges>
                        <ServiceJourneyInterchange version="any" id="SE:020:ServiceJourneyInterchange:205330000116038180_1">
                            <Priority>0</Priority>
                            <Guaranteed>false</Guaranteed>
                            <Advertised>true</Advertised>
                            <FromPointRef ref="SE:020:ScheduledStopPoint:9022020523195001"/>
                            <ToPointRef ref="SE:020:ScheduledStopPoint:9022020523195001"/>
                            <FromJourneyRef ref="SE:020:ServiceJourney:205330000116014807"/>
                            <ToJourneyRef ref="SE:020:ServiceJourney:205330000116038180" version="any"/>
                        </ServiceJourneyInterchange>
                        <ServiceJourneyInterchange version="any" id="SE:020:ServiceJourneyInterchange:205330000116038180_2">
                            <Priority>0</Priority>
                            <Guaranteed>false</Guaranteed>
                            <Advertised>true</Advertised>
                            <FromPointRef ref="SE:020:ScheduledStopPoint:9022020523195001"/>
                            <ToPointRef ref="SE:020:ScheduledStopPoint:9022020523195001"/>
                            <FromJourneyRef ref="SE:020:ServiceJourney:205330000116097277"/>
                            <ToJourneyRef ref="SE:020:ServiceJourney:205330000116038180" version="any"/>
                        </ServiceJourneyInterchange>
                        <ServiceJourneyInterchange version="any" id="SE:020:ServiceJourneyInterchange:205330000122456091_1">
                            <Priority>0</Priority>
                            <Guaranteed>false</Guaranteed>
                            <Advertised>true</Advertised>
                            <FromPointRef ref="SE:020:ScheduledStopPoint:9022020523195001"/>
                            <ToPointRef ref="SE:020:ScheduledStopPoint:9022020523195001"/>
                            <FromJourneyRef ref="SE:020:ServiceJourney:205330000122254396"/>
                            <ToJourneyRef ref="SE:020:ServiceJourney:205330000122456091" version="any"/>
                        </ServiceJourneyInterchange>
                    </journeyInterchanges>
                </TimetableFrame>
            </frames>
        </CompositeFrame>
    </dataObjects>
</PublicationDelivery>
