<?xml version="1.0" encoding="UTF-8" standalone="yes"?>
<PublicationDelivery xmlns="http://www.netex.org.uk/netex" xmlns:ns2="http://www.opengis.net/gml/3.2" xmlns:ns3="http://www.siri.org.uk/siri" version="1.11:NO-NeTEx-networktimetable:1.3">
    <PublicationTimestamp>2024-09-02T03:57:40</PublicationTimestamp>
    <ParticipantRef>SAM</ParticipantRef>
    <dataObjects>
        <CompositeFrame created="2024-09-02T03:57:40" version="20240902035740" id="SE:020:CompositeFrame:9011020097400000">
            <ValidBetween>
                <FromDate>1970-01-01T00:00:00</FromDate>
            </ValidBetween>
            <codespaces>
                <Codespace id="SE:020">
                    <Xmlns>SE:020</Xmlns>
                    <XmlnsUrl>http://www.samtrafiken.se/ns/dt</XmlnsUrl>
                </Codespace>
            </codespaces>
            <FrameDefaults>
                <DefaultLocale>
                    <TimeZone>Europe/Stockholm</TimeZone>
                    <DefaultLanguage>se</DefaultLanguage>
                </DefaultLocale>
                <DefaultLocationSystem>4326</DefaultLocationSystem>
            </FrameDefaults>
            <frames>
                <ServiceFrame version="20240902035740" id="SE:020:ServiceFrame:9011020097400000">
                    <routes>
                        <Route version="any" id="SE:020:Route:205330000122308420">
                            <Name>Skolbuss</Name>
                            <LineRef ref="SE:020:Line:9011020097400000" version="190227"/>
                            <DirectionType>outbound</DirectionType>
                            <pointsInSequence>
<PointOnRoute order="1" version="any" id="SE:020:PointOnRoute:205330000122308425">
    <RoutePointRef ref="SE:020:RoutePoint:9022020561237001"/>
</PointOnRoute>
<PointOnRoute order="2" version="any" id="SE:020:PointOnRoute:205330000122308426">
    <RoutePointRef ref="SE:020:RoutePoint:9022020561230001"/>
</PointOnRoute>
                            </pointsInSequence>
                        </Route>
                        <Route version="any" id="SE:020:Route:205330000122308402">
                            <Name>Skolbuss</Name>
                            <LineRef ref="SE:020:Line:9011020097400000" version="190227"/>
                            <DirectionType>outbound</DirectionType>
                            <pointsInSequence>
<PointOnRoute order="1" version="any" id="SE:020:PointOnRoute:205330000122308407">
    <RoutePointRef ref="SE:020:RoutePoint:9022020561230001"/>
</PointOnRoute>
<PointOnRoute order="2" version="any" id="SE:020:PointOnRoute:205330000122308408">
    <RoutePointRef ref="SE:020:RoutePoint:9022020561237001"/>
</PointOnRoute>
                            </pointsInSequence>
                        </Route>
                        <Route version="any" id="SE:020:Route:205330000091365242">
                            <Name>Skolbuss</Name>
                            <LineRef ref="SE:020:Line:9011020097400000" version="190227"/>
                            <DirectionType>outbound</DirectionType>
                            <pointsInSequence>
<PointOnRoute order="1" version="any" id="SE:020:PointOnRoute:205330000091365247">
    <RoutePointRef ref="SE:020:RoutePoint:9022020561050002"/>
</PointOnRoute>
<PointOnRoute order="2" version="any" id="SE:020:PointOnRoute:205330000091365248">
    <RoutePointRef ref="SE:020:RoutePoint:9022020561194001"/>
</PointOnRoute>
                            </pointsInSequence>
                        </Route>
                        <Route version="any" id="SE:020:Route:205330000093234907">
                            <Name>Skolbuss</Name>
                            <LineRef ref="SE:020:Line:9011020097400000" version="190227"/>
                            <DirectionType>outbound</DirectionType>
                            <pointsInSequence>
<PointOnRoute order="1" version="any" id="SE:020:PointOnRoute:205330000093234912">
    <RoutePointRef ref="SE:020:RoutePoint:9022020561191001"/>
</PointOnRoute>
<PointOnRoute order="2" version="any" id="SE:020:PointOnRoute:205330000093234913">
    <RoutePointRef ref="SE:020:RoutePoint:9022020561227001"/>
</PointOnRoute>
                            </pointsInSequence>
                        </Route>
                        <Route version="any" id="SE:020:Route:205330000093234889">
                            <Name>Skolbuss</Name>
                            <LineRef ref="SE:020:Line:9011020097400000" version="190227"/>
                            <DirectionType>outbound</DirectionType>
                            <pointsInSequence>
<PointOnRoute order="1" version="any" id="SE:020:PointOnRoute:205330000093234894">
    <RoutePointRef ref="SE:020:RoutePoint:9022020561050002"/>
</PointOnRoute>
<PointOnRoute order="2" version="any" id="SE:020:PointOnRoute:205330000093234895">
    <RoutePointRef ref="SE:020:RoutePoint:9022020561226001"/>
</PointOnRoute>
                            </pointsInSequence>
                        </Route>
                        <Route version="any" id="SE:020:Route:205330000096807750">
                            <Name>Skolbuss</Name>
                            <LineRef ref="SE:020:Line:9011020097400000" version="190227"/>
                            <DirectionType>outbound</DirectionType>
                            <pointsInSequence>
<PointOnRoute order="1" version="any" id="SE:020:PointOnRoute:205330000096807755">
    <RoutePointRef ref="SE:020:RoutePoint:9022020561227001"/>
</PointOnRoute>
<PointOnRoute order="2" version="any" id="SE:020:PointOnRoute:205330000096807756">
    <RoutePointRef ref="SE:020:RoutePoint:9022020561191001"/>
</PointOnRoute>
                            </pointsInSequence>
                        </Route>
                        <Route version="any" id="SE:020:Route:205330000096807804">
                            <Name>Skolbuss</Name>
                            <LineRef ref="SE:020:Line:9011020097400000" version="190227"/>
                            <DirectionType>outbound</DirectionType>
                            <pointsInSequence>
<PointOnRoute order="1" version="any" id="SE:020:PointOnRoute:205330000096807809">
    <RoutePointRef ref="SE:020:RoutePoint:9022020561194001"/>
</PointOnRoute>
<PointOnRoute order="2" version="any" id="SE:020:PointOnRoute:205330000096807810">
    <RoutePointRef ref="SE:020:RoutePoint:9022020561050002"/>
</PointOnRoute>
                            </pointsInSequence>
                        </Route>
                        <Route version="any" id="SE:020:Route:205330000096807786">
                            <Name>Skolbuss</Name>
                            <LineRef ref="SE:020:Line:9011020097400000" version="190227"/>
                            <DirectionType>outbound</DirectionType>
                            <pointsInSequence>
<PointOnRoute order="1" version="any" id="SE:020:PointOnRoute:205330000096807791">
    <RoutePointRef ref="SE:020:RoutePoint:9022020561226001"/>
</PointOnRoute>
<PointOnRoute order="2" version="any" id="SE:020:PointOnRoute:205330000096807792">
    <RoutePointRef ref="SE:020:RoutePoint:9022020561050002"/>
</PointOnRoute>
                            </pointsInSequence>
                        </Route>
                    </routes>
                    <lines>
                        <Line version="190227" id="SE:020:Line:9011020097400000">
                            <ValidBetween>
<FromDate>2019-02-27T00:00:00</FromDate>
                            </ValidBetween>
                            <Name>974</Name>
                            <TransportMode>bus</TransportMode>
                            <TransportSubmode>
<BusSubmode>unknown</BusSubmode>
                            </TransportSubmode>
                            <PublicCode>974</PublicCode>
                            <PrivateCode>974</PrivateCode>
                            <RepresentedByGroupRef ref="SE:020:Network:9010020000000000"/>
                        </Line>
                    </lines>
                    <journeyPatterns>
                        <JourneyPattern version="any" id="SE:020:JourneyPattern:205339415000026248">
                            <RouteRef ref="SE:020:Route:205330000122308420" version="any"/>
                            <pointsInSequence>
<StopPointInJourneyPattern order="1" version="any" id="SE:020:StopPointInJourneyPattern:205339415000026248_205330000122308425">
    <ScheduledStopPointRef ref="SE:020:ScheduledStopPoint:9022020561237001"/>
    <ForAlighting>false</ForAlighting>
    <ForBoarding>true</ForBoarding>
    <DestinationDisplayRef ref="SE:020:DestinationDisplay:205330000122308434"/>
    <RequestStop>true</RequestStop>
</StopPointInJourneyPattern>
<StopPointInJourneyPattern order="2" version="any" id="SE:020:StopPointInJourneyPattern:205339415000026248_205330000122308426">
    <ScheduledStopPointRef ref="SE:020:ScheduledStopPoint:9022020561230001"/>
    <ForAlighting>true</ForAlighting>
    <ForBoarding>false</ForBoarding>
    <RequestStop>true</RequestStop>
</StopPointInJourneyPattern>
                            </pointsInSequence>
                            <linksInSequence>
<ServiceLinkInJourneyPattern order="1" version="any" id="SE:020:ServiceLinkInJourneyPattern:BUS_38184">
    <ServiceLinkRef ref="SE:020:ServiceLink:BUS_9025020056123701_9025020056123001"/>
</ServiceLinkInJourneyPattern>
                            </linksInSequence>
                        </JourneyPattern>
                        <JourneyPattern version="any" id="SE:020:JourneyPattern:205339415000026247">
                            <RouteRef ref="SE:020:Route:205330000122308402" version="any"/>
                            <pointsInSequence>
<StopPointInJourneyPattern order="1" version="any" id="SE:020:StopPointInJourneyPattern:205339415000026247_205330000122308407">
    <ScheduledStopPointRef ref="SE:020:ScheduledStopPoint:9022020561230001"/>
    <ForAlighting>false</ForAlighting>
    <ForBoarding>true</ForBoarding>
    <DestinationDisplayRef ref="SE:020:DestinationDisplay:205330000122308416"/>
    <RequestStop>true</RequestStop>
</StopPointInJourneyPattern>
<StopPointInJourneyPattern order="2" version="any" id="SE:020:StopPointInJourneyPattern:205339415000026247_205330000122308408">
    <ScheduledStopPointRef ref="SE:020:ScheduledStopPoint:9022020561237001"/>
    <ForAlighting>true</ForAlighting>
    <ForBoarding>false</ForBoarding>
    <RequestStop>true</RequestStop>
</StopPointInJourneyPattern>
                            </pointsInSequence>
                            <linksInSequence>
<ServiceLinkInJourneyPattern order="1" version="any" id="SE:020:ServiceLinkInJourneyPattern:BUS_38185">
    <ServiceLinkRef ref="SE:020:ServiceLink:BUS_9025020056123001_9025020056123701"/>
</ServiceLinkInJourneyPattern>
                            </linksInSequence>
                        </JourneyPattern>
                        <JourneyPattern version="any" id="SE:020:JourneyPattern:205339415000020018">
                            <RouteRef ref="SE:020:Route:205330000091365242" version="any"/>
                            <pointsInSequence>
<StopPointInJourneyPattern order="1" version="any" id="SE:020:StopPointInJourneyPattern:205339415000020018_205330000091365247">
    <ScheduledStopPointRef ref="SE:020:ScheduledStopPoint:9022020561050002"/>
    <ForAlighting>false</ForAlighting>
    <ForBoarding>true</ForBoarding>
    <DestinationDisplayRef ref="SE:020:DestinationDisplay:205330000091365256"/>
    <RequestStop>true</RequestStop>
</StopPointInJourneyPattern>
<StopPointInJourneyPattern order="2" version="any" id="SE:020:StopPointInJourneyPattern:205339415000020018_205330000091365248">
    <ScheduledStopPointRef ref="SE:020:ScheduledStopPoint:9022020561194001"/>
    <ForAlighting>true</ForAlighting>
    <ForBoarding>false</ForBoarding>
    <RequestStop>true</RequestStop>
</StopPointInJourneyPattern>
                            </pointsInSequence>
                            <linksInSequence>
<ServiceLinkInJourneyPattern order="1" version="any" id="SE:020:ServiceLinkInJourneyPattern:BUS_38186">
    <ServiceLinkRef ref="SE:020:ServiceLink:BUS_9025020056105002_9025020056119401"/>
</ServiceLinkInJourneyPattern>
                            </linksInSequence>
                        </JourneyPattern>
                        <JourneyPattern version="any" id="SE:020:JourneyPattern:205339415000025273">
                            <RouteRef ref="SE:020:Route:205330000091365242" version="any"/>
                            <pointsInSequence>
<StopPointInJourneyPattern order="1" version="any" id="SE:020:StopPointInJourneyPattern:205339415000025273_205330000091365247">
    <ScheduledStopPointRef ref="SE:020:ScheduledStopPoint:9022020561050002"/>
    <ForAlighting>false</ForAlighting>
    <ForBoarding>true</ForBoarding>
    <DestinationDisplayRef ref="SE:020:DestinationDisplay:205330000113951486"/>
    <RequestStop>true</RequestStop>
</StopPointInJourneyPattern>
<StopPointInJourneyPattern order="2" version="any" id="SE:020:StopPointInJourneyPattern:205339415000025273_205330000091365248">
    <ScheduledStopPointRef ref="SE:020:ScheduledStopPoint:9022020561194001"/>
    <ForAlighting>true</ForAlighting>
    <ForBoarding>false</ForBoarding>
    <RequestStop>true</RequestStop>
</StopPointInJourneyPattern>
                            </pointsInSequence>
                            <linksInSequence>
<ServiceLinkInJourneyPattern order="1" version="any" id="SE:020:ServiceLinkInJourneyPattern:BUS_38187">
    <ServiceLinkRef ref="SE:020:ServiceLink:BUS_9025020056105002_9025020056119401"/>
</ServiceLinkInJourneyPattern>
                            </linksInSequence>
                        </JourneyPattern>
                        <JourneyPattern version="any" id="SE:020:JourneyPattern:205339415000020612">
                            <RouteRef ref="SE:020:Route:205330000093234907" version="any"/>
                            <pointsInSequence>
<StopPointInJourneyPattern order="1" version="any" id="SE:020:StopPointInJourneyPattern:205339415000020612_205330000093234912">
    <ScheduledStopPointRef ref="SE:020:ScheduledStopPoint:9022020561191001"/>
    <ForAlighting>false</ForAlighting>
    <ForBoarding>true</ForBoarding>
    <DestinationDisplayRef ref="SE:020:DestinationDisplay:205330000093234921"/>
    <RequestStop>true</RequestStop>
</StopPointInJourneyPattern>
<StopPointInJourneyPattern order="2" version="any" id="SE:020:StopPointInJourneyPattern:205339415000020612_205330000093234913">
    <ScheduledStopPointRef ref="SE:020:ScheduledStopPoint:9022020561227001"/>
    <ForAlighting>true</ForAlighting>
    <ForBoarding>false</ForBoarding>
    <RequestStop>true</RequestStop>
</StopPointInJourneyPattern>
                            </pointsInSequence>
                            <linksInSequence>
<ServiceLinkInJourneyPattern order="1" version="any" id="SE:020:ServiceLinkInJourneyPattern:BUS_38188">
    <ServiceLinkRef ref="SE:020:ServiceLink:BUS_9025020056119101_9025020056122701"/>
</ServiceLinkInJourneyPattern>
                            </linksInSequence>
                        </JourneyPattern>
                        <JourneyPattern version="any" id="SE:020:JourneyPattern:205339415000025277">
                            <RouteRef ref="SE:020:Route:205330000093234907" version="any"/>
                            <pointsInSequence>
<StopPointInJourneyPattern order="1" version="any" id="SE:020:StopPointInJourneyPattern:205339415000025277_205330000093234912">
    <ScheduledStopPointRef ref="SE:020:ScheduledStopPoint:9022020561191001"/>
    <ForAlighting>false</ForAlighting>
    <ForBoarding>true</ForBoarding>
    <DestinationDisplayRef ref="SE:020:DestinationDisplay:205330000113951542"/>
    <RequestStop>true</RequestStop>
</StopPointInJourneyPattern>
<StopPointInJourneyPattern order="2" version="any" id="SE:020:StopPointInJourneyPattern:205339415000025277_205330000093234913">
    <ScheduledStopPointRef ref="SE:020:ScheduledStopPoint:9022020561227001"/>
    <ForAlighting>true</ForAlighting>
    <ForBoarding>false</ForBoarding>
    <RequestStop>true</RequestStop>
</StopPointInJourneyPattern>
                            </pointsInSequence>
                            <linksInSequence>
<ServiceLinkInJourneyPattern order="1" version="any" id="SE:020:ServiceLinkInJourneyPattern:BUS_38189">
    <ServiceLinkRef ref="SE:020:ServiceLink:BUS_9025020056119101_9025020056122701"/>
</ServiceLinkInJourneyPattern>
                            </linksInSequence>
                        </JourneyPattern>
                        <JourneyPattern version="any" id="SE:020:JourneyPattern:205339415000020611">
                            <RouteRef ref="SE:020:Route:205330000093234889" version="any"/>
                            <pointsInSequence>
<StopPointInJourneyPattern order="1" version="any" id="SE:020:StopPointInJourneyPattern:205339415000020611_205330000093234894">
    <ScheduledStopPointRef ref="SE:020:ScheduledStopPoint:9022020561050002"/>
    <ForAlighting>false</ForAlighting>
    <ForBoarding>true</ForBoarding>
    <DestinationDisplayRef ref="SE:020:DestinationDisplay:205330000093234903"/>
    <RequestStop>true</RequestStop>
</StopPointInJourneyPattern>
<StopPointInJourneyPattern order="2" version="any" id="SE:020:StopPointInJourneyPattern:205339415000020611_205330000093234895">
    <ScheduledStopPointRef ref="SE:020:ScheduledStopPoint:9022020561226001"/>
    <ForAlighting>true</ForAlighting>
    <ForBoarding>false</ForBoarding>
    <RequestStop>true</RequestStop>
</StopPointInJourneyPattern>
                            </pointsInSequence>
                            <linksInSequence>
<ServiceLinkInJourneyPattern order="1" version="any" id="SE:020:ServiceLinkInJourneyPattern:BUS_38190">
    <ServiceLinkRef ref="SE:020:ServiceLink:BUS_9025020056105002_9025020056122601"/>
</ServiceLinkInJourneyPattern>
                            </linksInSequence>
                        </JourneyPattern>
                        <JourneyPattern version="any" id="SE:020:JourneyPattern:205339415000025278">
                            <RouteRef ref="SE:020:Route:205330000093234889" version="any"/>
                            <pointsInSequence>
<StopPointInJourneyPattern order="1" version="any" id="SE:020:StopPointInJourneyPattern:205339415000025278_205330000093234894">
    <ScheduledStopPointRef ref="SE:020:ScheduledStopPoint:9022020561050002"/>
    <ForAlighting>false</ForAlighting>
    <ForBoarding>true</ForBoarding>
    <DestinationDisplayRef ref="SE:020:DestinationDisplay:205330000113951556"/>
    <RequestStop>true</RequestStop>
</StopPointInJourneyPattern>
<StopPointInJourneyPattern order="2" version="any" id="SE:020:StopPointInJourneyPattern:205339415000025278_205330000093234895">
    <ScheduledStopPointRef ref="SE:020:ScheduledStopPoint:9022020561226001"/>
    <ForAlighting>true</ForAlighting>
    <ForBoarding>false</ForBoarding>
    <RequestStop>true</RequestStop>
</StopPointInJourneyPattern>
                            </pointsInSequence>
                            <linksInSequence>
<ServiceLinkInJourneyPattern order="1" version="any" id="SE:020:ServiceLinkInJourneyPattern:BUS_38191">
    <ServiceLinkRef ref="SE:020:ServiceLink:BUS_9025020056105002_9025020056122601"/>
</ServiceLinkInJourneyPattern>
                            </linksInSequence>
                        </JourneyPattern>
                        <JourneyPattern version="any" id="SE:020:JourneyPattern:205339415000022055">
                            <RouteRef ref="SE:020:Route:205330000096807750" version="any"/>
                            <pointsInSequence>
<StopPointInJourneyPattern order="1" version="any" id="SE:020:StopPointInJourneyPattern:205339415000022055_205330000096807755">
    <ScheduledStopPointRef ref="SE:020:ScheduledStopPoint:9022020561227001"/>
    <ForAlighting>false</ForAlighting>
    <ForBoarding>true</ForBoarding>
    <DestinationDisplayRef ref="SE:020:DestinationDisplay:205330000096807764"/>
    <RequestStop>true</RequestStop>
</StopPointInJourneyPattern>
<StopPointInJourneyPattern order="2" version="any" id="SE:020:StopPointInJourneyPattern:205339415000022055_205330000096807756">
    <ScheduledStopPointRef ref="SE:020:ScheduledStopPoint:9022020561191001"/>
    <ForAlighting>true</ForAlighting>
    <ForBoarding>false</ForBoarding>
    <RequestStop>true</RequestStop>
</StopPointInJourneyPattern>
                            </pointsInSequence>
                            <linksInSequence>
<ServiceLinkInJourneyPattern order="1" version="any" id="SE:020:ServiceLinkInJourneyPattern:BUS_38192">
    <ServiceLinkRef ref="SE:020:ServiceLink:BUS_9025020056122701_9025020056119101"/>
</ServiceLinkInJourneyPattern>
                            </linksInSequence>
                        </JourneyPattern>
                        <JourneyPattern version="any" id="SE:020:JourneyPattern:205339415000025276">
                            <RouteRef ref="SE:020:Route:205330000096807750" version="any"/>
                            <pointsInSequence>
<StopPointInJourneyPattern order="1" version="any" id="SE:020:StopPointInJourneyPattern:205339415000025276_205330000096807755">
    <ScheduledStopPointRef ref="SE:020:ScheduledStopPoint:9022020561227001"/>
    <ForAlighting>false</ForAlighting>
    <ForBoarding>true</ForBoarding>
    <DestinationDisplayRef ref="SE:020:DestinationDisplay:205330000113951528"/>
    <RequestStop>true</RequestStop>
</StopPointInJourneyPattern>
<StopPointInJourneyPattern order="2" version="any" id="SE:020:StopPointInJourneyPattern:205339415000025276_205330000096807756">
    <ScheduledStopPointRef ref="SE:020:ScheduledStopPoint:9022020561191001"/>
    <ForAlighting>true</ForAlighting>
    <ForBoarding>false</ForBoarding>
    <RequestStop>true</RequestStop>
</StopPointInJourneyPattern>
                            </pointsInSequence>
                            <linksInSequence>
<ServiceLinkInJourneyPattern order="1" version="any" id="SE:020:ServiceLinkInJourneyPattern:BUS_38193">
    <ServiceLinkRef ref="SE:020:ServiceLink:BUS_9025020056122701_9025020056119101"/>
</ServiceLinkInJourneyPattern>
                            </linksInSequence>
                        </JourneyPattern>
                        <JourneyPattern version="any" id="SE:020:JourneyPattern:205339415000022058">
                            <RouteRef ref="SE:020:Route:205330000096807804" version="any"/>
                            <pointsInSequence>
<StopPointInJourneyPattern order="1" version="any" id="SE:020:StopPointInJourneyPattern:205339415000022058_205330000096807809">
    <ScheduledStopPointRef ref="SE:020:ScheduledStopPoint:9022020561194001"/>
    <ForAlighting>false</ForAlighting>
    <ForBoarding>true</ForBoarding>
    <DestinationDisplayRef ref="SE:020:DestinationDisplay:205330000096807818"/>
    <RequestStop>true</RequestStop>
</StopPointInJourneyPattern>
<StopPointInJourneyPattern order="2" version="any" id="SE:020:StopPointInJourneyPattern:205339415000022058_205330000096807810">
    <ScheduledStopPointRef ref="SE:020:ScheduledStopPoint:9022020561050002"/>
    <ForAlighting>true</ForAlighting>
    <ForBoarding>false</ForBoarding>
    <RequestStop>true</RequestStop>
</StopPointInJourneyPattern>
                            </pointsInSequence>
                            <linksInSequence>
<ServiceLinkInJourneyPattern order="1" version="any" id="SE:020:ServiceLinkInJourneyPattern:BUS_38194">
    <ServiceLinkRef ref="SE:020:ServiceLink:BUS_9025020056119401_9025020056105002"/>
</ServiceLinkInJourneyPattern>
                            </linksInSequence>
                        </JourneyPattern>
                        <JourneyPattern version="any" id="SE:020:JourneyPattern:205339415000025275">
                            <RouteRef ref="SE:020:Route:205330000096807804" version="any"/>
                            <pointsInSequence>
<StopPointInJourneyPattern order="1" version="any" id="SE:020:StopPointInJourneyPattern:205339415000025275_205330000096807809">
    <ScheduledStopPointRef ref="SE:020:ScheduledStopPoint:9022020561194001"/>
    <ForAlighting>false</ForAlighting>
    <ForBoarding>true</ForBoarding>
    <DestinationDisplayRef ref="SE:020:DestinationDisplay:205330000113951514"/>
    <RequestStop>true</RequestStop>
</StopPointInJourneyPattern>
<StopPointInJourneyPattern order="2" version="any" id="SE:020:StopPointInJourneyPattern:205339415000025275_205330000096807810">
    <ScheduledStopPointRef ref="SE:020:ScheduledStopPoint:9022020561050002"/>
    <ForAlighting>true</ForAlighting>
    <ForBoarding>false</ForBoarding>
    <RequestStop>true</RequestStop>
</StopPointInJourneyPattern>
                            </pointsInSequence>
                            <linksInSequence>
<ServiceLinkInJourneyPattern order="1" version="any" id="SE:020:ServiceLinkInJourneyPattern:BUS_38195">
    <ServiceLinkRef ref="SE:020:ServiceLink:BUS_9025020056119401_9025020056105002"/>
</ServiceLinkInJourneyPattern>
                            </linksInSequence>
                        </JourneyPattern>
                        <JourneyPattern version="any" id="SE:020:JourneyPattern:205339415000022057">
                            <RouteRef ref="SE:020:Route:205330000096807786" version="any"/>
                            <pointsInSequence>
<StopPointInJourneyPattern order="1" version="any" id="SE:020:StopPointInJourneyPattern:205339415000022057_205330000096807791">
    <ScheduledStopPointRef ref="SE:020:ScheduledStopPoint:9022020561226001"/>
    <ForAlighting>false</ForAlighting>
    <ForBoarding>true</ForBoarding>
    <DestinationDisplayRef ref="SE:020:DestinationDisplay:205330000096807800"/>
    <RequestStop>true</RequestStop>
</StopPointInJourneyPattern>
<StopPointInJourneyPattern order="2" version="any" id="SE:020:StopPointInJourneyPattern:205339415000022057_205330000096807792">
    <ScheduledStopPointRef ref="SE:020:ScheduledStopPoint:9022020561050002"/>
    <ForAlighting>true</ForAlighting>
    <ForBoarding>false</ForBoarding>
    <RequestStop>true</RequestStop>
</StopPointInJourneyPattern>
                            </pointsInSequence>
                            <linksInSequence>
<ServiceLinkInJourneyPattern order="1" version="any" id="SE:020:ServiceLinkInJourneyPattern:BUS_38196">
    <ServiceLinkRef ref="SE:020:ServiceLink:BUS_9025020056122601_9025020056105002"/>
</ServiceLinkInJourneyPattern>
                            </linksInSequence>
                        </JourneyPattern>
                        <JourneyPattern version="any" id="SE:020:JourneyPattern:205339415000025274">
                            <RouteRef ref="SE:020:Route:205330000096807786" version="any"/>
                            <pointsInSequence>
<StopPointInJourneyPattern order="1" version="any" id="SE:020:StopPointInJourneyPattern:205339415000025274_205330000096807791">
    <ScheduledStopPointRef ref="SE:020:ScheduledStopPoint:9022020561226001"/>
    <ForAlighting>false</ForAlighting>
    <ForBoarding>true</ForBoarding>
    <DestinationDisplayRef ref="SE:020:DestinationDisplay:205330000113951500"/>
    <RequestStop>true</RequestStop>
</StopPointInJourneyPattern>
<StopPointInJourneyPattern order="2" version="any" id="SE:020:StopPointInJourneyPattern:205339415000025274_205330000096807792">
    <ScheduledStopPointRef ref="SE:020:ScheduledStopPoint:9022020561050002"/>
    <ForAlighting>true</ForAlighting>
    <ForBoarding>false</ForBoarding>
    <RequestStop>true</RequestStop>
</StopPointInJourneyPattern>
                            </pointsInSequence>
                            <linksInSequence>
<ServiceLinkInJourneyPattern order="1" version="any" id="SE:020:ServiceLinkInJourneyPattern:BUS_38197">
    <ServiceLinkRef ref="SE:020:ServiceLink:BUS_9025020056122601_9025020056105002"/>
</ServiceLinkInJourneyPattern>
                            </linksInSequence>
                        </JourneyPattern>
                    </journeyPatterns>
                </ServiceFrame>
                <TimetableFrame version="20240902035740" id="SE:020:TimetableFrame:9011020097400000">
                    <vehicleJourneys>
                        <ServiceJourney version="any" id="SE:020:ServiceJourney:205330000113951685">
                            <TransportMode>bus</TransportMode>
                            <TransportSubmode>
<BusSubmode>unknown</BusSubmode>
                            </TransportSubmode>
                            <dayTypes>
<DayTypeRef ref="SE:020:DayType:sj64jfatudrkqehh5ormlead148ola9e"/>
                            </dayTypes>
                            <JourneyPatternRef ref="SE:020:JourneyPattern:205339415000025277" version="any"/>
                            <OperatorRef ref="SE:020:Operator:9013020140700000"/>
                            <passingTimes>
<TimetabledPassingTime version="any" id="SE:020:TimetabledPassingTime:205330000113951681">
    <StopPointInJourneyPatternRef ref="SE:020:StopPointInJourneyPattern:205339415000025277_205330000093234912" version="any"/>
    <DepartureTime>08:20:00</DepartureTime>
</TimetabledPassingTime>
<TimetabledPassingTime version="any" id="SE:020:TimetabledPassingTime:205330000113951682">
    <StopPointInJourneyPatternRef ref="SE:020:StopPointInJourneyPattern:205339415000025277_205330000093234913" version="any"/>
    <ArrivalTime>08:40:00</ArrivalTime>
</TimetabledPassingTime>
                            </passingTimes>
                        </ServiceJourney>
                        <ServiceJourney version="any" id="SE:020:ServiceJourney:205330000113951591">
                            <TransportMode>bus</TransportMode>
                            <TransportSubmode>
<BusSubmode>unknown</BusSubmode>
                            </TransportSubmode>
                            <dayTypes>
<DayTypeRef ref="SE:020:DayType:ris9d9fmtnsrhvm6aj17js4qggab6gk4"/>
                            </dayTypes>
                            <JourneyPatternRef ref="SE:020:JourneyPattern:205339415000025274" version="any"/>
                            <OperatorRef ref="SE:020:Operator:9013020140700000"/>
                            <passingTimes>
<TimetabledPassingTime version="any" id="SE:020:TimetabledPassingTime:205330000113951587">
    <StopPointInJourneyPatternRef ref="SE:020:StopPointInJourneyPattern:205339415000025274_205330000096807791" version="any"/>
    <DepartureTime>10:30:00</DepartureTime>
</TimetabledPassingTime>
<TimetabledPassingTime version="any" id="SE:020:TimetabledPassingTime:205330000113951588">
    <StopPointInJourneyPatternRef ref="SE:020:StopPointInJourneyPattern:205339415000025274_205330000096807792" version="any"/>
    <ArrivalTime>10:45:00</ArrivalTime>
</TimetabledPassingTime>
                            </passingTimes>
                        </ServiceJourney>
                        <ServiceJourney version="any" id="SE:020:ServiceJourney:205330000113951710">
                            <TransportMode>bus</TransportMode>
                            <TransportSubmode>
<BusSubmode>unknown</BusSubmode>
                            </TransportSubmode>
                            <dayTypes>
<DayTypeRef ref="SE:020:DayType:ris9d9fmtnsrhvm6aj17js4qggab6gk4"/>
                            </dayTypes>
                            <JourneyPatternRef ref="SE:020:JourneyPattern:205339415000025278" version="any"/>
                            <OperatorRef ref="SE:020:Operator:9013020140700000"/>
                            <passingTimes>
<TimetabledPassingTime version="any" id="SE:020:TimetabledPassingTime:205330000113951706">
    <StopPointInJourneyPatternRef ref="SE:020:StopPointInJourneyPattern:205339415000025278_205330000093234894" version="any"/>
    <DepartureTime>08:40:00</DepartureTime>
</TimetabledPassingTime>
<TimetabledPassingTime version="any" id="SE:020:TimetabledPassingTime:205330000113951707">
    <StopPointInJourneyPatternRef ref="SE:020:StopPointInJourneyPattern:205339415000025278_205330000093234895" version="any"/>
    <ArrivalTime>08:55:00</ArrivalTime>
</TimetabledPassingTime>
                            </passingTimes>
                        </ServiceJourney>
                        <ServiceJourney version="any" id="SE:020:ServiceJourney:205330000122308483">
                            <TransportMode>bus</TransportMode>
                            <TransportSubmode>
<BusSubmode>unknown</BusSubmode>
                            </TransportSubmode>
                            <dayTypes>
<DayTypeRef ref="SE:020:DayType:9ipdis7gmulkiq36930o6j4om7gto219"/>
                            </dayTypes>
                            <JourneyPatternRef ref="SE:020:JourneyPattern:205339415000026247" version="any"/>
                            <OperatorRef ref="SE:020:Operator:9013020140700000"/>
                            <passingTimes>
<TimetabledPassingTime version="any" id="SE:020:TimetabledPassingTime:205330000122308478">
    <StopPointInJourneyPatternRef ref="SE:020:StopPointInJourneyPattern:205339415000026247_205330000122308407" version="any"/>
    <DepartureTime>11:10:00</DepartureTime>
</TimetabledPassingTime>
<TimetabledPassingTime version="any" id="SE:020:TimetabledPassingTime:205330000122308479">
    <StopPointInJourneyPatternRef ref="SE:020:StopPointInJourneyPattern:205339415000026247_205330000122308408" version="any"/>
    <ArrivalTime>11:20:00</ArrivalTime>
</TimetabledPassingTime>
                            </passingTimes>
                        </ServiceJourney>
                        <ServiceJourney version="any" id="SE:020:ServiceJourney:205330000122308501">
                            <TransportMode>bus</TransportMode>
                            <TransportSubmode>
<BusSubmode>unknown</BusSubmode>
                            </TransportSubmode>
                            <dayTypes>
<DayTypeRef ref="SE:020:DayType:9ipdis7gmulkiq36930o6j4om7gto219"/>
                            </dayTypes>
                            <JourneyPatternRef ref="SE:020:JourneyPattern:205339415000026247" version="any"/>
                            <OperatorRef ref="SE:020:Operator:9013020140700000"/>
                            <passingTimes>
<TimetabledPassingTime version="any" id="SE:020:TimetabledPassingTime:205330000122308496">
    <StopPointInJourneyPatternRef ref="SE:020:StopPointInJourneyPattern:205339415000026247_205330000122308407" version="any"/>
    <DepartureTime>12:00:00</DepartureTime>
</TimetabledPassingTime>
<TimetabledPassingTime version="any" id="SE:020:TimetabledPassingTime:205330000122308497">
    <StopPointInJourneyPatternRef ref="SE:020:StopPointInJourneyPattern:205339415000026247_205330000122308408" version="any"/>
    <ArrivalTime>12:10:00</ArrivalTime>
</TimetabledPassingTime>
                            </passingTimes>
                        </ServiceJourney>
                        <ServiceJourney version="any" id="SE:020:ServiceJourney:205330000122308619">
                            <TransportMode>bus</TransportMode>
                            <TransportSubmode>
<BusSubmode>unknown</BusSubmode>
                            </TransportSubmode>
                            <dayTypes>
<DayTypeRef ref="SE:020:DayType:rof6a3na785n6vdq69neinr7sonqbron"/>
                            </dayTypes>
                            <JourneyPatternRef ref="SE:020:JourneyPattern:205339415000025276" version="any"/>
                            <OperatorRef ref="SE:020:Operator:9013020140700000"/>
                            <passingTimes>
<TimetabledPassingTime version="any" id="SE:020:TimetabledPassingTime:205330000122308615">
    <StopPointInJourneyPatternRef ref="SE:020:StopPointInJourneyPattern:205339415000025276_205330000096807755" version="any"/>
    <DepartureTime>10:20:00</DepartureTime>
</TimetabledPassingTime>
<TimetabledPassingTime version="any" id="SE:020:TimetabledPassingTime:205330000122308616">
    <StopPointInJourneyPatternRef ref="SE:020:StopPointInJourneyPattern:205339415000025276_205330000096807756" version="any"/>
    <ArrivalTime>10:40:00</ArrivalTime>
</TimetabledPassingTime>
                            </passingTimes>
                        </ServiceJourney>
                        <ServiceJourney version="any" id="SE:020:ServiceJourney:205330000122308643">
                            <TransportMode>bus</TransportMode>
                            <TransportSubmode>
<BusSubmode>unknown</BusSubmode>
                            </TransportSubmode>
                            <dayTypes>
<DayTypeRef ref="SE:020:DayType:sj64jfatudrkqehh5ormlead148ola9e"/>
                            </dayTypes>
                            <JourneyPatternRef ref="SE:020:JourneyPattern:205339415000025276" version="any"/>
                            <OperatorRef ref="SE:020:Operator:9013020140700000"/>
                            <passingTimes>
<TimetabledPassingTime version="any" id="SE:020:TimetabledPassingTime:205330000122308639">
    <StopPointInJourneyPatternRef ref="SE:020:StopPointInJourneyPattern:205339415000025276_205330000096807755" version="any"/>
    <DepartureTime>11:50:00</DepartureTime>
</TimetabledPassingTime>
<TimetabledPassingTime version="any" id="SE:020:TimetabledPassingTime:205330000122308640">
    <StopPointInJourneyPatternRef ref="SE:020:StopPointInJourneyPattern:205339415000025276_205330000096807756" version="any"/>
    <ArrivalTime>12:10:00</ArrivalTime>
</TimetabledPassingTime>
                            </passingTimes>
                        </ServiceJourney>
                        <ServiceJourney version="any" id="SE:020:ServiceJourney:205330000122308465">
                            <TransportMode>bus</TransportMode>
                            <TransportSubmode>
<BusSubmode>unknown</BusSubmode>
                            </TransportSubmode>
                            <dayTypes>
<DayTypeRef ref="SE:020:DayType:4e4oir662e5noumv90vct9u81nk3ch5t"/>
                            </dayTypes>
                            <JourneyPatternRef ref="SE:020:JourneyPattern:205339415000026247" version="any"/>
                            <OperatorRef ref="SE:020:Operator:9013020140700000"/>
                            <passingTimes>
<TimetabledPassingTime version="any" id="SE:020:TimetabledPassingTime:205330000122308460">
    <StopPointInJourneyPatternRef ref="SE:020:StopPointInJourneyPattern:205339415000026247_205330000122308407" version="any"/>
    <DepartureTime>13:10:00</DepartureTime>
</TimetabledPassingTime>
<TimetabledPassingTime version="any" id="SE:020:TimetabledPassingTime:205330000122308461">
    <StopPointInJourneyPatternRef ref="SE:020:StopPointInJourneyPattern:205339415000026247_205330000122308408" version="any"/>
    <ArrivalTime>13:20:00</ArrivalTime>
</TimetabledPassingTime>
                            </passingTimes>
                        </ServiceJourney>
                        <ServiceJourney version="any" id="SE:020:ServiceJourney:205330000122308555">
                            <TransportMode>bus</TransportMode>
                            <TransportSubmode>
<BusSubmode>unknown</BusSubmode>
                            </TransportSubmode>
                            <dayTypes>
<DayTypeRef ref="SE:020:DayType:9ipdis7gmulkiq36930o6j4om7gto219"/>
                            </dayTypes>
                            <JourneyPatternRef ref="SE:020:JourneyPattern:205339415000026248" version="any"/>
                            <OperatorRef ref="SE:020:Operator:9013020140700000"/>
                            <passingTimes>
<TimetabledPassingTime version="any" id="SE:020:TimetabledPassingTime:205330000122308550">
    <StopPointInJourneyPatternRef ref="SE:020:StopPointInJourneyPattern:205339415000026248_205330000122308425" version="any"/>
    <DepartureTime>12:35:00</DepartureTime>
</TimetabledPassingTime>
<TimetabledPassingTime version="any" id="SE:020:TimetabledPassingTime:205330000122308551">
    <StopPointInJourneyPatternRef ref="SE:020:StopPointInJourneyPattern:205339415000026248_205330000122308426" version="any"/>
    <ArrivalTime>12:45:00</ArrivalTime>
</TimetabledPassingTime>
                            </passingTimes>
                        </ServiceJourney>
                        <ServiceJourney version="any" id="SE:020:ServiceJourney:205330000122308585">
                            <TransportMode>bus</TransportMode>
                            <TransportSubmode>
<BusSubmode>unknown</BusSubmode>
                            </TransportSubmode>
                            <dayTypes>
<DayTypeRef ref="SE:020:DayType:rof6a3na785n6vdq69neinr7sonqbron"/>
                            </dayTypes>
                            <JourneyPatternRef ref="SE:020:JourneyPattern:205339415000025273" version="any"/>
                            <OperatorRef ref="SE:020:Operator:9013020140700000"/>
                            <passingTimes>
<TimetabledPassingTime version="any" id="SE:020:TimetabledPassingTime:205330000122308580">
    <StopPointInJourneyPatternRef ref="SE:020:StopPointInJourneyPattern:205339415000025273_205330000091365247" version="any"/>
    <DepartureTime>08:40:00</DepartureTime>
</TimetabledPassingTime>
<TimetabledPassingTime version="any" id="SE:020:TimetabledPassingTime:205330000122308581">
    <StopPointInJourneyPatternRef ref="SE:020:StopPointInJourneyPattern:205339415000025273_205330000091365248" version="any"/>
    <ArrivalTime>08:55:00</ArrivalTime>
</TimetabledPassingTime>
                            </passingTimes>
                        </ServiceJourney>
                        <ServiceJourney version="any" id="SE:020:ServiceJourney:205330000122308656">
                            <TransportMode>bus</TransportMode>
                            <TransportSubmode>
<BusSubmode>unknown</BusSubmode>
                            </TransportSubmode>
                            <dayTypes>
<DayTypeRef ref="SE:020:DayType:ris9d9fmtnsrhvm6aj17js4qggab6gk4"/>
                            </dayTypes>
                            <JourneyPatternRef ref="SE:020:JourneyPattern:205339415000025277" version="any"/>
                            <OperatorRef ref="SE:020:Operator:9013020140700000"/>
                            <passingTimes>
<TimetabledPassingTime version="any" id="SE:020:TimetabledPassingTime:205330000122308651">
    <StopPointInJourneyPatternRef ref="SE:020:StopPointInJourneyPattern:205339415000025277_205330000093234912" version="any"/>
    <DepartureTime>08:30:00</DepartureTime>
</TimetabledPassingTime>
<TimetabledPassingTime version="any" id="SE:020:TimetabledPassingTime:205330000122308652">
    <StopPointInJourneyPatternRef ref="SE:020:StopPointInJourneyPattern:205339415000025277_205330000093234913" version="any"/>
    <ArrivalTime>08:50:00</ArrivalTime>
</TimetabledPassingTime>
                            </passingTimes>
                        </ServiceJourney>
                        <ServiceJourney version="any" id="SE:020:ServiceJourney:205330000122308710">
                            <TransportMode>bus</TransportMode>
                            <TransportSubmode>
<BusSubmode>unknown</BusSubmode>
                            </TransportSubmode>
                            <dayTypes>
<DayTypeRef ref="SE:020:DayType:rof6a3na785n6vdq69neinr7sonqbron"/>
                            </dayTypes>
                            <JourneyPatternRef ref="SE:020:JourneyPattern:205339415000025275" version="any"/>
                            <OperatorRef ref="SE:020:Operator:9013020140700000"/>
                            <passingTimes>
<TimetabledPassingTime version="any" id="SE:020:TimetabledPassingTime:205330000122308705">
    <StopPointInJourneyPatternRef ref="SE:020:StopPointInJourneyPattern:205339415000025275_205330000096807809" version="any"/>
    <DepartureTime>11:00:00</DepartureTime>
</TimetabledPassingTime>
<TimetabledPassingTime version="any" id="SE:020:TimetabledPassingTime:205330000122308706">
    <StopPointInJourneyPatternRef ref="SE:020:StopPointInJourneyPattern:205339415000025275_205330000096807810" version="any"/>
    <ArrivalTime>11:15:00</ArrivalTime>
</TimetabledPassingTime>
                            </passingTimes>
                        </ServiceJourney>
                        <ServiceJourney version="any" id="SE:020:ServiceJourney:205330000122308519">
                            <TransportMode>bus</TransportMode>
                            <TransportSubmode>
<BusSubmode>unknown</BusSubmode>
                            </TransportSubmode>
                            <dayTypes>
<DayTypeRef ref="SE:020:DayType:1mhj50hp0r76f85cc0diul7kk6955vog"/>
                            </dayTypes>
                            <JourneyPatternRef ref="SE:020:JourneyPattern:205339415000026248" version="any"/>
                            <OperatorRef ref="SE:020:Operator:9013020140700000"/>
                            <passingTimes>
<TimetabledPassingTime version="any" id="SE:020:TimetabledPassingTime:205330000122308514">
    <StopPointInJourneyPatternRef ref="SE:020:StopPointInJourneyPattern:205339415000026248_205330000122308425" version="any"/>
    <DepartureTime>13:25:00</DepartureTime>
</TimetabledPassingTime>
<TimetabledPassingTime version="any" id="SE:020:TimetabledPassingTime:205330000122308515">
    <StopPointInJourneyPatternRef ref="SE:020:StopPointInJourneyPattern:205339415000026248_205330000122308426" version="any"/>
    <ArrivalTime>13:35:00</ArrivalTime>
</TimetabledPassingTime>
                            </passingTimes>
                        </ServiceJourney>
                        <ServiceJourney version="any" id="SE:020:ServiceJourney:205330000122308537">
                            <TransportMode>bus</TransportMode>
                            <TransportSubmode>
<BusSubmode>unknown</BusSubmode>
                            </TransportSubmode>
                            <dayTypes>
<DayTypeRef ref="SE:020:DayType:4e4oir662e5noumv90vct9u81nk3ch5t"/>
                            </dayTypes>
                            <JourneyPatternRef ref="SE:020:JourneyPattern:205339415000026248" version="any"/>
                            <OperatorRef ref="SE:020:Operator:9013020140700000"/>
                            <passingTimes>
<TimetabledPassingTime version="any" id="SE:020:TimetabledPassingTime:205330000122308532">
    <StopPointInJourneyPatternRef ref="SE:020:StopPointInJourneyPattern:205339415000026248_205330000122308425" version="any"/>
    <DepartureTime>14:25:00</DepartureTime>
</TimetabledPassingTime>
<TimetabledPassingTime version="any" id="SE:020:TimetabledPassingTime:205330000122308533">
    <StopPointInJourneyPatternRef ref="SE:020:StopPointInJourneyPattern:205339415000026248_205330000122308426" version="any"/>
    <ArrivalTime>14:35:00</ArrivalTime>
</TimetabledPassingTime>
                            </passingTimes>
                        </ServiceJourney>
                        <ServiceJourney version="any" id="SE:020:ServiceJourney:205330000122308608">
                            <TransportMode>bus</TransportMode>
                            <TransportSubmode>
<BusSubmode>unknown</BusSubmode>
                            </TransportSubmode>
                            <dayTypes>
<DayTypeRef ref="SE:020:DayType:ris9d9fmtnsrhvm6aj17js4qggab6gk4"/>
                            </dayTypes>
                            <JourneyPatternRef ref="SE:020:JourneyPattern:205339415000025276" version="any"/>
                            <OperatorRef ref="SE:020:Operator:9013020140700000"/>
                            <passingTimes>
<TimetabledPassingTime version="any" id="SE:020:TimetabledPassingTime:205330000122308604">
    <StopPointInJourneyPatternRef ref="SE:020:StopPointInJourneyPattern:205339415000025276_205330000096807755" version="any"/>
    <DepartureTime>10:10:00</DepartureTime>
</TimetabledPassingTime>
<TimetabledPassingTime version="any" id="SE:020:TimetabledPassingTime:205330000122308605">
    <StopPointInJourneyPatternRef ref="SE:020:StopPointInJourneyPattern:205339415000025276_205330000096807756" version="any"/>
    <ArrivalTime>10:30:00</ArrivalTime>
</TimetabledPassingTime>
                            </passingTimes>
                        </ServiceJourney>
                        <ServiceJourney version="any" id="SE:020:ServiceJourney:205330000122308684">
                            <TransportMode>bus</TransportMode>
                            <TransportSubmode>
<BusSubmode>unknown</BusSubmode>
                            </TransportSubmode>
                            <dayTypes>
<DayTypeRef ref="SE:020:DayType:sj64jfatudrkqehh5ormlead148ola9e"/>
                            </dayTypes>
                            <JourneyPatternRef ref="SE:020:JourneyPattern:205339415000025277" version="any"/>
                            <OperatorRef ref="SE:020:Operator:9013020140700000"/>
                            <passingTimes>
<TimetabledPassingTime version="any" id="SE:020:TimetabledPassingTime:205330000122308679">
    <StopPointInJourneyPatternRef ref="SE:020:StopPointInJourneyPattern:205339415000025277_205330000093234912" version="any"/>
    <DepartureTime>10:00:00</DepartureTime>
</TimetabledPassingTime>
<TimetabledPassingTime version="any" id="SE:020:TimetabledPassingTime:205330000122308680">
    <StopPointInJourneyPatternRef ref="SE:020:StopPointInJourneyPattern:205339415000025277_205330000093234913" version="any"/>
    <ArrivalTime>10:20:00</ArrivalTime>
</TimetabledPassingTime>
                            </passingTimes>
                        </ServiceJourney>
                        <ServiceJourney version="any" id="SE:020:ServiceJourney:205330000122308447">
                            <TransportMode>bus</TransportMode>
                            <TransportSubmode>
<BusSubmode>unknown</BusSubmode>
                            </TransportSubmode>
                            <dayTypes>
<DayTypeRef ref="SE:020:DayType:4e4oir662e5noumv90vct9u81nk3ch5t"/>
                            </dayTypes>
                            <JourneyPatternRef ref="SE:020:JourneyPattern:205339415000026247" version="any"/>
                            <OperatorRef ref="SE:020:Operator:9013020140700000"/>
                            <passingTimes>
<TimetabledPassingTime version="any" id="SE:020:TimetabledPassingTime:205330000122308442">
    <StopPointInJourneyPatternRef ref="SE:020:StopPointInJourneyPattern:205339415000026247_205330000122308407" version="any"/>
    <DepartureTime>11:55:00</DepartureTime>
</TimetabledPassingTime>
<TimetabledPassingTime version="any" id="SE:020:TimetabledPassingTime:205330000122308443">
    <StopPointInJourneyPatternRef ref="SE:020:StopPointInJourneyPattern:205339415000026247_205330000122308408" version="any"/>
    <ArrivalTime>12:05:00</ArrivalTime>
</TimetabledPassingTime>
                            </passingTimes>
                        </ServiceJourney>
                        <ServiceJourney version="any" id="SE:020:ServiceJourney:205330000122308597">
                            <TransportMode>bus</TransportMode>
                            <TransportSubmode>
<BusSubmode>unknown</BusSubmode>
                            </TransportSubmode>
                            <dayTypes>
<DayTypeRef ref="SE:020:DayType:rof6a3na785n6vdq69neinr7sonqbron"/>
                            </dayTypes>
                            <JourneyPatternRef ref="SE:020:JourneyPattern:205339415000025273" version="any"/>
                            <OperatorRef ref="SE:020:Operator:9013020140700000"/>
                            <passingTimes>
<TimetabledPassingTime version="any" id="SE:020:TimetabledPassingTime:205330000122308592">
    <StopPointInJourneyPatternRef ref="SE:020:StopPointInJourneyPattern:205339415000025273_205330000091365247" version="any"/>
    <DepartureTime>09:50:00</DepartureTime>
</TimetabledPassingTime>
<TimetabledPassingTime version="any" id="SE:020:TimetabledPassingTime:205330000122308593">
    <StopPointInJourneyPatternRef ref="SE:020:StopPointInJourneyPattern:205339415000025273_205330000091365248" version="any"/>
    <ArrivalTime>10:05:00</ArrivalTime>
</TimetabledPassingTime>
                            </passingTimes>
                        </ServiceJourney>
                        <ServiceJourney version="any" id="SE:020:ServiceJourney:205330000122308632">
                            <TransportMode>bus</TransportMode>
                            <TransportSubmode>
<BusSubmode>unknown</BusSubmode>
                            </TransportSubmode>
                            <dayTypes>
<DayTypeRef ref="SE:020:DayType:94jnqjef0nvolrrblndic9v1sj1pho5j"/>
                            </dayTypes>
                            <JourneyPatternRef ref="SE:020:JourneyPattern:205339415000025276" version="any"/>
                            <OperatorRef ref="SE:020:Operator:9013020140700000"/>
                            <passingTimes>
<TimetabledPassingTime version="any" id="SE:020:TimetabledPassingTime:205330000122308627">
    <StopPointInJourneyPatternRef ref="SE:020:StopPointInJourneyPattern:205339415000025276_205330000096807755" version="any"/>
    <DepartureTime>11:00:00</DepartureTime>
</TimetabledPassingTime>
<TimetabledPassingTime version="any" id="SE:020:TimetabledPassingTime:205330000122308628">
    <StopPointInJourneyPatternRef ref="SE:020:StopPointInJourneyPattern:205339415000025276_205330000096807756" version="any"/>
    <ArrivalTime>11:20:00</ArrivalTime>
</TimetabledPassingTime>
                            </passingTimes>
                        </ServiceJourney>
                        <ServiceJourney version="any" id="SE:020:ServiceJourney:205330000122308668">
                            <TransportMode>bus</TransportMode>
                            <TransportSubmode>
<BusSubmode>unknown</BusSubmode>
                            </TransportSubmode>
                            <dayTypes>
<DayTypeRef ref="SE:020:DayType:rof6a3na785n6vdq69neinr7sonqbron"/>
                            </dayTypes>
                            <JourneyPatternRef ref="SE:020:JourneyPattern:205339415000025277" version="any"/>
                            <OperatorRef ref="SE:020:Operator:9013020140700000"/>
                            <passingTimes>
<TimetabledPassingTime version="any" id="SE:020:TimetabledPassingTime:205330000122308663">
    <StopPointInJourneyPatternRef ref="SE:020:StopPointInJourneyPattern:205339415000025277_205330000093234912" version="any"/>
    <DepartureTime>08:40:00</DepartureTime>
</TimetabledPassingTime>
<TimetabledPassingTime version="any" id="SE:020:TimetabledPassingTime:205330000122308664">
    <StopPointInJourneyPatternRef ref="SE:020:StopPointInJourneyPattern:205339415000025277_205330000093234913" version="any"/>
    <ArrivalTime>09:00:00</ArrivalTime>
</TimetabledPassingTime>
                            </passingTimes>
                        </ServiceJourney>
                        <ServiceJourney version="any" id="SE:020:ServiceJourney:205330000122308698">
                            <TransportMode>bus</TransportMode>
                            <TransportSubmode>
<BusSubmode>unknown</BusSubmode>
                            </TransportSubmode>
                            <dayTypes>
<DayTypeRef ref="SE:020:DayType:rof6a3na785n6vdq69neinr7sonqbron"/>
                            </dayTypes>
                            <JourneyPatternRef ref="SE:020:JourneyPattern:205339415000025275" version="any"/>
                            <OperatorRef ref="SE:020:Operator:9013020140700000"/>
                            <passingTimes>
<TimetabledPassingTime version="any" id="SE:020:TimetabledPassingTime:205330000122308693">
    <StopPointInJourneyPatternRef ref="SE:020:StopPointInJourneyPattern:205339415000025275_205330000096807809" version="any"/>
    <DepartureTime>09:50:00</DepartureTime>
</TimetabledPassingTime>
<TimetabledPassingTime version="any" id="SE:020:TimetabledPassingTime:205330000122308694">
    <StopPointInJourneyPatternRef ref="SE:020:StopPointInJourneyPattern:205339415000025275_205330000096807810" version="any"/>
    <ArrivalTime>10:05:00</ArrivalTime>
</TimetabledPassingTime>
                            </passingTimes>
                        </ServiceJourney>
                    </vehicleJourneys>
                </TimetableFrame>
            </frames>
        </CompositeFrame>
    </dataObjects>
</PublicationDelivery>
