<?xml version="1.0" encoding="UTF-8" standalone="yes"?>
<PublicationDelivery xmlns="http://www.netex.org.uk/netex" xmlns:ns2="http://www.opengis.net/gml/3.2" xmlns:ns3="http://www.siri.org.uk/siri" version="1.11:NO-NeTEx-networktimetable:1.3">
    <PublicationTimestamp>2024-09-02T03:57:40</PublicationTimestamp>
    <ParticipantRef>SAM</ParticipantRef>
    <dataObjects>
        <CompositeFrame created="2024-09-02T03:57:40" version="20240902035740" id="SE:020:CompositeFrame:9011020004400000">
            <ValidBetween>
                <FromDate>1970-01-01T00:00:00</FromDate>
            </ValidBetween>
            <codespaces>
                <Codespace id="SE:020">
                    <Xmlns>SE:020</Xmlns>
                    <XmlnsUrl>http://www.samtrafiken.se/ns/dt</XmlnsUrl>
                </Codespace>
            </codespaces>
            <FrameDefaults>
                <DefaultLocale>
                    <TimeZone>Europe/Stockholm</TimeZone>
                    <DefaultLanguage>se</DefaultLanguage>
                </DefaultLocale>
                <DefaultLocationSystem>4326</DefaultLocationSystem>
            </FrameDefaults>
            <frames>
                <ServiceFrame version="20240902035740" id="SE:020:ServiceFrame:9011020004400000">
                    <routes>
                        <Route version="any" id="SE:020:Route:205330000115202797">
                            <Name>Resecentrum-Ludvika gård-Resecentrum.</Name>
                            <LineRef ref="SE:020:Line:9011020004400000" version="111216"/>
                            <DirectionType>outbound</DirectionType>
                            <pointsInSequence>
<PointOnRoute order="1" version="any" id="SE:020:PointOnRoute:205330000115202802">
    <RoutePointRef ref="SE:020:RoutePoint:9022020585301041"/>
</PointOnRoute>
<PointOnRoute order="2" version="any" id="SE:020:PointOnRoute:205330000115202803">
    <RoutePointRef ref="SE:020:RoutePoint:9022020585358001"/>
</PointOnRoute>
<PointOnRoute order="3" version="any" id="SE:020:PointOnRoute:205330000115202804">
    <RoutePointRef ref="SE:020:RoutePoint:9022020585274001"/>
</PointOnRoute>
<PointOnRoute order="4" version="any" id="SE:020:PointOnRoute:205330000115202805">
    <RoutePointRef ref="SE:020:RoutePoint:9022020585273001"/>
</PointOnRoute>
<PointOnRoute order="5" version="any" id="SE:020:PointOnRoute:205330000115202806">
    <RoutePointRef ref="SE:020:RoutePoint:9022020585272001"/>
</PointOnRoute>
<PointOnRoute order="6" version="any" id="SE:020:PointOnRoute:205330000115202807">
    <RoutePointRef ref="SE:020:RoutePoint:9022020585271001"/>
</PointOnRoute>
<PointOnRoute order="7" version="any" id="SE:020:PointOnRoute:205330000115202808">
    <RoutePointRef ref="SE:020:RoutePoint:9022020585270001"/>
</PointOnRoute>
<PointOnRoute order="8" version="any" id="SE:020:PointOnRoute:205330000115202809">
    <RoutePointRef ref="SE:020:RoutePoint:9022020585255001"/>
</PointOnRoute>
<PointOnRoute order="9" version="any" id="SE:020:PointOnRoute:205330000115202810">
    <RoutePointRef ref="SE:020:RoutePoint:9022020585254001"/>
</PointOnRoute>
<PointOnRoute order="10" version="any" id="SE:020:PointOnRoute:205330000115202811">
    <RoutePointRef ref="SE:020:RoutePoint:9022020585253001"/>
</PointOnRoute>
<PointOnRoute order="11" version="any" id="SE:020:PointOnRoute:205330000115202812">
    <RoutePointRef ref="SE:020:RoutePoint:9022020585251001"/>
</PointOnRoute>
<PointOnRoute order="12" version="any" id="SE:020:PointOnRoute:205330000115202813">
    <RoutePointRef ref="SE:020:RoutePoint:9022020585250001"/>
</PointOnRoute>
<PointOnRoute order="13" version="any" id="SE:020:PointOnRoute:205330000115202814">
    <RoutePointRef ref="SE:020:RoutePoint:9022020585249001"/>
</PointOnRoute>
<PointOnRoute order="14" version="any" id="SE:020:PointOnRoute:205330000115202815">
    <RoutePointRef ref="SE:020:RoutePoint:9022020585248001"/>
</PointOnRoute>
<PointOnRoute order="15" version="any" id="SE:020:PointOnRoute:205330000115202816">
    <RoutePointRef ref="SE:020:RoutePoint:9022020585249002"/>
</PointOnRoute>
<PointOnRoute order="16" version="any" id="SE:020:PointOnRoute:205330000115202817">
    <RoutePointRef ref="SE:020:RoutePoint:9022020585250002"/>
</PointOnRoute>
<PointOnRoute order="17" version="any" id="SE:020:PointOnRoute:205330000115202818">
    <RoutePointRef ref="SE:020:RoutePoint:9022020585251002"/>
</PointOnRoute>
<PointOnRoute order="18" version="any" id="SE:020:PointOnRoute:205330000115202819">
    <RoutePointRef ref="SE:020:RoutePoint:9022020585256002"/>
</PointOnRoute>
<PointOnRoute order="19" version="any" id="SE:020:PointOnRoute:205330000115202820">
    <RoutePointRef ref="SE:020:RoutePoint:9022020585140001"/>
</PointOnRoute>
<PointOnRoute order="20" version="any" id="SE:020:PointOnRoute:205330000115202821">
    <RoutePointRef ref="SE:020:RoutePoint:9022020585257002"/>
</PointOnRoute>
<PointOnRoute order="21" version="any" id="SE:020:PointOnRoute:205330000115202822">
    <RoutePointRef ref="SE:020:RoutePoint:9022020585269001"/>
</PointOnRoute>
<PointOnRoute order="22" version="any" id="SE:020:PointOnRoute:205330000115202823">
    <RoutePointRef ref="SE:020:RoutePoint:9022020585270002"/>
</PointOnRoute>
<PointOnRoute order="23" version="any" id="SE:020:PointOnRoute:205330000115202824">
    <RoutePointRef ref="SE:020:RoutePoint:9022020585271002"/>
</PointOnRoute>
<PointOnRoute order="24" version="any" id="SE:020:PointOnRoute:205330000115202825">
    <RoutePointRef ref="SE:020:RoutePoint:9022020585272002"/>
</PointOnRoute>
<PointOnRoute order="25" version="any" id="SE:020:PointOnRoute:205330000115202826">
    <RoutePointRef ref="SE:020:RoutePoint:9022020585273002"/>
</PointOnRoute>
<PointOnRoute order="26" version="any" id="SE:020:PointOnRoute:205330000115202827">
    <RoutePointRef ref="SE:020:RoutePoint:9022020585358001"/>
</PointOnRoute>
<PointOnRoute order="27" version="any" id="SE:020:PointOnRoute:205330000115202828">
    <RoutePointRef ref="SE:020:RoutePoint:9022020585301041"/>
</PointOnRoute>
                            </pointsInSequence>
                        </Route>
                        <Route version="any" id="SE:020:Route:205330000115202750">
                            <Name>Resecentrum-Ludvika gård-Resecentrum.</Name>
                            <LineRef ref="SE:020:Line:9011020004400000" version="111216"/>
                            <DirectionType>outbound</DirectionType>
                            <pointsInSequence>
<PointOnRoute order="1" version="any" id="SE:020:PointOnRoute:205330000115202755">
    <RoutePointRef ref="SE:020:RoutePoint:9022020585301043"/>
</PointOnRoute>
<PointOnRoute order="2" version="any" id="SE:020:PointOnRoute:205330000115202756">
    <RoutePointRef ref="SE:020:RoutePoint:9022020585358001"/>
</PointOnRoute>
<PointOnRoute order="3" version="any" id="SE:020:PointOnRoute:205330000115202757">
    <RoutePointRef ref="SE:020:RoutePoint:9022020585274001"/>
</PointOnRoute>
<PointOnRoute order="4" version="any" id="SE:020:PointOnRoute:205330000115202758">
    <RoutePointRef ref="SE:020:RoutePoint:9022020585273001"/>
</PointOnRoute>
<PointOnRoute order="5" version="any" id="SE:020:PointOnRoute:205330000115202759">
    <RoutePointRef ref="SE:020:RoutePoint:9022020585272001"/>
</PointOnRoute>
<PointOnRoute order="6" version="any" id="SE:020:PointOnRoute:205330000115202760">
    <RoutePointRef ref="SE:020:RoutePoint:9022020585271001"/>
</PointOnRoute>
<PointOnRoute order="7" version="any" id="SE:020:PointOnRoute:205330000115202761">
    <RoutePointRef ref="SE:020:RoutePoint:9022020585270001"/>
</PointOnRoute>
<PointOnRoute order="8" version="any" id="SE:020:PointOnRoute:205330000115202762">
    <RoutePointRef ref="SE:020:RoutePoint:9022020585255001"/>
</PointOnRoute>
<PointOnRoute order="9" version="any" id="SE:020:PointOnRoute:205330000115202763">
    <RoutePointRef ref="SE:020:RoutePoint:9022020585254001"/>
</PointOnRoute>
<PointOnRoute order="10" version="any" id="SE:020:PointOnRoute:205330000115202764">
    <RoutePointRef ref="SE:020:RoutePoint:9022020585253001"/>
</PointOnRoute>
<PointOnRoute order="11" version="any" id="SE:020:PointOnRoute:205330000115202765">
    <RoutePointRef ref="SE:020:RoutePoint:9022020585251001"/>
</PointOnRoute>
<PointOnRoute order="12" version="any" id="SE:020:PointOnRoute:205330000115202766">
    <RoutePointRef ref="SE:020:RoutePoint:9022020585250001"/>
</PointOnRoute>
<PointOnRoute order="13" version="any" id="SE:020:PointOnRoute:205330000115202767">
    <RoutePointRef ref="SE:020:RoutePoint:9022020585249001"/>
</PointOnRoute>
<PointOnRoute order="14" version="any" id="SE:020:PointOnRoute:205330000115202768">
    <RoutePointRef ref="SE:020:RoutePoint:9022020585248001"/>
</PointOnRoute>
<PointOnRoute order="15" version="any" id="SE:020:PointOnRoute:205330000115202769">
    <RoutePointRef ref="SE:020:RoutePoint:9022020585249002"/>
</PointOnRoute>
<PointOnRoute order="16" version="any" id="SE:020:PointOnRoute:205330000115202770">
    <RoutePointRef ref="SE:020:RoutePoint:9022020585250002"/>
</PointOnRoute>
<PointOnRoute order="17" version="any" id="SE:020:PointOnRoute:205330000115202771">
    <RoutePointRef ref="SE:020:RoutePoint:9022020585251002"/>
</PointOnRoute>
<PointOnRoute order="18" version="any" id="SE:020:PointOnRoute:205330000115202772">
    <RoutePointRef ref="SE:020:RoutePoint:9022020585256002"/>
</PointOnRoute>
<PointOnRoute order="19" version="any" id="SE:020:PointOnRoute:205330000115202773">
    <RoutePointRef ref="SE:020:RoutePoint:9022020585140001"/>
</PointOnRoute>
<PointOnRoute order="20" version="any" id="SE:020:PointOnRoute:205330000115202774">
    <RoutePointRef ref="SE:020:RoutePoint:9022020585257002"/>
</PointOnRoute>
<PointOnRoute order="21" version="any" id="SE:020:PointOnRoute:205330000115202775">
    <RoutePointRef ref="SE:020:RoutePoint:9022020585269001"/>
</PointOnRoute>
<PointOnRoute order="22" version="any" id="SE:020:PointOnRoute:205330000115202776">
    <RoutePointRef ref="SE:020:RoutePoint:9022020585270002"/>
</PointOnRoute>
<PointOnRoute order="23" version="any" id="SE:020:PointOnRoute:205330000115202777">
    <RoutePointRef ref="SE:020:RoutePoint:9022020585271002"/>
</PointOnRoute>
<PointOnRoute order="24" version="any" id="SE:020:PointOnRoute:205330000115202778">
    <RoutePointRef ref="SE:020:RoutePoint:9022020585272002"/>
</PointOnRoute>
<PointOnRoute order="25" version="any" id="SE:020:PointOnRoute:205330000115202779">
    <RoutePointRef ref="SE:020:RoutePoint:9022020585273002"/>
</PointOnRoute>
<PointOnRoute order="26" version="any" id="SE:020:PointOnRoute:205330000115202780">
    <RoutePointRef ref="SE:020:RoutePoint:9022020585358001"/>
</PointOnRoute>
<PointOnRoute order="27" version="any" id="SE:020:PointOnRoute:205330000115202781">
    <RoutePointRef ref="SE:020:RoutePoint:9022020585301041"/>
</PointOnRoute>
                            </pointsInSequence>
                        </Route>
                    </routes>
                    <lines>
                        <Line version="111216" id="SE:020:Line:9011020004400000">
                            <ValidBetween>
<FromDate>2011-12-16T00:00:00</FromDate>
                            </ValidBetween>
                            <Name>44</Name>
                            <TransportMode>bus</TransportMode>
                            <TransportSubmode>
<BusSubmode>unknown</BusSubmode>
                            </TransportSubmode>
                            <PublicCode>44</PublicCode>
                            <PrivateCode>44</PrivateCode>
                            <RepresentedByGroupRef ref="SE:020:Network:9010020000000000"/>
                        </Line>
                    </lines>
                    <journeyPatterns>
                        <JourneyPattern version="any" id="SE:020:JourneyPattern:205339415000025571">
                            <RouteRef ref="SE:020:Route:205330000115202797" version="any"/>
                            <pointsInSequence>
<StopPointInJourneyPattern order="1" version="any" id="SE:020:StopPointInJourneyPattern:205339415000025571_205330000115202802">
    <ScheduledStopPointRef ref="SE:020:ScheduledStopPoint:9022020585301041"/>
    <ForAlighting>false</ForAlighting>
    <ForBoarding>true</ForBoarding>
    <DestinationDisplayRef ref="SE:020:DestinationDisplay:205330000115202836"/>
    <RequestStop>true</RequestStop>
</StopPointInJourneyPattern>
<StopPointInJourneyPattern order="2" version="any" id="SE:020:StopPointInJourneyPattern:205339415000025571_205330000115202803">
    <ScheduledStopPointRef ref="SE:020:ScheduledStopPoint:9022020585358001"/>
    <ForAlighting>true</ForAlighting>
    <ForBoarding>true</ForBoarding>
    <RequestStop>true</RequestStop>
</StopPointInJourneyPattern>
<StopPointInJourneyPattern order="3" version="any" id="SE:020:StopPointInJourneyPattern:205339415000025571_205330000115202804">
    <ScheduledStopPointRef ref="SE:020:ScheduledStopPoint:9022020585274001"/>
    <ForAlighting>true</ForAlighting>
    <ForBoarding>true</ForBoarding>
    <RequestStop>true</RequestStop>
</StopPointInJourneyPattern>
<StopPointInJourneyPattern order="4" version="any" id="SE:020:StopPointInJourneyPattern:205339415000025571_205330000115202805">
    <ScheduledStopPointRef ref="SE:020:ScheduledStopPoint:9022020585273001"/>
    <ForAlighting>true</ForAlighting>
    <ForBoarding>true</ForBoarding>
    <RequestStop>true</RequestStop>
</StopPointInJourneyPattern>
<StopPointInJourneyPattern order="5" version="any" id="SE:020:StopPointInJourneyPattern:205339415000025571_205330000115202806">
    <ScheduledStopPointRef ref="SE:020:ScheduledStopPoint:9022020585272001"/>
    <ForAlighting>true</ForAlighting>
    <ForBoarding>true</ForBoarding>
    <RequestStop>true</RequestStop>
</StopPointInJourneyPattern>
<StopPointInJourneyPattern order="6" version="any" id="SE:020:StopPointInJourneyPattern:205339415000025571_205330000115202807">
    <ScheduledStopPointRef ref="SE:020:ScheduledStopPoint:9022020585271001"/>
    <ForAlighting>true</ForAlighting>
    <ForBoarding>true</ForBoarding>
    <RequestStop>true</RequestStop>
</StopPointInJourneyPattern>
<StopPointInJourneyPattern order="7" version="any" id="SE:020:StopPointInJourneyPattern:205339415000025571_205330000115202808">
    <ScheduledStopPointRef ref="SE:020:ScheduledStopPoint:9022020585270001"/>
    <ForAlighting>true</ForAlighting>
    <ForBoarding>true</ForBoarding>
    <RequestStop>true</RequestStop>
</StopPointInJourneyPattern>
<StopPointInJourneyPattern order="8" version="any" id="SE:020:StopPointInJourneyPattern:205339415000025571_205330000115202809">
    <ScheduledStopPointRef ref="SE:020:ScheduledStopPoint:9022020585255001"/>
    <ForAlighting>true</ForAlighting>
    <ForBoarding>true</ForBoarding>
    <RequestStop>true</RequestStop>
</StopPointInJourneyPattern>
<StopPointInJourneyPattern order="9" version="any" id="SE:020:StopPointInJourneyPattern:205339415000025571_205330000115202810">
    <ScheduledStopPointRef ref="SE:020:ScheduledStopPoint:9022020585254001"/>
    <ForAlighting>true</ForAlighting>
    <ForBoarding>true</ForBoarding>
    <RequestStop>true</RequestStop>
</StopPointInJourneyPattern>
<StopPointInJourneyPattern order="10" version="any" id="SE:020:StopPointInJourneyPattern:205339415000025571_205330000115202811">
    <ScheduledStopPointRef ref="SE:020:ScheduledStopPoint:9022020585253001"/>
    <ForAlighting>true</ForAlighting>
    <ForBoarding>true</ForBoarding>
    <RequestStop>true</RequestStop>
</StopPointInJourneyPattern>
<StopPointInJourneyPattern order="11" version="any" id="SE:020:StopPointInJourneyPattern:205339415000025571_205330000115202812">
    <ScheduledStopPointRef ref="SE:020:ScheduledStopPoint:9022020585251001"/>
    <ForAlighting>true</ForAlighting>
    <ForBoarding>true</ForBoarding>
    <RequestStop>true</RequestStop>
</StopPointInJourneyPattern>
<StopPointInJourneyPattern order="12" version="any" id="SE:020:StopPointInJourneyPattern:205339415000025571_205330000115202813">
    <ScheduledStopPointRef ref="SE:020:ScheduledStopPoint:9022020585250001"/>
    <ForAlighting>true</ForAlighting>
    <ForBoarding>true</ForBoarding>
    <RequestStop>true</RequestStop>
</StopPointInJourneyPattern>
<StopPointInJourneyPattern order="13" version="any" id="SE:020:StopPointInJourneyPattern:205339415000025571_205330000115202814">
    <ScheduledStopPointRef ref="SE:020:ScheduledStopPoint:9022020585249001"/>
    <ForAlighting>true</ForAlighting>
    <ForBoarding>true</ForBoarding>
    <DestinationDisplayRef ref="SE:020:DestinationDisplay:205330000115202840"/>
    <RequestStop>true</RequestStop>
</StopPointInJourneyPattern>
<StopPointInJourneyPattern order="14" version="any" id="SE:020:StopPointInJourneyPattern:205339415000025571_205330000115202815">
    <ScheduledStopPointRef ref="SE:020:ScheduledStopPoint:9022020585248001"/>
    <ForAlighting>true</ForAlighting>
    <ForBoarding>true</ForBoarding>
    <RequestStop>true</RequestStop>
</StopPointInJourneyPattern>
<StopPointInJourneyPattern order="15" version="any" id="SE:020:StopPointInJourneyPattern:205339415000025571_205330000115202816">
    <ScheduledStopPointRef ref="SE:020:ScheduledStopPoint:9022020585249002"/>
    <ForAlighting>true</ForAlighting>
    <ForBoarding>true</ForBoarding>
    <RequestStop>true</RequestStop>
</StopPointInJourneyPattern>
<StopPointInJourneyPattern order="16" version="any" id="SE:020:StopPointInJourneyPattern:205339415000025571_205330000115202817">
    <ScheduledStopPointRef ref="SE:020:ScheduledStopPoint:9022020585250002"/>
    <ForAlighting>true</ForAlighting>
    <ForBoarding>true</ForBoarding>
    <RequestStop>true</RequestStop>
</StopPointInJourneyPattern>
<StopPointInJourneyPattern order="17" version="any" id="SE:020:StopPointInJourneyPattern:205339415000025571_205330000115202818">
    <ScheduledStopPointRef ref="SE:020:ScheduledStopPoint:9022020585251002"/>
    <ForAlighting>true</ForAlighting>
    <ForBoarding>true</ForBoarding>
    <RequestStop>true</RequestStop>
</StopPointInJourneyPattern>
<StopPointInJourneyPattern order="18" version="any" id="SE:020:StopPointInJourneyPattern:205339415000025571_205330000115202819">
    <ScheduledStopPointRef ref="SE:020:ScheduledStopPoint:9022020585256002"/>
    <ForAlighting>true</ForAlighting>
    <ForBoarding>true</ForBoarding>
    <RequestStop>true</RequestStop>
</StopPointInJourneyPattern>
<StopPointInJourneyPattern order="19" version="any" id="SE:020:StopPointInJourneyPattern:205339415000025571_205330000115202820">
    <ScheduledStopPointRef ref="SE:020:ScheduledStopPoint:9022020585140001"/>
    <ForAlighting>true</ForAlighting>
    <ForBoarding>true</ForBoarding>
    <RequestStop>true</RequestStop>
</StopPointInJourneyPattern>
<StopPointInJourneyPattern order="20" version="any" id="SE:020:StopPointInJourneyPattern:205339415000025571_205330000115202821">
    <ScheduledStopPointRef ref="SE:020:ScheduledStopPoint:9022020585257002"/>
    <ForAlighting>true</ForAlighting>
    <ForBoarding>true</ForBoarding>
    <RequestStop>true</RequestStop>
</StopPointInJourneyPattern>
<StopPointInJourneyPattern order="21" version="any" id="SE:020:StopPointInJourneyPattern:205339415000025571_205330000115202822">
    <ScheduledStopPointRef ref="SE:020:ScheduledStopPoint:9022020585269001"/>
    <ForAlighting>true</ForAlighting>
    <ForBoarding>true</ForBoarding>
    <RequestStop>true</RequestStop>
</StopPointInJourneyPattern>
<StopPointInJourneyPattern order="22" version="any" id="SE:020:StopPointInJourneyPattern:205339415000025571_205330000115202823">
    <ScheduledStopPointRef ref="SE:020:ScheduledStopPoint:9022020585270002"/>
    <ForAlighting>true</ForAlighting>
    <ForBoarding>true</ForBoarding>
    <RequestStop>true</RequestStop>
</StopPointInJourneyPattern>
<StopPointInJourneyPattern order="23" version="any" id="SE:020:StopPointInJourneyPattern:205339415000025571_205330000115202824">
    <ScheduledStopPointRef ref="SE:020:ScheduledStopPoint:9022020585271002"/>
    <ForAlighting>true</ForAlighting>
    <ForBoarding>true</ForBoarding>
    <RequestStop>true</RequestStop>
</StopPointInJourneyPattern>
<StopPointInJourneyPattern order="24" version="any" id="SE:020:StopPointInJourneyPattern:205339415000025571_205330000115202825">
    <ScheduledStopPointRef ref="SE:020:ScheduledStopPoint:9022020585272002"/>
    <ForAlighting>true</ForAlighting>
    <ForBoarding>true</ForBoarding>
    <RequestStop>true</RequestStop>
</StopPointInJourneyPattern>
<StopPointInJourneyPattern order="25" version="any" id="SE:020:StopPointInJourneyPattern:205339415000025571_205330000115202826">
    <ScheduledStopPointRef ref="SE:020:ScheduledStopPoint:9022020585273002"/>
    <ForAlighting>true</ForAlighting>
    <ForBoarding>true</ForBoarding>
    <RequestStop>true</RequestStop>
</StopPointInJourneyPattern>
<StopPointInJourneyPattern order="26" version="any" id="SE:020:StopPointInJourneyPattern:205339415000025571_205330000115202827">
    <ScheduledStopPointRef ref="SE:020:ScheduledStopPoint:9022020585358001"/>
    <ForAlighting>true</ForAlighting>
    <ForBoarding>true</ForBoarding>
    <RequestStop>true</RequestStop>
</StopPointInJourneyPattern>
<StopPointInJourneyPattern order="27" version="any" id="SE:020:StopPointInJourneyPattern:205339415000025571_205330000115202828">
    <ScheduledStopPointRef ref="SE:020:ScheduledStopPoint:9022020585301041"/>
    <ForAlighting>true</ForAlighting>
    <ForBoarding>false</ForBoarding>
    <RequestStop>true</RequestStop>
</StopPointInJourneyPattern>
                            </pointsInSequence>
                            <linksInSequence>
<ServiceLinkInJourneyPattern order="1" version="any" id="SE:020:ServiceLinkInJourneyPattern:BUS_1679">
    <ServiceLinkRef ref="SE:020:ServiceLink:BUS_9025020058530141_9025020058535801"/>
</ServiceLinkInJourneyPattern>
<ServiceLinkInJourneyPattern order="2" version="any" id="SE:020:ServiceLinkInJourneyPattern:BUS_1680">
    <ServiceLinkRef ref="SE:020:ServiceLink:BUS_9025020058535801_9025020058527401"/>
</ServiceLinkInJourneyPattern>
<ServiceLinkInJourneyPattern order="3" version="any" id="SE:020:ServiceLinkInJourneyPattern:BUS_1681">
    <ServiceLinkRef ref="SE:020:ServiceLink:BUS_9025020058527401_9025020058527301"/>
</ServiceLinkInJourneyPattern>
<ServiceLinkInJourneyPattern order="4" version="any" id="SE:020:ServiceLinkInJourneyPattern:BUS_1682">
    <ServiceLinkRef ref="SE:020:ServiceLink:BUS_9025020058527301_9025020058527201"/>
</ServiceLinkInJourneyPattern>
<ServiceLinkInJourneyPattern order="5" version="any" id="SE:020:ServiceLinkInJourneyPattern:BUS_1683">
    <ServiceLinkRef ref="SE:020:ServiceLink:BUS_9025020058527201_9025020058527101"/>
</ServiceLinkInJourneyPattern>
<ServiceLinkInJourneyPattern order="6" version="any" id="SE:020:ServiceLinkInJourneyPattern:BUS_1684">
    <ServiceLinkRef ref="SE:020:ServiceLink:BUS_9025020058527101_9025020058527001"/>
</ServiceLinkInJourneyPattern>
<ServiceLinkInJourneyPattern order="7" version="any" id="SE:020:ServiceLinkInJourneyPattern:BUS_1685">
    <ServiceLinkRef ref="SE:020:ServiceLink:BUS_9025020058527001_9025020058525501"/>
</ServiceLinkInJourneyPattern>
<ServiceLinkInJourneyPattern order="8" version="any" id="SE:020:ServiceLinkInJourneyPattern:BUS_1686">
    <ServiceLinkRef ref="SE:020:ServiceLink:BUS_9025020058525501_9025020058525401"/>
</ServiceLinkInJourneyPattern>
<ServiceLinkInJourneyPattern order="9" version="any" id="SE:020:ServiceLinkInJourneyPattern:BUS_1687">
    <ServiceLinkRef ref="SE:020:ServiceLink:BUS_9025020058525401_9025020058525301"/>
</ServiceLinkInJourneyPattern>
<ServiceLinkInJourneyPattern order="10" version="any" id="SE:020:ServiceLinkInJourneyPattern:BUS_1688">
    <ServiceLinkRef ref="SE:020:ServiceLink:BUS_9025020058525301_9025020058525101"/>
</ServiceLinkInJourneyPattern>
<ServiceLinkInJourneyPattern order="11" version="any" id="SE:020:ServiceLinkInJourneyPattern:BUS_1689">
    <ServiceLinkRef ref="SE:020:ServiceLink:BUS_9025020058525101_9025020058525001"/>
</ServiceLinkInJourneyPattern>
<ServiceLinkInJourneyPattern order="12" version="any" id="SE:020:ServiceLinkInJourneyPattern:BUS_1690">
    <ServiceLinkRef ref="SE:020:ServiceLink:BUS_9025020058525001_9025020058524901"/>
</ServiceLinkInJourneyPattern>
<ServiceLinkInJourneyPattern order="13" version="any" id="SE:020:ServiceLinkInJourneyPattern:BUS_1691">
    <ServiceLinkRef ref="SE:020:ServiceLink:BUS_9025020058524901_9025020058524801"/>
</ServiceLinkInJourneyPattern>
<ServiceLinkInJourneyPattern order="14" version="any" id="SE:020:ServiceLinkInJourneyPattern:BUS_1692">
    <ServiceLinkRef ref="SE:020:ServiceLink:BUS_9025020058524801_9025020058524902"/>
</ServiceLinkInJourneyPattern>
<ServiceLinkInJourneyPattern order="15" version="any" id="SE:020:ServiceLinkInJourneyPattern:BUS_1693">
    <ServiceLinkRef ref="SE:020:ServiceLink:BUS_9025020058524902_9025020058525002"/>
</ServiceLinkInJourneyPattern>
<ServiceLinkInJourneyPattern order="16" version="any" id="SE:020:ServiceLinkInJourneyPattern:BUS_1694">
    <ServiceLinkRef ref="SE:020:ServiceLink:BUS_9025020058525002_9025020058525102"/>
</ServiceLinkInJourneyPattern>
<ServiceLinkInJourneyPattern order="17" version="any" id="SE:020:ServiceLinkInJourneyPattern:BUS_1695">
    <ServiceLinkRef ref="SE:020:ServiceLink:BUS_9025020058525102_9025020058525602"/>
</ServiceLinkInJourneyPattern>
<ServiceLinkInJourneyPattern order="18" version="any" id="SE:020:ServiceLinkInJourneyPattern:BUS_1696">
    <ServiceLinkRef ref="SE:020:ServiceLink:BUS_9025020058525602_9025020058514001"/>
</ServiceLinkInJourneyPattern>
<ServiceLinkInJourneyPattern order="19" version="any" id="SE:020:ServiceLinkInJourneyPattern:BUS_1697">
    <ServiceLinkRef ref="SE:020:ServiceLink:BUS_9025020058514001_9025020058525702"/>
</ServiceLinkInJourneyPattern>
<ServiceLinkInJourneyPattern order="20" version="any" id="SE:020:ServiceLinkInJourneyPattern:BUS_1698">
    <ServiceLinkRef ref="SE:020:ServiceLink:BUS_9025020058525702_9025020058526901"/>
</ServiceLinkInJourneyPattern>
<ServiceLinkInJourneyPattern order="21" version="any" id="SE:020:ServiceLinkInJourneyPattern:BUS_1699">
    <ServiceLinkRef ref="SE:020:ServiceLink:BUS_9025020058526901_9025020058527002"/>
</ServiceLinkInJourneyPattern>
<ServiceLinkInJourneyPattern order="22" version="any" id="SE:020:ServiceLinkInJourneyPattern:BUS_1700">
    <ServiceLinkRef ref="SE:020:ServiceLink:BUS_9025020058527002_9025020058527102"/>
</ServiceLinkInJourneyPattern>
<ServiceLinkInJourneyPattern order="23" version="any" id="SE:020:ServiceLinkInJourneyPattern:BUS_1701">
    <ServiceLinkRef ref="SE:020:ServiceLink:BUS_9025020058527102_9025020058527202"/>
</ServiceLinkInJourneyPattern>
<ServiceLinkInJourneyPattern order="24" version="any" id="SE:020:ServiceLinkInJourneyPattern:BUS_1702">
    <ServiceLinkRef ref="SE:020:ServiceLink:BUS_9025020058527202_9025020058527302"/>
</ServiceLinkInJourneyPattern>
<ServiceLinkInJourneyPattern order="25" version="any" id="SE:020:ServiceLinkInJourneyPattern:BUS_1703">
    <ServiceLinkRef ref="SE:020:ServiceLink:BUS_9025020058527302_9025020058535801"/>
</ServiceLinkInJourneyPattern>
<ServiceLinkInJourneyPattern order="26" version="any" id="SE:020:ServiceLinkInJourneyPattern:BUS_1704">
    <ServiceLinkRef ref="SE:020:ServiceLink:BUS_9025020058535801_9025020058530141"/>
</ServiceLinkInJourneyPattern>
                            </linksInSequence>
                        </JourneyPattern>
                        <JourneyPattern version="any" id="SE:020:JourneyPattern:205339415000025570">
                            <RouteRef ref="SE:020:Route:205330000115202750" version="any"/>
                            <pointsInSequence>
<StopPointInJourneyPattern order="1" version="any" id="SE:020:StopPointInJourneyPattern:205339415000025570_205330000115202755">
    <ScheduledStopPointRef ref="SE:020:ScheduledStopPoint:9022020585301043"/>
    <ForAlighting>false</ForAlighting>
    <ForBoarding>true</ForBoarding>
    <DestinationDisplayRef ref="SE:020:DestinationDisplay:205330000115202789"/>
    <RequestStop>true</RequestStop>
</StopPointInJourneyPattern>
<StopPointInJourneyPattern order="2" version="any" id="SE:020:StopPointInJourneyPattern:205339415000025570_205330000115202756">
    <ScheduledStopPointRef ref="SE:020:ScheduledStopPoint:9022020585358001"/>
    <ForAlighting>true</ForAlighting>
    <ForBoarding>true</ForBoarding>
    <RequestStop>true</RequestStop>
</StopPointInJourneyPattern>
<StopPointInJourneyPattern order="3" version="any" id="SE:020:StopPointInJourneyPattern:205339415000025570_205330000115202757">
    <ScheduledStopPointRef ref="SE:020:ScheduledStopPoint:9022020585274001"/>
    <ForAlighting>true</ForAlighting>
    <ForBoarding>true</ForBoarding>
    <RequestStop>true</RequestStop>
</StopPointInJourneyPattern>
<StopPointInJourneyPattern order="4" version="any" id="SE:020:StopPointInJourneyPattern:205339415000025570_205330000115202758">
    <ScheduledStopPointRef ref="SE:020:ScheduledStopPoint:9022020585273001"/>
    <ForAlighting>true</ForAlighting>
    <ForBoarding>true</ForBoarding>
    <RequestStop>true</RequestStop>
</StopPointInJourneyPattern>
<StopPointInJourneyPattern order="5" version="any" id="SE:020:StopPointInJourneyPattern:205339415000025570_205330000115202759">
    <ScheduledStopPointRef ref="SE:020:ScheduledStopPoint:9022020585272001"/>
    <ForAlighting>true</ForAlighting>
    <ForBoarding>true</ForBoarding>
    <RequestStop>true</RequestStop>
</StopPointInJourneyPattern>
<StopPointInJourneyPattern order="6" version="any" id="SE:020:StopPointInJourneyPattern:205339415000025570_205330000115202760">
    <ScheduledStopPointRef ref="SE:020:ScheduledStopPoint:9022020585271001"/>
    <ForAlighting>true</ForAlighting>
    <ForBoarding>true</ForBoarding>
    <RequestStop>true</RequestStop>
</StopPointInJourneyPattern>
<StopPointInJourneyPattern order="7" version="any" id="SE:020:StopPointInJourneyPattern:205339415000025570_205330000115202761">
    <ScheduledStopPointRef ref="SE:020:ScheduledStopPoint:9022020585270001"/>
    <ForAlighting>true</ForAlighting>
    <ForBoarding>true</ForBoarding>
    <RequestStop>true</RequestStop>
</StopPointInJourneyPattern>
<StopPointInJourneyPattern order="8" version="any" id="SE:020:StopPointInJourneyPattern:205339415000025570_205330000115202762">
    <ScheduledStopPointRef ref="SE:020:ScheduledStopPoint:9022020585255001"/>
    <ForAlighting>true</ForAlighting>
    <ForBoarding>true</ForBoarding>
    <RequestStop>true</RequestStop>
</StopPointInJourneyPattern>
<StopPointInJourneyPattern order="9" version="any" id="SE:020:StopPointInJourneyPattern:205339415000025570_205330000115202763">
    <ScheduledStopPointRef ref="SE:020:ScheduledStopPoint:9022020585254001"/>
    <ForAlighting>true</ForAlighting>
    <ForBoarding>true</ForBoarding>
    <RequestStop>true</RequestStop>
</StopPointInJourneyPattern>
<StopPointInJourneyPattern order="10" version="any" id="SE:020:StopPointInJourneyPattern:205339415000025570_205330000115202764">
    <ScheduledStopPointRef ref="SE:020:ScheduledStopPoint:9022020585253001"/>
    <ForAlighting>true</ForAlighting>
    <ForBoarding>true</ForBoarding>
    <RequestStop>true</RequestStop>
</StopPointInJourneyPattern>
<StopPointInJourneyPattern order="11" version="any" id="SE:020:StopPointInJourneyPattern:205339415000025570_205330000115202765">
    <ScheduledStopPointRef ref="SE:020:ScheduledStopPoint:9022020585251001"/>
    <ForAlighting>true</ForAlighting>
    <ForBoarding>true</ForBoarding>
    <RequestStop>true</RequestStop>
</StopPointInJourneyPattern>
<StopPointInJourneyPattern order="12" version="any" id="SE:020:StopPointInJourneyPattern:205339415000025570_205330000115202766">
    <ScheduledStopPointRef ref="SE:020:ScheduledStopPoint:9022020585250001"/>
    <ForAlighting>true</ForAlighting>
    <ForBoarding>true</ForBoarding>
    <RequestStop>true</RequestStop>
</StopPointInJourneyPattern>
<StopPointInJourneyPattern order="13" version="any" id="SE:020:StopPointInJourneyPattern:205339415000025570_205330000115202767">
    <ScheduledStopPointRef ref="SE:020:ScheduledStopPoint:9022020585249001"/>
    <ForAlighting>true</ForAlighting>
    <ForBoarding>true</ForBoarding>
    <DestinationDisplayRef ref="SE:020:DestinationDisplay:205330000115202793"/>
    <RequestStop>true</RequestStop>
</StopPointInJourneyPattern>
<StopPointInJourneyPattern order="14" version="any" id="SE:020:StopPointInJourneyPattern:205339415000025570_205330000115202768">
    <ScheduledStopPointRef ref="SE:020:ScheduledStopPoint:9022020585248001"/>
    <ForAlighting>true</ForAlighting>
    <ForBoarding>true</ForBoarding>
    <RequestStop>true</RequestStop>
</StopPointInJourneyPattern>
<StopPointInJourneyPattern order="15" version="any" id="SE:020:StopPointInJourneyPattern:205339415000025570_205330000115202769">
    <ScheduledStopPointRef ref="SE:020:ScheduledStopPoint:9022020585249002"/>
    <ForAlighting>true</ForAlighting>
    <ForBoarding>true</ForBoarding>
    <RequestStop>true</RequestStop>
</StopPointInJourneyPattern>
<StopPointInJourneyPattern order="16" version="any" id="SE:020:StopPointInJourneyPattern:205339415000025570_205330000115202770">
    <ScheduledStopPointRef ref="SE:020:ScheduledStopPoint:9022020585250002"/>
    <ForAlighting>true</ForAlighting>
    <ForBoarding>true</ForBoarding>
    <RequestStop>true</RequestStop>
</StopPointInJourneyPattern>
<StopPointInJourneyPattern order="17" version="any" id="SE:020:StopPointInJourneyPattern:205339415000025570_205330000115202771">
    <ScheduledStopPointRef ref="SE:020:ScheduledStopPoint:9022020585251002"/>
    <ForAlighting>true</ForAlighting>
    <ForBoarding>true</ForBoarding>
    <RequestStop>true</RequestStop>
</StopPointInJourneyPattern>
<StopPointInJourneyPattern order="18" version="any" id="SE:020:StopPointInJourneyPattern:205339415000025570_205330000115202772">
    <ScheduledStopPointRef ref="SE:020:ScheduledStopPoint:9022020585256002"/>
    <ForAlighting>true</ForAlighting>
    <ForBoarding>true</ForBoarding>
    <RequestStop>true</RequestStop>
</StopPointInJourneyPattern>
<StopPointInJourneyPattern order="19" version="any" id="SE:020:StopPointInJourneyPattern:205339415000025570_205330000115202773">
    <ScheduledStopPointRef ref="SE:020:ScheduledStopPoint:9022020585140001"/>
    <ForAlighting>true</ForAlighting>
    <ForBoarding>true</ForBoarding>
    <RequestStop>true</RequestStop>
</StopPointInJourneyPattern>
<StopPointInJourneyPattern order="20" version="any" id="SE:020:StopPointInJourneyPattern:205339415000025570_205330000115202774">
    <ScheduledStopPointRef ref="SE:020:ScheduledStopPoint:9022020585257002"/>
    <ForAlighting>true</ForAlighting>
    <ForBoarding>true</ForBoarding>
    <RequestStop>true</RequestStop>
</StopPointInJourneyPattern>
<StopPointInJourneyPattern order="21" version="any" id="SE:020:StopPointInJourneyPattern:205339415000025570_205330000115202775">
    <ScheduledStopPointRef ref="SE:020:ScheduledStopPoint:9022020585269001"/>
    <ForAlighting>true</ForAlighting>
    <ForBoarding>true</ForBoarding>
    <RequestStop>true</RequestStop>
</StopPointInJourneyPattern>
<StopPointInJourneyPattern order="22" version="any" id="SE:020:StopPointInJourneyPattern:205339415000025570_205330000115202776">
    <ScheduledStopPointRef ref="SE:020:ScheduledStopPoint:9022020585270002"/>
    <ForAlighting>true</ForAlighting>
    <ForBoarding>true</ForBoarding>
    <RequestStop>true</RequestStop>
</StopPointInJourneyPattern>
<StopPointInJourneyPattern order="23" version="any" id="SE:020:StopPointInJourneyPattern:205339415000025570_205330000115202777">
    <ScheduledStopPointRef ref="SE:020:ScheduledStopPoint:9022020585271002"/>
    <ForAlighting>true</ForAlighting>
    <ForBoarding>true</ForBoarding>
    <RequestStop>true</RequestStop>
</StopPointInJourneyPattern>
<StopPointInJourneyPattern order="24" version="any" id="SE:020:StopPointInJourneyPattern:205339415000025570_205330000115202778">
    <ScheduledStopPointRef ref="SE:020:ScheduledStopPoint:9022020585272002"/>
    <ForAlighting>true</ForAlighting>
    <ForBoarding>true</ForBoarding>
    <RequestStop>true</RequestStop>
</StopPointInJourneyPattern>
<StopPointInJourneyPattern order="25" version="any" id="SE:020:StopPointInJourneyPattern:205339415000025570_205330000115202779">
    <ScheduledStopPointRef ref="SE:020:ScheduledStopPoint:9022020585273002"/>
    <ForAlighting>true</ForAlighting>
    <ForBoarding>true</ForBoarding>
    <RequestStop>true</RequestStop>
</StopPointInJourneyPattern>
<StopPointInJourneyPattern order="26" version="any" id="SE:020:StopPointInJourneyPattern:205339415000025570_205330000115202780">
    <ScheduledStopPointRef ref="SE:020:ScheduledStopPoint:9022020585358001"/>
    <ForAlighting>true</ForAlighting>
    <ForBoarding>true</ForBoarding>
    <RequestStop>true</RequestStop>
</StopPointInJourneyPattern>
<StopPointInJourneyPattern order="27" version="any" id="SE:020:StopPointInJourneyPattern:205339415000025570_205330000115202781">
    <ScheduledStopPointRef ref="SE:020:ScheduledStopPoint:9022020585301041"/>
    <ForAlighting>true</ForAlighting>
    <ForBoarding>false</ForBoarding>
    <RequestStop>true</RequestStop>
</StopPointInJourneyPattern>
                            </pointsInSequence>
                            <linksInSequence>
<ServiceLinkInJourneyPattern order="1" version="any" id="SE:020:ServiceLinkInJourneyPattern:BUS_1705">
    <ServiceLinkRef ref="SE:020:ServiceLink:BUS_9025020058530143_9025020058535801"/>
</ServiceLinkInJourneyPattern>
<ServiceLinkInJourneyPattern order="2" version="any" id="SE:020:ServiceLinkInJourneyPattern:BUS_1706">
    <ServiceLinkRef ref="SE:020:ServiceLink:BUS_9025020058535801_9025020058527401"/>
</ServiceLinkInJourneyPattern>
<ServiceLinkInJourneyPattern order="3" version="any" id="SE:020:ServiceLinkInJourneyPattern:BUS_1707">
    <ServiceLinkRef ref="SE:020:ServiceLink:BUS_9025020058527401_9025020058527301"/>
</ServiceLinkInJourneyPattern>
<ServiceLinkInJourneyPattern order="4" version="any" id="SE:020:ServiceLinkInJourneyPattern:BUS_1708">
    <ServiceLinkRef ref="SE:020:ServiceLink:BUS_9025020058527301_9025020058527201"/>
</ServiceLinkInJourneyPattern>
<ServiceLinkInJourneyPattern order="5" version="any" id="SE:020:ServiceLinkInJourneyPattern:BUS_1709">
    <ServiceLinkRef ref="SE:020:ServiceLink:BUS_9025020058527201_9025020058527101"/>
</ServiceLinkInJourneyPattern>
<ServiceLinkInJourneyPattern order="6" version="any" id="SE:020:ServiceLinkInJourneyPattern:BUS_1710">
    <ServiceLinkRef ref="SE:020:ServiceLink:BUS_9025020058527101_9025020058527001"/>
</ServiceLinkInJourneyPattern>
<ServiceLinkInJourneyPattern order="7" version="any" id="SE:020:ServiceLinkInJourneyPattern:BUS_1711">
    <ServiceLinkRef ref="SE:020:ServiceLink:BUS_9025020058527001_9025020058525501"/>
</ServiceLinkInJourneyPattern>
<ServiceLinkInJourneyPattern order="8" version="any" id="SE:020:ServiceLinkInJourneyPattern:BUS_1712">
    <ServiceLinkRef ref="SE:020:ServiceLink:BUS_9025020058525501_9025020058525401"/>
</ServiceLinkInJourneyPattern>
<ServiceLinkInJourneyPattern order="9" version="any" id="SE:020:ServiceLinkInJourneyPattern:BUS_1713">
    <ServiceLinkRef ref="SE:020:ServiceLink:BUS_9025020058525401_9025020058525301"/>
</ServiceLinkInJourneyPattern>
<ServiceLinkInJourneyPattern order="10" version="any" id="SE:020:ServiceLinkInJourneyPattern:BUS_1714">
    <ServiceLinkRef ref="SE:020:ServiceLink:BUS_9025020058525301_9025020058525101"/>
</ServiceLinkInJourneyPattern>
<ServiceLinkInJourneyPattern order="11" version="any" id="SE:020:ServiceLinkInJourneyPattern:BUS_1715">
    <ServiceLinkRef ref="SE:020:ServiceLink:BUS_9025020058525101_9025020058525001"/>
</ServiceLinkInJourneyPattern>
<ServiceLinkInJourneyPattern order="12" version="any" id="SE:020:ServiceLinkInJourneyPattern:BUS_1716">
    <ServiceLinkRef ref="SE:020:ServiceLink:BUS_9025020058525001_9025020058524901"/>
</ServiceLinkInJourneyPattern>
<ServiceLinkInJourneyPattern order="13" version="any" id="SE:020:ServiceLinkInJourneyPattern:BUS_1717">
    <ServiceLinkRef ref="SE:020:ServiceLink:BUS_9025020058524901_9025020058524801"/>
</ServiceLinkInJourneyPattern>
<ServiceLinkInJourneyPattern order="14" version="any" id="SE:020:ServiceLinkInJourneyPattern:BUS_1718">
    <ServiceLinkRef ref="SE:020:ServiceLink:BUS_9025020058524801_9025020058524902"/>
</ServiceLinkInJourneyPattern>
<ServiceLinkInJourneyPattern order="15" version="any" id="SE:020:ServiceLinkInJourneyPattern:BUS_1719">
    <ServiceLinkRef ref="SE:020:ServiceLink:BUS_9025020058524902_9025020058525002"/>
</ServiceLinkInJourneyPattern>
<ServiceLinkInJourneyPattern order="16" version="any" id="SE:020:ServiceLinkInJourneyPattern:BUS_1720">
    <ServiceLinkRef ref="SE:020:ServiceLink:BUS_9025020058525002_9025020058525102"/>
</ServiceLinkInJourneyPattern>
<ServiceLinkInJourneyPattern order="17" version="any" id="SE:020:ServiceLinkInJourneyPattern:BUS_1721">
    <ServiceLinkRef ref="SE:020:ServiceLink:BUS_9025020058525102_9025020058525602"/>
</ServiceLinkInJourneyPattern>
<ServiceLinkInJourneyPattern order="18" version="any" id="SE:020:ServiceLinkInJourneyPattern:BUS_1722">
    <ServiceLinkRef ref="SE:020:ServiceLink:BUS_9025020058525602_9025020058514001"/>
</ServiceLinkInJourneyPattern>
<ServiceLinkInJourneyPattern order="19" version="any" id="SE:020:ServiceLinkInJourneyPattern:BUS_1723">
    <ServiceLinkRef ref="SE:020:ServiceLink:BUS_9025020058514001_9025020058525702"/>
</ServiceLinkInJourneyPattern>
<ServiceLinkInJourneyPattern order="20" version="any" id="SE:020:ServiceLinkInJourneyPattern:BUS_1724">
    <ServiceLinkRef ref="SE:020:ServiceLink:BUS_9025020058525702_9025020058526901"/>
</ServiceLinkInJourneyPattern>
<ServiceLinkInJourneyPattern order="21" version="any" id="SE:020:ServiceLinkInJourneyPattern:BUS_1725">
    <ServiceLinkRef ref="SE:020:ServiceLink:BUS_9025020058526901_9025020058527002"/>
</ServiceLinkInJourneyPattern>
<ServiceLinkInJourneyPattern order="22" version="any" id="SE:020:ServiceLinkInJourneyPattern:BUS_1726">
    <ServiceLinkRef ref="SE:020:ServiceLink:BUS_9025020058527002_9025020058527102"/>
</ServiceLinkInJourneyPattern>
<ServiceLinkInJourneyPattern order="23" version="any" id="SE:020:ServiceLinkInJourneyPattern:BUS_1727">
    <ServiceLinkRef ref="SE:020:ServiceLink:BUS_9025020058527102_9025020058527202"/>
</ServiceLinkInJourneyPattern>
<ServiceLinkInJourneyPattern order="24" version="any" id="SE:020:ServiceLinkInJourneyPattern:BUS_1728">
    <ServiceLinkRef ref="SE:020:ServiceLink:BUS_9025020058527202_9025020058527302"/>
</ServiceLinkInJourneyPattern>
<ServiceLinkInJourneyPattern order="25" version="any" id="SE:020:ServiceLinkInJourneyPattern:BUS_1729">
    <ServiceLinkRef ref="SE:020:ServiceLink:BUS_9025020058527302_9025020058535801"/>
</ServiceLinkInJourneyPattern>
<ServiceLinkInJourneyPattern order="26" version="any" id="SE:020:ServiceLinkInJourneyPattern:BUS_1730">
    <ServiceLinkRef ref="SE:020:ServiceLink:BUS_9025020058535801_9025020058530141"/>
</ServiceLinkInJourneyPattern>
                            </linksInSequence>
                        </JourneyPattern>
                    </journeyPatterns>
                </ServiceFrame>
                <TimetableFrame version="20240902035740" id="SE:020:TimetableFrame:9011020004400000">
                    <vehicleJourneys>
                        <ServiceJourney version="any" id="SE:020:ServiceJourney:205330000115993765">
                            <TransportMode>bus</TransportMode>
                            <TransportSubmode>
<BusSubmode>unknown</BusSubmode>
                            </TransportSubmode>
                            <dayTypes>
<DayTypeRef ref="SE:020:DayType:gjj48i5tn94ltd92p95tvc2se2inbb0u"/>
                            </dayTypes>
                            <JourneyPatternRef ref="SE:020:JourneyPattern:205339415000025570" version="any"/>
                            <OperatorRef ref="SE:020:Operator:9013020140700000"/>
                            <passingTimes>
<TimetabledPassingTime version="any" id="SE:020:TimetabledPassingTime:205330000115993736">
    <StopPointInJourneyPatternRef ref="SE:020:StopPointInJourneyPattern:205339415000025570_205330000115202755" version="any"/>
    <DepartureTime>08:55:00</DepartureTime>
</TimetabledPassingTime>
<TimetabledPassingTime version="any" id="SE:020:TimetabledPassingTime:205330000115993737">
    <StopPointInJourneyPatternRef ref="SE:020:StopPointInJourneyPattern:205339415000025570_205330000115202756" version="any"/>
    <ArrivalTime>08:56:17</ArrivalTime>
    <DepartureTime>08:56:17</DepartureTime>
</TimetabledPassingTime>
<TimetabledPassingTime version="any" id="SE:020:TimetabledPassingTime:205330000115993738">
    <StopPointInJourneyPatternRef ref="SE:020:StopPointInJourneyPattern:205339415000025570_205330000115202757" version="any"/>
    <ArrivalTime>08:57:08</ArrivalTime>
    <DepartureTime>08:57:08</DepartureTime>
</TimetabledPassingTime>
<TimetabledPassingTime version="any" id="SE:020:TimetabledPassingTime:205330000115993739">
    <StopPointInJourneyPatternRef ref="SE:020:StopPointInJourneyPattern:205339415000025570_205330000115202758" version="any"/>
    <ArrivalTime>08:57:21</ArrivalTime>
    <DepartureTime>08:57:21</DepartureTime>
</TimetabledPassingTime>
<TimetabledPassingTime version="any" id="SE:020:TimetabledPassingTime:205330000115993740">
    <StopPointInJourneyPatternRef ref="SE:020:StopPointInJourneyPattern:205339415000025570_205330000115202759" version="any"/>
    <ArrivalTime>08:58:00</ArrivalTime>
    <DepartureTime>08:58:00</DepartureTime>
</TimetabledPassingTime>
<TimetabledPassingTime version="any" id="SE:020:TimetabledPassingTime:205330000115993741">
    <StopPointInJourneyPatternRef ref="SE:020:StopPointInJourneyPattern:205339415000025570_205330000115202760" version="any"/>
    <ArrivalTime>08:58:52</ArrivalTime>
    <DepartureTime>08:58:52</DepartureTime>
</TimetabledPassingTime>
<TimetabledPassingTime version="any" id="SE:020:TimetabledPassingTime:205330000115993742">
    <StopPointInJourneyPatternRef ref="SE:020:StopPointInJourneyPattern:205339415000025570_205330000115202761" version="any"/>
    <ArrivalTime>08:59:16</ArrivalTime>
    <DepartureTime>08:59:16</DepartureTime>
</TimetabledPassingTime>
<TimetabledPassingTime version="any" id="SE:020:TimetabledPassingTime:205330000115993743">
    <StopPointInJourneyPatternRef ref="SE:020:StopPointInJourneyPattern:205339415000025570_205330000115202762" version="any"/>
    <ArrivalTime>09:00:06</ArrivalTime>
    <DepartureTime>09:00:06</DepartureTime>
</TimetabledPassingTime>
<TimetabledPassingTime version="any" id="SE:020:TimetabledPassingTime:205330000115993744">
    <StopPointInJourneyPatternRef ref="SE:020:StopPointInJourneyPattern:205339415000025570_205330000115202763" version="any"/>
    <ArrivalTime>09:01:00</ArrivalTime>
    <DepartureTime>09:01:00</DepartureTime>
</TimetabledPassingTime>
<TimetabledPassingTime version="any" id="SE:020:TimetabledPassingTime:205330000115993745">
    <StopPointInJourneyPatternRef ref="SE:020:StopPointInJourneyPattern:205339415000025570_205330000115202764" version="any"/>
    <ArrivalTime>09:01:57</ArrivalTime>
    <DepartureTime>09:01:57</DepartureTime>
</TimetabledPassingTime>
<TimetabledPassingTime version="any" id="SE:020:TimetabledPassingTime:205330000115993746">
    <StopPointInJourneyPatternRef ref="SE:020:StopPointInJourneyPattern:205339415000025570_205330000115202765" version="any"/>
    <ArrivalTime>09:03:04</ArrivalTime>
    <DepartureTime>09:03:04</DepartureTime>
</TimetabledPassingTime>
<TimetabledPassingTime version="any" id="SE:020:TimetabledPassingTime:205330000115993747">
    <StopPointInJourneyPatternRef ref="SE:020:StopPointInJourneyPattern:205339415000025570_205330000115202766" version="any"/>
    <ArrivalTime>09:03:37</ArrivalTime>
    <DepartureTime>09:03:37</DepartureTime>
</TimetabledPassingTime>
<TimetabledPassingTime version="any" id="SE:020:TimetabledPassingTime:205330000115993748">
    <StopPointInJourneyPatternRef ref="SE:020:StopPointInJourneyPattern:205339415000025570_205330000115202767" version="any"/>
    <ArrivalTime>09:04:39</ArrivalTime>
    <DepartureTime>09:04:39</DepartureTime>
</TimetabledPassingTime>
<TimetabledPassingTime version="any" id="SE:020:TimetabledPassingTime:205330000115993749">
    <StopPointInJourneyPatternRef ref="SE:020:StopPointInJourneyPattern:205339415000025570_205330000115202768" version="any"/>
    <ArrivalTime>09:06:00</ArrivalTime>
    <DepartureTime>09:06:00</DepartureTime>
</TimetabledPassingTime>
<TimetabledPassingTime version="any" id="SE:020:TimetabledPassingTime:205330000115993750">
    <StopPointInJourneyPatternRef ref="SE:020:StopPointInJourneyPattern:205339415000025570_205330000115202769" version="any"/>
    <ArrivalTime>09:06:44</ArrivalTime>
    <DepartureTime>09:06:44</DepartureTime>
</TimetabledPassingTime>
<TimetabledPassingTime version="any" id="SE:020:TimetabledPassingTime:205330000115993751">
    <StopPointInJourneyPatternRef ref="SE:020:StopPointInJourneyPattern:205339415000025570_205330000115202770" version="any"/>
    <ArrivalTime>09:07:39</ArrivalTime>
    <DepartureTime>09:07:39</DepartureTime>
</TimetabledPassingTime>
<TimetabledPassingTime version="any" id="SE:020:TimetabledPassingTime:205330000115993752">
    <StopPointInJourneyPatternRef ref="SE:020:StopPointInJourneyPattern:205339415000025570_205330000115202771" version="any"/>
    <ArrivalTime>09:08:07</ArrivalTime>
    <DepartureTime>09:08:07</DepartureTime>
</TimetabledPassingTime>
<TimetabledPassingTime version="any" id="SE:020:TimetabledPassingTime:205330000115993753">
    <StopPointInJourneyPatternRef ref="SE:020:StopPointInJourneyPattern:205339415000025570_205330000115202772" version="any"/>
    <ArrivalTime>09:10:06</ArrivalTime>
    <DepartureTime>09:10:06</DepartureTime>
</TimetabledPassingTime>
<TimetabledPassingTime version="any" id="SE:020:TimetabledPassingTime:205330000115993754">
    <StopPointInJourneyPatternRef ref="SE:020:StopPointInJourneyPattern:205339415000025570_205330000115202773" version="any"/>
    <ArrivalTime>09:11:00</ArrivalTime>
    <DepartureTime>09:11:00</DepartureTime>
</TimetabledPassingTime>
<TimetabledPassingTime version="any" id="SE:020:TimetabledPassingTime:205330000115993755">
    <StopPointInJourneyPatternRef ref="SE:020:StopPointInJourneyPattern:205339415000025570_205330000115202774" version="any"/>
    <ArrivalTime>09:12:04</ArrivalTime>
    <DepartureTime>09:12:04</DepartureTime>
</TimetabledPassingTime>
<TimetabledPassingTime version="any" id="SE:020:TimetabledPassingTime:205330000115993756">
    <StopPointInJourneyPatternRef ref="SE:020:StopPointInJourneyPattern:205339415000025570_205330000115202775" version="any"/>
    <ArrivalTime>09:12:28</ArrivalTime>
    <DepartureTime>09:12:28</DepartureTime>
</TimetabledPassingTime>
<TimetabledPassingTime version="any" id="SE:020:TimetabledPassingTime:205330000115993757">
    <StopPointInJourneyPatternRef ref="SE:020:StopPointInJourneyPattern:205339415000025570_205330000115202776" version="any"/>
    <ArrivalTime>09:13:26</ArrivalTime>
    <DepartureTime>09:13:26</DepartureTime>
</TimetabledPassingTime>
<TimetabledPassingTime version="any" id="SE:020:TimetabledPassingTime:205330000115993758">
    <StopPointInJourneyPatternRef ref="SE:020:StopPointInJourneyPattern:205339415000025570_205330000115202777" version="any"/>
    <ArrivalTime>09:13:49</ArrivalTime>
    <DepartureTime>09:13:49</DepartureTime>
</TimetabledPassingTime>
<TimetabledPassingTime version="any" id="SE:020:TimetabledPassingTime:205330000115993759">
    <StopPointInJourneyPatternRef ref="SE:020:StopPointInJourneyPattern:205339415000025570_205330000115202778" version="any"/>
    <ArrivalTime>09:15:00</ArrivalTime>
    <DepartureTime>09:15:00</DepartureTime>
</TimetabledPassingTime>
<TimetabledPassingTime version="any" id="SE:020:TimetabledPassingTime:205330000115993760">
    <StopPointInJourneyPatternRef ref="SE:020:StopPointInJourneyPattern:205339415000025570_205330000115202779" version="any"/>
    <ArrivalTime>09:15:56</ArrivalTime>
    <DepartureTime>09:15:56</DepartureTime>
</TimetabledPassingTime>
<TimetabledPassingTime version="any" id="SE:020:TimetabledPassingTime:205330000115993761">
    <StopPointInJourneyPatternRef ref="SE:020:StopPointInJourneyPattern:205339415000025570_205330000115202780" version="any"/>
    <ArrivalTime>09:17:46</ArrivalTime>
    <DepartureTime>09:17:46</DepartureTime>
</TimetabledPassingTime>
<TimetabledPassingTime version="any" id="SE:020:TimetabledPassingTime:205330000115993762">
    <StopPointInJourneyPatternRef ref="SE:020:StopPointInJourneyPattern:205339415000025570_205330000115202781" version="any"/>
    <ArrivalTime>09:23:00</ArrivalTime>
</TimetabledPassingTime>
                            </passingTimes>
                        </ServiceJourney>
                        <ServiceJourney version="any" id="SE:020:ServiceJourney:205330000115994073">
                            <TransportMode>bus</TransportMode>
                            <TransportSubmode>
<BusSubmode>unknown</BusSubmode>
                            </TransportSubmode>
                            <dayTypes>
<DayTypeRef ref="SE:020:DayType:gjj48i5tn94ltd92p95tvc2se2inbb0u"/>
                            </dayTypes>
                            <JourneyPatternRef ref="SE:020:JourneyPattern:205339415000025571" version="any"/>
                            <OperatorRef ref="SE:020:Operator:9013020140700000"/>
                            <passingTimes>
<TimetabledPassingTime version="any" id="SE:020:TimetabledPassingTime:205330000115994044">
    <StopPointInJourneyPatternRef ref="SE:020:StopPointInJourneyPattern:205339415000025571_205330000115202802" version="any"/>
    <DepartureTime>10:55:00</DepartureTime>
</TimetabledPassingTime>
<TimetabledPassingTime version="any" id="SE:020:TimetabledPassingTime:205330000115994045">
    <StopPointInJourneyPatternRef ref="SE:020:StopPointInJourneyPattern:205339415000025571_205330000115202803" version="any"/>
    <ArrivalTime>10:56:20</ArrivalTime>
    <DepartureTime>10:56:20</DepartureTime>
</TimetabledPassingTime>
<TimetabledPassingTime version="any" id="SE:020:TimetabledPassingTime:205330000115994046">
    <StopPointInJourneyPatternRef ref="SE:020:StopPointInJourneyPattern:205339415000025571_205330000115202804" version="any"/>
    <ArrivalTime>10:57:09</ArrivalTime>
    <DepartureTime>10:57:09</DepartureTime>
</TimetabledPassingTime>
<TimetabledPassingTime version="any" id="SE:020:TimetabledPassingTime:205330000115994047">
    <StopPointInJourneyPatternRef ref="SE:020:StopPointInJourneyPattern:205339415000025571_205330000115202805" version="any"/>
    <ArrivalTime>10:57:22</ArrivalTime>
    <DepartureTime>10:57:22</DepartureTime>
</TimetabledPassingTime>
<TimetabledPassingTime version="any" id="SE:020:TimetabledPassingTime:205330000115994048">
    <StopPointInJourneyPatternRef ref="SE:020:StopPointInJourneyPattern:205339415000025571_205330000115202806" version="any"/>
    <ArrivalTime>10:58:00</ArrivalTime>
    <DepartureTime>10:58:00</DepartureTime>
</TimetabledPassingTime>
<TimetabledPassingTime version="any" id="SE:020:TimetabledPassingTime:205330000115994049">
    <StopPointInJourneyPatternRef ref="SE:020:StopPointInJourneyPattern:205339415000025571_205330000115202807" version="any"/>
    <ArrivalTime>10:58:52</ArrivalTime>
    <DepartureTime>10:58:52</DepartureTime>
</TimetabledPassingTime>
<TimetabledPassingTime version="any" id="SE:020:TimetabledPassingTime:205330000115994050">
    <StopPointInJourneyPatternRef ref="SE:020:StopPointInJourneyPattern:205339415000025571_205330000115202808" version="any"/>
    <ArrivalTime>10:59:16</ArrivalTime>
    <DepartureTime>10:59:16</DepartureTime>
</TimetabledPassingTime>
<TimetabledPassingTime version="any" id="SE:020:TimetabledPassingTime:205330000115994051">
    <StopPointInJourneyPatternRef ref="SE:020:StopPointInJourneyPattern:205339415000025571_205330000115202809" version="any"/>
    <ArrivalTime>11:00:06</ArrivalTime>
    <DepartureTime>11:00:06</DepartureTime>
</TimetabledPassingTime>
<TimetabledPassingTime version="any" id="SE:020:TimetabledPassingTime:205330000115994052">
    <StopPointInJourneyPatternRef ref="SE:020:StopPointInJourneyPattern:205339415000025571_205330000115202810" version="any"/>
    <ArrivalTime>11:01:00</ArrivalTime>
    <DepartureTime>11:01:00</DepartureTime>
</TimetabledPassingTime>
<TimetabledPassingTime version="any" id="SE:020:TimetabledPassingTime:205330000115994053">
    <StopPointInJourneyPatternRef ref="SE:020:StopPointInJourneyPattern:205339415000025571_205330000115202811" version="any"/>
    <ArrivalTime>11:01:57</ArrivalTime>
    <DepartureTime>11:01:57</DepartureTime>
</TimetabledPassingTime>
<TimetabledPassingTime version="any" id="SE:020:TimetabledPassingTime:205330000115994054">
    <StopPointInJourneyPatternRef ref="SE:020:StopPointInJourneyPattern:205339415000025571_205330000115202812" version="any"/>
    <ArrivalTime>11:03:04</ArrivalTime>
    <DepartureTime>11:03:04</DepartureTime>
</TimetabledPassingTime>
<TimetabledPassingTime version="any" id="SE:020:TimetabledPassingTime:205330000115994055">
    <StopPointInJourneyPatternRef ref="SE:020:StopPointInJourneyPattern:205339415000025571_205330000115202813" version="any"/>
    <ArrivalTime>11:03:37</ArrivalTime>
    <DepartureTime>11:03:37</DepartureTime>
</TimetabledPassingTime>
<TimetabledPassingTime version="any" id="SE:020:TimetabledPassingTime:205330000115994056">
    <StopPointInJourneyPatternRef ref="SE:020:StopPointInJourneyPattern:205339415000025571_205330000115202814" version="any"/>
    <ArrivalTime>11:04:39</ArrivalTime>
    <DepartureTime>11:04:39</DepartureTime>
</TimetabledPassingTime>
<TimetabledPassingTime version="any" id="SE:020:TimetabledPassingTime:205330000115994057">
    <StopPointInJourneyPatternRef ref="SE:020:StopPointInJourneyPattern:205339415000025571_205330000115202815" version="any"/>
    <ArrivalTime>11:06:00</ArrivalTime>
    <DepartureTime>11:06:00</DepartureTime>
</TimetabledPassingTime>
<TimetabledPassingTime version="any" id="SE:020:TimetabledPassingTime:205330000115994058">
    <StopPointInJourneyPatternRef ref="SE:020:StopPointInJourneyPattern:205339415000025571_205330000115202816" version="any"/>
    <ArrivalTime>11:06:44</ArrivalTime>
    <DepartureTime>11:06:44</DepartureTime>
</TimetabledPassingTime>
<TimetabledPassingTime version="any" id="SE:020:TimetabledPassingTime:205330000115994059">
    <StopPointInJourneyPatternRef ref="SE:020:StopPointInJourneyPattern:205339415000025571_205330000115202817" version="any"/>
    <ArrivalTime>11:07:39</ArrivalTime>
    <DepartureTime>11:07:39</DepartureTime>
</TimetabledPassingTime>
<TimetabledPassingTime version="any" id="SE:020:TimetabledPassingTime:205330000115994060">
    <StopPointInJourneyPatternRef ref="SE:020:StopPointInJourneyPattern:205339415000025571_205330000115202818" version="any"/>
    <ArrivalTime>11:08:07</ArrivalTime>
    <DepartureTime>11:08:07</DepartureTime>
</TimetabledPassingTime>
<TimetabledPassingTime version="any" id="SE:020:TimetabledPassingTime:205330000115994061">
    <StopPointInJourneyPatternRef ref="SE:020:StopPointInJourneyPattern:205339415000025571_205330000115202819" version="any"/>
    <ArrivalTime>11:10:06</ArrivalTime>
    <DepartureTime>11:10:06</DepartureTime>
</TimetabledPassingTime>
<TimetabledPassingTime version="any" id="SE:020:TimetabledPassingTime:205330000115994062">
    <StopPointInJourneyPatternRef ref="SE:020:StopPointInJourneyPattern:205339415000025571_205330000115202820" version="any"/>
    <ArrivalTime>11:11:00</ArrivalTime>
    <DepartureTime>11:11:00</DepartureTime>
</TimetabledPassingTime>
<TimetabledPassingTime version="any" id="SE:020:TimetabledPassingTime:205330000115994063">
    <StopPointInJourneyPatternRef ref="SE:020:StopPointInJourneyPattern:205339415000025571_205330000115202821" version="any"/>
    <ArrivalTime>11:12:04</ArrivalTime>
    <DepartureTime>11:12:04</DepartureTime>
</TimetabledPassingTime>
<TimetabledPassingTime version="any" id="SE:020:TimetabledPassingTime:205330000115994064">
    <StopPointInJourneyPatternRef ref="SE:020:StopPointInJourneyPattern:205339415000025571_205330000115202822" version="any"/>
    <ArrivalTime>11:12:28</ArrivalTime>
    <DepartureTime>11:12:28</DepartureTime>
</TimetabledPassingTime>
<TimetabledPassingTime version="any" id="SE:020:TimetabledPassingTime:205330000115994065">
    <StopPointInJourneyPatternRef ref="SE:020:StopPointInJourneyPattern:205339415000025571_205330000115202823" version="any"/>
    <ArrivalTime>11:13:26</ArrivalTime>
    <DepartureTime>11:13:26</DepartureTime>
</TimetabledPassingTime>
<TimetabledPassingTime version="any" id="SE:020:TimetabledPassingTime:205330000115994066">
    <StopPointInJourneyPatternRef ref="SE:020:StopPointInJourneyPattern:205339415000025571_205330000115202824" version="any"/>
    <ArrivalTime>11:13:49</ArrivalTime>
    <DepartureTime>11:13:49</DepartureTime>
</TimetabledPassingTime>
<TimetabledPassingTime version="any" id="SE:020:TimetabledPassingTime:205330000115994067">
    <StopPointInJourneyPatternRef ref="SE:020:StopPointInJourneyPattern:205339415000025571_205330000115202825" version="any"/>
    <ArrivalTime>11:15:00</ArrivalTime>
    <DepartureTime>11:15:00</DepartureTime>
</TimetabledPassingTime>
<TimetabledPassingTime version="any" id="SE:020:TimetabledPassingTime:205330000115994068">
    <StopPointInJourneyPatternRef ref="SE:020:StopPointInJourneyPattern:205339415000025571_205330000115202826" version="any"/>
    <ArrivalTime>11:15:56</ArrivalTime>
    <DepartureTime>11:15:56</DepartureTime>
</TimetabledPassingTime>
<TimetabledPassingTime version="any" id="SE:020:TimetabledPassingTime:205330000115994069">
    <StopPointInJourneyPatternRef ref="SE:020:StopPointInJourneyPattern:205339415000025571_205330000115202827" version="any"/>
    <ArrivalTime>11:17:46</ArrivalTime>
    <DepartureTime>11:17:46</DepartureTime>
</TimetabledPassingTime>
<TimetabledPassingTime version="any" id="SE:020:TimetabledPassingTime:205330000115994070">
    <StopPointInJourneyPatternRef ref="SE:020:StopPointInJourneyPattern:205339415000025571_205330000115202828" version="any"/>
    <ArrivalTime>11:23:00</ArrivalTime>
</TimetabledPassingTime>
                            </passingTimes>
                        </ServiceJourney>
                        <ServiceJourney version="any" id="SE:020:ServiceJourney:205330000115994227">
                            <TransportMode>bus</TransportMode>
                            <TransportSubmode>
<BusSubmode>unknown</BusSubmode>
                            </TransportSubmode>
                            <dayTypes>
<DayTypeRef ref="SE:020:DayType:gjj48i5tn94ltd92p95tvc2se2inbb0u"/>
                            </dayTypes>
                            <JourneyPatternRef ref="SE:020:JourneyPattern:205339415000025571" version="any"/>
                            <OperatorRef ref="SE:020:Operator:9013020140700000"/>
                            <passingTimes>
<TimetabledPassingTime version="any" id="SE:020:TimetabledPassingTime:205330000115994198">
    <StopPointInJourneyPatternRef ref="SE:020:StopPointInJourneyPattern:205339415000025571_205330000115202802" version="any"/>
    <DepartureTime>12:55:00</DepartureTime>
</TimetabledPassingTime>
<TimetabledPassingTime version="any" id="SE:020:TimetabledPassingTime:205330000115994199">
    <StopPointInJourneyPatternRef ref="SE:020:StopPointInJourneyPattern:205339415000025571_205330000115202803" version="any"/>
    <ArrivalTime>12:56:20</ArrivalTime>
    <DepartureTime>12:56:20</DepartureTime>
</TimetabledPassingTime>
<TimetabledPassingTime version="any" id="SE:020:TimetabledPassingTime:205330000115994200">
    <StopPointInJourneyPatternRef ref="SE:020:StopPointInJourneyPattern:205339415000025571_205330000115202804" version="any"/>
    <ArrivalTime>12:57:09</ArrivalTime>
    <DepartureTime>12:57:09</DepartureTime>
</TimetabledPassingTime>
<TimetabledPassingTime version="any" id="SE:020:TimetabledPassingTime:205330000115994201">
    <StopPointInJourneyPatternRef ref="SE:020:StopPointInJourneyPattern:205339415000025571_205330000115202805" version="any"/>
    <ArrivalTime>12:57:22</ArrivalTime>
    <DepartureTime>12:57:22</DepartureTime>
</TimetabledPassingTime>
<TimetabledPassingTime version="any" id="SE:020:TimetabledPassingTime:205330000115994202">
    <StopPointInJourneyPatternRef ref="SE:020:StopPointInJourneyPattern:205339415000025571_205330000115202806" version="any"/>
    <ArrivalTime>12:58:00</ArrivalTime>
    <DepartureTime>12:58:00</DepartureTime>
</TimetabledPassingTime>
<TimetabledPassingTime version="any" id="SE:020:TimetabledPassingTime:205330000115994203">
    <StopPointInJourneyPatternRef ref="SE:020:StopPointInJourneyPattern:205339415000025571_205330000115202807" version="any"/>
    <ArrivalTime>12:58:52</ArrivalTime>
    <DepartureTime>12:58:52</DepartureTime>
</TimetabledPassingTime>
<TimetabledPassingTime version="any" id="SE:020:TimetabledPassingTime:205330000115994204">
    <StopPointInJourneyPatternRef ref="SE:020:StopPointInJourneyPattern:205339415000025571_205330000115202808" version="any"/>
    <ArrivalTime>12:59:16</ArrivalTime>
    <DepartureTime>12:59:16</DepartureTime>
</TimetabledPassingTime>
<TimetabledPassingTime version="any" id="SE:020:TimetabledPassingTime:205330000115994205">
    <StopPointInJourneyPatternRef ref="SE:020:StopPointInJourneyPattern:205339415000025571_205330000115202809" version="any"/>
    <ArrivalTime>13:00:06</ArrivalTime>
    <DepartureTime>13:00:06</DepartureTime>
</TimetabledPassingTime>
<TimetabledPassingTime version="any" id="SE:020:TimetabledPassingTime:205330000115994206">
    <StopPointInJourneyPatternRef ref="SE:020:StopPointInJourneyPattern:205339415000025571_205330000115202810" version="any"/>
    <ArrivalTime>13:01:00</ArrivalTime>
    <DepartureTime>13:01:00</DepartureTime>
</TimetabledPassingTime>
<TimetabledPassingTime version="any" id="SE:020:TimetabledPassingTime:205330000115994207">
    <StopPointInJourneyPatternRef ref="SE:020:StopPointInJourneyPattern:205339415000025571_205330000115202811" version="any"/>
    <ArrivalTime>13:01:57</ArrivalTime>
    <DepartureTime>13:01:57</DepartureTime>
</TimetabledPassingTime>
<TimetabledPassingTime version="any" id="SE:020:TimetabledPassingTime:205330000115994208">
    <StopPointInJourneyPatternRef ref="SE:020:StopPointInJourneyPattern:205339415000025571_205330000115202812" version="any"/>
    <ArrivalTime>13:03:04</ArrivalTime>
    <DepartureTime>13:03:04</DepartureTime>
</TimetabledPassingTime>
<TimetabledPassingTime version="any" id="SE:020:TimetabledPassingTime:205330000115994209">
    <StopPointInJourneyPatternRef ref="SE:020:StopPointInJourneyPattern:205339415000025571_205330000115202813" version="any"/>
    <ArrivalTime>13:03:37</ArrivalTime>
    <DepartureTime>13:03:37</DepartureTime>
</TimetabledPassingTime>
<TimetabledPassingTime version="any" id="SE:020:TimetabledPassingTime:205330000115994210">
    <StopPointInJourneyPatternRef ref="SE:020:StopPointInJourneyPattern:205339415000025571_205330000115202814" version="any"/>
    <ArrivalTime>13:04:39</ArrivalTime>
    <DepartureTime>13:04:39</DepartureTime>
</TimetabledPassingTime>
<TimetabledPassingTime version="any" id="SE:020:TimetabledPassingTime:205330000115994211">
    <StopPointInJourneyPatternRef ref="SE:020:StopPointInJourneyPattern:205339415000025571_205330000115202815" version="any"/>
    <ArrivalTime>13:06:00</ArrivalTime>
    <DepartureTime>13:06:00</DepartureTime>
</TimetabledPassingTime>
<TimetabledPassingTime version="any" id="SE:020:TimetabledPassingTime:205330000115994212">
    <StopPointInJourneyPatternRef ref="SE:020:StopPointInJourneyPattern:205339415000025571_205330000115202816" version="any"/>
    <ArrivalTime>13:06:44</ArrivalTime>
    <DepartureTime>13:06:44</DepartureTime>
</TimetabledPassingTime>
<TimetabledPassingTime version="any" id="SE:020:TimetabledPassingTime:205330000115994213">
    <StopPointInJourneyPatternRef ref="SE:020:StopPointInJourneyPattern:205339415000025571_205330000115202817" version="any"/>
    <ArrivalTime>13:07:39</ArrivalTime>
    <DepartureTime>13:07:39</DepartureTime>
</TimetabledPassingTime>
<TimetabledPassingTime version="any" id="SE:020:TimetabledPassingTime:205330000115994214">
    <StopPointInJourneyPatternRef ref="SE:020:StopPointInJourneyPattern:205339415000025571_205330000115202818" version="any"/>
    <ArrivalTime>13:08:07</ArrivalTime>
    <DepartureTime>13:08:07</DepartureTime>
</TimetabledPassingTime>
<TimetabledPassingTime version="any" id="SE:020:TimetabledPassingTime:205330000115994215">
    <StopPointInJourneyPatternRef ref="SE:020:StopPointInJourneyPattern:205339415000025571_205330000115202819" version="any"/>
    <ArrivalTime>13:10:06</ArrivalTime>
    <DepartureTime>13:10:06</DepartureTime>
</TimetabledPassingTime>
<TimetabledPassingTime version="any" id="SE:020:TimetabledPassingTime:205330000115994216">
    <StopPointInJourneyPatternRef ref="SE:020:StopPointInJourneyPattern:205339415000025571_205330000115202820" version="any"/>
    <ArrivalTime>13:11:00</ArrivalTime>
    <DepartureTime>13:11:00</DepartureTime>
</TimetabledPassingTime>
<TimetabledPassingTime version="any" id="SE:020:TimetabledPassingTime:205330000115994217">
    <StopPointInJourneyPatternRef ref="SE:020:StopPointInJourneyPattern:205339415000025571_205330000115202821" version="any"/>
    <ArrivalTime>13:12:04</ArrivalTime>
    <DepartureTime>13:12:04</DepartureTime>
</TimetabledPassingTime>
<TimetabledPassingTime version="any" id="SE:020:TimetabledPassingTime:205330000115994218">
    <StopPointInJourneyPatternRef ref="SE:020:StopPointInJourneyPattern:205339415000025571_205330000115202822" version="any"/>
    <ArrivalTime>13:12:28</ArrivalTime>
    <DepartureTime>13:12:28</DepartureTime>
</TimetabledPassingTime>
<TimetabledPassingTime version="any" id="SE:020:TimetabledPassingTime:205330000115994219">
    <StopPointInJourneyPatternRef ref="SE:020:StopPointInJourneyPattern:205339415000025571_205330000115202823" version="any"/>
    <ArrivalTime>13:13:26</ArrivalTime>
    <DepartureTime>13:13:26</DepartureTime>
</TimetabledPassingTime>
<TimetabledPassingTime version="any" id="SE:020:TimetabledPassingTime:205330000115994220">
    <StopPointInJourneyPatternRef ref="SE:020:StopPointInJourneyPattern:205339415000025571_205330000115202824" version="any"/>
    <ArrivalTime>13:13:49</ArrivalTime>
    <DepartureTime>13:13:49</DepartureTime>
</TimetabledPassingTime>
<TimetabledPassingTime version="any" id="SE:020:TimetabledPassingTime:205330000115994221">
    <StopPointInJourneyPatternRef ref="SE:020:StopPointInJourneyPattern:205339415000025571_205330000115202825" version="any"/>
    <ArrivalTime>13:15:00</ArrivalTime>
    <DepartureTime>13:15:00</DepartureTime>
</TimetabledPassingTime>
<TimetabledPassingTime version="any" id="SE:020:TimetabledPassingTime:205330000115994222">
    <StopPointInJourneyPatternRef ref="SE:020:StopPointInJourneyPattern:205339415000025571_205330000115202826" version="any"/>
    <ArrivalTime>13:15:56</ArrivalTime>
    <DepartureTime>13:15:56</DepartureTime>
</TimetabledPassingTime>
<TimetabledPassingTime version="any" id="SE:020:TimetabledPassingTime:205330000115994223">
    <StopPointInJourneyPatternRef ref="SE:020:StopPointInJourneyPattern:205339415000025571_205330000115202827" version="any"/>
    <ArrivalTime>13:17:46</ArrivalTime>
    <DepartureTime>13:17:46</DepartureTime>
</TimetabledPassingTime>
<TimetabledPassingTime version="any" id="SE:020:TimetabledPassingTime:205330000115994224">
    <StopPointInJourneyPatternRef ref="SE:020:StopPointInJourneyPattern:205339415000025571_205330000115202828" version="any"/>
    <ArrivalTime>13:23:00</ArrivalTime>
</TimetabledPassingTime>
                            </passingTimes>
                        </ServiceJourney>
                        <ServiceJourney version="any" id="SE:020:ServiceJourney:205330000115993611">
                            <TransportMode>bus</TransportMode>
                            <TransportSubmode>
<BusSubmode>unknown</BusSubmode>
                            </TransportSubmode>
                            <dayTypes>
<DayTypeRef ref="SE:020:DayType:gjj48i5tn94ltd92p95tvc2se2inbb0u"/>
                            </dayTypes>
                            <JourneyPatternRef ref="SE:020:JourneyPattern:205339415000025570" version="any"/>
                            <OperatorRef ref="SE:020:Operator:9013020140700000"/>
                            <passingTimes>
<TimetabledPassingTime version="any" id="SE:020:TimetabledPassingTime:205330000115993582">
    <StopPointInJourneyPatternRef ref="SE:020:StopPointInJourneyPattern:205339415000025570_205330000115202755" version="any"/>
    <DepartureTime>07:25:00</DepartureTime>
</TimetabledPassingTime>
<TimetabledPassingTime version="any" id="SE:020:TimetabledPassingTime:205330000115993583">
    <StopPointInJourneyPatternRef ref="SE:020:StopPointInJourneyPattern:205339415000025570_205330000115202756" version="any"/>
    <ArrivalTime>07:26:17</ArrivalTime>
    <DepartureTime>07:26:17</DepartureTime>
</TimetabledPassingTime>
<TimetabledPassingTime version="any" id="SE:020:TimetabledPassingTime:205330000115993584">
    <StopPointInJourneyPatternRef ref="SE:020:StopPointInJourneyPattern:205339415000025570_205330000115202757" version="any"/>
    <ArrivalTime>07:27:08</ArrivalTime>
    <DepartureTime>07:27:08</DepartureTime>
</TimetabledPassingTime>
<TimetabledPassingTime version="any" id="SE:020:TimetabledPassingTime:205330000115993585">
    <StopPointInJourneyPatternRef ref="SE:020:StopPointInJourneyPattern:205339415000025570_205330000115202758" version="any"/>
    <ArrivalTime>07:27:21</ArrivalTime>
    <DepartureTime>07:27:21</DepartureTime>
</TimetabledPassingTime>
<TimetabledPassingTime version="any" id="SE:020:TimetabledPassingTime:205330000115993586">
    <StopPointInJourneyPatternRef ref="SE:020:StopPointInJourneyPattern:205339415000025570_205330000115202759" version="any"/>
    <ArrivalTime>07:28:00</ArrivalTime>
    <DepartureTime>07:28:00</DepartureTime>
</TimetabledPassingTime>
<TimetabledPassingTime version="any" id="SE:020:TimetabledPassingTime:205330000115993587">
    <StopPointInJourneyPatternRef ref="SE:020:StopPointInJourneyPattern:205339415000025570_205330000115202760" version="any"/>
    <ArrivalTime>07:28:52</ArrivalTime>
    <DepartureTime>07:28:52</DepartureTime>
</TimetabledPassingTime>
<TimetabledPassingTime version="any" id="SE:020:TimetabledPassingTime:205330000115993588">
    <StopPointInJourneyPatternRef ref="SE:020:StopPointInJourneyPattern:205339415000025570_205330000115202761" version="any"/>
    <ArrivalTime>07:29:16</ArrivalTime>
    <DepartureTime>07:29:16</DepartureTime>
</TimetabledPassingTime>
<TimetabledPassingTime version="any" id="SE:020:TimetabledPassingTime:205330000115993589">
    <StopPointInJourneyPatternRef ref="SE:020:StopPointInJourneyPattern:205339415000025570_205330000115202762" version="any"/>
    <ArrivalTime>07:30:06</ArrivalTime>
    <DepartureTime>07:30:06</DepartureTime>
</TimetabledPassingTime>
<TimetabledPassingTime version="any" id="SE:020:TimetabledPassingTime:205330000115993590">
    <StopPointInJourneyPatternRef ref="SE:020:StopPointInJourneyPattern:205339415000025570_205330000115202763" version="any"/>
    <ArrivalTime>07:31:00</ArrivalTime>
    <DepartureTime>07:31:00</DepartureTime>
</TimetabledPassingTime>
<TimetabledPassingTime version="any" id="SE:020:TimetabledPassingTime:205330000115993591">
    <StopPointInJourneyPatternRef ref="SE:020:StopPointInJourneyPattern:205339415000025570_205330000115202764" version="any"/>
    <ArrivalTime>07:31:57</ArrivalTime>
    <DepartureTime>07:31:57</DepartureTime>
</TimetabledPassingTime>
<TimetabledPassingTime version="any" id="SE:020:TimetabledPassingTime:205330000115993592">
    <StopPointInJourneyPatternRef ref="SE:020:StopPointInJourneyPattern:205339415000025570_205330000115202765" version="any"/>
    <ArrivalTime>07:33:04</ArrivalTime>
    <DepartureTime>07:33:04</DepartureTime>
</TimetabledPassingTime>
<TimetabledPassingTime version="any" id="SE:020:TimetabledPassingTime:205330000115993593">
    <StopPointInJourneyPatternRef ref="SE:020:StopPointInJourneyPattern:205339415000025570_205330000115202766" version="any"/>
    <ArrivalTime>07:33:37</ArrivalTime>
    <DepartureTime>07:33:37</DepartureTime>
</TimetabledPassingTime>
<TimetabledPassingTime version="any" id="SE:020:TimetabledPassingTime:205330000115993594">
    <StopPointInJourneyPatternRef ref="SE:020:StopPointInJourneyPattern:205339415000025570_205330000115202767" version="any"/>
    <ArrivalTime>07:34:39</ArrivalTime>
    <DepartureTime>07:34:39</DepartureTime>
</TimetabledPassingTime>
<TimetabledPassingTime version="any" id="SE:020:TimetabledPassingTime:205330000115993595">
    <StopPointInJourneyPatternRef ref="SE:020:StopPointInJourneyPattern:205339415000025570_205330000115202768" version="any"/>
    <ArrivalTime>07:36:00</ArrivalTime>
    <DepartureTime>07:36:00</DepartureTime>
</TimetabledPassingTime>
<TimetabledPassingTime version="any" id="SE:020:TimetabledPassingTime:205330000115993596">
    <StopPointInJourneyPatternRef ref="SE:020:StopPointInJourneyPattern:205339415000025570_205330000115202769" version="any"/>
    <ArrivalTime>07:36:44</ArrivalTime>
    <DepartureTime>07:36:44</DepartureTime>
</TimetabledPassingTime>
<TimetabledPassingTime version="any" id="SE:020:TimetabledPassingTime:205330000115993597">
    <StopPointInJourneyPatternRef ref="SE:020:StopPointInJourneyPattern:205339415000025570_205330000115202770" version="any"/>
    <ArrivalTime>07:37:39</ArrivalTime>
    <DepartureTime>07:37:39</DepartureTime>
</TimetabledPassingTime>
<TimetabledPassingTime version="any" id="SE:020:TimetabledPassingTime:205330000115993598">
    <StopPointInJourneyPatternRef ref="SE:020:StopPointInJourneyPattern:205339415000025570_205330000115202771" version="any"/>
    <ArrivalTime>07:38:07</ArrivalTime>
    <DepartureTime>07:38:07</DepartureTime>
</TimetabledPassingTime>
<TimetabledPassingTime version="any" id="SE:020:TimetabledPassingTime:205330000115993599">
    <StopPointInJourneyPatternRef ref="SE:020:StopPointInJourneyPattern:205339415000025570_205330000115202772" version="any"/>
    <ArrivalTime>07:40:06</ArrivalTime>
    <DepartureTime>07:40:06</DepartureTime>
</TimetabledPassingTime>
<TimetabledPassingTime version="any" id="SE:020:TimetabledPassingTime:205330000115993600">
    <StopPointInJourneyPatternRef ref="SE:020:StopPointInJourneyPattern:205339415000025570_205330000115202773" version="any"/>
    <ArrivalTime>07:41:00</ArrivalTime>
    <DepartureTime>07:41:00</DepartureTime>
</TimetabledPassingTime>
<TimetabledPassingTime version="any" id="SE:020:TimetabledPassingTime:205330000115993601">
    <StopPointInJourneyPatternRef ref="SE:020:StopPointInJourneyPattern:205339415000025570_205330000115202774" version="any"/>
    <ArrivalTime>07:42:04</ArrivalTime>
    <DepartureTime>07:42:04</DepartureTime>
</TimetabledPassingTime>
<TimetabledPassingTime version="any" id="SE:020:TimetabledPassingTime:205330000115993602">
    <StopPointInJourneyPatternRef ref="SE:020:StopPointInJourneyPattern:205339415000025570_205330000115202775" version="any"/>
    <ArrivalTime>07:42:28</ArrivalTime>
    <DepartureTime>07:42:28</DepartureTime>
</TimetabledPassingTime>
<TimetabledPassingTime version="any" id="SE:020:TimetabledPassingTime:205330000115993603">
    <StopPointInJourneyPatternRef ref="SE:020:StopPointInJourneyPattern:205339415000025570_205330000115202776" version="any"/>
    <ArrivalTime>07:43:26</ArrivalTime>
    <DepartureTime>07:43:26</DepartureTime>
</TimetabledPassingTime>
<TimetabledPassingTime version="any" id="SE:020:TimetabledPassingTime:205330000115993604">
    <StopPointInJourneyPatternRef ref="SE:020:StopPointInJourneyPattern:205339415000025570_205330000115202777" version="any"/>
    <ArrivalTime>07:43:49</ArrivalTime>
    <DepartureTime>07:43:49</DepartureTime>
</TimetabledPassingTime>
<TimetabledPassingTime version="any" id="SE:020:TimetabledPassingTime:205330000115993605">
    <StopPointInJourneyPatternRef ref="SE:020:StopPointInJourneyPattern:205339415000025570_205330000115202778" version="any"/>
    <ArrivalTime>07:45:00</ArrivalTime>
    <DepartureTime>07:45:00</DepartureTime>
</TimetabledPassingTime>
<TimetabledPassingTime version="any" id="SE:020:TimetabledPassingTime:205330000115993606">
    <StopPointInJourneyPatternRef ref="SE:020:StopPointInJourneyPattern:205339415000025570_205330000115202779" version="any"/>
    <ArrivalTime>07:45:56</ArrivalTime>
    <DepartureTime>07:45:56</DepartureTime>
</TimetabledPassingTime>
<TimetabledPassingTime version="any" id="SE:020:TimetabledPassingTime:205330000115993607">
    <StopPointInJourneyPatternRef ref="SE:020:StopPointInJourneyPattern:205339415000025570_205330000115202780" version="any"/>
    <ArrivalTime>07:47:46</ArrivalTime>
    <DepartureTime>07:47:46</DepartureTime>
</TimetabledPassingTime>
<TimetabledPassingTime version="any" id="SE:020:TimetabledPassingTime:205330000115993608">
    <StopPointInJourneyPatternRef ref="SE:020:StopPointInJourneyPattern:205339415000025570_205330000115202781" version="any"/>
    <ArrivalTime>07:53:00</ArrivalTime>
</TimetabledPassingTime>
                            </passingTimes>
                        </ServiceJourney>
                        <ServiceJourney version="any" id="SE:020:ServiceJourney:205330000122215028">
                            <TransportMode>bus</TransportMode>
                            <TransportSubmode>
<BusSubmode>unknown</BusSubmode>
                            </TransportSubmode>
                            <dayTypes>
<DayTypeRef ref="SE:020:DayType:gjj48i5tn94ltd92p95tvc2se2inbb0u"/>
                            </dayTypes>
                            <JourneyPatternRef ref="SE:020:JourneyPattern:205339415000025570" version="any"/>
                            <OperatorRef ref="SE:020:Operator:9013020140700000"/>
                            <passingTimes>
<TimetabledPassingTime version="any" id="SE:020:TimetabledPassingTime:205330000122214998">
    <StopPointInJourneyPatternRef ref="SE:020:StopPointInJourneyPattern:205339415000025570_205330000115202755" version="any"/>
    <DepartureTime>15:35:00</DepartureTime>
</TimetabledPassingTime>
<TimetabledPassingTime version="any" id="SE:020:TimetabledPassingTime:205330000122214999">
    <StopPointInJourneyPatternRef ref="SE:020:StopPointInJourneyPattern:205339415000025570_205330000115202756" version="any"/>
    <ArrivalTime>15:36:17</ArrivalTime>
    <DepartureTime>15:36:17</DepartureTime>
</TimetabledPassingTime>
<TimetabledPassingTime version="any" id="SE:020:TimetabledPassingTime:205330000122215000">
    <StopPointInJourneyPatternRef ref="SE:020:StopPointInJourneyPattern:205339415000025570_205330000115202757" version="any"/>
    <ArrivalTime>15:37:08</ArrivalTime>
    <DepartureTime>15:37:08</DepartureTime>
</TimetabledPassingTime>
<TimetabledPassingTime version="any" id="SE:020:TimetabledPassingTime:205330000122215001">
    <StopPointInJourneyPatternRef ref="SE:020:StopPointInJourneyPattern:205339415000025570_205330000115202758" version="any"/>
    <ArrivalTime>15:37:21</ArrivalTime>
    <DepartureTime>15:37:21</DepartureTime>
</TimetabledPassingTime>
<TimetabledPassingTime version="any" id="SE:020:TimetabledPassingTime:205330000122215002">
    <StopPointInJourneyPatternRef ref="SE:020:StopPointInJourneyPattern:205339415000025570_205330000115202759" version="any"/>
    <ArrivalTime>15:38:00</ArrivalTime>
    <DepartureTime>15:38:00</DepartureTime>
</TimetabledPassingTime>
<TimetabledPassingTime version="any" id="SE:020:TimetabledPassingTime:205330000122215003">
    <StopPointInJourneyPatternRef ref="SE:020:StopPointInJourneyPattern:205339415000025570_205330000115202760" version="any"/>
    <ArrivalTime>15:38:52</ArrivalTime>
    <DepartureTime>15:38:52</DepartureTime>
</TimetabledPassingTime>
<TimetabledPassingTime version="any" id="SE:020:TimetabledPassingTime:205330000122215004">
    <StopPointInJourneyPatternRef ref="SE:020:StopPointInJourneyPattern:205339415000025570_205330000115202761" version="any"/>
    <ArrivalTime>15:39:16</ArrivalTime>
    <DepartureTime>15:39:16</DepartureTime>
</TimetabledPassingTime>
<TimetabledPassingTime version="any" id="SE:020:TimetabledPassingTime:205330000122215005">
    <StopPointInJourneyPatternRef ref="SE:020:StopPointInJourneyPattern:205339415000025570_205330000115202762" version="any"/>
    <ArrivalTime>15:40:06</ArrivalTime>
    <DepartureTime>15:40:06</DepartureTime>
</TimetabledPassingTime>
<TimetabledPassingTime version="any" id="SE:020:TimetabledPassingTime:205330000122215006">
    <StopPointInJourneyPatternRef ref="SE:020:StopPointInJourneyPattern:205339415000025570_205330000115202763" version="any"/>
    <ArrivalTime>15:41:00</ArrivalTime>
    <DepartureTime>15:41:00</DepartureTime>
</TimetabledPassingTime>
<TimetabledPassingTime version="any" id="SE:020:TimetabledPassingTime:205330000122215007">
    <StopPointInJourneyPatternRef ref="SE:020:StopPointInJourneyPattern:205339415000025570_205330000115202764" version="any"/>
    <ArrivalTime>15:41:57</ArrivalTime>
    <DepartureTime>15:41:57</DepartureTime>
</TimetabledPassingTime>
<TimetabledPassingTime version="any" id="SE:020:TimetabledPassingTime:205330000122215008">
    <StopPointInJourneyPatternRef ref="SE:020:StopPointInJourneyPattern:205339415000025570_205330000115202765" version="any"/>
    <ArrivalTime>15:43:04</ArrivalTime>
    <DepartureTime>15:43:04</DepartureTime>
</TimetabledPassingTime>
<TimetabledPassingTime version="any" id="SE:020:TimetabledPassingTime:205330000122215009">
    <StopPointInJourneyPatternRef ref="SE:020:StopPointInJourneyPattern:205339415000025570_205330000115202766" version="any"/>
    <ArrivalTime>15:43:37</ArrivalTime>
    <DepartureTime>15:43:37</DepartureTime>
</TimetabledPassingTime>
<TimetabledPassingTime version="any" id="SE:020:TimetabledPassingTime:205330000122215010">
    <StopPointInJourneyPatternRef ref="SE:020:StopPointInJourneyPattern:205339415000025570_205330000115202767" version="any"/>
    <ArrivalTime>15:44:39</ArrivalTime>
    <DepartureTime>15:44:39</DepartureTime>
</TimetabledPassingTime>
<TimetabledPassingTime version="any" id="SE:020:TimetabledPassingTime:205330000122215011">
    <StopPointInJourneyPatternRef ref="SE:020:StopPointInJourneyPattern:205339415000025570_205330000115202768" version="any"/>
    <ArrivalTime>15:46:00</ArrivalTime>
    <DepartureTime>15:46:00</DepartureTime>
</TimetabledPassingTime>
<TimetabledPassingTime version="any" id="SE:020:TimetabledPassingTime:205330000122215012">
    <StopPointInJourneyPatternRef ref="SE:020:StopPointInJourneyPattern:205339415000025570_205330000115202769" version="any"/>
    <ArrivalTime>15:46:44</ArrivalTime>
    <DepartureTime>15:46:44</DepartureTime>
</TimetabledPassingTime>
<TimetabledPassingTime version="any" id="SE:020:TimetabledPassingTime:205330000122215013">
    <StopPointInJourneyPatternRef ref="SE:020:StopPointInJourneyPattern:205339415000025570_205330000115202770" version="any"/>
    <ArrivalTime>15:47:39</ArrivalTime>
    <DepartureTime>15:47:39</DepartureTime>
</TimetabledPassingTime>
<TimetabledPassingTime version="any" id="SE:020:TimetabledPassingTime:205330000122215014">
    <StopPointInJourneyPatternRef ref="SE:020:StopPointInJourneyPattern:205339415000025570_205330000115202771" version="any"/>
    <ArrivalTime>15:48:07</ArrivalTime>
    <DepartureTime>15:48:07</DepartureTime>
</TimetabledPassingTime>
<TimetabledPassingTime version="any" id="SE:020:TimetabledPassingTime:205330000122215015">
    <StopPointInJourneyPatternRef ref="SE:020:StopPointInJourneyPattern:205339415000025570_205330000115202772" version="any"/>
    <ArrivalTime>15:50:06</ArrivalTime>
    <DepartureTime>15:50:06</DepartureTime>
</TimetabledPassingTime>
<TimetabledPassingTime version="any" id="SE:020:TimetabledPassingTime:205330000122215016">
    <StopPointInJourneyPatternRef ref="SE:020:StopPointInJourneyPattern:205339415000025570_205330000115202773" version="any"/>
    <ArrivalTime>15:51:00</ArrivalTime>
    <DepartureTime>15:51:00</DepartureTime>
</TimetabledPassingTime>
<TimetabledPassingTime version="any" id="SE:020:TimetabledPassingTime:205330000122215017">
    <StopPointInJourneyPatternRef ref="SE:020:StopPointInJourneyPattern:205339415000025570_205330000115202774" version="any"/>
    <ArrivalTime>15:52:04</ArrivalTime>
    <DepartureTime>15:52:04</DepartureTime>
</TimetabledPassingTime>
<TimetabledPassingTime version="any" id="SE:020:TimetabledPassingTime:205330000122215018">
    <StopPointInJourneyPatternRef ref="SE:020:StopPointInJourneyPattern:205339415000025570_205330000115202775" version="any"/>
    <ArrivalTime>15:52:28</ArrivalTime>
    <DepartureTime>15:52:28</DepartureTime>
</TimetabledPassingTime>
<TimetabledPassingTime version="any" id="SE:020:TimetabledPassingTime:205330000122215019">
    <StopPointInJourneyPatternRef ref="SE:020:StopPointInJourneyPattern:205339415000025570_205330000115202776" version="any"/>
    <ArrivalTime>15:53:26</ArrivalTime>
    <DepartureTime>15:53:26</DepartureTime>
</TimetabledPassingTime>
<TimetabledPassingTime version="any" id="SE:020:TimetabledPassingTime:205330000122215020">
    <StopPointInJourneyPatternRef ref="SE:020:StopPointInJourneyPattern:205339415000025570_205330000115202777" version="any"/>
    <ArrivalTime>15:53:49</ArrivalTime>
    <DepartureTime>15:53:49</DepartureTime>
</TimetabledPassingTime>
<TimetabledPassingTime version="any" id="SE:020:TimetabledPassingTime:205330000122215021">
    <StopPointInJourneyPatternRef ref="SE:020:StopPointInJourneyPattern:205339415000025570_205330000115202778" version="any"/>
    <ArrivalTime>15:55:00</ArrivalTime>
    <DepartureTime>15:55:00</DepartureTime>
</TimetabledPassingTime>
<TimetabledPassingTime version="any" id="SE:020:TimetabledPassingTime:205330000122215022">
    <StopPointInJourneyPatternRef ref="SE:020:StopPointInJourneyPattern:205339415000025570_205330000115202779" version="any"/>
    <ArrivalTime>15:55:56</ArrivalTime>
    <DepartureTime>15:55:56</DepartureTime>
</TimetabledPassingTime>
<TimetabledPassingTime version="any" id="SE:020:TimetabledPassingTime:205330000122215023">
    <StopPointInJourneyPatternRef ref="SE:020:StopPointInJourneyPattern:205339415000025570_205330000115202780" version="any"/>
    <ArrivalTime>15:57:46</ArrivalTime>
    <DepartureTime>15:57:46</DepartureTime>
</TimetabledPassingTime>
<TimetabledPassingTime version="any" id="SE:020:TimetabledPassingTime:205330000122215024">
    <StopPointInJourneyPatternRef ref="SE:020:StopPointInJourneyPattern:205339415000025570_205330000115202781" version="any"/>
    <ArrivalTime>16:03:00</ArrivalTime>
</TimetabledPassingTime>
                            </passingTimes>
                        </ServiceJourney>
                    </vehicleJourneys>
                    <journeyInterchanges>
                        <ServiceJourneyInterchange version="any" id="SE:020:ServiceJourneyInterchange:205330000115993765_1">
                            <Priority>0</Priority>
                            <Guaranteed>false</Guaranteed>
                            <Advertised>true</Advertised>
                            <FromPointRef ref="SE:020:ScheduledStopPoint:9022020585301043"/>
                            <ToPointRef ref="SE:020:ScheduledStopPoint:9022020585301043"/>
                            <FromJourneyRef ref="SE:020:ServiceJourney:205330000115987054"/>
                            <ToJourneyRef ref="SE:020:ServiceJourney:205330000115993765" version="any"/>
                        </ServiceJourneyInterchange>
                        <ServiceJourneyInterchange version="any" id="SE:020:ServiceJourneyInterchange:205330000115994073_1">
                            <Priority>0</Priority>
                            <Guaranteed>false</Guaranteed>
                            <Advertised>true</Advertised>
                            <FromPointRef ref="SE:020:ScheduledStopPoint:9022020585301041"/>
                            <ToPointRef ref="SE:020:ScheduledStopPoint:9022020585301041"/>
                            <FromJourneyRef ref="SE:020:ServiceJourney:205330000115987756"/>
                            <ToJourneyRef ref="SE:020:ServiceJourney:205330000115994073" version="any"/>
                        </ServiceJourneyInterchange>
                        <ServiceJourneyInterchange version="any" id="SE:020:ServiceJourneyInterchange:205330000115994227_1">
                            <Priority>0</Priority>
                            <Guaranteed>false</Guaranteed>
                            <Advertised>true</Advertised>
                            <FromPointRef ref="SE:020:ScheduledStopPoint:9022020585301041"/>
                            <ToPointRef ref="SE:020:ScheduledStopPoint:9022020585301041"/>
                            <FromJourneyRef ref="SE:020:ServiceJourney:205330000115987822"/>
                            <ToJourneyRef ref="SE:020:ServiceJourney:205330000115994227" version="any"/>
                        </ServiceJourneyInterchange>
                        <ServiceJourneyInterchange version="any" id="SE:020:ServiceJourneyInterchange:205330000115993611_1">
                            <Priority>0</Priority>
                            <Guaranteed>false</Guaranteed>
                            <Advertised>true</Advertised>
                            <FromPointRef ref="SE:020:ScheduledStopPoint:9022020585301043"/>
                            <ToPointRef ref="SE:020:ScheduledStopPoint:9022020585301043"/>
                            <FromJourneyRef ref="SE:020:ServiceJourney:205330000115986988"/>
                            <ToJourneyRef ref="SE:020:ServiceJourney:205330000115993611" version="any"/>
                        </ServiceJourneyInterchange>
                    </journeyInterchanges>
                </TimetableFrame>
            </frames>
        </CompositeFrame>
    </dataObjects>
</PublicationDelivery>
