<?xml version="1.0" encoding="UTF-8" standalone="yes"?>
<PublicationDelivery xmlns="http://www.netex.org.uk/netex" xmlns:ns2="http://www.opengis.net/gml/3.2" xmlns:ns3="http://www.siri.org.uk/siri" version="1.11:NO-NeTEx-networktimetable:1.3">
    <PublicationTimestamp>2024-09-02T03:57:40</PublicationTimestamp>
    <ParticipantRef>SAM</ParticipantRef>
    <dataObjects>
        <CompositeFrame created="2024-09-02T03:57:40" version="20240902035740" id="SE:020:CompositeFrame:9011020090200000">
            <ValidBetween>
                <FromDate>1970-01-01T00:00:00</FromDate>
            </ValidBetween>
            <codespaces>
                <Codespace id="SE:020">
                    <Xmlns>SE:020</Xmlns>
                    <XmlnsUrl>http://www.samtrafiken.se/ns/dt</XmlnsUrl>
                </Codespace>
            </codespaces>
            <FrameDefaults>
                <DefaultLocale>
                    <TimeZone>Europe/Stockholm</TimeZone>
                    <DefaultLanguage>se</DefaultLanguage>
                </DefaultLocale>
                <DefaultLocationSystem>4326</DefaultLocationSystem>
            </FrameDefaults>
            <frames>
                <ServiceFrame version="20240902035740" id="SE:020:ServiceFrame:9011020090200000">
                    <routes>
                        <Route version="any" id="SE:020:Route:205330000115274066">
                            <Name>Skolbuss</Name>
                            <LineRef ref="SE:020:Line:9011020090200000" version="160818"/>
                            <DirectionType>outbound</DirectionType>
                            <pointsInSequence>
<PointOnRoute order="1" version="any" id="SE:020:PointOnRoute:205330000115274071">
    <RoutePointRef ref="SE:020:RoutePoint:9022020526100001"/>
</PointOnRoute>
<PointOnRoute order="2" version="any" id="SE:020:PointOnRoute:205330000115274072">
    <RoutePointRef ref="SE:020:RoutePoint:9022020526099001"/>
</PointOnRoute>
<PointOnRoute order="3" version="any" id="SE:020:PointOnRoute:205330000115274073">
    <RoutePointRef ref="SE:020:RoutePoint:9022020526064001"/>
</PointOnRoute>
<PointOnRoute order="4" version="any" id="SE:020:PointOnRoute:205330000115274074">
    <RoutePointRef ref="SE:020:RoutePoint:9022020526098001"/>
</PointOnRoute>
<PointOnRoute order="5" version="any" id="SE:020:PointOnRoute:205330000115274075">
    <RoutePointRef ref="SE:020:RoutePoint:9022020526139001"/>
</PointOnRoute>
<PointOnRoute order="6" version="any" id="SE:020:PointOnRoute:205330000115274076">
    <RoutePointRef ref="SE:020:RoutePoint:9022020526153001"/>
</PointOnRoute>
                            </pointsInSequence>
                        </Route>
                    </routes>
                    <lines>
                        <Line version="160818" id="SE:020:Line:9011020090200000">
                            <ValidBetween>
<FromDate>2016-08-18T00:00:00</FromDate>
                            </ValidBetween>
                            <Name>902</Name>
                            <TransportMode>bus</TransportMode>
                            <TransportSubmode>
<BusSubmode>unknown</BusSubmode>
                            </TransportSubmode>
                            <PublicCode>902</PublicCode>
                            <PrivateCode>902</PrivateCode>
                            <RepresentedByGroupRef ref="SE:020:Network:9010020000000000"/>
                        </Line>
                    </lines>
                    <journeyPatterns>
                        <JourneyPattern version="any" id="SE:020:JourneyPattern:205339415000025630">
                            <RouteRef ref="SE:020:Route:205330000115274066" version="any"/>
                            <pointsInSequence>
<StopPointInJourneyPattern order="1" version="any" id="SE:020:StopPointInJourneyPattern:205339415000025630_205330000115274071">
    <ScheduledStopPointRef ref="SE:020:ScheduledStopPoint:9022020526100001"/>
    <ForAlighting>false</ForAlighting>
    <ForBoarding>true</ForBoarding>
    <DestinationDisplayRef ref="SE:020:DestinationDisplay:205330000115274084"/>
    <RequestStop>true</RequestStop>
</StopPointInJourneyPattern>
<StopPointInJourneyPattern order="2" version="any" id="SE:020:StopPointInJourneyPattern:205339415000025630_205330000115274072">
    <ScheduledStopPointRef ref="SE:020:ScheduledStopPoint:9022020526099001"/>
    <ForAlighting>true</ForAlighting>
    <ForBoarding>true</ForBoarding>
    <RequestStop>true</RequestStop>
</StopPointInJourneyPattern>
<StopPointInJourneyPattern order="3" version="any" id="SE:020:StopPointInJourneyPattern:205339415000025630_205330000115274073">
    <ScheduledStopPointRef ref="SE:020:ScheduledStopPoint:9022020526064001"/>
    <ForAlighting>true</ForAlighting>
    <ForBoarding>true</ForBoarding>
    <RequestStop>true</RequestStop>
</StopPointInJourneyPattern>
<StopPointInJourneyPattern order="4" version="any" id="SE:020:StopPointInJourneyPattern:205339415000025630_205330000115274074">
    <ScheduledStopPointRef ref="SE:020:ScheduledStopPoint:9022020526098001"/>
    <ForAlighting>true</ForAlighting>
    <ForBoarding>true</ForBoarding>
    <RequestStop>true</RequestStop>
</StopPointInJourneyPattern>
<StopPointInJourneyPattern order="5" version="any" id="SE:020:StopPointInJourneyPattern:205339415000025630_205330000115274075">
    <ScheduledStopPointRef ref="SE:020:ScheduledStopPoint:9022020526139001"/>
    <ForAlighting>true</ForAlighting>
    <ForBoarding>true</ForBoarding>
    <RequestStop>true</RequestStop>
</StopPointInJourneyPattern>
<StopPointInJourneyPattern order="6" version="any" id="SE:020:StopPointInJourneyPattern:205339415000025630_205330000115274076">
    <ScheduledStopPointRef ref="SE:020:ScheduledStopPoint:9022020526153001"/>
    <ForAlighting>true</ForAlighting>
    <ForBoarding>false</ForBoarding>
    <RequestStop>true</RequestStop>
</StopPointInJourneyPattern>
                            </pointsInSequence>
                            <linksInSequence>
<ServiceLinkInJourneyPattern order="1" version="any" id="SE:020:ServiceLinkInJourneyPattern:BUS_35063">
    <ServiceLinkRef ref="SE:020:ServiceLink:BUS_9025020052610001_9025020052609901"/>
</ServiceLinkInJourneyPattern>
<ServiceLinkInJourneyPattern order="2" version="any" id="SE:020:ServiceLinkInJourneyPattern:BUS_35064">
    <ServiceLinkRef ref="SE:020:ServiceLink:BUS_9025020052609901_9025020052606401"/>
</ServiceLinkInJourneyPattern>
<ServiceLinkInJourneyPattern order="3" version="any" id="SE:020:ServiceLinkInJourneyPattern:BUS_35065">
    <ServiceLinkRef ref="SE:020:ServiceLink:BUS_9025020052606401_9025020052609801"/>
</ServiceLinkInJourneyPattern>
<ServiceLinkInJourneyPattern order="4" version="any" id="SE:020:ServiceLinkInJourneyPattern:BUS_35066">
    <ServiceLinkRef ref="SE:020:ServiceLink:BUS_9025020052609801_9025020052613901"/>
</ServiceLinkInJourneyPattern>
<ServiceLinkInJourneyPattern order="5" version="any" id="SE:020:ServiceLinkInJourneyPattern:BUS_35067">
    <ServiceLinkRef ref="SE:020:ServiceLink:BUS_9025020052613901_9025020052615301"/>
</ServiceLinkInJourneyPattern>
                            </linksInSequence>
                        </JourneyPattern>
                    </journeyPatterns>
                </ServiceFrame>
                <TimetableFrame version="20240902035740" id="SE:020:TimetableFrame:9011020090200000">
                    <vehicleJourneys>
                        <ServiceJourney version="any" id="SE:020:ServiceJourney:205330000115274125">
                            <TransportMode>bus</TransportMode>
                            <TransportSubmode>
<BusSubmode>unknown</BusSubmode>
                            </TransportSubmode>
                            <dayTypes>
<DayTypeRef ref="SE:020:DayType:f15e69efa716h7j100o0s2crtplnrp4h"/>
                            </dayTypes>
                            <JourneyPatternRef ref="SE:020:JourneyPattern:205339415000025630" version="any"/>
                            <OperatorRef ref="SE:020:Operator:9013020140700000"/>
                            <passingTimes>
<TimetabledPassingTime version="any" id="SE:020:TimetabledPassingTime:205330000115274116">
    <StopPointInJourneyPatternRef ref="SE:020:StopPointInJourneyPattern:205339415000025630_205330000115274071" version="any"/>
    <DepartureTime>08:10:00</DepartureTime>
</TimetabledPassingTime>
<TimetabledPassingTime version="any" id="SE:020:TimetabledPassingTime:205330000115274117">
    <StopPointInJourneyPatternRef ref="SE:020:StopPointInJourneyPattern:205339415000025630_205330000115274072" version="any"/>
    <ArrivalTime>08:12:13</ArrivalTime>
    <DepartureTime>08:12:13</DepartureTime>
</TimetabledPassingTime>
<TimetabledPassingTime version="any" id="SE:020:TimetabledPassingTime:205330000115274118">
    <StopPointInJourneyPatternRef ref="SE:020:StopPointInJourneyPattern:205339415000025630_205330000115274073" version="any"/>
    <ArrivalTime>08:14:31</ArrivalTime>
    <DepartureTime>08:14:31</DepartureTime>
</TimetabledPassingTime>
<TimetabledPassingTime version="any" id="SE:020:TimetabledPassingTime:205330000115274119">
    <StopPointInJourneyPatternRef ref="SE:020:StopPointInJourneyPattern:205339415000025630_205330000115274074" version="any"/>
    <ArrivalTime>08:16:02</ArrivalTime>
    <DepartureTime>08:16:02</DepartureTime>
</TimetabledPassingTime>
<TimetabledPassingTime version="any" id="SE:020:TimetabledPassingTime:205330000115274120">
    <StopPointInJourneyPatternRef ref="SE:020:StopPointInJourneyPattern:205339415000025630_205330000115274075" version="any"/>
    <ArrivalTime>08:17:11</ArrivalTime>
    <DepartureTime>08:17:11</DepartureTime>
</TimetabledPassingTime>
<TimetabledPassingTime version="any" id="SE:020:TimetabledPassingTime:205330000115274121">
    <StopPointInJourneyPatternRef ref="SE:020:StopPointInJourneyPattern:205339415000025630_205330000115274076" version="any"/>
    <ArrivalTime>08:20:00</ArrivalTime>
</TimetabledPassingTime>
                            </passingTimes>
                        </ServiceJourney>
                    </vehicleJourneys>
                </TimetableFrame>
            </frames>
        </CompositeFrame>
    </dataObjects>
</PublicationDelivery>
