<?xml version="1.0" encoding="UTF-8" standalone="yes"?>
<PublicationDelivery xmlns="http://www.netex.org.uk/netex" xmlns:ns2="http://www.opengis.net/gml/3.2" xmlns:ns3="http://www.siri.org.uk/siri" version="1.11:NO-NeTEx-networktimetable:1.3">
    <PublicationTimestamp>2024-09-02T03:57:40</PublicationTimestamp>
    <ParticipantRef>SAM</ParticipantRef>
    <dataObjects>
        <CompositeFrame created="2024-09-02T03:57:40" version="20240902035740" id="SE:020:CompositeFrame:9011020001500000">
            <ValidBetween>
                <FromDate>1970-01-01T00:00:00</FromDate>
            </ValidBetween>
            <codespaces>
                <Codespace id="SE:020">
                    <Xmlns>SE:020</Xmlns>
                    <XmlnsUrl>http://www.samtrafiken.se/ns/dt</XmlnsUrl>
                </Codespace>
            </codespaces>
            <FrameDefaults>
                <DefaultLocale>
                    <TimeZone>Europe/Stockholm</TimeZone>
                    <DefaultLanguage>se</DefaultLanguage>
                </DefaultLocale>
                <DefaultLocationSystem>4326</DefaultLocationSystem>
            </FrameDefaults>
            <frames>
                <ServiceFrame version="20240902035740" id="SE:020:ServiceFrame:9011020001500000">
                    <routes>
                        <Route version="any" id="SE:020:Route:205330000114075399">
                            <Name>Falun resecentrum - Ingarvet - Falun resecentrum </Name>
                            <LineRef ref="SE:020:Line:9011020001500000" version="140809"/>
                            <DirectionType>outbound</DirectionType>
                            <pointsInSequence>
<PointOnRoute order="1" version="any" id="SE:020:PointOnRoute:205330000114075404">
    <RoutePointRef ref="SE:020:RoutePoint:9022020580000010"/>
</PointOnRoute>
<PointOnRoute order="2" version="any" id="SE:020:PointOnRoute:205330000114075405">
    <RoutePointRef ref="SE:020:RoutePoint:9022020580480002"/>
</PointOnRoute>
<PointOnRoute order="3" version="any" id="SE:020:PointOnRoute:205330000114075406">
    <RoutePointRef ref="SE:020:RoutePoint:9022020580469001"/>
</PointOnRoute>
<PointOnRoute order="4" version="any" id="SE:020:PointOnRoute:205330000114075407">
    <RoutePointRef ref="SE:020:RoutePoint:9022020580468001"/>
</PointOnRoute>
<PointOnRoute order="5" version="any" id="SE:020:PointOnRoute:205330000114075408">
    <RoutePointRef ref="SE:020:RoutePoint:9022020580467001"/>
</PointOnRoute>
<PointOnRoute order="6" version="any" id="SE:020:PointOnRoute:205330000114075409">
    <RoutePointRef ref="SE:020:RoutePoint:9022020580466001"/>
</PointOnRoute>
<PointOnRoute order="7" version="any" id="SE:020:PointOnRoute:205330000114075410">
    <RoutePointRef ref="SE:020:RoutePoint:9022020580465001"/>
</PointOnRoute>
<PointOnRoute order="8" version="any" id="SE:020:PointOnRoute:205330000114075411">
    <RoutePointRef ref="SE:020:RoutePoint:9022020580464001"/>
</PointOnRoute>
<PointOnRoute order="9" version="any" id="SE:020:PointOnRoute:205330000114075412">
    <RoutePointRef ref="SE:020:RoutePoint:9022020580463001"/>
</PointOnRoute>
<PointOnRoute order="10" version="any" id="SE:020:PointOnRoute:205330000114075413">
    <RoutePointRef ref="SE:020:RoutePoint:9022020580467002"/>
</PointOnRoute>
<PointOnRoute order="11" version="any" id="SE:020:PointOnRoute:205330000114075414">
    <RoutePointRef ref="SE:020:RoutePoint:9022020580468002"/>
</PointOnRoute>
<PointOnRoute order="12" version="any" id="SE:020:PointOnRoute:205330000114075415">
    <RoutePointRef ref="SE:020:RoutePoint:9022020580469002"/>
</PointOnRoute>
<PointOnRoute order="13" version="any" id="SE:020:PointOnRoute:205330000114075416">
    <RoutePointRef ref="SE:020:RoutePoint:9022020580480001"/>
</PointOnRoute>
<PointOnRoute order="14" version="any" id="SE:020:PointOnRoute:205330000114075417">
    <RoutePointRef ref="SE:020:RoutePoint:9022020580000012"/>
</PointOnRoute>
                            </pointsInSequence>
                        </Route>
                    </routes>
                    <lines>
                        <Line version="140809" id="SE:020:Line:9011020001500000">
                            <ValidBetween>
<FromDate>2014-08-09T00:00:00</FromDate>
                            </ValidBetween>
                            <Name>15</Name>
                            <TransportMode>bus</TransportMode>
                            <TransportSubmode>
<BusSubmode>unknown</BusSubmode>
                            </TransportSubmode>
                            <PublicCode>15</PublicCode>
                            <PrivateCode>15</PrivateCode>
                            <RepresentedByGroupRef ref="SE:020:Network:9010020000000000"/>
                        </Line>
                    </lines>
                    <journeyPatterns>
                        <JourneyPattern version="any" id="SE:020:JourneyPattern:205339415000025324">
                            <RouteRef ref="SE:020:Route:205330000114075399" version="any"/>
                            <pointsInSequence>
<StopPointInJourneyPattern order="1" version="any" id="SE:020:StopPointInJourneyPattern:205339415000025324_205330000114075404">
    <ScheduledStopPointRef ref="SE:020:ScheduledStopPoint:9022020580000010"/>
    <ForAlighting>false</ForAlighting>
    <ForBoarding>true</ForBoarding>
    <DestinationDisplayRef ref="SE:020:DestinationDisplay:205330000114075425"/>
    <RequestStop>true</RequestStop>
</StopPointInJourneyPattern>
<StopPointInJourneyPattern order="2" version="any" id="SE:020:StopPointInJourneyPattern:205339415000025324_205330000114075405">
    <ScheduledStopPointRef ref="SE:020:ScheduledStopPoint:9022020580480002"/>
    <ForAlighting>true</ForAlighting>
    <ForBoarding>true</ForBoarding>
    <RequestStop>true</RequestStop>
</StopPointInJourneyPattern>
<StopPointInJourneyPattern order="3" version="any" id="SE:020:StopPointInJourneyPattern:205339415000025324_205330000114075406">
    <ScheduledStopPointRef ref="SE:020:ScheduledStopPoint:9022020580469001"/>
    <ForAlighting>true</ForAlighting>
    <ForBoarding>true</ForBoarding>
    <RequestStop>true</RequestStop>
</StopPointInJourneyPattern>
<StopPointInJourneyPattern order="4" version="any" id="SE:020:StopPointInJourneyPattern:205339415000025324_205330000114075407">
    <ScheduledStopPointRef ref="SE:020:ScheduledStopPoint:9022020580468001"/>
    <ForAlighting>true</ForAlighting>
    <ForBoarding>true</ForBoarding>
    <RequestStop>true</RequestStop>
</StopPointInJourneyPattern>
<StopPointInJourneyPattern order="5" version="any" id="SE:020:StopPointInJourneyPattern:205339415000025324_205330000114075408">
    <ScheduledStopPointRef ref="SE:020:ScheduledStopPoint:9022020580467001"/>
    <ForAlighting>true</ForAlighting>
    <ForBoarding>true</ForBoarding>
    <RequestStop>true</RequestStop>
</StopPointInJourneyPattern>
<StopPointInJourneyPattern order="6" version="any" id="SE:020:StopPointInJourneyPattern:205339415000025324_205330000114075409">
    <ScheduledStopPointRef ref="SE:020:ScheduledStopPoint:9022020580466001"/>
    <ForAlighting>true</ForAlighting>
    <ForBoarding>true</ForBoarding>
    <DestinationDisplayRef ref="SE:020:DestinationDisplay:205330000114075429"/>
    <RequestStop>true</RequestStop>
</StopPointInJourneyPattern>
<StopPointInJourneyPattern order="7" version="any" id="SE:020:StopPointInJourneyPattern:205339415000025324_205330000114075410">
    <ScheduledStopPointRef ref="SE:020:ScheduledStopPoint:9022020580465001"/>
    <ForAlighting>true</ForAlighting>
    <ForBoarding>true</ForBoarding>
    <RequestStop>true</RequestStop>
</StopPointInJourneyPattern>
<StopPointInJourneyPattern order="8" version="any" id="SE:020:StopPointInJourneyPattern:205339415000025324_205330000114075411">
    <ScheduledStopPointRef ref="SE:020:ScheduledStopPoint:9022020580464001"/>
    <ForAlighting>true</ForAlighting>
    <ForBoarding>true</ForBoarding>
    <RequestStop>true</RequestStop>
</StopPointInJourneyPattern>
<StopPointInJourneyPattern order="9" version="any" id="SE:020:StopPointInJourneyPattern:205339415000025324_205330000114075412">
    <ScheduledStopPointRef ref="SE:020:ScheduledStopPoint:9022020580463001"/>
    <ForAlighting>true</ForAlighting>
    <ForBoarding>true</ForBoarding>
    <RequestStop>true</RequestStop>
</StopPointInJourneyPattern>
<StopPointInJourneyPattern order="10" version="any" id="SE:020:StopPointInJourneyPattern:205339415000025324_205330000114075413">
    <ScheduledStopPointRef ref="SE:020:ScheduledStopPoint:9022020580467002"/>
    <ForAlighting>true</ForAlighting>
    <ForBoarding>true</ForBoarding>
    <RequestStop>true</RequestStop>
</StopPointInJourneyPattern>
<StopPointInJourneyPattern order="11" version="any" id="SE:020:StopPointInJourneyPattern:205339415000025324_205330000114075414">
    <ScheduledStopPointRef ref="SE:020:ScheduledStopPoint:9022020580468002"/>
    <ForAlighting>true</ForAlighting>
    <ForBoarding>true</ForBoarding>
    <RequestStop>true</RequestStop>
</StopPointInJourneyPattern>
<StopPointInJourneyPattern order="12" version="any" id="SE:020:StopPointInJourneyPattern:205339415000025324_205330000114075415">
    <ScheduledStopPointRef ref="SE:020:ScheduledStopPoint:9022020580469002"/>
    <ForAlighting>true</ForAlighting>
    <ForBoarding>true</ForBoarding>
    <RequestStop>true</RequestStop>
</StopPointInJourneyPattern>
<StopPointInJourneyPattern order="13" version="any" id="SE:020:StopPointInJourneyPattern:205339415000025324_205330000114075416">
    <ScheduledStopPointRef ref="SE:020:ScheduledStopPoint:9022020580480001"/>
    <ForAlighting>true</ForAlighting>
    <ForBoarding>true</ForBoarding>
    <RequestStop>true</RequestStop>
</StopPointInJourneyPattern>
<StopPointInJourneyPattern order="14" version="any" id="SE:020:StopPointInJourneyPattern:205339415000025324_205330000114075417">
    <ScheduledStopPointRef ref="SE:020:ScheduledStopPoint:9022020580000012"/>
    <ForAlighting>true</ForAlighting>
    <ForBoarding>false</ForBoarding>
    <RequestStop>true</RequestStop>
</StopPointInJourneyPattern>
                            </pointsInSequence>
                            <linksInSequence>
<ServiceLinkInJourneyPattern order="1" version="any" id="SE:020:ServiceLinkInJourneyPattern:BUS_5055">
    <ServiceLinkRef ref="SE:020:ServiceLink:BUS_9025020058000010_9025020058048002"/>
</ServiceLinkInJourneyPattern>
<ServiceLinkInJourneyPattern order="2" version="any" id="SE:020:ServiceLinkInJourneyPattern:BUS_5056">
    <ServiceLinkRef ref="SE:020:ServiceLink:BUS_9025020058048002_9025020058046901"/>
</ServiceLinkInJourneyPattern>
<ServiceLinkInJourneyPattern order="3" version="any" id="SE:020:ServiceLinkInJourneyPattern:BUS_5057">
    <ServiceLinkRef ref="SE:020:ServiceLink:BUS_9025020058046901_9025020058046801"/>
</ServiceLinkInJourneyPattern>
<ServiceLinkInJourneyPattern order="4" version="any" id="SE:020:ServiceLinkInJourneyPattern:BUS_5058">
    <ServiceLinkRef ref="SE:020:ServiceLink:BUS_9025020058046801_9025020058046701"/>
</ServiceLinkInJourneyPattern>
<ServiceLinkInJourneyPattern order="5" version="any" id="SE:020:ServiceLinkInJourneyPattern:BUS_5059">
    <ServiceLinkRef ref="SE:020:ServiceLink:BUS_9025020058046701_9025020058046601"/>
</ServiceLinkInJourneyPattern>
<ServiceLinkInJourneyPattern order="6" version="any" id="SE:020:ServiceLinkInJourneyPattern:BUS_5060">
    <ServiceLinkRef ref="SE:020:ServiceLink:BUS_9025020058046601_9025020058046501"/>
</ServiceLinkInJourneyPattern>
<ServiceLinkInJourneyPattern order="7" version="any" id="SE:020:ServiceLinkInJourneyPattern:BUS_5061">
    <ServiceLinkRef ref="SE:020:ServiceLink:BUS_9025020058046501_9025020058046401"/>
</ServiceLinkInJourneyPattern>
<ServiceLinkInJourneyPattern order="8" version="any" id="SE:020:ServiceLinkInJourneyPattern:BUS_5062">
    <ServiceLinkRef ref="SE:020:ServiceLink:BUS_9025020058046401_9025020058046301"/>
</ServiceLinkInJourneyPattern>
<ServiceLinkInJourneyPattern order="9" version="any" id="SE:020:ServiceLinkInJourneyPattern:BUS_5063">
    <ServiceLinkRef ref="SE:020:ServiceLink:BUS_9025020058046301_9025020058046702"/>
</ServiceLinkInJourneyPattern>
<ServiceLinkInJourneyPattern order="10" version="any" id="SE:020:ServiceLinkInJourneyPattern:BUS_5064">
    <ServiceLinkRef ref="SE:020:ServiceLink:BUS_9025020058046702_9025020058046802"/>
</ServiceLinkInJourneyPattern>
<ServiceLinkInJourneyPattern order="11" version="any" id="SE:020:ServiceLinkInJourneyPattern:BUS_5065">
    <ServiceLinkRef ref="SE:020:ServiceLink:BUS_9025020058046802_9025020058046902"/>
</ServiceLinkInJourneyPattern>
<ServiceLinkInJourneyPattern order="12" version="any" id="SE:020:ServiceLinkInJourneyPattern:BUS_5066">
    <ServiceLinkRef ref="SE:020:ServiceLink:BUS_9025020058046902_9025020058048001"/>
</ServiceLinkInJourneyPattern>
<ServiceLinkInJourneyPattern order="13" version="any" id="SE:020:ServiceLinkInJourneyPattern:BUS_5067">
    <ServiceLinkRef ref="SE:020:ServiceLink:BUS_9025020058048001_9025020058000012"/>
</ServiceLinkInJourneyPattern>
                            </linksInSequence>
                        </JourneyPattern>
                    </journeyPatterns>
                </ServiceFrame>
                <TimetableFrame version="20240902035740" id="SE:020:TimetableFrame:9011020001500000">
                    <vehicleJourneys>
                        <ServiceJourney version="any" id="SE:020:ServiceJourney:205330000114075586">
                            <TransportMode>bus</TransportMode>
                            <TransportSubmode>
<BusSubmode>unknown</BusSubmode>
                            </TransportSubmode>
                            <dayTypes>
<DayTypeRef ref="SE:020:DayType:gjj48i5tn94ltd92p95tvc2se2inbb0u"/>
                            </dayTypes>
                            <JourneyPatternRef ref="SE:020:JourneyPattern:205339415000025324" version="any"/>
                            <OperatorRef ref="SE:020:Operator:9013020140800000"/>
                            <passingTimes>
<TimetabledPassingTime version="any" id="SE:020:TimetabledPassingTime:205330000114075569">
    <StopPointInJourneyPatternRef ref="SE:020:StopPointInJourneyPattern:205339415000025324_205330000114075404" version="any"/>
    <DepartureTime>16:20:00</DepartureTime>
</TimetabledPassingTime>
<TimetabledPassingTime version="any" id="SE:020:TimetabledPassingTime:205330000114075570">
    <StopPointInJourneyPatternRef ref="SE:020:StopPointInJourneyPattern:205339415000025324_205330000114075405" version="any"/>
    <ArrivalTime>16:21:14</ArrivalTime>
    <DepartureTime>16:21:14</DepartureTime>
</TimetabledPassingTime>
<TimetabledPassingTime version="any" id="SE:020:TimetabledPassingTime:205330000114075571">
    <StopPointInJourneyPatternRef ref="SE:020:StopPointInJourneyPattern:205339415000025324_205330000114075406" version="any"/>
    <ArrivalTime>16:23:56</ArrivalTime>
    <DepartureTime>16:23:56</DepartureTime>
</TimetabledPassingTime>
<TimetabledPassingTime version="any" id="SE:020:TimetabledPassingTime:205330000114075572">
    <StopPointInJourneyPatternRef ref="SE:020:StopPointInJourneyPattern:205339415000025324_205330000114075407" version="any"/>
    <ArrivalTime>16:24:39</ArrivalTime>
    <DepartureTime>16:24:39</DepartureTime>
</TimetabledPassingTime>
<TimetabledPassingTime version="any" id="SE:020:TimetabledPassingTime:205330000114075573">
    <StopPointInJourneyPatternRef ref="SE:020:StopPointInJourneyPattern:205339415000025324_205330000114075408" version="any"/>
    <ArrivalTime>16:26:00</ArrivalTime>
    <DepartureTime>16:26:00</DepartureTime>
</TimetabledPassingTime>
<TimetabledPassingTime version="any" id="SE:020:TimetabledPassingTime:205330000114075574">
    <StopPointInJourneyPatternRef ref="SE:020:StopPointInJourneyPattern:205339415000025324_205330000114075409" version="any"/>
    <ArrivalTime>16:26:26</ArrivalTime>
    <DepartureTime>16:26:26</DepartureTime>
</TimetabledPassingTime>
<TimetabledPassingTime version="any" id="SE:020:TimetabledPassingTime:205330000114075575">
    <StopPointInJourneyPatternRef ref="SE:020:StopPointInJourneyPattern:205339415000025324_205330000114075410" version="any"/>
    <ArrivalTime>16:26:41</ArrivalTime>
    <DepartureTime>16:26:41</DepartureTime>
</TimetabledPassingTime>
<TimetabledPassingTime version="any" id="SE:020:TimetabledPassingTime:205330000114075576">
    <StopPointInJourneyPatternRef ref="SE:020:StopPointInJourneyPattern:205339415000025324_205330000114075411" version="any"/>
    <ArrivalTime>16:27:16</ArrivalTime>
    <DepartureTime>16:27:16</DepartureTime>
</TimetabledPassingTime>
<TimetabledPassingTime version="any" id="SE:020:TimetabledPassingTime:205330000114075577">
    <StopPointInJourneyPatternRef ref="SE:020:StopPointInJourneyPattern:205339415000025324_205330000114075412" version="any"/>
    <ArrivalTime>16:28:00</ArrivalTime>
    <DepartureTime>16:28:00</DepartureTime>
</TimetabledPassingTime>
<TimetabledPassingTime version="any" id="SE:020:TimetabledPassingTime:205330000114075578">
    <StopPointInJourneyPatternRef ref="SE:020:StopPointInJourneyPattern:205339415000025324_205330000114075413" version="any"/>
    <ArrivalTime>16:29:01</ArrivalTime>
    <DepartureTime>16:29:01</DepartureTime>
</TimetabledPassingTime>
<TimetabledPassingTime version="any" id="SE:020:TimetabledPassingTime:205330000114075579">
    <StopPointInJourneyPatternRef ref="SE:020:StopPointInJourneyPattern:205339415000025324_205330000114075414" version="any"/>
    <ArrivalTime>16:30:01</ArrivalTime>
    <DepartureTime>16:30:01</DepartureTime>
</TimetabledPassingTime>
<TimetabledPassingTime version="any" id="SE:020:TimetabledPassingTime:205330000114075580">
    <StopPointInJourneyPatternRef ref="SE:020:StopPointInJourneyPattern:205339415000025324_205330000114075415" version="any"/>
    <ArrivalTime>16:31:31</ArrivalTime>
    <DepartureTime>16:31:31</DepartureTime>
</TimetabledPassingTime>
<TimetabledPassingTime version="any" id="SE:020:TimetabledPassingTime:205330000114075581">
    <StopPointInJourneyPatternRef ref="SE:020:StopPointInJourneyPattern:205339415000025324_205330000114075416" version="any"/>
    <ArrivalTime>16:34:34</ArrivalTime>
    <DepartureTime>16:34:34</DepartureTime>
</TimetabledPassingTime>
<TimetabledPassingTime version="any" id="SE:020:TimetabledPassingTime:205330000114075582">
    <StopPointInJourneyPatternRef ref="SE:020:StopPointInJourneyPattern:205339415000025324_205330000114075417" version="any"/>
    <ArrivalTime>16:38:00</ArrivalTime>
</TimetabledPassingTime>
                            </passingTimes>
                        </ServiceJourney>
                        <ServiceJourney version="any" id="SE:020:ServiceJourney:205330000114075498">
                            <TransportMode>bus</TransportMode>
                            <TransportSubmode>
<BusSubmode>unknown</BusSubmode>
                            </TransportSubmode>
                            <dayTypes>
<DayTypeRef ref="SE:020:DayType:gjj48i5tn94ltd92p95tvc2se2inbb0u"/>
                            </dayTypes>
                            <JourneyPatternRef ref="SE:020:JourneyPattern:205339415000025324" version="any"/>
                            <OperatorRef ref="SE:020:Operator:9013020140800000"/>
                            <passingTimes>
<TimetabledPassingTime version="any" id="SE:020:TimetabledPassingTime:205330000114075481">
    <StopPointInJourneyPatternRef ref="SE:020:StopPointInJourneyPattern:205339415000025324_205330000114075404" version="any"/>
    <DepartureTime>08:15:00</DepartureTime>
</TimetabledPassingTime>
<TimetabledPassingTime version="any" id="SE:020:TimetabledPassingTime:205330000114075482">
    <StopPointInJourneyPatternRef ref="SE:020:StopPointInJourneyPattern:205339415000025324_205330000114075405" version="any"/>
    <ArrivalTime>08:16:14</ArrivalTime>
    <DepartureTime>08:16:14</DepartureTime>
</TimetabledPassingTime>
<TimetabledPassingTime version="any" id="SE:020:TimetabledPassingTime:205330000114075483">
    <StopPointInJourneyPatternRef ref="SE:020:StopPointInJourneyPattern:205339415000025324_205330000114075406" version="any"/>
    <ArrivalTime>08:18:56</ArrivalTime>
    <DepartureTime>08:18:56</DepartureTime>
</TimetabledPassingTime>
<TimetabledPassingTime version="any" id="SE:020:TimetabledPassingTime:205330000114075484">
    <StopPointInJourneyPatternRef ref="SE:020:StopPointInJourneyPattern:205339415000025324_205330000114075407" version="any"/>
    <ArrivalTime>08:19:39</ArrivalTime>
    <DepartureTime>08:19:39</DepartureTime>
</TimetabledPassingTime>
<TimetabledPassingTime version="any" id="SE:020:TimetabledPassingTime:205330000114075485">
    <StopPointInJourneyPatternRef ref="SE:020:StopPointInJourneyPattern:205339415000025324_205330000114075408" version="any"/>
    <ArrivalTime>08:21:00</ArrivalTime>
    <DepartureTime>08:21:00</DepartureTime>
</TimetabledPassingTime>
<TimetabledPassingTime version="any" id="SE:020:TimetabledPassingTime:205330000114075486">
    <StopPointInJourneyPatternRef ref="SE:020:StopPointInJourneyPattern:205339415000025324_205330000114075409" version="any"/>
    <ArrivalTime>08:21:26</ArrivalTime>
    <DepartureTime>08:21:26</DepartureTime>
</TimetabledPassingTime>
<TimetabledPassingTime version="any" id="SE:020:TimetabledPassingTime:205330000114075487">
    <StopPointInJourneyPatternRef ref="SE:020:StopPointInJourneyPattern:205339415000025324_205330000114075410" version="any"/>
    <ArrivalTime>08:21:41</ArrivalTime>
    <DepartureTime>08:21:41</DepartureTime>
</TimetabledPassingTime>
<TimetabledPassingTime version="any" id="SE:020:TimetabledPassingTime:205330000114075488">
    <StopPointInJourneyPatternRef ref="SE:020:StopPointInJourneyPattern:205339415000025324_205330000114075411" version="any"/>
    <ArrivalTime>08:22:16</ArrivalTime>
    <DepartureTime>08:22:16</DepartureTime>
</TimetabledPassingTime>
<TimetabledPassingTime version="any" id="SE:020:TimetabledPassingTime:205330000114075489">
    <StopPointInJourneyPatternRef ref="SE:020:StopPointInJourneyPattern:205339415000025324_205330000114075412" version="any"/>
    <ArrivalTime>08:23:00</ArrivalTime>
    <DepartureTime>08:23:00</DepartureTime>
</TimetabledPassingTime>
<TimetabledPassingTime version="any" id="SE:020:TimetabledPassingTime:205330000114075490">
    <StopPointInJourneyPatternRef ref="SE:020:StopPointInJourneyPattern:205339415000025324_205330000114075413" version="any"/>
    <ArrivalTime>08:24:01</ArrivalTime>
    <DepartureTime>08:24:01</DepartureTime>
</TimetabledPassingTime>
<TimetabledPassingTime version="any" id="SE:020:TimetabledPassingTime:205330000114075491">
    <StopPointInJourneyPatternRef ref="SE:020:StopPointInJourneyPattern:205339415000025324_205330000114075414" version="any"/>
    <ArrivalTime>08:25:01</ArrivalTime>
    <DepartureTime>08:25:01</DepartureTime>
</TimetabledPassingTime>
<TimetabledPassingTime version="any" id="SE:020:TimetabledPassingTime:205330000114075492">
    <StopPointInJourneyPatternRef ref="SE:020:StopPointInJourneyPattern:205339415000025324_205330000114075415" version="any"/>
    <ArrivalTime>08:26:31</ArrivalTime>
    <DepartureTime>08:26:31</DepartureTime>
</TimetabledPassingTime>
<TimetabledPassingTime version="any" id="SE:020:TimetabledPassingTime:205330000114075493">
    <StopPointInJourneyPatternRef ref="SE:020:StopPointInJourneyPattern:205339415000025324_205330000114075416" version="any"/>
    <ArrivalTime>08:29:34</ArrivalTime>
    <DepartureTime>08:29:34</DepartureTime>
</TimetabledPassingTime>
<TimetabledPassingTime version="any" id="SE:020:TimetabledPassingTime:205330000114075494">
    <StopPointInJourneyPatternRef ref="SE:020:StopPointInJourneyPattern:205339415000025324_205330000114075417" version="any"/>
    <ArrivalTime>08:33:00</ArrivalTime>
</TimetabledPassingTime>
                            </passingTimes>
                        </ServiceJourney>
                        <ServiceJourney version="any" id="SE:020:ServiceJourney:205330000114075542">
                            <TransportMode>bus</TransportMode>
                            <TransportSubmode>
<BusSubmode>unknown</BusSubmode>
                            </TransportSubmode>
                            <dayTypes>
<DayTypeRef ref="SE:020:DayType:gjj48i5tn94ltd92p95tvc2se2inbb0u"/>
                            </dayTypes>
                            <JourneyPatternRef ref="SE:020:JourneyPattern:205339415000025324" version="any"/>
                            <OperatorRef ref="SE:020:Operator:9013020140800000"/>
                            <passingTimes>
<TimetabledPassingTime version="any" id="SE:020:TimetabledPassingTime:205330000114075525">
    <StopPointInJourneyPatternRef ref="SE:020:StopPointInJourneyPattern:205339415000025324_205330000114075404" version="any"/>
    <DepartureTime>14:55:00</DepartureTime>
</TimetabledPassingTime>
<TimetabledPassingTime version="any" id="SE:020:TimetabledPassingTime:205330000114075526">
    <StopPointInJourneyPatternRef ref="SE:020:StopPointInJourneyPattern:205339415000025324_205330000114075405" version="any"/>
    <ArrivalTime>14:56:14</ArrivalTime>
    <DepartureTime>14:56:14</DepartureTime>
</TimetabledPassingTime>
<TimetabledPassingTime version="any" id="SE:020:TimetabledPassingTime:205330000114075527">
    <StopPointInJourneyPatternRef ref="SE:020:StopPointInJourneyPattern:205339415000025324_205330000114075406" version="any"/>
    <ArrivalTime>14:58:56</ArrivalTime>
    <DepartureTime>14:58:56</DepartureTime>
</TimetabledPassingTime>
<TimetabledPassingTime version="any" id="SE:020:TimetabledPassingTime:205330000114075528">
    <StopPointInJourneyPatternRef ref="SE:020:StopPointInJourneyPattern:205339415000025324_205330000114075407" version="any"/>
    <ArrivalTime>14:59:39</ArrivalTime>
    <DepartureTime>14:59:39</DepartureTime>
</TimetabledPassingTime>
<TimetabledPassingTime version="any" id="SE:020:TimetabledPassingTime:205330000114075529">
    <StopPointInJourneyPatternRef ref="SE:020:StopPointInJourneyPattern:205339415000025324_205330000114075408" version="any"/>
    <ArrivalTime>15:01:00</ArrivalTime>
    <DepartureTime>15:01:00</DepartureTime>
</TimetabledPassingTime>
<TimetabledPassingTime version="any" id="SE:020:TimetabledPassingTime:205330000114075530">
    <StopPointInJourneyPatternRef ref="SE:020:StopPointInJourneyPattern:205339415000025324_205330000114075409" version="any"/>
    <ArrivalTime>15:01:26</ArrivalTime>
    <DepartureTime>15:01:26</DepartureTime>
</TimetabledPassingTime>
<TimetabledPassingTime version="any" id="SE:020:TimetabledPassingTime:205330000114075531">
    <StopPointInJourneyPatternRef ref="SE:020:StopPointInJourneyPattern:205339415000025324_205330000114075410" version="any"/>
    <ArrivalTime>15:01:41</ArrivalTime>
    <DepartureTime>15:01:41</DepartureTime>
</TimetabledPassingTime>
<TimetabledPassingTime version="any" id="SE:020:TimetabledPassingTime:205330000114075532">
    <StopPointInJourneyPatternRef ref="SE:020:StopPointInJourneyPattern:205339415000025324_205330000114075411" version="any"/>
    <ArrivalTime>15:02:16</ArrivalTime>
    <DepartureTime>15:02:16</DepartureTime>
</TimetabledPassingTime>
<TimetabledPassingTime version="any" id="SE:020:TimetabledPassingTime:205330000114075533">
    <StopPointInJourneyPatternRef ref="SE:020:StopPointInJourneyPattern:205339415000025324_205330000114075412" version="any"/>
    <ArrivalTime>15:03:00</ArrivalTime>
    <DepartureTime>15:03:00</DepartureTime>
</TimetabledPassingTime>
<TimetabledPassingTime version="any" id="SE:020:TimetabledPassingTime:205330000114075534">
    <StopPointInJourneyPatternRef ref="SE:020:StopPointInJourneyPattern:205339415000025324_205330000114075413" version="any"/>
    <ArrivalTime>15:04:01</ArrivalTime>
    <DepartureTime>15:04:01</DepartureTime>
</TimetabledPassingTime>
<TimetabledPassingTime version="any" id="SE:020:TimetabledPassingTime:205330000114075535">
    <StopPointInJourneyPatternRef ref="SE:020:StopPointInJourneyPattern:205339415000025324_205330000114075414" version="any"/>
    <ArrivalTime>15:05:01</ArrivalTime>
    <DepartureTime>15:05:01</DepartureTime>
</TimetabledPassingTime>
<TimetabledPassingTime version="any" id="SE:020:TimetabledPassingTime:205330000114075536">
    <StopPointInJourneyPatternRef ref="SE:020:StopPointInJourneyPattern:205339415000025324_205330000114075415" version="any"/>
    <ArrivalTime>15:06:31</ArrivalTime>
    <DepartureTime>15:06:31</DepartureTime>
</TimetabledPassingTime>
<TimetabledPassingTime version="any" id="SE:020:TimetabledPassingTime:205330000114075537">
    <StopPointInJourneyPatternRef ref="SE:020:StopPointInJourneyPattern:205339415000025324_205330000114075416" version="any"/>
    <ArrivalTime>15:09:34</ArrivalTime>
    <DepartureTime>15:09:34</DepartureTime>
</TimetabledPassingTime>
<TimetabledPassingTime version="any" id="SE:020:TimetabledPassingTime:205330000114075538">
    <StopPointInJourneyPatternRef ref="SE:020:StopPointInJourneyPattern:205339415000025324_205330000114075417" version="any"/>
    <ArrivalTime>15:13:00</ArrivalTime>
</TimetabledPassingTime>
                            </passingTimes>
                        </ServiceJourney>
                    </vehicleJourneys>
                </TimetableFrame>
            </frames>
        </CompositeFrame>
    </dataObjects>
</PublicationDelivery>
