<?xml version="1.0" encoding="UTF-8" standalone="yes"?>
<PublicationDelivery xmlns="http://www.netex.org.uk/netex" xmlns:ns2="http://www.opengis.net/gml/3.2" xmlns:ns3="http://www.siri.org.uk/siri" version="1.11:NO-NeTEx-networktimetable:1.3">
    <PublicationTimestamp>2024-09-02T03:57:40</PublicationTimestamp>
    <ParticipantRef>SAM</ParticipantRef>
    <dataObjects>
        <CompositeFrame created="2024-09-02T03:57:40" version="20240902035740" id="SE:020:CompositeFrame:9011020096100000">
            <ValidBetween>
                <FromDate>1970-01-01T00:00:00</FromDate>
            </ValidBetween>
            <codespaces>
                <Codespace id="SE:020">
                    <Xmlns>SE:020</Xmlns>
                    <XmlnsUrl>http://www.samtrafiken.se/ns/dt</XmlnsUrl>
                </Codespace>
            </codespaces>
            <FrameDefaults>
                <DefaultLocale>
                    <TimeZone>Europe/Stockholm</TimeZone>
                    <DefaultLanguage>se</DefaultLanguage>
                </DefaultLocale>
                <DefaultLocationSystem>4326</DefaultLocationSystem>
            </FrameDefaults>
            <frames>
                <ServiceFrame version="20240902035740" id="SE:020:ServiceFrame:9011020096100000">
                    <routes>
                        <Route version="any" id="SE:020:Route:205330000096804280">
                            <Name>Skolbuss</Name>
                            <LineRef ref="SE:020:Line:9011020096100000" version="170308"/>
                            <DirectionType>outbound</DirectionType>
                            <pointsInSequence>
<PointOnRoute order="1" version="any" id="SE:020:PointOnRoute:205330000096804285">
    <RoutePointRef ref="SE:020:RoutePoint:9022020584234001"/>
</PointOnRoute>
<PointOnRoute order="2" version="any" id="SE:020:PointOnRoute:205330000096804286">
    <RoutePointRef ref="SE:020:RoutePoint:9022020584115001"/>
</PointOnRoute>
                            </pointsInSequence>
                        </Route>
                        <Route version="any" id="SE:020:Route:205330000102712618">
                            <Name>Skolbuss</Name>
                            <LineRef ref="SE:020:Line:9011020096100000" version="170308"/>
                            <DirectionType>outbound</DirectionType>
                            <pointsInSequence>
<PointOnRoute order="1" version="any" id="SE:020:PointOnRoute:205330000102712623">
    <RoutePointRef ref="SE:020:RoutePoint:9022020584115001"/>
</PointOnRoute>
<PointOnRoute order="2" version="any" id="SE:020:PointOnRoute:205330000102712624">
    <RoutePointRef ref="SE:020:RoutePoint:9022020584238001"/>
</PointOnRoute>
                            </pointsInSequence>
                        </Route>
                        <Route version="any" id="SE:020:Route:205330000102712636">
                            <Name>Skolbuss</Name>
                            <LineRef ref="SE:020:Line:9011020096100000" version="170308"/>
                            <DirectionType>outbound</DirectionType>
                            <pointsInSequence>
<PointOnRoute order="1" version="any" id="SE:020:PointOnRoute:205330000102712641">
    <RoutePointRef ref="SE:020:RoutePoint:9022020584238001"/>
</PointOnRoute>
<PointOnRoute order="2" version="any" id="SE:020:PointOnRoute:205330000102712642">
    <RoutePointRef ref="SE:020:RoutePoint:9022020584115001"/>
</PointOnRoute>
                            </pointsInSequence>
                        </Route>
                        <Route version="any" id="SE:020:Route:205330000101531219">
                            <Name>Skolbuss</Name>
                            <LineRef ref="SE:020:Line:9011020096100000" version="170308"/>
                            <DirectionType>outbound</DirectionType>
                            <pointsInSequence>
<PointOnRoute order="1" version="any" id="SE:020:PointOnRoute:205330000101531224">
    <RoutePointRef ref="SE:020:RoutePoint:9022020584234001"/>
</PointOnRoute>
<PointOnRoute order="2" version="any" id="SE:020:PointOnRoute:205330000101531225">
    <RoutePointRef ref="SE:020:RoutePoint:9022020584250001"/>
</PointOnRoute>
                            </pointsInSequence>
                        </Route>
                        <Route version="any" id="SE:020:Route:205330000101531255">
                            <Name>Skolbuss</Name>
                            <LineRef ref="SE:020:Line:9011020096100000" version="170308"/>
                            <DirectionType>outbound</DirectionType>
                            <pointsInSequence>
<PointOnRoute order="1" version="any" id="SE:020:PointOnRoute:205330000101531260">
    <RoutePointRef ref="SE:020:RoutePoint:9022020584238001"/>
</PointOnRoute>
<PointOnRoute order="2" version="any" id="SE:020:PointOnRoute:205330000101531261">
    <RoutePointRef ref="SE:020:RoutePoint:9022020584234001"/>
</PointOnRoute>
                            </pointsInSequence>
                        </Route>
                        <Route version="any" id="SE:020:Route:205330000101531237">
                            <Name>Skolbuss</Name>
                            <LineRef ref="SE:020:Line:9011020096100000" version="170308"/>
                            <DirectionType>outbound</DirectionType>
                            <pointsInSequence>
<PointOnRoute order="1" version="any" id="SE:020:PointOnRoute:205330000101531242">
    <RoutePointRef ref="SE:020:RoutePoint:9022020584234001"/>
</PointOnRoute>
<PointOnRoute order="2" version="any" id="SE:020:PointOnRoute:205330000101531243">
    <RoutePointRef ref="SE:020:RoutePoint:9022020584238001"/>
</PointOnRoute>
                            </pointsInSequence>
                        </Route>
                        <Route version="any" id="SE:020:Route:205330000080855807">
                            <Name>Skolbuss</Name>
                            <LineRef ref="SE:020:Line:9011020096100000" version="170308"/>
                            <DirectionType>outbound</DirectionType>
                            <pointsInSequence>
<PointOnRoute order="1" version="any" id="SE:020:PointOnRoute:205330000080855812">
    <RoutePointRef ref="SE:020:RoutePoint:9022020584250001"/>
</PointOnRoute>
<PointOnRoute order="2" version="any" id="SE:020:PointOnRoute:205330000080855813">
    <RoutePointRef ref="SE:020:RoutePoint:9022020584234001"/>
</PointOnRoute>
                            </pointsInSequence>
                        </Route>
                        <Route version="any" id="SE:020:Route:205330000113948926">
                            <Name>Skolbuss</Name>
                            <LineRef ref="SE:020:Line:9011020096100000" version="170308"/>
                            <DirectionType>outbound</DirectionType>
                            <pointsInSequence>
<PointOnRoute order="1" version="any" id="SE:020:PointOnRoute:205330000113948931">
    <RoutePointRef ref="SE:020:RoutePoint:9022020584321001"/>
</PointOnRoute>
<PointOnRoute order="2" version="any" id="SE:020:PointOnRoute:205330000113948932">
    <RoutePointRef ref="SE:020:RoutePoint:9022020584230001"/>
</PointOnRoute>
                            </pointsInSequence>
                        </Route>
                        <Route version="any" id="SE:020:Route:205330000080855789">
                            <Name>Skolbuss</Name>
                            <LineRef ref="SE:020:Line:9011020096100000" version="170308"/>
                            <DirectionType>outbound</DirectionType>
                            <pointsInSequence>
<PointOnRoute order="1" version="any" id="SE:020:PointOnRoute:205330000080855794">
    <RoutePointRef ref="SE:020:RoutePoint:9022020584115001"/>
</PointOnRoute>
<PointOnRoute order="2" version="any" id="SE:020:PointOnRoute:205330000080855795">
    <RoutePointRef ref="SE:020:RoutePoint:9022020584234001"/>
</PointOnRoute>
                            </pointsInSequence>
                        </Route>
                        <Route version="any" id="SE:020:Route:205330000122306837">
                            <Name>Skolbuss</Name>
                            <LineRef ref="SE:020:Line:9011020096100000" version="170308"/>
                            <DirectionType>outbound</DirectionType>
                            <pointsInSequence>
<PointOnRoute order="1" version="any" id="SE:020:PointOnRoute:205330000122306842">
    <RoutePointRef ref="SE:020:RoutePoint:9022020584048001"/>
</PointOnRoute>
<PointOnRoute order="2" version="any" id="SE:020:PointOnRoute:205330000122306843">
    <RoutePointRef ref="SE:020:RoutePoint:9022020584321001"/>
</PointOnRoute>
                            </pointsInSequence>
                        </Route>
                        <Route version="any" id="SE:020:Route:205330000122306855">
                            <Name>Skolbuss</Name>
                            <LineRef ref="SE:020:Line:9011020096100000" version="170308"/>
                            <DirectionType>outbound</DirectionType>
                            <pointsInSequence>
<PointOnRoute order="1" version="any" id="SE:020:PointOnRoute:205330000122306860">
    <RoutePointRef ref="SE:020:RoutePoint:9022020584321001"/>
</PointOnRoute>
<PointOnRoute order="2" version="any" id="SE:020:PointOnRoute:205330000122306861">
    <RoutePointRef ref="SE:020:RoutePoint:9022020584048001"/>
</PointOnRoute>
                            </pointsInSequence>
                        </Route>
                        <Route version="any" id="SE:020:Route:205330000113949018">
                            <Name>Skolbuss</Name>
                            <LineRef ref="SE:020:Line:9011020096100000" version="170308"/>
                            <DirectionType>outbound</DirectionType>
                            <pointsInSequence>
<PointOnRoute order="1" version="any" id="SE:020:PointOnRoute:205330000113949023">
    <RoutePointRef ref="SE:020:RoutePoint:9022020584321001"/>
</PointOnRoute>
<PointOnRoute order="2" version="any" id="SE:020:PointOnRoute:205330000113949024">
    <RoutePointRef ref="SE:020:RoutePoint:9022020584275001"/>
</PointOnRoute>
                            </pointsInSequence>
                        </Route>
                        <Route version="any" id="SE:020:Route:205330000113949036">
                            <Name>Skolbuss</Name>
                            <LineRef ref="SE:020:Line:9011020096100000" version="170308"/>
                            <DirectionType>outbound</DirectionType>
                            <pointsInSequence>
<PointOnRoute order="1" version="any" id="SE:020:PointOnRoute:205330000113949041">
    <RoutePointRef ref="SE:020:RoutePoint:9022020584275001"/>
</PointOnRoute>
<PointOnRoute order="2" version="any" id="SE:020:PointOnRoute:205330000113949042">
    <RoutePointRef ref="SE:020:RoutePoint:9022020584321001"/>
</PointOnRoute>
                            </pointsInSequence>
                        </Route>
                        <Route version="any" id="SE:020:Route:205330000113948958">
                            <Name>Skolbuss</Name>
                            <LineRef ref="SE:020:Line:9011020096100000" version="170308"/>
                            <DirectionType>outbound</DirectionType>
                            <pointsInSequence>
<PointOnRoute order="1" version="any" id="SE:020:PointOnRoute:205330000113948963">
    <RoutePointRef ref="SE:020:RoutePoint:9022020584230001"/>
</PointOnRoute>
<PointOnRoute order="2" version="any" id="SE:020:PointOnRoute:205330000113948964">
    <RoutePointRef ref="SE:020:RoutePoint:9022020584321001"/>
</PointOnRoute>
                            </pointsInSequence>
                        </Route>
                    </routes>
                    <lines>
                        <Line version="170308" id="SE:020:Line:9011020096100000">
                            <ValidBetween>
<FromDate>2017-03-08T00:00:00</FromDate>
                            </ValidBetween>
                            <Name>961</Name>
                            <TransportMode>bus</TransportMode>
                            <TransportSubmode>
<BusSubmode>unknown</BusSubmode>
                            </TransportSubmode>
                            <PublicCode>961</PublicCode>
                            <PrivateCode>961</PrivateCode>
                            <RepresentedByGroupRef ref="SE:020:Network:9010020000000000"/>
                        </Line>
                    </lines>
                    <journeyPatterns>
                        <JourneyPattern version="any" id="SE:020:JourneyPattern:205339415000022023">
                            <RouteRef ref="SE:020:Route:205330000096804280" version="any"/>
                            <pointsInSequence>
<StopPointInJourneyPattern order="1" version="any" id="SE:020:StopPointInJourneyPattern:205339415000022023_205330000096804285">
    <ScheduledStopPointRef ref="SE:020:ScheduledStopPoint:9022020584234001"/>
    <ForAlighting>false</ForAlighting>
    <ForBoarding>true</ForBoarding>
    <DestinationDisplayRef ref="SE:020:DestinationDisplay:205330000096804294"/>
    <RequestStop>true</RequestStop>
</StopPointInJourneyPattern>
<StopPointInJourneyPattern order="2" version="any" id="SE:020:StopPointInJourneyPattern:205339415000022023_205330000096804286">
    <ScheduledStopPointRef ref="SE:020:ScheduledStopPoint:9022020584115001"/>
    <ForAlighting>true</ForAlighting>
    <ForBoarding>false</ForBoarding>
    <RequestStop>true</RequestStop>
</StopPointInJourneyPattern>
                            </pointsInSequence>
                            <linksInSequence>
<ServiceLinkInJourneyPattern order="1" version="any" id="SE:020:ServiceLinkInJourneyPattern:BUS_35305">
    <ServiceLinkRef ref="SE:020:ServiceLink:BUS_9025020058423401_9025020058411501"/>
</ServiceLinkInJourneyPattern>
                            </linksInSequence>
                        </JourneyPattern>
                        <JourneyPattern version="any" id="SE:020:JourneyPattern:205339415000023393">
                            <RouteRef ref="SE:020:Route:205330000096804280" version="any"/>
                            <pointsInSequence>
<StopPointInJourneyPattern order="1" version="any" id="SE:020:StopPointInJourneyPattern:205339415000023393_205330000096804285">
    <ScheduledStopPointRef ref="SE:020:ScheduledStopPoint:9022020584234001"/>
    <ForAlighting>false</ForAlighting>
    <ForBoarding>true</ForBoarding>
    <DestinationDisplayRef ref="SE:020:DestinationDisplay:205330000104727416"/>
    <RequestStop>true</RequestStop>
</StopPointInJourneyPattern>
<StopPointInJourneyPattern order="2" version="any" id="SE:020:StopPointInJourneyPattern:205339415000023393_205330000096804286">
    <ScheduledStopPointRef ref="SE:020:ScheduledStopPoint:9022020584115001"/>
    <ForAlighting>true</ForAlighting>
    <ForBoarding>false</ForBoarding>
    <RequestStop>true</RequestStop>
</StopPointInJourneyPattern>
                            </pointsInSequence>
                            <linksInSequence>
<ServiceLinkInJourneyPattern order="1" version="any" id="SE:020:ServiceLinkInJourneyPattern:BUS_35306">
    <ServiceLinkRef ref="SE:020:ServiceLink:BUS_9025020058423401_9025020058411501"/>
</ServiceLinkInJourneyPattern>
                            </linksInSequence>
                        </JourneyPattern>
                        <JourneyPattern version="any" id="SE:020:JourneyPattern:205339415000025207">
                            <RouteRef ref="SE:020:Route:205330000096804280" version="any"/>
                            <pointsInSequence>
<StopPointInJourneyPattern order="1" version="any" id="SE:020:StopPointInJourneyPattern:205339415000025207_205330000096804285">
    <ScheduledStopPointRef ref="SE:020:ScheduledStopPoint:9022020584234001"/>
    <ForAlighting>false</ForAlighting>
    <ForBoarding>true</ForBoarding>
    <DestinationDisplayRef ref="SE:020:DestinationDisplay:205330000113948894"/>
    <RequestStop>true</RequestStop>
</StopPointInJourneyPattern>
<StopPointInJourneyPattern order="2" version="any" id="SE:020:StopPointInJourneyPattern:205339415000025207_205330000096804286">
    <ScheduledStopPointRef ref="SE:020:ScheduledStopPoint:9022020584115001"/>
    <ForAlighting>true</ForAlighting>
    <ForBoarding>false</ForBoarding>
    <RequestStop>true</RequestStop>
</StopPointInJourneyPattern>
                            </pointsInSequence>
                            <linksInSequence>
<ServiceLinkInJourneyPattern order="1" version="any" id="SE:020:ServiceLinkInJourneyPattern:BUS_35307">
    <ServiceLinkRef ref="SE:020:ServiceLink:BUS_9025020058423401_9025020058411501"/>
</ServiceLinkInJourneyPattern>
                            </linksInSequence>
                        </JourneyPattern>
                        <JourneyPattern version="any" id="SE:020:JourneyPattern:205339415000023904">
                            <RouteRef ref="SE:020:Route:205330000102712618" version="any"/>
                            <pointsInSequence>
<StopPointInJourneyPattern order="1" version="any" id="SE:020:StopPointInJourneyPattern:205339415000023904_205330000102712623">
    <ScheduledStopPointRef ref="SE:020:ScheduledStopPoint:9022020584115001"/>
    <ForAlighting>false</ForAlighting>
    <ForBoarding>true</ForBoarding>
    <DestinationDisplayRef ref="SE:020:DestinationDisplay:205330000105941667"/>
    <RequestStop>true</RequestStop>
</StopPointInJourneyPattern>
<StopPointInJourneyPattern order="2" version="any" id="SE:020:StopPointInJourneyPattern:205339415000023904_205330000102712624">
    <ScheduledStopPointRef ref="SE:020:ScheduledStopPoint:9022020584238001"/>
    <ForAlighting>true</ForAlighting>
    <ForBoarding>false</ForBoarding>
    <RequestStop>true</RequestStop>
</StopPointInJourneyPattern>
                            </pointsInSequence>
                            <linksInSequence>
<ServiceLinkInJourneyPattern order="1" version="any" id="SE:020:ServiceLinkInJourneyPattern:BUS_35308">
    <ServiceLinkRef ref="SE:020:ServiceLink:BUS_9025020058411501_9025020058423801"/>
</ServiceLinkInJourneyPattern>
                            </linksInSequence>
                        </JourneyPattern>
                        <JourneyPattern version="any" id="SE:020:JourneyPattern:205339415000025209">
                            <RouteRef ref="SE:020:Route:205330000102712618" version="any"/>
                            <pointsInSequence>
<StopPointInJourneyPattern order="1" version="any" id="SE:020:StopPointInJourneyPattern:205339415000025209_205330000102712623">
    <ScheduledStopPointRef ref="SE:020:ScheduledStopPoint:9022020584115001"/>
    <ForAlighting>false</ForAlighting>
    <ForBoarding>true</ForBoarding>
    <DestinationDisplayRef ref="SE:020:DestinationDisplay:205330000113948922"/>
    <RequestStop>true</RequestStop>
</StopPointInJourneyPattern>
<StopPointInJourneyPattern order="2" version="any" id="SE:020:StopPointInJourneyPattern:205339415000025209_205330000102712624">
    <ScheduledStopPointRef ref="SE:020:ScheduledStopPoint:9022020584238001"/>
    <ForAlighting>true</ForAlighting>
    <ForBoarding>false</ForBoarding>
    <RequestStop>true</RequestStop>
</StopPointInJourneyPattern>
                            </pointsInSequence>
                            <linksInSequence>
<ServiceLinkInJourneyPattern order="1" version="any" id="SE:020:ServiceLinkInJourneyPattern:BUS_35309">
    <ServiceLinkRef ref="SE:020:ServiceLink:BUS_9025020058411501_9025020058423801"/>
</ServiceLinkInJourneyPattern>
                            </linksInSequence>
                        </JourneyPattern>
                        <JourneyPattern version="any" id="SE:020:JourneyPattern:205339415000023902">
                            <RouteRef ref="SE:020:Route:205330000102712636" version="any"/>
                            <pointsInSequence>
<StopPointInJourneyPattern order="1" version="any" id="SE:020:StopPointInJourneyPattern:205339415000023902_205330000102712641">
    <ScheduledStopPointRef ref="SE:020:ScheduledStopPoint:9022020584238001"/>
    <ForAlighting>false</ForAlighting>
    <ForBoarding>true</ForBoarding>
    <DestinationDisplayRef ref="SE:020:DestinationDisplay:205330000105941639"/>
    <RequestStop>true</RequestStop>
</StopPointInJourneyPattern>
<StopPointInJourneyPattern order="2" version="any" id="SE:020:StopPointInJourneyPattern:205339415000023902_205330000102712642">
    <ScheduledStopPointRef ref="SE:020:ScheduledStopPoint:9022020584115001"/>
    <ForAlighting>true</ForAlighting>
    <ForBoarding>false</ForBoarding>
    <RequestStop>true</RequestStop>
</StopPointInJourneyPattern>
                            </pointsInSequence>
                            <linksInSequence>
<ServiceLinkInJourneyPattern order="1" version="any" id="SE:020:ServiceLinkInJourneyPattern:BUS_35310">
    <ServiceLinkRef ref="SE:020:ServiceLink:BUS_9025020058423801_9025020058411501"/>
</ServiceLinkInJourneyPattern>
                            </linksInSequence>
                        </JourneyPattern>
                        <JourneyPattern version="any" id="SE:020:JourneyPattern:205339415000025214">
                            <RouteRef ref="SE:020:Route:205330000102712636" version="any"/>
                            <pointsInSequence>
<StopPointInJourneyPattern order="1" version="any" id="SE:020:StopPointInJourneyPattern:205339415000025214_205330000102712641">
    <ScheduledStopPointRef ref="SE:020:ScheduledStopPoint:9022020584238001"/>
    <ForAlighting>false</ForAlighting>
    <ForBoarding>true</ForBoarding>
    <DestinationDisplayRef ref="SE:020:DestinationDisplay:205330000113949000"/>
    <RequestStop>true</RequestStop>
</StopPointInJourneyPattern>
<StopPointInJourneyPattern order="2" version="any" id="SE:020:StopPointInJourneyPattern:205339415000025214_205330000102712642">
    <ScheduledStopPointRef ref="SE:020:ScheduledStopPoint:9022020584115001"/>
    <ForAlighting>true</ForAlighting>
    <ForBoarding>false</ForBoarding>
    <RequestStop>true</RequestStop>
</StopPointInJourneyPattern>
                            </pointsInSequence>
                            <linksInSequence>
<ServiceLinkInJourneyPattern order="1" version="any" id="SE:020:ServiceLinkInJourneyPattern:BUS_35311">
    <ServiceLinkRef ref="SE:020:ServiceLink:BUS_9025020058423801_9025020058411501"/>
</ServiceLinkInJourneyPattern>
                            </linksInSequence>
                        </JourneyPattern>
                        <JourneyPattern version="any" id="SE:020:JourneyPattern:205339415000022454">
                            <RouteRef ref="SE:020:Route:205330000101531219" version="any"/>
                            <pointsInSequence>
<StopPointInJourneyPattern order="1" version="any" id="SE:020:StopPointInJourneyPattern:205339415000022454_205330000101531224">
    <ScheduledStopPointRef ref="SE:020:ScheduledStopPoint:9022020584234001"/>
    <ForAlighting>false</ForAlighting>
    <ForBoarding>true</ForBoarding>
    <DestinationDisplayRef ref="SE:020:DestinationDisplay:205330000101531233"/>
    <RequestStop>true</RequestStop>
</StopPointInJourneyPattern>
<StopPointInJourneyPattern order="2" version="any" id="SE:020:StopPointInJourneyPattern:205339415000022454_205330000101531225">
    <ScheduledStopPointRef ref="SE:020:ScheduledStopPoint:9022020584250001"/>
    <ForAlighting>true</ForAlighting>
    <ForBoarding>false</ForBoarding>
    <RequestStop>true</RequestStop>
</StopPointInJourneyPattern>
                            </pointsInSequence>
                            <linksInSequence>
<ServiceLinkInJourneyPattern order="1" version="any" id="SE:020:ServiceLinkInJourneyPattern:BUS_35312">
    <ServiceLinkRef ref="SE:020:ServiceLink:BUS_9025020058423401_9025020058425001"/>
</ServiceLinkInJourneyPattern>
                            </linksInSequence>
                        </JourneyPattern>
                        <JourneyPattern version="any" id="SE:020:JourneyPattern:205339415000023391">
                            <RouteRef ref="SE:020:Route:205330000101531219" version="any"/>
                            <pointsInSequence>
<StopPointInJourneyPattern order="1" version="any" id="SE:020:StopPointInJourneyPattern:205339415000023391_205330000101531224">
    <ScheduledStopPointRef ref="SE:020:ScheduledStopPoint:9022020584234001"/>
    <ForAlighting>false</ForAlighting>
    <ForBoarding>true</ForBoarding>
    <DestinationDisplayRef ref="SE:020:DestinationDisplay:205330000104727388"/>
    <RequestStop>true</RequestStop>
</StopPointInJourneyPattern>
<StopPointInJourneyPattern order="2" version="any" id="SE:020:StopPointInJourneyPattern:205339415000023391_205330000101531225">
    <ScheduledStopPointRef ref="SE:020:ScheduledStopPoint:9022020584250001"/>
    <ForAlighting>true</ForAlighting>
    <ForBoarding>false</ForBoarding>
    <RequestStop>true</RequestStop>
</StopPointInJourneyPattern>
                            </pointsInSequence>
                            <linksInSequence>
<ServiceLinkInJourneyPattern order="1" version="any" id="SE:020:ServiceLinkInJourneyPattern:BUS_35313">
    <ServiceLinkRef ref="SE:020:ServiceLink:BUS_9025020058423401_9025020058425001"/>
</ServiceLinkInJourneyPattern>
                            </linksInSequence>
                        </JourneyPattern>
                        <JourneyPattern version="any" id="SE:020:JourneyPattern:205339415000025220">
                            <RouteRef ref="SE:020:Route:205330000101531219" version="any"/>
                            <pointsInSequence>
<StopPointInJourneyPattern order="1" version="any" id="SE:020:StopPointInJourneyPattern:205339415000025220_205330000101531224">
    <ScheduledStopPointRef ref="SE:020:ScheduledStopPoint:9022020584234001"/>
    <ForAlighting>false</ForAlighting>
    <ForBoarding>true</ForBoarding>
    <DestinationDisplayRef ref="SE:020:DestinationDisplay:205330000113949096"/>
    <RequestStop>true</RequestStop>
</StopPointInJourneyPattern>
<StopPointInJourneyPattern order="2" version="any" id="SE:020:StopPointInJourneyPattern:205339415000025220_205330000101531225">
    <ScheduledStopPointRef ref="SE:020:ScheduledStopPoint:9022020584250001"/>
    <ForAlighting>true</ForAlighting>
    <ForBoarding>false</ForBoarding>
    <RequestStop>true</RequestStop>
</StopPointInJourneyPattern>
                            </pointsInSequence>
                            <linksInSequence>
<ServiceLinkInJourneyPattern order="1" version="any" id="SE:020:ServiceLinkInJourneyPattern:BUS_35314">
    <ServiceLinkRef ref="SE:020:ServiceLink:BUS_9025020058423401_9025020058425001"/>
</ServiceLinkInJourneyPattern>
                            </linksInSequence>
                        </JourneyPattern>
                        <JourneyPattern version="any" id="SE:020:JourneyPattern:205339415000022456">
                            <RouteRef ref="SE:020:Route:205330000101531255" version="any"/>
                            <pointsInSequence>
<StopPointInJourneyPattern order="1" version="any" id="SE:020:StopPointInJourneyPattern:205339415000022456_205330000101531260">
    <ScheduledStopPointRef ref="SE:020:ScheduledStopPoint:9022020584238001"/>
    <ForAlighting>false</ForAlighting>
    <ForBoarding>true</ForBoarding>
    <DestinationDisplayRef ref="SE:020:DestinationDisplay:205330000101531269"/>
    <RequestStop>true</RequestStop>
</StopPointInJourneyPattern>
<StopPointInJourneyPattern order="2" version="any" id="SE:020:StopPointInJourneyPattern:205339415000022456_205330000101531261">
    <ScheduledStopPointRef ref="SE:020:ScheduledStopPoint:9022020584234001"/>
    <ForAlighting>true</ForAlighting>
    <ForBoarding>false</ForBoarding>
    <RequestStop>true</RequestStop>
</StopPointInJourneyPattern>
                            </pointsInSequence>
                            <linksInSequence>
<ServiceLinkInJourneyPattern order="1" version="any" id="SE:020:ServiceLinkInJourneyPattern:BUS_35315">
    <ServiceLinkRef ref="SE:020:ServiceLink:BUS_9025020058423801_9025020058423401"/>
</ServiceLinkInJourneyPattern>
                            </linksInSequence>
                        </JourneyPattern>
                        <JourneyPattern version="any" id="SE:020:JourneyPattern:205339415000023395">
                            <RouteRef ref="SE:020:Route:205330000101531255" version="any"/>
                            <pointsInSequence>
<StopPointInJourneyPattern order="1" version="any" id="SE:020:StopPointInJourneyPattern:205339415000023395_205330000101531260">
    <ScheduledStopPointRef ref="SE:020:ScheduledStopPoint:9022020584238001"/>
    <ForAlighting>false</ForAlighting>
    <ForBoarding>true</ForBoarding>
    <DestinationDisplayRef ref="SE:020:DestinationDisplay:205330000104727444"/>
    <RequestStop>true</RequestStop>
</StopPointInJourneyPattern>
<StopPointInJourneyPattern order="2" version="any" id="SE:020:StopPointInJourneyPattern:205339415000023395_205330000101531261">
    <ScheduledStopPointRef ref="SE:020:ScheduledStopPoint:9022020584234001"/>
    <ForAlighting>true</ForAlighting>
    <ForBoarding>false</ForBoarding>
    <RequestStop>true</RequestStop>
</StopPointInJourneyPattern>
                            </pointsInSequence>
                            <linksInSequence>
<ServiceLinkInJourneyPattern order="1" version="any" id="SE:020:ServiceLinkInJourneyPattern:BUS_35316">
    <ServiceLinkRef ref="SE:020:ServiceLink:BUS_9025020058423801_9025020058423401"/>
</ServiceLinkInJourneyPattern>
                            </linksInSequence>
                        </JourneyPattern>
                        <JourneyPattern version="any" id="SE:020:JourneyPattern:205339415000025213">
                            <RouteRef ref="SE:020:Route:205330000101531255" version="any"/>
                            <pointsInSequence>
<StopPointInJourneyPattern order="1" version="any" id="SE:020:StopPointInJourneyPattern:205339415000025213_205330000101531260">
    <ScheduledStopPointRef ref="SE:020:ScheduledStopPoint:9022020584238001"/>
    <ForAlighting>false</ForAlighting>
    <ForBoarding>true</ForBoarding>
    <DestinationDisplayRef ref="SE:020:DestinationDisplay:205330000113948986"/>
    <RequestStop>true</RequestStop>
</StopPointInJourneyPattern>
<StopPointInJourneyPattern order="2" version="any" id="SE:020:StopPointInJourneyPattern:205339415000025213_205330000101531261">
    <ScheduledStopPointRef ref="SE:020:ScheduledStopPoint:9022020584234001"/>
    <ForAlighting>true</ForAlighting>
    <ForBoarding>false</ForBoarding>
    <RequestStop>true</RequestStop>
</StopPointInJourneyPattern>
                            </pointsInSequence>
                            <linksInSequence>
<ServiceLinkInJourneyPattern order="1" version="any" id="SE:020:ServiceLinkInJourneyPattern:BUS_35317">
    <ServiceLinkRef ref="SE:020:ServiceLink:BUS_9025020058423801_9025020058423401"/>
</ServiceLinkInJourneyPattern>
                            </linksInSequence>
                        </JourneyPattern>
                        <JourneyPattern version="any" id="SE:020:JourneyPattern:205339415000022455">
                            <RouteRef ref="SE:020:Route:205330000101531237" version="any"/>
                            <pointsInSequence>
<StopPointInJourneyPattern order="1" version="any" id="SE:020:StopPointInJourneyPattern:205339415000022455_205330000101531242">
    <ScheduledStopPointRef ref="SE:020:ScheduledStopPoint:9022020584234001"/>
    <ForAlighting>false</ForAlighting>
    <ForBoarding>true</ForBoarding>
    <DestinationDisplayRef ref="SE:020:DestinationDisplay:205330000101531251"/>
    <RequestStop>true</RequestStop>
</StopPointInJourneyPattern>
<StopPointInJourneyPattern order="2" version="any" id="SE:020:StopPointInJourneyPattern:205339415000022455_205330000101531243">
    <ScheduledStopPointRef ref="SE:020:ScheduledStopPoint:9022020584238001"/>
    <ForAlighting>true</ForAlighting>
    <ForBoarding>false</ForBoarding>
    <RequestStop>true</RequestStop>
</StopPointInJourneyPattern>
                            </pointsInSequence>
                            <linksInSequence>
<ServiceLinkInJourneyPattern order="1" version="any" id="SE:020:ServiceLinkInJourneyPattern:BUS_35318">
    <ServiceLinkRef ref="SE:020:ServiceLink:BUS_9025020058423401_9025020058423801"/>
</ServiceLinkInJourneyPattern>
                            </linksInSequence>
                        </JourneyPattern>
                        <JourneyPattern version="any" id="SE:020:JourneyPattern:205339415000023394">
                            <RouteRef ref="SE:020:Route:205330000101531237" version="any"/>
                            <pointsInSequence>
<StopPointInJourneyPattern order="1" version="any" id="SE:020:StopPointInJourneyPattern:205339415000023394_205330000101531242">
    <ScheduledStopPointRef ref="SE:020:ScheduledStopPoint:9022020584234001"/>
    <ForAlighting>false</ForAlighting>
    <ForBoarding>true</ForBoarding>
    <DestinationDisplayRef ref="SE:020:DestinationDisplay:205330000104727430"/>
    <RequestStop>true</RequestStop>
</StopPointInJourneyPattern>
<StopPointInJourneyPattern order="2" version="any" id="SE:020:StopPointInJourneyPattern:205339415000023394_205330000101531243">
    <ScheduledStopPointRef ref="SE:020:ScheduledStopPoint:9022020584238001"/>
    <ForAlighting>true</ForAlighting>
    <ForBoarding>false</ForBoarding>
    <RequestStop>true</RequestStop>
</StopPointInJourneyPattern>
                            </pointsInSequence>
                            <linksInSequence>
<ServiceLinkInJourneyPattern order="1" version="any" id="SE:020:ServiceLinkInJourneyPattern:BUS_35319">
    <ServiceLinkRef ref="SE:020:ServiceLink:BUS_9025020058423401_9025020058423801"/>
</ServiceLinkInJourneyPattern>
                            </linksInSequence>
                        </JourneyPattern>
                        <JourneyPattern version="any" id="SE:020:JourneyPattern:205339415000025211">
                            <RouteRef ref="SE:020:Route:205330000101531237" version="any"/>
                            <pointsInSequence>
<StopPointInJourneyPattern order="1" version="any" id="SE:020:StopPointInJourneyPattern:205339415000025211_205330000101531242">
    <ScheduledStopPointRef ref="SE:020:ScheduledStopPoint:9022020584234001"/>
    <ForAlighting>false</ForAlighting>
    <ForBoarding>true</ForBoarding>
    <DestinationDisplayRef ref="SE:020:DestinationDisplay:205330000113948954"/>
    <RequestStop>true</RequestStop>
</StopPointInJourneyPattern>
<StopPointInJourneyPattern order="2" version="any" id="SE:020:StopPointInJourneyPattern:205339415000025211_205330000101531243">
    <ScheduledStopPointRef ref="SE:020:ScheduledStopPoint:9022020584238001"/>
    <ForAlighting>true</ForAlighting>
    <ForBoarding>false</ForBoarding>
    <RequestStop>true</RequestStop>
</StopPointInJourneyPattern>
                            </pointsInSequence>
                            <linksInSequence>
<ServiceLinkInJourneyPattern order="1" version="any" id="SE:020:ServiceLinkInJourneyPattern:BUS_35320">
    <ServiceLinkRef ref="SE:020:ServiceLink:BUS_9025020058423401_9025020058423801"/>
</ServiceLinkInJourneyPattern>
                            </linksInSequence>
                        </JourneyPattern>
                        <JourneyPattern version="any" id="SE:020:JourneyPattern:205339415000022453">
                            <RouteRef ref="SE:020:Route:205330000080855807" version="any"/>
                            <pointsInSequence>
<StopPointInJourneyPattern order="1" version="any" id="SE:020:StopPointInJourneyPattern:205339415000022453_205330000080855812">
    <ScheduledStopPointRef ref="SE:020:ScheduledStopPoint:9022020584250001"/>
    <ForAlighting>false</ForAlighting>
    <ForBoarding>true</ForBoarding>
    <DestinationDisplayRef ref="SE:020:DestinationDisplay:205330000101531215"/>
    <RequestStop>true</RequestStop>
</StopPointInJourneyPattern>
<StopPointInJourneyPattern order="2" version="any" id="SE:020:StopPointInJourneyPattern:205339415000022453_205330000080855813">
    <ScheduledStopPointRef ref="SE:020:ScheduledStopPoint:9022020584234001"/>
    <ForAlighting>true</ForAlighting>
    <ForBoarding>false</ForBoarding>
    <RequestStop>true</RequestStop>
</StopPointInJourneyPattern>
                            </pointsInSequence>
                            <linksInSequence>
<ServiceLinkInJourneyPattern order="1" version="any" id="SE:020:ServiceLinkInJourneyPattern:BUS_35321">
    <ServiceLinkRef ref="SE:020:ServiceLink:BUS_9025020058425001_9025020058423401"/>
</ServiceLinkInJourneyPattern>
                            </linksInSequence>
                        </JourneyPattern>
                        <JourneyPattern version="any" id="SE:020:JourneyPattern:205339415000023392">
                            <RouteRef ref="SE:020:Route:205330000080855807" version="any"/>
                            <pointsInSequence>
<StopPointInJourneyPattern order="1" version="any" id="SE:020:StopPointInJourneyPattern:205339415000023392_205330000080855812">
    <ScheduledStopPointRef ref="SE:020:ScheduledStopPoint:9022020584250001"/>
    <ForAlighting>false</ForAlighting>
    <ForBoarding>true</ForBoarding>
    <DestinationDisplayRef ref="SE:020:DestinationDisplay:205330000104727402"/>
    <RequestStop>true</RequestStop>
</StopPointInJourneyPattern>
<StopPointInJourneyPattern order="2" version="any" id="SE:020:StopPointInJourneyPattern:205339415000023392_205330000080855813">
    <ScheduledStopPointRef ref="SE:020:ScheduledStopPoint:9022020584234001"/>
    <ForAlighting>true</ForAlighting>
    <ForBoarding>false</ForBoarding>
    <RequestStop>true</RequestStop>
</StopPointInJourneyPattern>
                            </pointsInSequence>
                            <linksInSequence>
<ServiceLinkInJourneyPattern order="1" version="any" id="SE:020:ServiceLinkInJourneyPattern:BUS_35322">
    <ServiceLinkRef ref="SE:020:ServiceLink:BUS_9025020058425001_9025020058423401"/>
</ServiceLinkInJourneyPattern>
                            </linksInSequence>
                        </JourneyPattern>
                        <JourneyPattern version="any" id="SE:020:JourneyPattern:205339415000025215">
                            <RouteRef ref="SE:020:Route:205330000080855807" version="any"/>
                            <pointsInSequence>
<StopPointInJourneyPattern order="1" version="any" id="SE:020:StopPointInJourneyPattern:205339415000025215_205330000080855812">
    <ScheduledStopPointRef ref="SE:020:ScheduledStopPoint:9022020584250001"/>
    <ForAlighting>false</ForAlighting>
    <ForBoarding>true</ForBoarding>
    <DestinationDisplayRef ref="SE:020:DestinationDisplay:205330000113949014"/>
    <RequestStop>true</RequestStop>
</StopPointInJourneyPattern>
<StopPointInJourneyPattern order="2" version="any" id="SE:020:StopPointInJourneyPattern:205339415000025215_205330000080855813">
    <ScheduledStopPointRef ref="SE:020:ScheduledStopPoint:9022020584234001"/>
    <ForAlighting>true</ForAlighting>
    <ForBoarding>false</ForBoarding>
    <RequestStop>true</RequestStop>
</StopPointInJourneyPattern>
                            </pointsInSequence>
                            <linksInSequence>
<ServiceLinkInJourneyPattern order="1" version="any" id="SE:020:ServiceLinkInJourneyPattern:BUS_35323">
    <ServiceLinkRef ref="SE:020:ServiceLink:BUS_9025020058425001_9025020058423401"/>
</ServiceLinkInJourneyPattern>
                            </linksInSequence>
                        </JourneyPattern>
                        <JourneyPattern version="any" id="SE:020:JourneyPattern:205339415000025210">
                            <RouteRef ref="SE:020:Route:205330000113948926" version="any"/>
                            <pointsInSequence>
<StopPointInJourneyPattern order="1" version="any" id="SE:020:StopPointInJourneyPattern:205339415000025210_205330000113948931">
    <ScheduledStopPointRef ref="SE:020:ScheduledStopPoint:9022020584321001"/>
    <ForAlighting>false</ForAlighting>
    <ForBoarding>true</ForBoarding>
    <DestinationDisplayRef ref="SE:020:DestinationDisplay:205330000113948940"/>
    <RequestStop>true</RequestStop>
</StopPointInJourneyPattern>
<StopPointInJourneyPattern order="2" version="any" id="SE:020:StopPointInJourneyPattern:205339415000025210_205330000113948932">
    <ScheduledStopPointRef ref="SE:020:ScheduledStopPoint:9022020584230001"/>
    <ForAlighting>true</ForAlighting>
    <ForBoarding>false</ForBoarding>
    <RequestStop>true</RequestStop>
</StopPointInJourneyPattern>
                            </pointsInSequence>
                            <linksInSequence>
<ServiceLinkInJourneyPattern order="1" version="any" id="SE:020:ServiceLinkInJourneyPattern:BUS_35324">
    <ServiceLinkRef ref="SE:020:ServiceLink:BUS_9025020058432101_9025020058423001"/>
</ServiceLinkInJourneyPattern>
                            </linksInSequence>
                        </JourneyPattern>
                        <JourneyPattern version="any" id="SE:020:JourneyPattern:205339415000016494">
                            <RouteRef ref="SE:020:Route:205330000080855789" version="any"/>
                            <pointsInSequence>
<StopPointInJourneyPattern order="1" version="any" id="SE:020:StopPointInJourneyPattern:205339415000016494_205330000080855794">
    <ScheduledStopPointRef ref="SE:020:ScheduledStopPoint:9022020584115001"/>
    <ForAlighting>false</ForAlighting>
    <ForBoarding>true</ForBoarding>
    <DestinationDisplayRef ref="SE:020:DestinationDisplay:205330000080855803"/>
    <RequestStop>true</RequestStop>
</StopPointInJourneyPattern>
<StopPointInJourneyPattern order="2" version="any" id="SE:020:StopPointInJourneyPattern:205339415000016494_205330000080855795">
    <ScheduledStopPointRef ref="SE:020:ScheduledStopPoint:9022020584234001"/>
    <ForAlighting>true</ForAlighting>
    <ForBoarding>false</ForBoarding>
    <RequestStop>true</RequestStop>
</StopPointInJourneyPattern>
                            </pointsInSequence>
                            <linksInSequence>
<ServiceLinkInJourneyPattern order="1" version="any" id="SE:020:ServiceLinkInJourneyPattern:BUS_35325">
    <ServiceLinkRef ref="SE:020:ServiceLink:BUS_9025020058411501_9025020058423401"/>
</ServiceLinkInJourneyPattern>
                            </linksInSequence>
                        </JourneyPattern>
                        <JourneyPattern version="any" id="SE:020:JourneyPattern:205339415000023396">
                            <RouteRef ref="SE:020:Route:205330000080855789" version="any"/>
                            <pointsInSequence>
<StopPointInJourneyPattern order="1" version="any" id="SE:020:StopPointInJourneyPattern:205339415000023396_205330000080855794">
    <ScheduledStopPointRef ref="SE:020:ScheduledStopPoint:9022020584115001"/>
    <ForAlighting>false</ForAlighting>
    <ForBoarding>true</ForBoarding>
    <DestinationDisplayRef ref="SE:020:DestinationDisplay:205330000104727458"/>
    <RequestStop>true</RequestStop>
</StopPointInJourneyPattern>
<StopPointInJourneyPattern order="2" version="any" id="SE:020:StopPointInJourneyPattern:205339415000023396_205330000080855795">
    <ScheduledStopPointRef ref="SE:020:ScheduledStopPoint:9022020584234001"/>
    <ForAlighting>true</ForAlighting>
    <ForBoarding>false</ForBoarding>
    <RequestStop>true</RequestStop>
</StopPointInJourneyPattern>
                            </pointsInSequence>
                            <linksInSequence>
<ServiceLinkInJourneyPattern order="1" version="any" id="SE:020:ServiceLinkInJourneyPattern:BUS_35326">
    <ServiceLinkRef ref="SE:020:ServiceLink:BUS_9025020058411501_9025020058423401"/>
</ServiceLinkInJourneyPattern>
                            </linksInSequence>
                        </JourneyPattern>
                        <JourneyPattern version="any" id="SE:020:JourneyPattern:205339415000025208">
                            <RouteRef ref="SE:020:Route:205330000080855789" version="any"/>
                            <pointsInSequence>
<StopPointInJourneyPattern order="1" version="any" id="SE:020:StopPointInJourneyPattern:205339415000025208_205330000080855794">
    <ScheduledStopPointRef ref="SE:020:ScheduledStopPoint:9022020584115001"/>
    <ForAlighting>false</ForAlighting>
    <ForBoarding>true</ForBoarding>
    <DestinationDisplayRef ref="SE:020:DestinationDisplay:205330000113948908"/>
    <RequestStop>true</RequestStop>
</StopPointInJourneyPattern>
<StopPointInJourneyPattern order="2" version="any" id="SE:020:StopPointInJourneyPattern:205339415000025208_205330000080855795">
    <ScheduledStopPointRef ref="SE:020:ScheduledStopPoint:9022020584234001"/>
    <ForAlighting>true</ForAlighting>
    <ForBoarding>false</ForBoarding>
    <RequestStop>true</RequestStop>
</StopPointInJourneyPattern>
                            </pointsInSequence>
                            <linksInSequence>
<ServiceLinkInJourneyPattern order="1" version="any" id="SE:020:ServiceLinkInJourneyPattern:BUS_35327">
    <ServiceLinkRef ref="SE:020:ServiceLink:BUS_9025020058411501_9025020058423401"/>
</ServiceLinkInJourneyPattern>
                            </linksInSequence>
                        </JourneyPattern>
                        <JourneyPattern version="any" id="SE:020:JourneyPattern:205339415000026222">
                            <RouteRef ref="SE:020:Route:205330000122306837" version="any"/>
                            <pointsInSequence>
<StopPointInJourneyPattern order="1" version="any" id="SE:020:StopPointInJourneyPattern:205339415000026222_205330000122306842">
    <ScheduledStopPointRef ref="SE:020:ScheduledStopPoint:9022020584048001"/>
    <ForAlighting>false</ForAlighting>
    <ForBoarding>true</ForBoarding>
    <DestinationDisplayRef ref="SE:020:DestinationDisplay:205330000122306851"/>
    <RequestStop>true</RequestStop>
</StopPointInJourneyPattern>
<StopPointInJourneyPattern order="2" version="any" id="SE:020:StopPointInJourneyPattern:205339415000026222_205330000122306843">
    <ScheduledStopPointRef ref="SE:020:ScheduledStopPoint:9022020584321001"/>
    <ForAlighting>true</ForAlighting>
    <ForBoarding>false</ForBoarding>
    <RequestStop>true</RequestStop>
</StopPointInJourneyPattern>
                            </pointsInSequence>
                            <linksInSequence>
<ServiceLinkInJourneyPattern order="1" version="any" id="SE:020:ServiceLinkInJourneyPattern:BUS_35328">
    <ServiceLinkRef ref="SE:020:ServiceLink:BUS_9025020058404801_9025020058432101"/>
</ServiceLinkInJourneyPattern>
                            </linksInSequence>
                        </JourneyPattern>
                        <JourneyPattern version="any" id="SE:020:JourneyPattern:205339415000026223">
                            <RouteRef ref="SE:020:Route:205330000122306855" version="any"/>
                            <pointsInSequence>
<StopPointInJourneyPattern order="1" version="any" id="SE:020:StopPointInJourneyPattern:205339415000026223_205330000122306860">
    <ScheduledStopPointRef ref="SE:020:ScheduledStopPoint:9022020584321001"/>
    <ForAlighting>false</ForAlighting>
    <ForBoarding>true</ForBoarding>
    <DestinationDisplayRef ref="SE:020:DestinationDisplay:205330000122306869"/>
    <RequestStop>true</RequestStop>
</StopPointInJourneyPattern>
<StopPointInJourneyPattern order="2" version="any" id="SE:020:StopPointInJourneyPattern:205339415000026223_205330000122306861">
    <ScheduledStopPointRef ref="SE:020:ScheduledStopPoint:9022020584048001"/>
    <ForAlighting>true</ForAlighting>
    <ForBoarding>false</ForBoarding>
    <RequestStop>true</RequestStop>
</StopPointInJourneyPattern>
                            </pointsInSequence>
                            <linksInSequence>
<ServiceLinkInJourneyPattern order="1" version="any" id="SE:020:ServiceLinkInJourneyPattern:BUS_35329">
    <ServiceLinkRef ref="SE:020:ServiceLink:BUS_9025020058432101_9025020058404801"/>
</ServiceLinkInJourneyPattern>
                            </linksInSequence>
                        </JourneyPattern>
                        <JourneyPattern version="any" id="SE:020:JourneyPattern:205339415000025216">
                            <RouteRef ref="SE:020:Route:205330000113949018" version="any"/>
                            <pointsInSequence>
<StopPointInJourneyPattern order="1" version="any" id="SE:020:StopPointInJourneyPattern:205339415000025216_205330000113949023">
    <ScheduledStopPointRef ref="SE:020:ScheduledStopPoint:9022020584321001"/>
    <ForAlighting>false</ForAlighting>
    <ForBoarding>true</ForBoarding>
    <DestinationDisplayRef ref="SE:020:DestinationDisplay:205330000113949032"/>
    <RequestStop>true</RequestStop>
</StopPointInJourneyPattern>
<StopPointInJourneyPattern order="2" version="any" id="SE:020:StopPointInJourneyPattern:205339415000025216_205330000113949024">
    <ScheduledStopPointRef ref="SE:020:ScheduledStopPoint:9022020584275001"/>
    <ForAlighting>true</ForAlighting>
    <ForBoarding>false</ForBoarding>
    <RequestStop>true</RequestStop>
</StopPointInJourneyPattern>
                            </pointsInSequence>
                            <linksInSequence>
<ServiceLinkInJourneyPattern order="1" version="any" id="SE:020:ServiceLinkInJourneyPattern:BUS_35330">
    <ServiceLinkRef ref="SE:020:ServiceLink:BUS_9025020058432101_9025020058427501"/>
</ServiceLinkInJourneyPattern>
                            </linksInSequence>
                        </JourneyPattern>
                        <JourneyPattern version="any" id="SE:020:JourneyPattern:205339415000025217">
                            <RouteRef ref="SE:020:Route:205330000113949036" version="any"/>
                            <pointsInSequence>
<StopPointInJourneyPattern order="1" version="any" id="SE:020:StopPointInJourneyPattern:205339415000025217_205330000113949041">
    <ScheduledStopPointRef ref="SE:020:ScheduledStopPoint:9022020584275001"/>
    <ForAlighting>false</ForAlighting>
    <ForBoarding>true</ForBoarding>
    <DestinationDisplayRef ref="SE:020:DestinationDisplay:205330000113949050"/>
    <RequestStop>true</RequestStop>
</StopPointInJourneyPattern>
<StopPointInJourneyPattern order="2" version="any" id="SE:020:StopPointInJourneyPattern:205339415000025217_205330000113949042">
    <ScheduledStopPointRef ref="SE:020:ScheduledStopPoint:9022020584321001"/>
    <ForAlighting>true</ForAlighting>
    <ForBoarding>false</ForBoarding>
    <RequestStop>true</RequestStop>
</StopPointInJourneyPattern>
                            </pointsInSequence>
                            <linksInSequence>
<ServiceLinkInJourneyPattern order="1" version="any" id="SE:020:ServiceLinkInJourneyPattern:BUS_35331">
    <ServiceLinkRef ref="SE:020:ServiceLink:BUS_9025020058427501_9025020058432101"/>
</ServiceLinkInJourneyPattern>
                            </linksInSequence>
                        </JourneyPattern>
                        <JourneyPattern version="any" id="SE:020:JourneyPattern:205339415000025212">
                            <RouteRef ref="SE:020:Route:205330000113948958" version="any"/>
                            <pointsInSequence>
<StopPointInJourneyPattern order="1" version="any" id="SE:020:StopPointInJourneyPattern:205339415000025212_205330000113948963">
    <ScheduledStopPointRef ref="SE:020:ScheduledStopPoint:9022020584230001"/>
    <ForAlighting>false</ForAlighting>
    <ForBoarding>true</ForBoarding>
    <DestinationDisplayRef ref="SE:020:DestinationDisplay:205330000113948972"/>
    <RequestStop>true</RequestStop>
</StopPointInJourneyPattern>
<StopPointInJourneyPattern order="2" version="any" id="SE:020:StopPointInJourneyPattern:205339415000025212_205330000113948964">
    <ScheduledStopPointRef ref="SE:020:ScheduledStopPoint:9022020584321001"/>
    <ForAlighting>true</ForAlighting>
    <ForBoarding>false</ForBoarding>
    <RequestStop>true</RequestStop>
</StopPointInJourneyPattern>
                            </pointsInSequence>
                            <linksInSequence>
<ServiceLinkInJourneyPattern order="1" version="any" id="SE:020:ServiceLinkInJourneyPattern:BUS_35332">
    <ServiceLinkRef ref="SE:020:ServiceLink:BUS_9025020058423001_9025020058432101"/>
</ServiceLinkInJourneyPattern>
                            </linksInSequence>
                        </JourneyPattern>
                    </journeyPatterns>
                </ServiceFrame>
                <TimetableFrame version="20240902035740" id="SE:020:TimetableFrame:9011020096100000">
                    <vehicleJourneys>
                        <ServiceJourney version="any" id="SE:020:ServiceJourney:205330000113949124">
                            <TransportMode>bus</TransportMode>
                            <TransportSubmode>
<BusSubmode>unknown</BusSubmode>
                            </TransportSubmode>
                            <dayTypes>
<DayTypeRef ref="SE:020:DayType:ruvrd39u3lof9gifuia599s7d8jipk41"/>
                            </dayTypes>
                            <JourneyPatternRef ref="SE:020:JourneyPattern:205339415000025207" version="any"/>
                            <OperatorRef ref="SE:020:Operator:9013020140700000"/>
                            <passingTimes>
<TimetabledPassingTime version="any" id="SE:020:TimetabledPassingTime:205330000113949120">
    <StopPointInJourneyPatternRef ref="SE:020:StopPointInJourneyPattern:205339415000025207_205330000096804285" version="any"/>
    <DepartureTime>10:35:00</DepartureTime>
</TimetabledPassingTime>
<TimetabledPassingTime version="any" id="SE:020:TimetabledPassingTime:205330000113949121">
    <StopPointInJourneyPatternRef ref="SE:020:StopPointInJourneyPattern:205339415000025207_205330000096804286" version="any"/>
    <ArrivalTime>10:50:00</ArrivalTime>
</TimetabledPassingTime>
                            </passingTimes>
                        </ServiceJourney>
                        <ServiceJourney version="any" id="SE:020:ServiceJourney:205330000113949153">
                            <TransportMode>bus</TransportMode>
                            <TransportSubmode>
<BusSubmode>unknown</BusSubmode>
                            </TransportSubmode>
                            <dayTypes>
<DayTypeRef ref="SE:020:DayType:sj64jfatudrkqehh5ormlead148ola9e"/>
                            </dayTypes>
                            <JourneyPatternRef ref="SE:020:JourneyPattern:205339415000025207" version="any"/>
                            <OperatorRef ref="SE:020:Operator:9013020140700000"/>
                            <passingTimes>
<TimetabledPassingTime version="any" id="SE:020:TimetabledPassingTime:205330000113949149">
    <StopPointInJourneyPatternRef ref="SE:020:StopPointInJourneyPattern:205339415000025207_205330000096804285" version="any"/>
    <DepartureTime>11:50:00</DepartureTime>
</TimetabledPassingTime>
<TimetabledPassingTime version="any" id="SE:020:TimetabledPassingTime:205330000113949150">
    <StopPointInJourneyPatternRef ref="SE:020:StopPointInJourneyPattern:205339415000025207_205330000096804286" version="any"/>
    <ArrivalTime>12:05:00</ArrivalTime>
</TimetabledPassingTime>
                            </passingTimes>
                        </ServiceJourney>
                        <ServiceJourney version="any" id="SE:020:ServiceJourney:205330000113949288">
                            <TransportMode>bus</TransportMode>
                            <TransportSubmode>
<BusSubmode>unknown</BusSubmode>
                            </TransportSubmode>
                            <dayTypes>
<DayTypeRef ref="SE:020:DayType:vq73n47ipojhu58l6buggj0u4r8c3jd1"/>
                            </dayTypes>
                            <JourneyPatternRef ref="SE:020:JourneyPattern:205339415000025212" version="any"/>
                            <OperatorRef ref="SE:020:Operator:9013020140700000"/>
                            <passingTimes>
<TimetabledPassingTime version="any" id="SE:020:TimetabledPassingTime:205330000113949283">
    <StopPointInJourneyPatternRef ref="SE:020:StopPointInJourneyPattern:205339415000025212_205330000113948963" version="any"/>
    <DepartureTime>08:40:00</DepartureTime>
</TimetabledPassingTime>
<TimetabledPassingTime version="any" id="SE:020:TimetabledPassingTime:205330000113949284">
    <StopPointInJourneyPatternRef ref="SE:020:StopPointInJourneyPattern:205339415000025212_205330000113948964" version="any"/>
    <ArrivalTime>08:50:00</ArrivalTime>
</TimetabledPassingTime>
                            </passingTimes>
                        </ServiceJourney>
                        <ServiceJourney version="any" id="SE:020:ServiceJourney:205330000113949352">
                            <TransportMode>bus</TransportMode>
                            <TransportSubmode>
<BusSubmode>unknown</BusSubmode>
                            </TransportSubmode>
                            <dayTypes>
<DayTypeRef ref="SE:020:DayType:fh995ug9duv18gkkpp62q30nkglq01vo"/>
                            </dayTypes>
                            <JourneyPatternRef ref="SE:020:JourneyPattern:205339415000025214" version="any"/>
                            <OperatorRef ref="SE:020:Operator:9013020140700000"/>
                            <passingTimes>
<TimetabledPassingTime version="any" id="SE:020:TimetabledPassingTime:205330000113949348">
    <StopPointInJourneyPatternRef ref="SE:020:StopPointInJourneyPattern:205339415000025214_205330000102712641" version="any"/>
    <DepartureTime>08:10:00</DepartureTime>
</TimetabledPassingTime>
<TimetabledPassingTime version="any" id="SE:020:TimetabledPassingTime:205330000113949349">
    <StopPointInJourneyPatternRef ref="SE:020:StopPointInJourneyPattern:205339415000025214_205330000102712642" version="any"/>
    <ArrivalTime>08:20:00</ArrivalTime>
</TimetabledPassingTime>
                            </passingTimes>
                        </ServiceJourney>
                        <ServiceJourney version="any" id="SE:020:ServiceJourney:205330000113949436">
                            <TransportMode>bus</TransportMode>
                            <TransportSubmode>
<BusSubmode>unknown</BusSubmode>
                            </TransportSubmode>
                            <dayTypes>
<DayTypeRef ref="SE:020:DayType:sj64jfatudrkqehh5ormlead148ola9e"/>
                            </dayTypes>
                            <JourneyPatternRef ref="SE:020:JourneyPattern:205339415000025215" version="any"/>
                            <OperatorRef ref="SE:020:Operator:9013020140700000"/>
                            <passingTimes>
<TimetabledPassingTime version="any" id="SE:020:TimetabledPassingTime:205330000113949432">
    <StopPointInJourneyPatternRef ref="SE:020:StopPointInJourneyPattern:205339415000025215_205330000080855812" version="any"/>
    <DepartureTime>10:00:00</DepartureTime>
</TimetabledPassingTime>
<TimetabledPassingTime version="any" id="SE:020:TimetabledPassingTime:205330000113949433">
    <StopPointInJourneyPatternRef ref="SE:020:StopPointInJourneyPattern:205339415000025215_205330000080855813" version="any"/>
    <ArrivalTime>10:15:00</ArrivalTime>
</TimetabledPassingTime>
                            </passingTimes>
                        </ServiceJourney>
                        <ServiceJourney version="any" id="SE:020:ServiceJourney:205330000113949470">
                            <TransportMode>bus</TransportMode>
                            <TransportSubmode>
<BusSubmode>unknown</BusSubmode>
                            </TransportSubmode>
                            <dayTypes>
<DayTypeRef ref="SE:020:DayType:ris9d9fmtnsrhvm6aj17js4qggab6gk4"/>
                            </dayTypes>
                            <JourneyPatternRef ref="SE:020:JourneyPattern:205339415000025216" version="any"/>
                            <OperatorRef ref="SE:020:Operator:9013020140700000"/>
                            <passingTimes>
<TimetabledPassingTime version="any" id="SE:020:TimetabledPassingTime:205330000113949465">
    <StopPointInJourneyPatternRef ref="SE:020:StopPointInJourneyPattern:205339415000025216_205330000113949023" version="any"/>
    <DepartureTime>10:55:00</DepartureTime>
</TimetabledPassingTime>
<TimetabledPassingTime version="any" id="SE:020:TimetabledPassingTime:205330000113949466">
    <StopPointInJourneyPatternRef ref="SE:020:StopPointInJourneyPattern:205339415000025216_205330000113949024" version="any"/>
    <ArrivalTime>11:05:00</ArrivalTime>
</TimetabledPassingTime>
                            </passingTimes>
                        </ServiceJourney>
                        <ServiceJourney version="any" id="SE:020:ServiceJourney:205330000113949584">
                            <TransportMode>bus</TransportMode>
                            <TransportSubmode>
<BusSubmode>unknown</BusSubmode>
                            </TransportSubmode>
                            <dayTypes>
<DayTypeRef ref="SE:020:DayType:ris9d9fmtnsrhvm6aj17js4qggab6gk4"/>
                            </dayTypes>
                            <JourneyPatternRef ref="SE:020:JourneyPattern:205339415000025217" version="any"/>
                            <OperatorRef ref="SE:020:Operator:9013020140700000"/>
                            <passingTimes>
<TimetabledPassingTime version="any" id="SE:020:TimetabledPassingTime:205330000113949579">
    <StopPointInJourneyPatternRef ref="SE:020:StopPointInJourneyPattern:205339415000025217_205330000113949041" version="any"/>
    <DepartureTime>09:25:00</DepartureTime>
</TimetabledPassingTime>
<TimetabledPassingTime version="any" id="SE:020:TimetabledPassingTime:205330000113949580">
    <StopPointInJourneyPatternRef ref="SE:020:StopPointInJourneyPattern:205339415000025217_205330000113949042" version="any"/>
    <ArrivalTime>09:35:00</ArrivalTime>
</TimetabledPassingTime>
                            </passingTimes>
                        </ServiceJourney>
                        <ServiceJourney version="any" id="SE:020:ServiceJourney:205330000113949166">
                            <TransportMode>bus</TransportMode>
                            <TransportSubmode>
<BusSubmode>unknown</BusSubmode>
                            </TransportSubmode>
                            <dayTypes>
<DayTypeRef ref="SE:020:DayType:tljkbn4mqvia9dnagl8m11li3g6u85mh"/>
                            </dayTypes>
                            <JourneyPatternRef ref="SE:020:JourneyPattern:205339415000025208" version="any"/>
                            <OperatorRef ref="SE:020:Operator:9013020140700000"/>
                            <passingTimes>
<TimetabledPassingTime version="any" id="SE:020:TimetabledPassingTime:205330000113949162">
    <StopPointInJourneyPatternRef ref="SE:020:StopPointInJourneyPattern:205339415000025208_205330000080855794" version="any"/>
    <DepartureTime>08:15:00</DepartureTime>
</TimetabledPassingTime>
<TimetabledPassingTime version="any" id="SE:020:TimetabledPassingTime:205330000113949163">
    <StopPointInJourneyPatternRef ref="SE:020:StopPointInJourneyPattern:205339415000025208_205330000080855795" version="any"/>
    <ArrivalTime>08:30:00</ArrivalTime>
</TimetabledPassingTime>
                            </passingTimes>
                        </ServiceJourney>
                        <ServiceJourney version="any" id="SE:020:ServiceJourney:205330000113949223">
                            <TransportMode>bus</TransportMode>
                            <TransportSubmode>
<BusSubmode>unknown</BusSubmode>
                            </TransportSubmode>
                            <dayTypes>
<DayTypeRef ref="SE:020:DayType:vq73n47ipojhu58l6buggj0u4r8c3jd1"/>
                            </dayTypes>
                            <JourneyPatternRef ref="SE:020:JourneyPattern:205339415000025210" version="any"/>
                            <OperatorRef ref="SE:020:Operator:9013020140700000"/>
                            <passingTimes>
<TimetabledPassingTime version="any" id="SE:020:TimetabledPassingTime:205330000113949218">
    <StopPointInJourneyPatternRef ref="SE:020:StopPointInJourneyPattern:205339415000025210_205330000113948931" version="any"/>
    <DepartureTime>10:00:00</DepartureTime>
</TimetabledPassingTime>
<TimetabledPassingTime version="any" id="SE:020:TimetabledPassingTime:205330000113949219">
    <StopPointInJourneyPatternRef ref="SE:020:StopPointInJourneyPattern:205339415000025210_205330000113948932" version="any"/>
    <ArrivalTime>10:10:00</ArrivalTime>
</TimetabledPassingTime>
                            </passingTimes>
                        </ServiceJourney>
                        <ServiceJourney version="any" id="SE:020:ServiceJourney:205330000113949254">
                            <TransportMode>bus</TransportMode>
                            <TransportSubmode>
<BusSubmode>unknown</BusSubmode>
                            </TransportSubmode>
                            <dayTypes>
<DayTypeRef ref="SE:020:DayType:tljkbn4mqvia9dnagl8m11li3g6u85mh"/>
                            </dayTypes>
                            <JourneyPatternRef ref="SE:020:JourneyPattern:205339415000025211" version="any"/>
                            <OperatorRef ref="SE:020:Operator:9013020140700000"/>
                            <passingTimes>
<TimetabledPassingTime version="any" id="SE:020:TimetabledPassingTime:205330000113949250">
    <StopPointInJourneyPatternRef ref="SE:020:StopPointInJourneyPattern:205339415000025211_205330000101531242" version="any"/>
    <DepartureTime>09:45:00</DepartureTime>
</TimetabledPassingTime>
<TimetabledPassingTime version="any" id="SE:020:TimetabledPassingTime:205330000113949251">
    <StopPointInJourneyPatternRef ref="SE:020:StopPointInJourneyPattern:205339415000025211_205330000101531243" version="any"/>
    <ArrivalTime>10:00:00</ArrivalTime>
</TimetabledPassingTime>
                            </passingTimes>
                        </ServiceJourney>
                        <ServiceJourney version="any" id="SE:020:ServiceJourney:205330000113949304">
                            <TransportMode>bus</TransportMode>
                            <TransportSubmode>
<BusSubmode>unknown</BusSubmode>
                            </TransportSubmode>
                            <dayTypes>
<DayTypeRef ref="SE:020:DayType:vq73n47ipojhu58l6buggj0u4r8c3jd1"/>
                            </dayTypes>
                            <JourneyPatternRef ref="SE:020:JourneyPattern:205339415000025212" version="any"/>
                            <OperatorRef ref="SE:020:Operator:9013020140700000"/>
                            <passingTimes>
<TimetabledPassingTime version="any" id="SE:020:TimetabledPassingTime:205330000113949299">
    <StopPointInJourneyPatternRef ref="SE:020:StopPointInJourneyPattern:205339415000025212_205330000113948963" version="any"/>
    <DepartureTime>09:30:00</DepartureTime>
</TimetabledPassingTime>
<TimetabledPassingTime version="any" id="SE:020:TimetabledPassingTime:205330000113949300">
    <StopPointInJourneyPatternRef ref="SE:020:StopPointInJourneyPattern:205339415000025212_205330000113948964" version="any"/>
    <ArrivalTime>09:40:00</ArrivalTime>
</TimetabledPassingTime>
                            </passingTimes>
                        </ServiceJourney>
                        <ServiceJourney version="any" id="SE:020:ServiceJourney:205330000113949420">
                            <TransportMode>bus</TransportMode>
                            <TransportSubmode>
<BusSubmode>unknown</BusSubmode>
                            </TransportSubmode>
                            <dayTypes>
<DayTypeRef ref="SE:020:DayType:4sbmacn7jrq6i9458ojhoav38mkd34n6"/>
                            </dayTypes>
                            <JourneyPatternRef ref="SE:020:JourneyPattern:205339415000025215" version="any"/>
                            <OperatorRef ref="SE:020:Operator:9013020140700000"/>
                            <passingTimes>
<TimetabledPassingTime version="any" id="SE:020:TimetabledPassingTime:205330000113949416">
    <StopPointInJourneyPatternRef ref="SE:020:StopPointInJourneyPattern:205339415000025215_205330000080855812" version="any"/>
    <DepartureTime>12:00:00</DepartureTime>
</TimetabledPassingTime>
<TimetabledPassingTime version="any" id="SE:020:TimetabledPassingTime:205330000113949417">
    <StopPointInJourneyPatternRef ref="SE:020:StopPointInJourneyPattern:205339415000025215_205330000080855813" version="any"/>
    <ArrivalTime>12:15:00</ArrivalTime>
</TimetabledPassingTime>
                            </passingTimes>
                        </ServiceJourney>
                        <ServiceJourney version="any" id="SE:020:ServiceJourney:205330000113949451">
                            <TransportMode>bus</TransportMode>
                            <TransportSubmode>
<BusSubmode>unknown</BusSubmode>
                            </TransportSubmode>
                            <dayTypes>
<DayTypeRef ref="SE:020:DayType:ris9d9fmtnsrhvm6aj17js4qggab6gk4"/>
                            </dayTypes>
                            <JourneyPatternRef ref="SE:020:JourneyPattern:205339415000025216" version="any"/>
                            <OperatorRef ref="SE:020:Operator:9013020140700000"/>
                            <passingTimes>
<TimetabledPassingTime version="any" id="SE:020:TimetabledPassingTime:205330000113949446">
    <StopPointInJourneyPatternRef ref="SE:020:StopPointInJourneyPattern:205339415000025216_205330000113949023" version="any"/>
    <DepartureTime>10:05:00</DepartureTime>
</TimetabledPassingTime>
<TimetabledPassingTime version="any" id="SE:020:TimetabledPassingTime:205330000113949447">
    <StopPointInJourneyPatternRef ref="SE:020:StopPointInJourneyPattern:205339415000025216_205330000113949024" version="any"/>
    <ArrivalTime>10:15:00</ArrivalTime>
</TimetabledPassingTime>
                            </passingTimes>
                        </ServiceJourney>
                        <ServiceJourney version="any" id="SE:020:ServiceJourney:205330000113949182">
                            <TransportMode>bus</TransportMode>
                            <TransportSubmode>
<BusSubmode>unknown</BusSubmode>
                            </TransportSubmode>
                            <dayTypes>
<DayTypeRef ref="SE:020:DayType:ruvrd39u3lof9gifuia599s7d8jipk41"/>
                            </dayTypes>
                            <JourneyPatternRef ref="SE:020:JourneyPattern:205339415000025208" version="any"/>
                            <OperatorRef ref="SE:020:Operator:9013020140700000"/>
                            <passingTimes>
<TimetabledPassingTime version="any" id="SE:020:TimetabledPassingTime:205330000113949178">
    <StopPointInJourneyPatternRef ref="SE:020:StopPointInJourneyPattern:205339415000025208_205330000080855794" version="any"/>
    <DepartureTime>09:05:00</DepartureTime>
</TimetabledPassingTime>
<TimetabledPassingTime version="any" id="SE:020:TimetabledPassingTime:205330000113949179">
    <StopPointInJourneyPatternRef ref="SE:020:StopPointInJourneyPattern:205339415000025208_205330000080855795" version="any"/>
    <ArrivalTime>09:20:00</ArrivalTime>
</TimetabledPassingTime>
                            </passingTimes>
                        </ServiceJourney>
                        <ServiceJourney version="any" id="SE:020:ServiceJourney:205330000113949489">
                            <TransportMode>bus</TransportMode>
                            <TransportSubmode>
<BusSubmode>unknown</BusSubmode>
                            </TransportSubmode>
                            <dayTypes>
<DayTypeRef ref="SE:020:DayType:ris9d9fmtnsrhvm6aj17js4qggab6gk4"/>
                            </dayTypes>
                            <JourneyPatternRef ref="SE:020:JourneyPattern:205339415000025216" version="any"/>
                            <OperatorRef ref="SE:020:Operator:9013020140700000"/>
                            <passingTimes>
<TimetabledPassingTime version="any" id="SE:020:TimetabledPassingTime:205330000113949484">
    <StopPointInJourneyPatternRef ref="SE:020:StopPointInJourneyPattern:205339415000025216_205330000113949023" version="any"/>
    <DepartureTime>11:45:00</DepartureTime>
</TimetabledPassingTime>
<TimetabledPassingTime version="any" id="SE:020:TimetabledPassingTime:205330000113949485">
    <StopPointInJourneyPatternRef ref="SE:020:StopPointInJourneyPattern:205339415000025216_205330000113949024" version="any"/>
    <ArrivalTime>11:55:00</ArrivalTime>
</TimetabledPassingTime>
                            </passingTimes>
                        </ServiceJourney>
                        <ServiceJourney version="any" id="SE:020:ServiceJourney:205330000113949565">
                            <TransportMode>bus</TransportMode>
                            <TransportSubmode>
<BusSubmode>unknown</BusSubmode>
                            </TransportSubmode>
                            <dayTypes>
<DayTypeRef ref="SE:020:DayType:ris9d9fmtnsrhvm6aj17js4qggab6gk4"/>
                            </dayTypes>
                            <JourneyPatternRef ref="SE:020:JourneyPattern:205339415000025217" version="any"/>
                            <OperatorRef ref="SE:020:Operator:9013020140700000"/>
                            <passingTimes>
<TimetabledPassingTime version="any" id="SE:020:TimetabledPassingTime:205330000113949560">
    <StopPointInJourneyPatternRef ref="SE:020:StopPointInJourneyPattern:205339415000025217_205330000113949041" version="any"/>
    <DepartureTime>08:35:00</DepartureTime>
</TimetabledPassingTime>
<TimetabledPassingTime version="any" id="SE:020:TimetabledPassingTime:205330000113949561">
    <StopPointInJourneyPatternRef ref="SE:020:StopPointInJourneyPattern:205339415000025217_205330000113949042" version="any"/>
    <ArrivalTime>08:45:00</ArrivalTime>
</TimetabledPassingTime>
                            </passingTimes>
                        </ServiceJourney>
                        <ServiceJourney version="any" id="SE:020:ServiceJourney:205330000113949762">
                            <TransportMode>bus</TransportMode>
                            <TransportSubmode>
<BusSubmode>unknown</BusSubmode>
                            </TransportSubmode>
                            <dayTypes>
<DayTypeRef ref="SE:020:DayType:4sbmacn7jrq6i9458ojhoav38mkd34n6"/>
                            </dayTypes>
                            <JourneyPatternRef ref="SE:020:JourneyPattern:205339415000025220" version="any"/>
                            <OperatorRef ref="SE:020:Operator:9013020140700000"/>
                            <passingTimes>
<TimetabledPassingTime version="any" id="SE:020:TimetabledPassingTime:205330000113949758">
    <StopPointInJourneyPatternRef ref="SE:020:StopPointInJourneyPattern:205339415000025220_205330000101531224" version="any"/>
    <DepartureTime>13:30:00</DepartureTime>
</TimetabledPassingTime>
<TimetabledPassingTime version="any" id="SE:020:TimetabledPassingTime:205330000113949759">
    <StopPointInJourneyPatternRef ref="SE:020:StopPointInJourneyPattern:205339415000025220_205330000101531225" version="any"/>
    <ArrivalTime>13:45:00</ArrivalTime>
</TimetabledPassingTime>
                            </passingTimes>
                        </ServiceJourney>
                        <ServiceJourney version="any" id="SE:020:ServiceJourney:205330000113949211">
                            <TransportMode>bus</TransportMode>
                            <TransportSubmode>
<BusSubmode>unknown</BusSubmode>
                            </TransportSubmode>
                            <dayTypes>
<DayTypeRef ref="SE:020:DayType:fh995ug9duv18gkkpp62q30nkglq01vo"/>
                            </dayTypes>
                            <JourneyPatternRef ref="SE:020:JourneyPattern:205339415000025209" version="any"/>
                            <OperatorRef ref="SE:020:Operator:9013020140700000"/>
                            <passingTimes>
<TimetabledPassingTime version="any" id="SE:020:TimetabledPassingTime:205330000113949206">
    <StopPointInJourneyPatternRef ref="SE:020:StopPointInJourneyPattern:205339415000025209_205330000102712623" version="any"/>
    <DepartureTime>11:00:00</DepartureTime>
</TimetabledPassingTime>
<TimetabledPassingTime version="any" id="SE:020:TimetabledPassingTime:205330000113949207">
    <StopPointInJourneyPatternRef ref="SE:020:StopPointInJourneyPattern:205339415000025209_205330000102712624" version="any"/>
    <ArrivalTime>11:10:00</ArrivalTime>
</TimetabledPassingTime>
                            </passingTimes>
                        </ServiceJourney>
                        <ServiceJourney version="any" id="SE:020:ServiceJourney:205330000113949239">
                            <TransportMode>bus</TransportMode>
                            <TransportSubmode>
<BusSubmode>unknown</BusSubmode>
                            </TransportSubmode>
                            <dayTypes>
<DayTypeRef ref="SE:020:DayType:vq73n47ipojhu58l6buggj0u4r8c3jd1"/>
                            </dayTypes>
                            <JourneyPatternRef ref="SE:020:JourneyPattern:205339415000025210" version="any"/>
                            <OperatorRef ref="SE:020:Operator:9013020140700000"/>
                            <passingTimes>
<TimetabledPassingTime version="any" id="SE:020:TimetabledPassingTime:205330000113949234">
    <StopPointInJourneyPatternRef ref="SE:020:StopPointInJourneyPattern:205339415000025210_205330000113948931" version="any"/>
    <DepartureTime>10:50:00</DepartureTime>
</TimetabledPassingTime>
<TimetabledPassingTime version="any" id="SE:020:TimetabledPassingTime:205330000113949235">
    <StopPointInJourneyPatternRef ref="SE:020:StopPointInJourneyPattern:205339415000025210_205330000113948932" version="any"/>
    <ArrivalTime>11:00:00</ArrivalTime>
</TimetabledPassingTime>
                            </passingTimes>
                        </ServiceJourney>
                        <ServiceJourney version="any" id="SE:020:ServiceJourney:205330000113949603">
                            <TransportMode>bus</TransportMode>
                            <TransportSubmode>
<BusSubmode>unknown</BusSubmode>
                            </TransportSubmode>
                            <dayTypes>
<DayTypeRef ref="SE:020:DayType:ris9d9fmtnsrhvm6aj17js4qggab6gk4"/>
                            </dayTypes>
                            <JourneyPatternRef ref="SE:020:JourneyPattern:205339415000025217" version="any"/>
                            <OperatorRef ref="SE:020:Operator:9013020140700000"/>
                            <passingTimes>
<TimetabledPassingTime version="any" id="SE:020:TimetabledPassingTime:205330000113949598">
    <StopPointInJourneyPatternRef ref="SE:020:StopPointInJourneyPattern:205339415000025217_205330000113949041" version="any"/>
    <DepartureTime>10:15:00</DepartureTime>
</TimetabledPassingTime>
<TimetabledPassingTime version="any" id="SE:020:TimetabledPassingTime:205330000113949599">
    <StopPointInJourneyPatternRef ref="SE:020:StopPointInJourneyPattern:205339415000025217_205330000113949042" version="any"/>
    <ArrivalTime>10:25:00</ArrivalTime>
</TimetabledPassingTime>
                            </passingTimes>
                        </ServiceJourney>
                        <ServiceJourney version="any" id="SE:020:ServiceJourney:205330000122306882">
                            <TransportMode>bus</TransportMode>
                            <TransportSubmode>
<BusSubmode>unknown</BusSubmode>
                            </TransportSubmode>
                            <dayTypes>
<DayTypeRef ref="SE:020:DayType:41sdc4l9cq51548chjb3983c45eslr9p"/>
                            </dayTypes>
                            <JourneyPatternRef ref="SE:020:JourneyPattern:205339415000025211" version="any"/>
                            <OperatorRef ref="SE:020:Operator:9013020140700000"/>
                            <passingTimes>
<TimetabledPassingTime version="any" id="SE:020:TimetabledPassingTime:205330000122306877">
    <StopPointInJourneyPatternRef ref="SE:020:StopPointInJourneyPattern:205339415000025211_205330000101531242" version="any"/>
    <DepartureTime>09:45:00</DepartureTime>
</TimetabledPassingTime>
<TimetabledPassingTime version="any" id="SE:020:TimetabledPassingTime:205330000122306878">
    <StopPointInJourneyPatternRef ref="SE:020:StopPointInJourneyPattern:205339415000025211_205330000101531243" version="any"/>
    <ArrivalTime>10:05:00</ArrivalTime>
</TimetabledPassingTime>
                            </passingTimes>
                        </ServiceJourney>
                        <ServiceJourney version="any" id="SE:020:ServiceJourney:205330000122306938">
                            <TransportMode>bus</TransportMode>
                            <TransportSubmode>
<BusSubmode>unknown</BusSubmode>
                            </TransportSubmode>
                            <dayTypes>
<DayTypeRef ref="SE:020:DayType:sj64jfatudrkqehh5ormlead148ola9e"/>
                            </dayTypes>
                            <JourneyPatternRef ref="SE:020:JourneyPattern:205339415000025220" version="any"/>
                            <OperatorRef ref="SE:020:Operator:9013020140700000"/>
                            <passingTimes>
<TimetabledPassingTime version="any" id="SE:020:TimetabledPassingTime:205330000122306933">
    <StopPointInJourneyPatternRef ref="SE:020:StopPointInJourneyPattern:205339415000025220_205330000101531224" version="any"/>
    <DepartureTime>13:45:00</DepartureTime>
</TimetabledPassingTime>
<TimetabledPassingTime version="any" id="SE:020:TimetabledPassingTime:205330000122306934">
    <StopPointInJourneyPatternRef ref="SE:020:StopPointInJourneyPattern:205339415000025220_205330000101531225" version="any"/>
    <ArrivalTime>14:00:00</ArrivalTime>
</TimetabledPassingTime>
                            </passingTimes>
                        </ServiceJourney>
                        <ServiceJourney version="any" id="SE:020:ServiceJourney:205330000122307044">
                            <TransportMode>bus</TransportMode>
                            <TransportSubmode>
<BusSubmode>unknown</BusSubmode>
                            </TransportSubmode>
                            <dayTypes>
<DayTypeRef ref="SE:020:DayType:ris9d9fmtnsrhvm6aj17js4qggab6gk4"/>
                            </dayTypes>
                            <JourneyPatternRef ref="SE:020:JourneyPattern:205339415000025217" version="any"/>
                            <OperatorRef ref="SE:020:Operator:9013020140700000"/>
                            <passingTimes>
<TimetabledPassingTime version="any" id="SE:020:TimetabledPassingTime:205330000122307039">
    <StopPointInJourneyPatternRef ref="SE:020:StopPointInJourneyPattern:205339415000025217_205330000113949041" version="any"/>
    <DepartureTime>11:05:00</DepartureTime>
</TimetabledPassingTime>
<TimetabledPassingTime version="any" id="SE:020:TimetabledPassingTime:205330000122307040">
    <StopPointInJourneyPatternRef ref="SE:020:StopPointInJourneyPattern:205339415000025217_205330000113949042" version="any"/>
    <ArrivalTime>11:10:00</ArrivalTime>
</TimetabledPassingTime>
                            </passingTimes>
                        </ServiceJourney>
                        <ServiceJourney version="any" id="SE:020:ServiceJourney:205330000122307074">
                            <TransportMode>bus</TransportMode>
                            <TransportSubmode>
<BusSubmode>unknown</BusSubmode>
                            </TransportSubmode>
                            <dayTypes>
<DayTypeRef ref="SE:020:DayType:fh995ug9duv18gkkpp62q30nkglq01vo"/>
                            </dayTypes>
                            <JourneyPatternRef ref="SE:020:JourneyPattern:205339415000026222" version="any"/>
                            <OperatorRef ref="SE:020:Operator:9013020140700000"/>
                            <passingTimes>
<TimetabledPassingTime version="any" id="SE:020:TimetabledPassingTime:205330000122307069">
    <StopPointInJourneyPatternRef ref="SE:020:StopPointInJourneyPattern:205339415000026222_205330000122306842" version="any"/>
    <DepartureTime>14:30:00</DepartureTime>
</TimetabledPassingTime>
<TimetabledPassingTime version="any" id="SE:020:TimetabledPassingTime:205330000122307070">
    <StopPointInJourneyPatternRef ref="SE:020:StopPointInJourneyPattern:205339415000026222_205330000122306843" version="any"/>
    <ArrivalTime>14:40:00</ArrivalTime>
</TimetabledPassingTime>
                            </passingTimes>
                        </ServiceJourney>
                        <ServiceJourney version="any" id="SE:020:ServiceJourney:205330000122307180">
                            <TransportMode>bus</TransportMode>
                            <TransportSubmode>
<BusSubmode>unknown</BusSubmode>
                            </TransportSubmode>
                            <dayTypes>
<DayTypeRef ref="SE:020:DayType:jlodco4finpdle1h7pvpd5aalhgpd7i3"/>
                            </dayTypes>
                            <JourneyPatternRef ref="SE:020:JourneyPattern:205339415000026223" version="any"/>
                            <OperatorRef ref="SE:020:Operator:9013020140700000"/>
                            <passingTimes>
<TimetabledPassingTime version="any" id="SE:020:TimetabledPassingTime:205330000122307175">
    <StopPointInJourneyPatternRef ref="SE:020:StopPointInJourneyPattern:205339415000026223_205330000122306860" version="any"/>
    <DepartureTime>10:00:00</DepartureTime>
</TimetabledPassingTime>
<TimetabledPassingTime version="any" id="SE:020:TimetabledPassingTime:205330000122307176">
    <StopPointInJourneyPatternRef ref="SE:020:StopPointInJourneyPattern:205339415000026223_205330000122306861" version="any"/>
    <ArrivalTime>10:10:00</ArrivalTime>
</TimetabledPassingTime>
                            </passingTimes>
                        </ServiceJourney>
                        <ServiceJourney version="any" id="SE:020:ServiceJourney:205330000122307105">
                            <TransportMode>bus</TransportMode>
                            <TransportSubmode>
<BusSubmode>unknown</BusSubmode>
                            </TransportSubmode>
                            <dayTypes>
<DayTypeRef ref="SE:020:DayType:jlodco4finpdle1h7pvpd5aalhgpd7i3"/>
                            </dayTypes>
                            <JourneyPatternRef ref="SE:020:JourneyPattern:205339415000026222" version="any"/>
                            <OperatorRef ref="SE:020:Operator:9013020140700000"/>
                            <passingTimes>
<TimetabledPassingTime version="any" id="SE:020:TimetabledPassingTime:205330000122307100">
    <StopPointInJourneyPatternRef ref="SE:020:StopPointInJourneyPattern:205339415000026222_205330000122306842" version="any"/>
    <DepartureTime>08:40:00</DepartureTime>
</TimetabledPassingTime>
<TimetabledPassingTime version="any" id="SE:020:TimetabledPassingTime:205330000122307101">
    <StopPointInJourneyPatternRef ref="SE:020:StopPointInJourneyPattern:205339415000026222_205330000122306843" version="any"/>
    <ArrivalTime>08:50:00</ArrivalTime>
</TimetabledPassingTime>
                            </passingTimes>
                        </ServiceJourney>
                        <ServiceJourney version="any" id="SE:020:ServiceJourney:205330000122306960">
                            <TransportMode>bus</TransportMode>
                            <TransportSubmode>
<BusSubmode>unknown</BusSubmode>
                            </TransportSubmode>
                            <dayTypes>
<DayTypeRef ref="SE:020:DayType:sj64jfatudrkqehh5ormlead148ola9e"/>
                            </dayTypes>
                            <JourneyPatternRef ref="SE:020:JourneyPattern:205339415000025215" version="any"/>
                            <OperatorRef ref="SE:020:Operator:9013020140700000"/>
                            <passingTimes>
<TimetabledPassingTime version="any" id="SE:020:TimetabledPassingTime:205330000122306955">
    <StopPointInJourneyPatternRef ref="SE:020:StopPointInJourneyPattern:205339415000025215_205330000080855812" version="any"/>
    <DepartureTime>08:30:00</DepartureTime>
</TimetabledPassingTime>
<TimetabledPassingTime version="any" id="SE:020:TimetabledPassingTime:205330000122306956">
    <StopPointInJourneyPatternRef ref="SE:020:StopPointInJourneyPattern:205339415000025215_205330000080855813" version="any"/>
    <ArrivalTime>08:45:00</ArrivalTime>
</TimetabledPassingTime>
                            </passingTimes>
                        </ServiceJourney>
                        <ServiceJourney version="any" id="SE:020:ServiceJourney:205330000122307130">
                            <TransportMode>bus</TransportMode>
                            <TransportSubmode>
<BusSubmode>unknown</BusSubmode>
                            </TransportSubmode>
                            <dayTypes>
<DayTypeRef ref="SE:020:DayType:jlodco4finpdle1h7pvpd5aalhgpd7i3"/>
                            </dayTypes>
                            <JourneyPatternRef ref="SE:020:JourneyPattern:205339415000026222" version="any"/>
                            <OperatorRef ref="SE:020:Operator:9013020140700000"/>
                            <passingTimes>
<TimetabledPassingTime version="any" id="SE:020:TimetabledPassingTime:205330000122307125">
    <StopPointInJourneyPatternRef ref="SE:020:StopPointInJourneyPattern:205339415000026222_205330000122306842" version="any"/>
    <DepartureTime>09:30:00</DepartureTime>
</TimetabledPassingTime>
<TimetabledPassingTime version="any" id="SE:020:TimetabledPassingTime:205330000122307126">
    <StopPointInJourneyPatternRef ref="SE:020:StopPointInJourneyPattern:205339415000026222_205330000122306843" version="any"/>
    <ArrivalTime>09:40:00</ArrivalTime>
</TimetabledPassingTime>
                            </passingTimes>
                        </ServiceJourney>
                        <ServiceJourney version="any" id="SE:020:ServiceJourney:205330000122307162">
                            <TransportMode>bus</TransportMode>
                            <TransportSubmode>
<BusSubmode>unknown</BusSubmode>
                            </TransportSubmode>
                            <dayTypes>
<DayTypeRef ref="SE:020:DayType:9uoe88ngvifk6mv63l7olbmbk38hrmvc"/>
                            </dayTypes>
                            <JourneyPatternRef ref="SE:020:JourneyPattern:205339415000026223" version="any"/>
                            <OperatorRef ref="SE:020:Operator:9013020140700000"/>
                            <passingTimes>
<TimetabledPassingTime version="any" id="SE:020:TimetabledPassingTime:205330000122307157">
    <StopPointInJourneyPatternRef ref="SE:020:StopPointInJourneyPattern:205339415000026223_205330000122306860" version="any"/>
    <DepartureTime>10:50:00</DepartureTime>
</TimetabledPassingTime>
<TimetabledPassingTime version="any" id="SE:020:TimetabledPassingTime:205330000122307158">
    <StopPointInJourneyPatternRef ref="SE:020:StopPointInJourneyPattern:205339415000026223_205330000122306861" version="any"/>
    <ArrivalTime>11:00:00</ArrivalTime>
</TimetabledPassingTime>
                            </passingTimes>
                        </ServiceJourney>
                        <ServiceJourney version="any" id="SE:020:ServiceJourney:205330000122306927">
                            <TransportMode>bus</TransportMode>
                            <TransportSubmode>
<BusSubmode>unknown</BusSubmode>
                            </TransportSubmode>
                            <dayTypes>
<DayTypeRef ref="SE:020:DayType:sj64jfatudrkqehh5ormlead148ola9e"/>
                            </dayTypes>
                            <JourneyPatternRef ref="SE:020:JourneyPattern:205339415000025220" version="any"/>
                            <OperatorRef ref="SE:020:Operator:9013020140700000"/>
                            <passingTimes>
<TimetabledPassingTime version="any" id="SE:020:TimetabledPassingTime:205330000122306922">
    <StopPointInJourneyPatternRef ref="SE:020:StopPointInJourneyPattern:205339415000025220_205330000101531224" version="any"/>
    <DepartureTime>11:45:00</DepartureTime>
</TimetabledPassingTime>
<TimetabledPassingTime version="any" id="SE:020:TimetabledPassingTime:205330000122306923">
    <StopPointInJourneyPatternRef ref="SE:020:StopPointInJourneyPattern:205339415000025220_205330000101531225" version="any"/>
    <ArrivalTime>12:00:00</ArrivalTime>
</TimetabledPassingTime>
                            </passingTimes>
                        </ServiceJourney>
                        <ServiceJourney version="any" id="SE:020:ServiceJourney:205330000122306995">
                            <TransportMode>bus</TransportMode>
                            <TransportSubmode>
<BusSubmode>unknown</BusSubmode>
                            </TransportSubmode>
                            <dayTypes>
<DayTypeRef ref="SE:020:DayType:41sdc4l9cq51548chjb3983c45eslr9p"/>
                            </dayTypes>
                            <JourneyPatternRef ref="SE:020:JourneyPattern:205339415000025213" version="any"/>
                            <OperatorRef ref="SE:020:Operator:9013020140700000"/>
                            <passingTimes>
<TimetabledPassingTime version="any" id="SE:020:TimetabledPassingTime:205330000122306990">
    <StopPointInJourneyPatternRef ref="SE:020:StopPointInJourneyPattern:205339415000025213_205330000101531260" version="any"/>
    <DepartureTime>08:15:00</DepartureTime>
</TimetabledPassingTime>
<TimetabledPassingTime version="any" id="SE:020:TimetabledPassingTime:205330000122306991">
    <StopPointInJourneyPatternRef ref="SE:020:StopPointInJourneyPattern:205339415000025213_205330000101531261" version="any"/>
    <ArrivalTime>08:35:00</ArrivalTime>
</TimetabledPassingTime>
                            </passingTimes>
                        </ServiceJourney>
                        <ServiceJourney version="any" id="SE:020:ServiceJourney:205330000122307032">
                            <TransportMode>bus</TransportMode>
                            <TransportSubmode>
<BusSubmode>unknown</BusSubmode>
                            </TransportSubmode>
                            <dayTypes>
<DayTypeRef ref="SE:020:DayType:ris9d9fmtnsrhvm6aj17js4qggab6gk4"/>
                            </dayTypes>
                            <JourneyPatternRef ref="SE:020:JourneyPattern:205339415000025216" version="any"/>
                            <OperatorRef ref="SE:020:Operator:9013020140700000"/>
                            <passingTimes>
<TimetabledPassingTime version="any" id="SE:020:TimetabledPassingTime:205330000122307027">
    <StopPointInJourneyPatternRef ref="SE:020:StopPointInJourneyPattern:205339415000025216_205330000113949023" version="any"/>
    <DepartureTime>12:35:00</DepartureTime>
</TimetabledPassingTime>
<TimetabledPassingTime version="any" id="SE:020:TimetabledPassingTime:205330000122307028">
    <StopPointInJourneyPatternRef ref="SE:020:StopPointInJourneyPattern:205339415000025216_205330000113949024" version="any"/>
    <ArrivalTime>12:40:00</ArrivalTime>
</TimetabledPassingTime>
                            </passingTimes>
                        </ServiceJourney>
                        <ServiceJourney version="any" id="SE:020:ServiceJourney:205330000122307087">
                            <TransportMode>bus</TransportMode>
                            <TransportSubmode>
<BusSubmode>unknown</BusSubmode>
                            </TransportSubmode>
                            <dayTypes>
<DayTypeRef ref="SE:020:DayType:9jd4nnj1on1u7nfggb1ltq6mk7lhogpq"/>
                            </dayTypes>
                            <JourneyPatternRef ref="SE:020:JourneyPattern:205339415000026222" version="any"/>
                            <OperatorRef ref="SE:020:Operator:9013020140700000"/>
                            <passingTimes>
<TimetabledPassingTime version="any" id="SE:020:TimetabledPassingTime:205330000122307082">
    <StopPointInJourneyPatternRef ref="SE:020:StopPointInJourneyPattern:205339415000026222_205330000122306842" version="any"/>
    <DepartureTime>08:35:00</DepartureTime>
</TimetabledPassingTime>
<TimetabledPassingTime version="any" id="SE:020:TimetabledPassingTime:205330000122307083">
    <StopPointInJourneyPatternRef ref="SE:020:StopPointInJourneyPattern:205339415000026222_205330000122306843" version="any"/>
    <ArrivalTime>08:45:00</ArrivalTime>
</TimetabledPassingTime>
                            </passingTimes>
                        </ServiceJourney>
                    </vehicleJourneys>
                </TimetableFrame>
            </frames>
        </CompositeFrame>
    </dataObjects>
</PublicationDelivery>
