<?xml version="1.0" encoding="UTF-8" standalone="yes"?>
<PublicationDelivery xmlns="http://www.netex.org.uk/netex" xmlns:ns2="http://www.opengis.net/gml/3.2" xmlns:ns3="http://www.siri.org.uk/siri" version="1.11:NO-NeTEx-networktimetable:1.3">
    <PublicationTimestamp>2024-09-02T03:57:40</PublicationTimestamp>
    <ParticipantRef>SAM</ParticipantRef>
    <dataObjects>
        <CompositeFrame created="2024-09-02T03:57:40" version="20240902035740" id="SE:020:CompositeFrame:9011020043700000">
            <ValidBetween>
                <FromDate>1970-01-01T00:00:00</FromDate>
            </ValidBetween>
            <codespaces>
                <Codespace id="SE:020">
                    <Xmlns>SE:020</Xmlns>
                    <XmlnsUrl>http://www.samtrafiken.se/ns/dt</XmlnsUrl>
                </Codespace>
            </codespaces>
            <FrameDefaults>
                <DefaultLocale>
                    <TimeZone>Europe/Stockholm</TimeZone>
                    <DefaultLanguage>se</DefaultLanguage>
                </DefaultLocale>
                <DefaultLocationSystem>4326</DefaultLocationSystem>
            </FrameDefaults>
            <frames>
                <ServiceFrame version="20240902035740" id="SE:020:ServiceFrame:9011020043700000">
                    <routes>
                        <Route version="any" id="SE:020:Route:205330000069348894">
                            <Name>Flextrafik</Name>
                            <LineRef ref="SE:020:Line:9011020043700000" version="160901"/>
                            <DirectionType>outbound</DirectionType>
                            <pointsInSequence>
<PointOnRoute order="1" version="any" id="SE:020:PointOnRoute:205330000069348899">
    <RoutePointRef ref="SE:020:RoutePoint:9022020584987001"/>
</PointOnRoute>
<PointOnRoute order="2" version="any" id="SE:020:PointOnRoute:205330000069348900">
    <RoutePointRef ref="SE:020:RoutePoint:9022020584232001"/>
</PointOnRoute>
                            </pointsInSequence>
                        </Route>
                        <Route version="any" id="SE:020:Route:205330000069348912">
                            <Name>Flextrafik</Name>
                            <LineRef ref="SE:020:Line:9011020043700000" version="160901"/>
                            <DirectionType>outbound</DirectionType>
                            <pointsInSequence>
<PointOnRoute order="1" version="any" id="SE:020:PointOnRoute:205330000069348917">
    <RoutePointRef ref="SE:020:RoutePoint:9022020584232001"/>
</PointOnRoute>
<PointOnRoute order="2" version="any" id="SE:020:PointOnRoute:205330000069348918">
    <RoutePointRef ref="SE:020:RoutePoint:9022020584987001"/>
</PointOnRoute>
                            </pointsInSequence>
                        </Route>
                    </routes>
                    <lines>
                        <Line version="160901" id="SE:020:Line:9011020043700000">
                            <ValidBetween>
<FromDate>2016-09-01T00:00:00</FromDate>
                            </ValidBetween>
                            <Name>437</Name>
                            <TransportMode>taxi</TransportMode>
                            <PublicCode>437</PublicCode>
                            <PrivateCode>437</PrivateCode>
                            <RepresentedByGroupRef ref="SE:020:Network:9010020000000000"/>
                        </Line>
                    </lines>
                    <journeyPatterns>
                        <JourneyPattern version="any" id="SE:020:JourneyPattern:205339415000014906">
                            <RouteRef ref="SE:020:Route:205330000069348894" version="any"/>
                            <pointsInSequence>
<StopPointInJourneyPattern order="1" version="any" id="SE:020:StopPointInJourneyPattern:205339415000014906_205330000069348899">
    <ScheduledStopPointRef ref="SE:020:ScheduledStopPoint:9022020584987001"/>
    <ForAlighting>false</ForAlighting>
    <ForBoarding>true</ForBoarding>
    <DestinationDisplayRef ref="SE:020:DestinationDisplay:205330000069348908"/>
    <RequestStop>true</RequestStop>
</StopPointInJourneyPattern>
<StopPointInJourneyPattern order="2" version="any" id="SE:020:StopPointInJourneyPattern:205339415000014906_205330000069348900">
    <ScheduledStopPointRef ref="SE:020:ScheduledStopPoint:9022020584232001"/>
    <ForAlighting>true</ForAlighting>
    <ForBoarding>false</ForBoarding>
    <RequestStop>true</RequestStop>
</StopPointInJourneyPattern>
                            </pointsInSequence>
                            <linksInSequence>
<ServiceLinkInJourneyPattern order="1" version="any" id="SE:020:ServiceLinkInJourneyPattern:TAXI_35292">
    <ServiceLinkRef ref="SE:020:ServiceLink:TAXI_9025020058498701_9025020058423201"/>
</ServiceLinkInJourneyPattern>
                            </linksInSequence>
                        </JourneyPattern>
                        <JourneyPattern version="any" id="SE:020:JourneyPattern:205339415000014907">
                            <RouteRef ref="SE:020:Route:205330000069348912" version="any"/>
                            <pointsInSequence>
<StopPointInJourneyPattern order="1" version="any" id="SE:020:StopPointInJourneyPattern:205339415000014907_205330000069348917">
    <ScheduledStopPointRef ref="SE:020:ScheduledStopPoint:9022020584232001"/>
    <ForAlighting>false</ForAlighting>
    <ForBoarding>true</ForBoarding>
    <DestinationDisplayRef ref="SE:020:DestinationDisplay:205330000069348926"/>
    <RequestStop>true</RequestStop>
</StopPointInJourneyPattern>
<StopPointInJourneyPattern order="2" version="any" id="SE:020:StopPointInJourneyPattern:205339415000014907_205330000069348918">
    <ScheduledStopPointRef ref="SE:020:ScheduledStopPoint:9022020584987001"/>
    <ForAlighting>true</ForAlighting>
    <ForBoarding>false</ForBoarding>
    <RequestStop>true</RequestStop>
</StopPointInJourneyPattern>
                            </pointsInSequence>
                            <linksInSequence>
<ServiceLinkInJourneyPattern order="1" version="any" id="SE:020:ServiceLinkInJourneyPattern:TAXI_35293">
    <ServiceLinkRef ref="SE:020:ServiceLink:TAXI_9025020058423201_9025020058498701"/>
</ServiceLinkInJourneyPattern>
                            </linksInSequence>
                        </JourneyPattern>
                    </journeyPatterns>
                </ServiceFrame>
                <TimetableFrame version="20240902035740" id="SE:020:TimetableFrame:9011020043700000">
                    <vehicleJourneys>
                        <ServiceJourney version="any" id="SE:020:ServiceJourney:205330000113217994">
                            <TransportMode>bus</TransportMode>
                            <TransportSubmode>
<BusSubmode>unknown</BusSubmode>
                            </TransportSubmode>
                            <dayTypes>
<DayTypeRef ref="SE:020:DayType:ttudpaml6eaa75t61t21fhvaalkaleq1"/>
                            </dayTypes>
                            <JourneyPatternRef ref="SE:020:JourneyPattern:205339415000014907" version="any"/>
                            <OperatorRef ref="SE:020:Operator:9013020810000000"/>
                            <passingTimes>
<TimetabledPassingTime version="any" id="SE:020:TimetabledPassingTime:205330000113217990">
    <StopPointInJourneyPatternRef ref="SE:020:StopPointInJourneyPattern:205339415000014907_205330000069348917" version="any"/>
    <DepartureTime>15:20:00</DepartureTime>
</TimetabledPassingTime>
<TimetabledPassingTime version="any" id="SE:020:TimetabledPassingTime:205330000113217991">
    <StopPointInJourneyPatternRef ref="SE:020:StopPointInJourneyPattern:205339415000014907_205330000069348918" version="any"/>
    <ArrivalTime>15:35:00</ArrivalTime>
</TimetabledPassingTime>
                            </passingTimes>
                            <FlexibleServiceProperties>
<FlexibleServiceType>fixedPassingTimes</FlexibleServiceType>
<BookWhen>advanceOnly</BookWhen>
<BookingNote>Turen ska förbeställas senast 2 timmar före bussens avgångstid via telefon 0774-44 00 00.</BookingNote>
                            </FlexibleServiceProperties>
                        </ServiceJourney>
                        <ServiceJourney version="any" id="SE:020:ServiceJourney:205330000113217983">
                            <TransportMode>bus</TransportMode>
                            <TransportSubmode>
<BusSubmode>unknown</BusSubmode>
                            </TransportSubmode>
                            <dayTypes>
<DayTypeRef ref="SE:020:DayType:ttudpaml6eaa75t61t21fhvaalkaleq1"/>
                            </dayTypes>
                            <JourneyPatternRef ref="SE:020:JourneyPattern:205339415000014906" version="any"/>
                            <OperatorRef ref="SE:020:Operator:9013020810000000"/>
                            <passingTimes>
<TimetabledPassingTime version="any" id="SE:020:TimetabledPassingTime:205330000113217979">
    <StopPointInJourneyPatternRef ref="SE:020:StopPointInJourneyPattern:205339415000014906_205330000069348899" version="any"/>
    <DepartureTime>10:00:00</DepartureTime>
</TimetabledPassingTime>
<TimetabledPassingTime version="any" id="SE:020:TimetabledPassingTime:205330000113217980">
    <StopPointInJourneyPatternRef ref="SE:020:StopPointInJourneyPattern:205339415000014906_205330000069348900" version="any"/>
    <ArrivalTime>10:15:00</ArrivalTime>
</TimetabledPassingTime>
                            </passingTimes>
                            <FlexibleServiceProperties>
<FlexibleServiceType>fixedPassingTimes</FlexibleServiceType>
<BookWhen>advanceOnly</BookWhen>
<BookingNote>Turen ska förbeställas senast 2 timmar före bussens avgångstid via telefon 0774-44 00 00.</BookingNote>
                            </FlexibleServiceProperties>
                        </ServiceJourney>
                    </vehicleJourneys>
                </TimetableFrame>
            </frames>
        </CompositeFrame>
    </dataObjects>
</PublicationDelivery>
