<?xml version="1.0" encoding="UTF-8" standalone="yes"?>
<PublicationDelivery xmlns="http://www.netex.org.uk/netex" xmlns:ns2="http://www.opengis.net/gml/3.2" xmlns:ns3="http://www.siri.org.uk/siri" version="1.11:NO-NeTEx-networktimetable:1.3">
    <PublicationTimestamp>2024-09-02T03:57:40</PublicationTimestamp>
    <ParticipantRef>SAM</ParticipantRef>
    <dataObjects>
        <CompositeFrame created="2024-09-02T03:57:40" version="20240902035740" id="SE:020:CompositeFrame:9011020090900000">
            <ValidBetween>
                <FromDate>1970-01-01T00:00:00</FromDate>
            </ValidBetween>
            <codespaces>
                <Codespace id="SE:020">
                    <Xmlns>SE:020</Xmlns>
                    <XmlnsUrl>http://www.samtrafiken.se/ns/dt</XmlnsUrl>
                </Codespace>
            </codespaces>
            <FrameDefaults>
                <DefaultLocale>
                    <TimeZone>Europe/Stockholm</TimeZone>
                    <DefaultLanguage>se</DefaultLanguage>
                </DefaultLocale>
                <DefaultLocationSystem>4326</DefaultLocationSystem>
            </FrameDefaults>
            <frames>
                <ServiceFrame version="20240902035740" id="SE:020:ServiceFrame:9011020090900000">
                    <routes>
                        <Route version="any" id="SE:020:Route:205330000109383296">
                            <Name>Skolbuss</Name>
                            <LineRef ref="SE:020:Line:9011020090900000" version="160818"/>
                            <DirectionType>outbound</DirectionType>
                            <pointsInSequence>
<PointOnRoute order="1" version="any" id="SE:020:PointOnRoute:205330000109383301">
    <RoutePointRef ref="SE:020:RoutePoint:9022020529133001"/>
</PointOnRoute>
<PointOnRoute order="2" version="any" id="SE:020:PointOnRoute:205330000109383302">
    <RoutePointRef ref="SE:020:RoutePoint:9022020529053001"/>
</PointOnRoute>
                            </pointsInSequence>
                        </Route>
                        <Route version="any" id="SE:020:Route:205330000104725646">
                            <Name>Skolbuss</Name>
                            <LineRef ref="SE:020:Line:9011020090900000" version="160818"/>
                            <DirectionType>outbound</DirectionType>
                            <pointsInSequence>
<PointOnRoute order="1" version="any" id="SE:020:PointOnRoute:205330000104725651">
    <RoutePointRef ref="SE:020:RoutePoint:9022020529159001"/>
</PointOnRoute>
<PointOnRoute order="2" version="any" id="SE:020:PointOnRoute:205330000104725652">
    <RoutePointRef ref="SE:020:RoutePoint:9022020529114001"/>
</PointOnRoute>
                            </pointsInSequence>
                        </Route>
                        <Route version="any" id="SE:020:Route:205330000104725609">
                            <Name>Skolbuss</Name>
                            <LineRef ref="SE:020:Line:9011020090900000" version="160818"/>
                            <DirectionType>outbound</DirectionType>
                            <pointsInSequence>
<PointOnRoute order="1" version="any" id="SE:020:PointOnRoute:205330000104725614">
    <RoutePointRef ref="SE:020:RoutePoint:9022020529159001"/>
</PointOnRoute>
<PointOnRoute order="2" version="any" id="SE:020:PointOnRoute:205330000104725615">
    <RoutePointRef ref="SE:020:RoutePoint:9022020529183001"/>
</PointOnRoute>
                            </pointsInSequence>
                        </Route>
                        <Route version="any" id="SE:020:Route:205330000104725627">
                            <Name>Skolbuss</Name>
                            <LineRef ref="SE:020:Line:9011020090900000" version="160818"/>
                            <DirectionType>outbound</DirectionType>
                            <pointsInSequence>
<PointOnRoute order="1" version="any" id="SE:020:PointOnRoute:205330000104725632">
    <RoutePointRef ref="SE:020:RoutePoint:9022020529159001"/>
</PointOnRoute>
<PointOnRoute order="2" version="any" id="SE:020:PointOnRoute:205330000104725633">
    <RoutePointRef ref="SE:020:RoutePoint:9022020529113001"/>
</PointOnRoute>
<PointOnRoute order="3" version="any" id="SE:020:PointOnRoute:205330000104725634">
    <RoutePointRef ref="SE:020:RoutePoint:9022020529118001"/>
</PointOnRoute>
                            </pointsInSequence>
                        </Route>
                        <Route version="any" id="SE:020:Route:205330000101529486">
                            <Name>Skolbuss</Name>
                            <LineRef ref="SE:020:Line:9011020090900000" version="160818"/>
                            <DirectionType>outbound</DirectionType>
                            <pointsInSequence>
<PointOnRoute order="1" version="any" id="SE:020:PointOnRoute:205330000101529491">
    <RoutePointRef ref="SE:020:RoutePoint:9022020529053001"/>
</PointOnRoute>
<PointOnRoute order="2" version="any" id="SE:020:PointOnRoute:205330000101529492">
    <RoutePointRef ref="SE:020:RoutePoint:9022020529133001"/>
</PointOnRoute>
                            </pointsInSequence>
                        </Route>
                        <Route version="any" id="SE:020:Route:205330000096801141">
                            <Name>Skolbuss</Name>
                            <LineRef ref="SE:020:Line:9011020090900000" version="160818"/>
                            <DirectionType>outbound</DirectionType>
                            <pointsInSequence>
<PointOnRoute order="1" version="any" id="SE:020:PointOnRoute:205330000096801146">
    <RoutePointRef ref="SE:020:RoutePoint:9022020529118001"/>
</PointOnRoute>
<PointOnRoute order="2" version="any" id="SE:020:PointOnRoute:205330000096801147">
    <RoutePointRef ref="SE:020:RoutePoint:9022020529113001"/>
</PointOnRoute>
<PointOnRoute order="3" version="any" id="SE:020:PointOnRoute:205330000096801148">
    <RoutePointRef ref="SE:020:RoutePoint:9022020529159001"/>
</PointOnRoute>
                            </pointsInSequence>
                        </Route>
                        <Route version="any" id="SE:020:Route:205330000093235690">
                            <Name>Skolbuss</Name>
                            <LineRef ref="SE:020:Line:9011020090900000" version="160818"/>
                            <DirectionType>outbound</DirectionType>
                            <pointsInSequence>
<PointOnRoute order="1" version="any" id="SE:020:PointOnRoute:205330000093235695">
    <RoutePointRef ref="SE:020:RoutePoint:9022020529118001"/>
</PointOnRoute>
<PointOnRoute order="2" version="any" id="SE:020:PointOnRoute:205330000093235696">
    <RoutePointRef ref="SE:020:RoutePoint:9022020529113001"/>
</PointOnRoute>
                            </pointsInSequence>
                        </Route>
                        <Route version="any" id="SE:020:Route:205330000081764888">
                            <Name>Skolbuss</Name>
                            <LineRef ref="SE:020:Line:9011020090900000" version="160818"/>
                            <DirectionType>outbound</DirectionType>
                            <pointsInSequence>
<PointOnRoute order="1" version="any" id="SE:020:PointOnRoute:205330000081764893">
    <RoutePointRef ref="SE:020:RoutePoint:9022020529133001"/>
</PointOnRoute>
<PointOnRoute order="2" version="any" id="SE:020:PointOnRoute:205330000081764894">
    <RoutePointRef ref="SE:020:RoutePoint:9022020529114001"/>
</PointOnRoute>
                            </pointsInSequence>
                        </Route>
                        <Route version="any" id="SE:020:Route:205330000068586706">
                            <Name>Skolbuss</Name>
                            <LineRef ref="SE:020:Line:9011020090900000" version="160818"/>
                            <DirectionType>outbound</DirectionType>
                            <pointsInSequence>
<PointOnRoute order="1" version="any" id="SE:020:PointOnRoute:205330000068586711">
    <RoutePointRef ref="SE:020:RoutePoint:9022020529113001"/>
</PointOnRoute>
<PointOnRoute order="2" version="any" id="SE:020:PointOnRoute:205330000068586712">
    <RoutePointRef ref="SE:020:RoutePoint:9022020529118001"/>
</PointOnRoute>
                            </pointsInSequence>
                        </Route>
                        <Route version="any" id="SE:020:Route:205330000102709974">
                            <Name>Skolbuss</Name>
                            <LineRef ref="SE:020:Line:9011020090900000" version="160818"/>
                            <DirectionType>outbound</DirectionType>
                            <pointsInSequence>
<PointOnRoute order="1" version="any" id="SE:020:PointOnRoute:205330000102709979">
    <RoutePointRef ref="SE:020:RoutePoint:9022020529183001"/>
</PointOnRoute>
<PointOnRoute order="2" version="any" id="SE:020:PointOnRoute:205330000102709980">
    <RoutePointRef ref="SE:020:RoutePoint:9022020529133001"/>
</PointOnRoute>
                            </pointsInSequence>
                        </Route>
                    </routes>
                    <lines>
                        <Line version="160818" id="SE:020:Line:9011020090900000">
                            <ValidBetween>
<FromDate>2016-08-18T00:00:00</FromDate>
                            </ValidBetween>
                            <Name>909</Name>
                            <TransportMode>bus</TransportMode>
                            <TransportSubmode>
<BusSubmode>unknown</BusSubmode>
                            </TransportSubmode>
                            <PublicCode>909</PublicCode>
                            <PrivateCode>909</PrivateCode>
                            <RepresentedByGroupRef ref="SE:020:Network:9010020000000000"/>
                        </Line>
                    </lines>
                    <journeyPatterns>
                        <JourneyPattern version="any" id="SE:020:JourneyPattern:205339415000024459">
                            <RouteRef ref="SE:020:Route:205330000109383296" version="any"/>
                            <pointsInSequence>
<StopPointInJourneyPattern order="1" version="any" id="SE:020:StopPointInJourneyPattern:205339415000024459_205330000109383301">
    <ScheduledStopPointRef ref="SE:020:ScheduledStopPoint:9022020529133001"/>
    <ForAlighting>false</ForAlighting>
    <ForBoarding>true</ForBoarding>
    <DestinationDisplayRef ref="SE:020:DestinationDisplay:205330000109383310"/>
    <RequestStop>true</RequestStop>
</StopPointInJourneyPattern>
<StopPointInJourneyPattern order="2" version="any" id="SE:020:StopPointInJourneyPattern:205339415000024459_205330000109383302">
    <ScheduledStopPointRef ref="SE:020:ScheduledStopPoint:9022020529053001"/>
    <ForAlighting>true</ForAlighting>
    <ForBoarding>false</ForBoarding>
    <RequestStop>true</RequestStop>
</StopPointInJourneyPattern>
                            </pointsInSequence>
                            <linksInSequence>
<ServiceLinkInJourneyPattern order="1" version="any" id="SE:020:ServiceLinkInJourneyPattern:BUS_35012">
    <ServiceLinkRef ref="SE:020:ServiceLink:BUS_9025020052913301_9025020052905301"/>
</ServiceLinkInJourneyPattern>
                            </linksInSequence>
                        </JourneyPattern>
                        <JourneyPattern version="any" id="SE:020:JourneyPattern:205339415000025133">
                            <RouteRef ref="SE:020:Route:205330000109383296" version="any"/>
                            <pointsInSequence>
<StopPointInJourneyPattern order="1" version="any" id="SE:020:StopPointInJourneyPattern:205339415000025133_205330000109383301">
    <ScheduledStopPointRef ref="SE:020:ScheduledStopPoint:9022020529133001"/>
    <ForAlighting>false</ForAlighting>
    <ForBoarding>true</ForBoarding>
    <DestinationDisplayRef ref="SE:020:DestinationDisplay:205330000113945942"/>
    <RequestStop>true</RequestStop>
</StopPointInJourneyPattern>
<StopPointInJourneyPattern order="2" version="any" id="SE:020:StopPointInJourneyPattern:205339415000025133_205330000109383302">
    <ScheduledStopPointRef ref="SE:020:ScheduledStopPoint:9022020529053001"/>
    <ForAlighting>true</ForAlighting>
    <ForBoarding>false</ForBoarding>
    <RequestStop>true</RequestStop>
</StopPointInJourneyPattern>
                            </pointsInSequence>
                            <linksInSequence>
<ServiceLinkInJourneyPattern order="1" version="any" id="SE:020:ServiceLinkInJourneyPattern:BUS_35013">
    <ServiceLinkRef ref="SE:020:ServiceLink:BUS_9025020052913301_9025020052905301"/>
</ServiceLinkInJourneyPattern>
                            </linksInSequence>
                        </JourneyPattern>
                        <JourneyPattern version="any" id="SE:020:JourneyPattern:205339415000026206">
                            <RouteRef ref="SE:020:Route:205330000109383296" version="any"/>
                            <pointsInSequence>
<StopPointInJourneyPattern order="1" version="any" id="SE:020:StopPointInJourneyPattern:205339415000026206_205330000109383301">
    <ScheduledStopPointRef ref="SE:020:ScheduledStopPoint:9022020529133001"/>
    <ForAlighting>false</ForAlighting>
    <ForBoarding>true</ForBoarding>
    <DestinationDisplayRef ref="SE:020:DestinationDisplay:205330000122305296"/>
    <RequestStop>true</RequestStop>
</StopPointInJourneyPattern>
<StopPointInJourneyPattern order="2" version="any" id="SE:020:StopPointInJourneyPattern:205339415000026206_205330000109383302">
    <ScheduledStopPointRef ref="SE:020:ScheduledStopPoint:9022020529053001"/>
    <ForAlighting>true</ForAlighting>
    <ForBoarding>false</ForBoarding>
    <RequestStop>true</RequestStop>
</StopPointInJourneyPattern>
                            </pointsInSequence>
                            <linksInSequence>
<ServiceLinkInJourneyPattern order="1" version="any" id="SE:020:ServiceLinkInJourneyPattern:BUS_35014">
    <ServiceLinkRef ref="SE:020:ServiceLink:BUS_9025020052913301_9025020052905301"/>
</ServiceLinkInJourneyPattern>
                            </linksInSequence>
                        </JourneyPattern>
                        <JourneyPattern version="any" id="SE:020:JourneyPattern:205339415000023375">
                            <RouteRef ref="SE:020:Route:205330000104725646" version="any"/>
                            <pointsInSequence>
<StopPointInJourneyPattern order="1" version="any" id="SE:020:StopPointInJourneyPattern:205339415000023375_205330000104725651">
    <ScheduledStopPointRef ref="SE:020:ScheduledStopPoint:9022020529159001"/>
    <ForAlighting>false</ForAlighting>
    <ForBoarding>true</ForBoarding>
    <DestinationDisplayRef ref="SE:020:DestinationDisplay:205330000104725660"/>
    <RequestStop>true</RequestStop>
</StopPointInJourneyPattern>
<StopPointInJourneyPattern order="2" version="any" id="SE:020:StopPointInJourneyPattern:205339415000023375_205330000104725652">
    <ScheduledStopPointRef ref="SE:020:ScheduledStopPoint:9022020529114001"/>
    <ForAlighting>true</ForAlighting>
    <ForBoarding>false</ForBoarding>
    <RequestStop>true</RequestStop>
</StopPointInJourneyPattern>
                            </pointsInSequence>
                            <linksInSequence>
<ServiceLinkInJourneyPattern order="1" version="any" id="SE:020:ServiceLinkInJourneyPattern:BUS_35015">
    <ServiceLinkRef ref="SE:020:ServiceLink:BUS_9025020052915901_9025020052911401"/>
</ServiceLinkInJourneyPattern>
                            </linksInSequence>
                        </JourneyPattern>
                        <JourneyPattern version="any" id="SE:020:JourneyPattern:205339415000025129">
                            <RouteRef ref="SE:020:Route:205330000104725646" version="any"/>
                            <pointsInSequence>
<StopPointInJourneyPattern order="1" version="any" id="SE:020:StopPointInJourneyPattern:205339415000025129_205330000104725651">
    <ScheduledStopPointRef ref="SE:020:ScheduledStopPoint:9022020529159001"/>
    <ForAlighting>false</ForAlighting>
    <ForBoarding>true</ForBoarding>
    <DestinationDisplayRef ref="SE:020:DestinationDisplay:205330000113945882"/>
    <RequestStop>true</RequestStop>
</StopPointInJourneyPattern>
<StopPointInJourneyPattern order="2" version="any" id="SE:020:StopPointInJourneyPattern:205339415000025129_205330000104725652">
    <ScheduledStopPointRef ref="SE:020:ScheduledStopPoint:9022020529114001"/>
    <ForAlighting>true</ForAlighting>
    <ForBoarding>false</ForBoarding>
    <RequestStop>true</RequestStop>
</StopPointInJourneyPattern>
                            </pointsInSequence>
                            <linksInSequence>
<ServiceLinkInJourneyPattern order="1" version="any" id="SE:020:ServiceLinkInJourneyPattern:BUS_35016">
    <ServiceLinkRef ref="SE:020:ServiceLink:BUS_9025020052915901_9025020052911401"/>
</ServiceLinkInJourneyPattern>
                            </linksInSequence>
                        </JourneyPattern>
                        <JourneyPattern version="any" id="SE:020:JourneyPattern:205339415000026208">
                            <RouteRef ref="SE:020:Route:205330000104725646" version="any"/>
                            <pointsInSequence>
<StopPointInJourneyPattern order="1" version="any" id="SE:020:StopPointInJourneyPattern:205339415000026208_205330000104725651">
    <ScheduledStopPointRef ref="SE:020:ScheduledStopPoint:9022020529159001"/>
    <ForAlighting>false</ForAlighting>
    <ForBoarding>true</ForBoarding>
    <DestinationDisplayRef ref="SE:020:DestinationDisplay:205330000122305324"/>
    <RequestStop>true</RequestStop>
</StopPointInJourneyPattern>
<StopPointInJourneyPattern order="2" version="any" id="SE:020:StopPointInJourneyPattern:205339415000026208_205330000104725652">
    <ScheduledStopPointRef ref="SE:020:ScheduledStopPoint:9022020529114001"/>
    <ForAlighting>true</ForAlighting>
    <ForBoarding>false</ForBoarding>
    <RequestStop>true</RequestStop>
</StopPointInJourneyPattern>
                            </pointsInSequence>
                            <linksInSequence>
<ServiceLinkInJourneyPattern order="1" version="any" id="SE:020:ServiceLinkInJourneyPattern:BUS_35017">
    <ServiceLinkRef ref="SE:020:ServiceLink:BUS_9025020052915901_9025020052911401"/>
</ServiceLinkInJourneyPattern>
                            </linksInSequence>
                        </JourneyPattern>
                        <JourneyPattern version="any" id="SE:020:JourneyPattern:205339415000023373">
                            <RouteRef ref="SE:020:Route:205330000104725609" version="any"/>
                            <pointsInSequence>
<StopPointInJourneyPattern order="1" version="any" id="SE:020:StopPointInJourneyPattern:205339415000023373_205330000104725614">
    <ScheduledStopPointRef ref="SE:020:ScheduledStopPoint:9022020529159001"/>
    <ForAlighting>false</ForAlighting>
    <ForBoarding>true</ForBoarding>
    <DestinationDisplayRef ref="SE:020:DestinationDisplay:205330000104725623"/>
    <RequestStop>true</RequestStop>
</StopPointInJourneyPattern>
<StopPointInJourneyPattern order="2" version="any" id="SE:020:StopPointInJourneyPattern:205339415000023373_205330000104725615">
    <ScheduledStopPointRef ref="SE:020:ScheduledStopPoint:9022020529183001"/>
    <ForAlighting>true</ForAlighting>
    <ForBoarding>false</ForBoarding>
    <RequestStop>true</RequestStop>
</StopPointInJourneyPattern>
                            </pointsInSequence>
                            <linksInSequence>
<ServiceLinkInJourneyPattern order="1" version="any" id="SE:020:ServiceLinkInJourneyPattern:BUS_35018">
    <ServiceLinkRef ref="SE:020:ServiceLink:BUS_9025020052915901_9025020052918301"/>
</ServiceLinkInJourneyPattern>
                            </linksInSequence>
                        </JourneyPattern>
                        <JourneyPattern version="any" id="SE:020:JourneyPattern:205339415000025142">
                            <RouteRef ref="SE:020:Route:205330000104725609" version="any"/>
                            <pointsInSequence>
<StopPointInJourneyPattern order="1" version="any" id="SE:020:StopPointInJourneyPattern:205339415000025142_205330000104725614">
    <ScheduledStopPointRef ref="SE:020:ScheduledStopPoint:9022020529159001"/>
    <ForAlighting>false</ForAlighting>
    <ForBoarding>true</ForBoarding>
    <DestinationDisplayRef ref="SE:020:DestinationDisplay:205330000113946068"/>
    <RequestStop>true</RequestStop>
</StopPointInJourneyPattern>
<StopPointInJourneyPattern order="2" version="any" id="SE:020:StopPointInJourneyPattern:205339415000025142_205330000104725615">
    <ScheduledStopPointRef ref="SE:020:ScheduledStopPoint:9022020529183001"/>
    <ForAlighting>true</ForAlighting>
    <ForBoarding>false</ForBoarding>
    <RequestStop>true</RequestStop>
</StopPointInJourneyPattern>
                            </pointsInSequence>
                            <linksInSequence>
<ServiceLinkInJourneyPattern order="1" version="any" id="SE:020:ServiceLinkInJourneyPattern:BUS_35019">
    <ServiceLinkRef ref="SE:020:ServiceLink:BUS_9025020052915901_9025020052918301"/>
</ServiceLinkInJourneyPattern>
                            </linksInSequence>
                        </JourneyPattern>
                        <JourneyPattern version="any" id="SE:020:JourneyPattern:205339415000026209">
                            <RouteRef ref="SE:020:Route:205330000104725609" version="any"/>
                            <pointsInSequence>
<StopPointInJourneyPattern order="1" version="any" id="SE:020:StopPointInJourneyPattern:205339415000026209_205330000104725614">
    <ScheduledStopPointRef ref="SE:020:ScheduledStopPoint:9022020529159001"/>
    <ForAlighting>false</ForAlighting>
    <ForBoarding>true</ForBoarding>
    <DestinationDisplayRef ref="SE:020:DestinationDisplay:205330000122305338"/>
    <RequestStop>true</RequestStop>
</StopPointInJourneyPattern>
<StopPointInJourneyPattern order="2" version="any" id="SE:020:StopPointInJourneyPattern:205339415000026209_205330000104725615">
    <ScheduledStopPointRef ref="SE:020:ScheduledStopPoint:9022020529183001"/>
    <ForAlighting>true</ForAlighting>
    <ForBoarding>false</ForBoarding>
    <RequestStop>true</RequestStop>
</StopPointInJourneyPattern>
                            </pointsInSequence>
                            <linksInSequence>
<ServiceLinkInJourneyPattern order="1" version="any" id="SE:020:ServiceLinkInJourneyPattern:BUS_35020">
    <ServiceLinkRef ref="SE:020:ServiceLink:BUS_9025020052915901_9025020052918301"/>
</ServiceLinkInJourneyPattern>
                            </linksInSequence>
                        </JourneyPattern>
                        <JourneyPattern version="any" id="SE:020:JourneyPattern:205339415000023374">
                            <RouteRef ref="SE:020:Route:205330000104725627" version="any"/>
                            <pointsInSequence>
<StopPointInJourneyPattern order="1" version="any" id="SE:020:StopPointInJourneyPattern:205339415000023374_205330000104725632">
    <ScheduledStopPointRef ref="SE:020:ScheduledStopPoint:9022020529159001"/>
    <ForAlighting>false</ForAlighting>
    <ForBoarding>true</ForBoarding>
    <DestinationDisplayRef ref="SE:020:DestinationDisplay:205330000104725642"/>
    <RequestStop>true</RequestStop>
</StopPointInJourneyPattern>
<StopPointInJourneyPattern order="2" version="any" id="SE:020:StopPointInJourneyPattern:205339415000023374_205330000104725633">
    <ScheduledStopPointRef ref="SE:020:ScheduledStopPoint:9022020529113001"/>
    <ForAlighting>true</ForAlighting>
    <ForBoarding>true</ForBoarding>
    <RequestStop>true</RequestStop>
</StopPointInJourneyPattern>
<StopPointInJourneyPattern order="3" version="any" id="SE:020:StopPointInJourneyPattern:205339415000023374_205330000104725634">
    <ScheduledStopPointRef ref="SE:020:ScheduledStopPoint:9022020529118001"/>
    <ForAlighting>true</ForAlighting>
    <ForBoarding>false</ForBoarding>
    <RequestStop>true</RequestStop>
</StopPointInJourneyPattern>
                            </pointsInSequence>
                            <linksInSequence>
<ServiceLinkInJourneyPattern order="1" version="any" id="SE:020:ServiceLinkInJourneyPattern:BUS_35021">
    <ServiceLinkRef ref="SE:020:ServiceLink:BUS_9025020052915901_9025020052911301"/>
</ServiceLinkInJourneyPattern>
<ServiceLinkInJourneyPattern order="2" version="any" id="SE:020:ServiceLinkInJourneyPattern:BUS_35022">
    <ServiceLinkRef ref="SE:020:ServiceLink:BUS_9025020052911301_9025020052911801"/>
</ServiceLinkInJourneyPattern>
                            </linksInSequence>
                        </JourneyPattern>
                        <JourneyPattern version="any" id="SE:020:JourneyPattern:205339415000025130">
                            <RouteRef ref="SE:020:Route:205330000104725627" version="any"/>
                            <pointsInSequence>
<StopPointInJourneyPattern order="1" version="any" id="SE:020:StopPointInJourneyPattern:205339415000025130_205330000104725632">
    <ScheduledStopPointRef ref="SE:020:ScheduledStopPoint:9022020529159001"/>
    <ForAlighting>false</ForAlighting>
    <ForBoarding>true</ForBoarding>
    <DestinationDisplayRef ref="SE:020:DestinationDisplay:205330000113945896"/>
    <RequestStop>true</RequestStop>
</StopPointInJourneyPattern>
<StopPointInJourneyPattern order="2" version="any" id="SE:020:StopPointInJourneyPattern:205339415000025130_205330000104725633">
    <ScheduledStopPointRef ref="SE:020:ScheduledStopPoint:9022020529113001"/>
    <ForAlighting>true</ForAlighting>
    <ForBoarding>true</ForBoarding>
    <RequestStop>true</RequestStop>
</StopPointInJourneyPattern>
<StopPointInJourneyPattern order="3" version="any" id="SE:020:StopPointInJourneyPattern:205339415000025130_205330000104725634">
    <ScheduledStopPointRef ref="SE:020:ScheduledStopPoint:9022020529118001"/>
    <ForAlighting>true</ForAlighting>
    <ForBoarding>false</ForBoarding>
    <RequestStop>true</RequestStop>
</StopPointInJourneyPattern>
                            </pointsInSequence>
                            <linksInSequence>
<ServiceLinkInJourneyPattern order="1" version="any" id="SE:020:ServiceLinkInJourneyPattern:BUS_35023">
    <ServiceLinkRef ref="SE:020:ServiceLink:BUS_9025020052915901_9025020052911301"/>
</ServiceLinkInJourneyPattern>
<ServiceLinkInJourneyPattern order="2" version="any" id="SE:020:ServiceLinkInJourneyPattern:BUS_35024">
    <ServiceLinkRef ref="SE:020:ServiceLink:BUS_9025020052911301_9025020052911801"/>
</ServiceLinkInJourneyPattern>
                            </linksInSequence>
                        </JourneyPattern>
                        <JourneyPattern version="any" id="SE:020:JourneyPattern:205339415000026210">
                            <RouteRef ref="SE:020:Route:205330000104725627" version="any"/>
                            <pointsInSequence>
<StopPointInJourneyPattern order="1" version="any" id="SE:020:StopPointInJourneyPattern:205339415000026210_205330000104725632">
    <ScheduledStopPointRef ref="SE:020:ScheduledStopPoint:9022020529159001"/>
    <ForAlighting>false</ForAlighting>
    <ForBoarding>true</ForBoarding>
    <DestinationDisplayRef ref="SE:020:DestinationDisplay:205330000122305352"/>
    <RequestStop>true</RequestStop>
</StopPointInJourneyPattern>
<StopPointInJourneyPattern order="2" version="any" id="SE:020:StopPointInJourneyPattern:205339415000026210_205330000104725633">
    <ScheduledStopPointRef ref="SE:020:ScheduledStopPoint:9022020529113001"/>
    <ForAlighting>true</ForAlighting>
    <ForBoarding>true</ForBoarding>
    <RequestStop>true</RequestStop>
</StopPointInJourneyPattern>
<StopPointInJourneyPattern order="3" version="any" id="SE:020:StopPointInJourneyPattern:205339415000026210_205330000104725634">
    <ScheduledStopPointRef ref="SE:020:ScheduledStopPoint:9022020529118001"/>
    <ForAlighting>true</ForAlighting>
    <ForBoarding>false</ForBoarding>
    <RequestStop>true</RequestStop>
</StopPointInJourneyPattern>
                            </pointsInSequence>
                            <linksInSequence>
<ServiceLinkInJourneyPattern order="1" version="any" id="SE:020:ServiceLinkInJourneyPattern:BUS_35025">
    <ServiceLinkRef ref="SE:020:ServiceLink:BUS_9025020052915901_9025020052911301"/>
</ServiceLinkInJourneyPattern>
<ServiceLinkInJourneyPattern order="2" version="any" id="SE:020:ServiceLinkInJourneyPattern:BUS_35026">
    <ServiceLinkRef ref="SE:020:ServiceLink:BUS_9025020052911301_9025020052911801"/>
</ServiceLinkInJourneyPattern>
                            </linksInSequence>
                        </JourneyPattern>
                        <JourneyPattern version="any" id="SE:020:JourneyPattern:205339415000022441">
                            <RouteRef ref="SE:020:Route:205330000101529486" version="any"/>
                            <pointsInSequence>
<StopPointInJourneyPattern order="1" version="any" id="SE:020:StopPointInJourneyPattern:205339415000022441_205330000101529491">
    <ScheduledStopPointRef ref="SE:020:ScheduledStopPoint:9022020529053001"/>
    <ForAlighting>false</ForAlighting>
    <ForBoarding>true</ForBoarding>
    <DestinationDisplayRef ref="SE:020:DestinationDisplay:205330000101529500"/>
    <RequestStop>true</RequestStop>
</StopPointInJourneyPattern>
<StopPointInJourneyPattern order="2" version="any" id="SE:020:StopPointInJourneyPattern:205339415000022441_205330000101529492">
    <ScheduledStopPointRef ref="SE:020:ScheduledStopPoint:9022020529133001"/>
    <ForAlighting>true</ForAlighting>
    <ForBoarding>false</ForBoarding>
    <RequestStop>true</RequestStop>
</StopPointInJourneyPattern>
                            </pointsInSequence>
                            <linksInSequence>
<ServiceLinkInJourneyPattern order="1" version="any" id="SE:020:ServiceLinkInJourneyPattern:BUS_35027">
    <ServiceLinkRef ref="SE:020:ServiceLink:BUS_9025020052905301_9025020052913301"/>
</ServiceLinkInJourneyPattern>
                            </linksInSequence>
                        </JourneyPattern>
                        <JourneyPattern version="any" id="SE:020:JourneyPattern:205339415000025134">
                            <RouteRef ref="SE:020:Route:205330000101529486" version="any"/>
                            <pointsInSequence>
<StopPointInJourneyPattern order="1" version="any" id="SE:020:StopPointInJourneyPattern:205339415000025134_205330000101529491">
    <ScheduledStopPointRef ref="SE:020:ScheduledStopPoint:9022020529053001"/>
    <ForAlighting>false</ForAlighting>
    <ForBoarding>true</ForBoarding>
    <DestinationDisplayRef ref="SE:020:DestinationDisplay:205330000113945956"/>
    <RequestStop>true</RequestStop>
</StopPointInJourneyPattern>
<StopPointInJourneyPattern order="2" version="any" id="SE:020:StopPointInJourneyPattern:205339415000025134_205330000101529492">
    <ScheduledStopPointRef ref="SE:020:ScheduledStopPoint:9022020529133001"/>
    <ForAlighting>true</ForAlighting>
    <ForBoarding>false</ForBoarding>
    <RequestStop>true</RequestStop>
</StopPointInJourneyPattern>
                            </pointsInSequence>
                            <linksInSequence>
<ServiceLinkInJourneyPattern order="1" version="any" id="SE:020:ServiceLinkInJourneyPattern:BUS_35028">
    <ServiceLinkRef ref="SE:020:ServiceLink:BUS_9025020052905301_9025020052913301"/>
</ServiceLinkInJourneyPattern>
                            </linksInSequence>
                        </JourneyPattern>
                        <JourneyPattern version="any" id="SE:020:JourneyPattern:205339415000026212">
                            <RouteRef ref="SE:020:Route:205330000101529486" version="any"/>
                            <pointsInSequence>
<StopPointInJourneyPattern order="1" version="any" id="SE:020:StopPointInJourneyPattern:205339415000026212_205330000101529491">
    <ScheduledStopPointRef ref="SE:020:ScheduledStopPoint:9022020529053001"/>
    <ForAlighting>false</ForAlighting>
    <ForBoarding>true</ForBoarding>
    <DestinationDisplayRef ref="SE:020:DestinationDisplay:205330000122305380"/>
    <RequestStop>true</RequestStop>
</StopPointInJourneyPattern>
<StopPointInJourneyPattern order="2" version="any" id="SE:020:StopPointInJourneyPattern:205339415000026212_205330000101529492">
    <ScheduledStopPointRef ref="SE:020:ScheduledStopPoint:9022020529133001"/>
    <ForAlighting>true</ForAlighting>
    <ForBoarding>false</ForBoarding>
    <RequestStop>true</RequestStop>
</StopPointInJourneyPattern>
                            </pointsInSequence>
                            <linksInSequence>
<ServiceLinkInJourneyPattern order="1" version="any" id="SE:020:ServiceLinkInJourneyPattern:BUS_35029">
    <ServiceLinkRef ref="SE:020:ServiceLink:BUS_9025020052905301_9025020052913301"/>
</ServiceLinkInJourneyPattern>
                            </linksInSequence>
                        </JourneyPattern>
                        <JourneyPattern version="any" id="SE:020:JourneyPattern:205339415000021991">
                            <RouteRef ref="SE:020:Route:205330000096801141" version="any"/>
                            <pointsInSequence>
<StopPointInJourneyPattern order="1" version="any" id="SE:020:StopPointInJourneyPattern:205339415000021991_205330000096801146">
    <ScheduledStopPointRef ref="SE:020:ScheduledStopPoint:9022020529118001"/>
    <ForAlighting>false</ForAlighting>
    <ForBoarding>true</ForBoarding>
    <DestinationDisplayRef ref="SE:020:DestinationDisplay:205330000096801156"/>
    <RequestStop>true</RequestStop>
</StopPointInJourneyPattern>
<StopPointInJourneyPattern order="2" version="any" id="SE:020:StopPointInJourneyPattern:205339415000021991_205330000096801147">
    <ScheduledStopPointRef ref="SE:020:ScheduledStopPoint:9022020529113001"/>
    <ForAlighting>true</ForAlighting>
    <ForBoarding>true</ForBoarding>
    <RequestStop>true</RequestStop>
</StopPointInJourneyPattern>
<StopPointInJourneyPattern order="3" version="any" id="SE:020:StopPointInJourneyPattern:205339415000021991_205330000096801148">
    <ScheduledStopPointRef ref="SE:020:ScheduledStopPoint:9022020529159001"/>
    <ForAlighting>true</ForAlighting>
    <ForBoarding>false</ForBoarding>
    <RequestStop>true</RequestStop>
</StopPointInJourneyPattern>
                            </pointsInSequence>
                            <linksInSequence>
<ServiceLinkInJourneyPattern order="1" version="any" id="SE:020:ServiceLinkInJourneyPattern:BUS_35030">
    <ServiceLinkRef ref="SE:020:ServiceLink:BUS_9025020052911801_9025020052911301"/>
</ServiceLinkInJourneyPattern>
<ServiceLinkInJourneyPattern order="2" version="any" id="SE:020:ServiceLinkInJourneyPattern:BUS_35031">
    <ServiceLinkRef ref="SE:020:ServiceLink:BUS_9025020052911301_9025020052915901"/>
</ServiceLinkInJourneyPattern>
                            </linksInSequence>
                        </JourneyPattern>
                        <JourneyPattern version="any" id="SE:020:JourneyPattern:205339415000025131">
                            <RouteRef ref="SE:020:Route:205330000096801141" version="any"/>
                            <pointsInSequence>
<StopPointInJourneyPattern order="1" version="any" id="SE:020:StopPointInJourneyPattern:205339415000025131_205330000096801146">
    <ScheduledStopPointRef ref="SE:020:ScheduledStopPoint:9022020529118001"/>
    <ForAlighting>false</ForAlighting>
    <ForBoarding>true</ForBoarding>
    <DestinationDisplayRef ref="SE:020:DestinationDisplay:205330000113945910"/>
    <RequestStop>true</RequestStop>
</StopPointInJourneyPattern>
<StopPointInJourneyPattern order="2" version="any" id="SE:020:StopPointInJourneyPattern:205339415000025131_205330000096801147">
    <ScheduledStopPointRef ref="SE:020:ScheduledStopPoint:9022020529113001"/>
    <ForAlighting>true</ForAlighting>
    <ForBoarding>true</ForBoarding>
    <RequestStop>true</RequestStop>
</StopPointInJourneyPattern>
<StopPointInJourneyPattern order="3" version="any" id="SE:020:StopPointInJourneyPattern:205339415000025131_205330000096801148">
    <ScheduledStopPointRef ref="SE:020:ScheduledStopPoint:9022020529159001"/>
    <ForAlighting>true</ForAlighting>
    <ForBoarding>false</ForBoarding>
    <RequestStop>true</RequestStop>
</StopPointInJourneyPattern>
                            </pointsInSequence>
                            <linksInSequence>
<ServiceLinkInJourneyPattern order="1" version="any" id="SE:020:ServiceLinkInJourneyPattern:BUS_35032">
    <ServiceLinkRef ref="SE:020:ServiceLink:BUS_9025020052911801_9025020052911301"/>
</ServiceLinkInJourneyPattern>
<ServiceLinkInJourneyPattern order="2" version="any" id="SE:020:ServiceLinkInJourneyPattern:BUS_35033">
    <ServiceLinkRef ref="SE:020:ServiceLink:BUS_9025020052911301_9025020052915901"/>
</ServiceLinkInJourneyPattern>
                            </linksInSequence>
                        </JourneyPattern>
                        <JourneyPattern version="any" id="SE:020:JourneyPattern:205339415000026211">
                            <RouteRef ref="SE:020:Route:205330000096801141" version="any"/>
                            <pointsInSequence>
<StopPointInJourneyPattern order="1" version="any" id="SE:020:StopPointInJourneyPattern:205339415000026211_205330000096801146">
    <ScheduledStopPointRef ref="SE:020:ScheduledStopPoint:9022020529118001"/>
    <ForAlighting>false</ForAlighting>
    <ForBoarding>true</ForBoarding>
    <DestinationDisplayRef ref="SE:020:DestinationDisplay:205330000122305366"/>
    <RequestStop>true</RequestStop>
</StopPointInJourneyPattern>
<StopPointInJourneyPattern order="2" version="any" id="SE:020:StopPointInJourneyPattern:205339415000026211_205330000096801147">
    <ScheduledStopPointRef ref="SE:020:ScheduledStopPoint:9022020529113001"/>
    <ForAlighting>true</ForAlighting>
    <ForBoarding>true</ForBoarding>
    <RequestStop>true</RequestStop>
</StopPointInJourneyPattern>
<StopPointInJourneyPattern order="3" version="any" id="SE:020:StopPointInJourneyPattern:205339415000026211_205330000096801148">
    <ScheduledStopPointRef ref="SE:020:ScheduledStopPoint:9022020529159001"/>
    <ForAlighting>true</ForAlighting>
    <ForBoarding>false</ForBoarding>
    <RequestStop>true</RequestStop>
</StopPointInJourneyPattern>
                            </pointsInSequence>
                            <linksInSequence>
<ServiceLinkInJourneyPattern order="1" version="any" id="SE:020:ServiceLinkInJourneyPattern:BUS_35034">
    <ServiceLinkRef ref="SE:020:ServiceLink:BUS_9025020052911801_9025020052911301"/>
</ServiceLinkInJourneyPattern>
<ServiceLinkInJourneyPattern order="2" version="any" id="SE:020:ServiceLinkInJourneyPattern:BUS_35035">
    <ServiceLinkRef ref="SE:020:ServiceLink:BUS_9025020052911301_9025020052915901"/>
</ServiceLinkInJourneyPattern>
                            </linksInSequence>
                        </JourneyPattern>
                        <JourneyPattern version="any" id="SE:020:JourneyPattern:205339415000020624">
                            <RouteRef ref="SE:020:Route:205330000093235690" version="any"/>
                            <pointsInSequence>
<StopPointInJourneyPattern order="1" version="any" id="SE:020:StopPointInJourneyPattern:205339415000020624_205330000093235695">
    <ScheduledStopPointRef ref="SE:020:ScheduledStopPoint:9022020529118001"/>
    <ForAlighting>false</ForAlighting>
    <ForBoarding>true</ForBoarding>
    <DestinationDisplayRef ref="SE:020:DestinationDisplay:205330000093235704"/>
    <RequestStop>true</RequestStop>
</StopPointInJourneyPattern>
<StopPointInJourneyPattern order="2" version="any" id="SE:020:StopPointInJourneyPattern:205339415000020624_205330000093235696">
    <ScheduledStopPointRef ref="SE:020:ScheduledStopPoint:9022020529113001"/>
    <ForAlighting>true</ForAlighting>
    <ForBoarding>false</ForBoarding>
    <RequestStop>true</RequestStop>
</StopPointInJourneyPattern>
                            </pointsInSequence>
                            <linksInSequence>
<ServiceLinkInJourneyPattern order="1" version="any" id="SE:020:ServiceLinkInJourneyPattern:BUS_35036">
    <ServiceLinkRef ref="SE:020:ServiceLink:BUS_9025020052911801_9025020052911301"/>
</ServiceLinkInJourneyPattern>
                            </linksInSequence>
                        </JourneyPattern>
                        <JourneyPattern version="any" id="SE:020:JourneyPattern:205339415000025126">
                            <RouteRef ref="SE:020:Route:205330000093235690" version="any"/>
                            <pointsInSequence>
<StopPointInJourneyPattern order="1" version="any" id="SE:020:StopPointInJourneyPattern:205339415000025126_205330000093235695">
    <ScheduledStopPointRef ref="SE:020:ScheduledStopPoint:9022020529118001"/>
    <ForAlighting>false</ForAlighting>
    <ForBoarding>true</ForBoarding>
    <DestinationDisplayRef ref="SE:020:DestinationDisplay:205330000113945840"/>
    <RequestStop>true</RequestStop>
</StopPointInJourneyPattern>
<StopPointInJourneyPattern order="2" version="any" id="SE:020:StopPointInJourneyPattern:205339415000025126_205330000093235696">
    <ScheduledStopPointRef ref="SE:020:ScheduledStopPoint:9022020529113001"/>
    <ForAlighting>true</ForAlighting>
    <ForBoarding>false</ForBoarding>
    <RequestStop>true</RequestStop>
</StopPointInJourneyPattern>
                            </pointsInSequence>
                            <linksInSequence>
<ServiceLinkInJourneyPattern order="1" version="any" id="SE:020:ServiceLinkInJourneyPattern:BUS_35037">
    <ServiceLinkRef ref="SE:020:ServiceLink:BUS_9025020052911801_9025020052911301"/>
</ServiceLinkInJourneyPattern>
                            </linksInSequence>
                        </JourneyPattern>
                        <JourneyPattern version="any" id="SE:020:JourneyPattern:205339415000026204">
                            <RouteRef ref="SE:020:Route:205330000093235690" version="any"/>
                            <pointsInSequence>
<StopPointInJourneyPattern order="1" version="any" id="SE:020:StopPointInJourneyPattern:205339415000026204_205330000093235695">
    <ScheduledStopPointRef ref="SE:020:ScheduledStopPoint:9022020529118001"/>
    <ForAlighting>false</ForAlighting>
    <ForBoarding>true</ForBoarding>
    <DestinationDisplayRef ref="SE:020:DestinationDisplay:205330000122305268"/>
    <RequestStop>true</RequestStop>
</StopPointInJourneyPattern>
<StopPointInJourneyPattern order="2" version="any" id="SE:020:StopPointInJourneyPattern:205339415000026204_205330000093235696">
    <ScheduledStopPointRef ref="SE:020:ScheduledStopPoint:9022020529113001"/>
    <ForAlighting>true</ForAlighting>
    <ForBoarding>false</ForBoarding>
    <RequestStop>true</RequestStop>
</StopPointInJourneyPattern>
                            </pointsInSequence>
                            <linksInSequence>
<ServiceLinkInJourneyPattern order="1" version="any" id="SE:020:ServiceLinkInJourneyPattern:BUS_35038">
    <ServiceLinkRef ref="SE:020:ServiceLink:BUS_9025020052911801_9025020052911301"/>
</ServiceLinkInJourneyPattern>
                            </linksInSequence>
                        </JourneyPattern>
                        <JourneyPattern version="any" id="SE:020:JourneyPattern:205339415000016906">
                            <RouteRef ref="SE:020:Route:205330000081764888" version="any"/>
                            <pointsInSequence>
<StopPointInJourneyPattern order="1" version="any" id="SE:020:StopPointInJourneyPattern:205339415000016906_205330000081764893">
    <ScheduledStopPointRef ref="SE:020:ScheduledStopPoint:9022020529133001"/>
    <ForAlighting>false</ForAlighting>
    <ForBoarding>true</ForBoarding>
    <DestinationDisplayRef ref="SE:020:DestinationDisplay:205330000081764902"/>
    <RequestStop>true</RequestStop>
</StopPointInJourneyPattern>
<StopPointInJourneyPattern order="2" version="any" id="SE:020:StopPointInJourneyPattern:205339415000016906_205330000081764894">
    <ScheduledStopPointRef ref="SE:020:ScheduledStopPoint:9022020529114001"/>
    <ForAlighting>true</ForAlighting>
    <ForBoarding>false</ForBoarding>
    <RequestStop>true</RequestStop>
</StopPointInJourneyPattern>
                            </pointsInSequence>
                            <linksInSequence>
<ServiceLinkInJourneyPattern order="1" version="any" id="SE:020:ServiceLinkInJourneyPattern:BUS_35039">
    <ServiceLinkRef ref="SE:020:ServiceLink:BUS_9025020052913301_9025020052911401"/>
</ServiceLinkInJourneyPattern>
                            </linksInSequence>
                        </JourneyPattern>
                        <JourneyPattern version="any" id="SE:020:JourneyPattern:205339415000025141">
                            <RouteRef ref="SE:020:Route:205330000081764888" version="any"/>
                            <pointsInSequence>
<StopPointInJourneyPattern order="1" version="any" id="SE:020:StopPointInJourneyPattern:205339415000025141_205330000081764893">
    <ScheduledStopPointRef ref="SE:020:ScheduledStopPoint:9022020529133001"/>
    <ForAlighting>false</ForAlighting>
    <ForBoarding>true</ForBoarding>
    <DestinationDisplayRef ref="SE:020:DestinationDisplay:205330000113946054"/>
    <RequestStop>true</RequestStop>
</StopPointInJourneyPattern>
<StopPointInJourneyPattern order="2" version="any" id="SE:020:StopPointInJourneyPattern:205339415000025141_205330000081764894">
    <ScheduledStopPointRef ref="SE:020:ScheduledStopPoint:9022020529114001"/>
    <ForAlighting>true</ForAlighting>
    <ForBoarding>false</ForBoarding>
    <RequestStop>true</RequestStop>
</StopPointInJourneyPattern>
                            </pointsInSequence>
                            <linksInSequence>
<ServiceLinkInJourneyPattern order="1" version="any" id="SE:020:ServiceLinkInJourneyPattern:BUS_35040">
    <ServiceLinkRef ref="SE:020:ServiceLink:BUS_9025020052913301_9025020052911401"/>
</ServiceLinkInJourneyPattern>
                            </linksInSequence>
                        </JourneyPattern>
                        <JourneyPattern version="any" id="SE:020:JourneyPattern:205339415000026203">
                            <RouteRef ref="SE:020:Route:205330000081764888" version="any"/>
                            <pointsInSequence>
<StopPointInJourneyPattern order="1" version="any" id="SE:020:StopPointInJourneyPattern:205339415000026203_205330000081764893">
    <ScheduledStopPointRef ref="SE:020:ScheduledStopPoint:9022020529133001"/>
    <ForAlighting>false</ForAlighting>
    <ForBoarding>true</ForBoarding>
    <DestinationDisplayRef ref="SE:020:DestinationDisplay:205330000122305254"/>
    <RequestStop>true</RequestStop>
</StopPointInJourneyPattern>
<StopPointInJourneyPattern order="2" version="any" id="SE:020:StopPointInJourneyPattern:205339415000026203_205330000081764894">
    <ScheduledStopPointRef ref="SE:020:ScheduledStopPoint:9022020529114001"/>
    <ForAlighting>true</ForAlighting>
    <ForBoarding>false</ForBoarding>
    <RequestStop>true</RequestStop>
</StopPointInJourneyPattern>
                            </pointsInSequence>
                            <linksInSequence>
<ServiceLinkInJourneyPattern order="1" version="any" id="SE:020:ServiceLinkInJourneyPattern:BUS_35041">
    <ServiceLinkRef ref="SE:020:ServiceLink:BUS_9025020052913301_9025020052911401"/>
</ServiceLinkInJourneyPattern>
                            </linksInSequence>
                        </JourneyPattern>
                        <JourneyPattern version="any" id="SE:020:JourneyPattern:205339415000016224">
                            <RouteRef ref="SE:020:Route:205330000068586706" version="any"/>
                            <pointsInSequence>
<StopPointInJourneyPattern order="1" version="any" id="SE:020:StopPointInJourneyPattern:205339415000016224_205330000068586711">
    <ScheduledStopPointRef ref="SE:020:ScheduledStopPoint:9022020529113001"/>
    <ForAlighting>false</ForAlighting>
    <ForBoarding>true</ForBoarding>
    <DestinationDisplayRef ref="SE:020:DestinationDisplay:205330000080162875"/>
    <RequestStop>true</RequestStop>
</StopPointInJourneyPattern>
<StopPointInJourneyPattern order="2" version="any" id="SE:020:StopPointInJourneyPattern:205339415000016224_205330000068586712">
    <ScheduledStopPointRef ref="SE:020:ScheduledStopPoint:9022020529118001"/>
    <ForAlighting>true</ForAlighting>
    <ForBoarding>false</ForBoarding>
    <RequestStop>true</RequestStop>
</StopPointInJourneyPattern>
                            </pointsInSequence>
                            <linksInSequence>
<ServiceLinkInJourneyPattern order="1" version="any" id="SE:020:ServiceLinkInJourneyPattern:BUS_35042">
    <ServiceLinkRef ref="SE:020:ServiceLink:BUS_9025020052911301_9025020052911801"/>
</ServiceLinkInJourneyPattern>
                            </linksInSequence>
                        </JourneyPattern>
                        <JourneyPattern version="any" id="SE:020:JourneyPattern:205339415000025123">
                            <RouteRef ref="SE:020:Route:205330000068586706" version="any"/>
                            <pointsInSequence>
<StopPointInJourneyPattern order="1" version="any" id="SE:020:StopPointInJourneyPattern:205339415000025123_205330000068586711">
    <ScheduledStopPointRef ref="SE:020:ScheduledStopPoint:9022020529113001"/>
    <ForAlighting>false</ForAlighting>
    <ForBoarding>true</ForBoarding>
    <DestinationDisplayRef ref="SE:020:DestinationDisplay:205330000113945794"/>
    <RequestStop>true</RequestStop>
</StopPointInJourneyPattern>
<StopPointInJourneyPattern order="2" version="any" id="SE:020:StopPointInJourneyPattern:205339415000025123_205330000068586712">
    <ScheduledStopPointRef ref="SE:020:ScheduledStopPoint:9022020529118001"/>
    <ForAlighting>true</ForAlighting>
    <ForBoarding>false</ForBoarding>
    <RequestStop>true</RequestStop>
</StopPointInJourneyPattern>
                            </pointsInSequence>
                            <linksInSequence>
<ServiceLinkInJourneyPattern order="1" version="any" id="SE:020:ServiceLinkInJourneyPattern:BUS_35043">
    <ServiceLinkRef ref="SE:020:ServiceLink:BUS_9025020052911301_9025020052911801"/>
</ServiceLinkInJourneyPattern>
                            </linksInSequence>
                        </JourneyPattern>
                        <JourneyPattern version="any" id="SE:020:JourneyPattern:205339415000026207">
                            <RouteRef ref="SE:020:Route:205330000068586706" version="any"/>
                            <pointsInSequence>
<StopPointInJourneyPattern order="1" version="any" id="SE:020:StopPointInJourneyPattern:205339415000026207_205330000068586711">
    <ScheduledStopPointRef ref="SE:020:ScheduledStopPoint:9022020529113001"/>
    <ForAlighting>false</ForAlighting>
    <ForBoarding>true</ForBoarding>
    <DestinationDisplayRef ref="SE:020:DestinationDisplay:205330000122305310"/>
    <RequestStop>true</RequestStop>
</StopPointInJourneyPattern>
<StopPointInJourneyPattern order="2" version="any" id="SE:020:StopPointInJourneyPattern:205339415000026207_205330000068586712">
    <ScheduledStopPointRef ref="SE:020:ScheduledStopPoint:9022020529118001"/>
    <ForAlighting>true</ForAlighting>
    <ForBoarding>false</ForBoarding>
    <RequestStop>true</RequestStop>
</StopPointInJourneyPattern>
                            </pointsInSequence>
                            <linksInSequence>
<ServiceLinkInJourneyPattern order="1" version="any" id="SE:020:ServiceLinkInJourneyPattern:BUS_35044">
    <ServiceLinkRef ref="SE:020:ServiceLink:BUS_9025020052911301_9025020052911801"/>
</ServiceLinkInJourneyPattern>
                            </linksInSequence>
                        </JourneyPattern>
                        <JourneyPattern version="any" id="SE:020:JourneyPattern:205339415000023376">
                            <RouteRef ref="SE:020:Route:205330000102709974" version="any"/>
                            <pointsInSequence>
<StopPointInJourneyPattern order="1" version="any" id="SE:020:StopPointInJourneyPattern:205339415000023376_205330000102709979">
    <ScheduledStopPointRef ref="SE:020:ScheduledStopPoint:9022020529183001"/>
    <ForAlighting>false</ForAlighting>
    <ForBoarding>true</ForBoarding>
    <DestinationDisplayRef ref="SE:020:DestinationDisplay:205330000104725674"/>
    <RequestStop>true</RequestStop>
</StopPointInJourneyPattern>
<StopPointInJourneyPattern order="2" version="any" id="SE:020:StopPointInJourneyPattern:205339415000023376_205330000102709980">
    <ScheduledStopPointRef ref="SE:020:ScheduledStopPoint:9022020529133001"/>
    <ForAlighting>true</ForAlighting>
    <ForBoarding>false</ForBoarding>
    <RequestStop>true</RequestStop>
</StopPointInJourneyPattern>
                            </pointsInSequence>
                            <linksInSequence>
<ServiceLinkInJourneyPattern order="1" version="any" id="SE:020:ServiceLinkInJourneyPattern:BUS_35045">
    <ServiceLinkRef ref="SE:020:ServiceLink:BUS_9025020052918301_9025020052913301"/>
</ServiceLinkInJourneyPattern>
                            </linksInSequence>
                        </JourneyPattern>
                        <JourneyPattern version="any" id="SE:020:JourneyPattern:205339415000024458">
                            <RouteRef ref="SE:020:Route:205330000102709974" version="any"/>
                            <pointsInSequence>
<StopPointInJourneyPattern order="1" version="any" id="SE:020:StopPointInJourneyPattern:205339415000024458_205330000102709979">
    <ScheduledStopPointRef ref="SE:020:ScheduledStopPoint:9022020529183001"/>
    <ForAlighting>false</ForAlighting>
    <ForBoarding>true</ForBoarding>
    <DestinationDisplayRef ref="SE:020:DestinationDisplay:205330000109383292"/>
    <RequestStop>true</RequestStop>
</StopPointInJourneyPattern>
<StopPointInJourneyPattern order="2" version="any" id="SE:020:StopPointInJourneyPattern:205339415000024458_205330000102709980">
    <ScheduledStopPointRef ref="SE:020:ScheduledStopPoint:9022020529133001"/>
    <ForAlighting>true</ForAlighting>
    <ForBoarding>false</ForBoarding>
    <RequestStop>true</RequestStop>
</StopPointInJourneyPattern>
                            </pointsInSequence>
                            <linksInSequence>
<ServiceLinkInJourneyPattern order="1" version="any" id="SE:020:ServiceLinkInJourneyPattern:BUS_35046">
    <ServiceLinkRef ref="SE:020:ServiceLink:BUS_9025020052918301_9025020052913301"/>
</ServiceLinkInJourneyPattern>
                            </linksInSequence>
                        </JourneyPattern>
                        <JourneyPattern version="any" id="SE:020:JourneyPattern:205339415000025124">
                            <RouteRef ref="SE:020:Route:205330000102709974" version="any"/>
                            <pointsInSequence>
<StopPointInJourneyPattern order="1" version="any" id="SE:020:StopPointInJourneyPattern:205339415000025124_205330000102709979">
    <ScheduledStopPointRef ref="SE:020:ScheduledStopPoint:9022020529183001"/>
    <ForAlighting>false</ForAlighting>
    <ForBoarding>true</ForBoarding>
    <DestinationDisplayRef ref="SE:020:DestinationDisplay:205330000113945808"/>
    <RequestStop>true</RequestStop>
</StopPointInJourneyPattern>
<StopPointInJourneyPattern order="2" version="any" id="SE:020:StopPointInJourneyPattern:205339415000025124_205330000102709980">
    <ScheduledStopPointRef ref="SE:020:ScheduledStopPoint:9022020529133001"/>
    <ForAlighting>true</ForAlighting>
    <ForBoarding>false</ForBoarding>
    <RequestStop>true</RequestStop>
</StopPointInJourneyPattern>
                            </pointsInSequence>
                            <linksInSequence>
<ServiceLinkInJourneyPattern order="1" version="any" id="SE:020:ServiceLinkInJourneyPattern:BUS_35047">
    <ServiceLinkRef ref="SE:020:ServiceLink:BUS_9025020052918301_9025020052913301"/>
</ServiceLinkInJourneyPattern>
                            </linksInSequence>
                        </JourneyPattern>
                        <JourneyPattern version="any" id="SE:020:JourneyPattern:205339415000026205">
                            <RouteRef ref="SE:020:Route:205330000102709974" version="any"/>
                            <pointsInSequence>
<StopPointInJourneyPattern order="1" version="any" id="SE:020:StopPointInJourneyPattern:205339415000026205_205330000102709979">
    <ScheduledStopPointRef ref="SE:020:ScheduledStopPoint:9022020529183001"/>
    <ForAlighting>false</ForAlighting>
    <ForBoarding>true</ForBoarding>
    <DestinationDisplayRef ref="SE:020:DestinationDisplay:205330000122305282"/>
    <RequestStop>true</RequestStop>
</StopPointInJourneyPattern>
<StopPointInJourneyPattern order="2" version="any" id="SE:020:StopPointInJourneyPattern:205339415000026205_205330000102709980">
    <ScheduledStopPointRef ref="SE:020:ScheduledStopPoint:9022020529133001"/>
    <ForAlighting>true</ForAlighting>
    <ForBoarding>false</ForBoarding>
    <RequestStop>true</RequestStop>
</StopPointInJourneyPattern>
                            </pointsInSequence>
                            <linksInSequence>
<ServiceLinkInJourneyPattern order="1" version="any" id="SE:020:ServiceLinkInJourneyPattern:BUS_35048">
    <ServiceLinkRef ref="SE:020:ServiceLink:BUS_9025020052918301_9025020052913301"/>
</ServiceLinkInJourneyPattern>
                            </linksInSequence>
                        </JourneyPattern>
                    </journeyPatterns>
                </ServiceFrame>
                <TimetableFrame version="20240902035740" id="SE:020:TimetableFrame:9011020090900000">
                    <vehicleJourneys>
                        <ServiceJourney version="any" id="SE:020:ServiceJourney:205330000122305393">
                            <TransportMode>bus</TransportMode>
                            <TransportSubmode>
<BusSubmode>unknown</BusSubmode>
                            </TransportSubmode>
                            <dayTypes>
<DayTypeRef ref="SE:020:DayType:7lvh0rtp0beg9s3ptl92vn0p57ucvcdm"/>
                            </dayTypes>
                            <JourneyPatternRef ref="SE:020:JourneyPattern:205339415000026203" version="any"/>
                            <OperatorRef ref="SE:020:Operator:9013020140700000"/>
                            <passingTimes>
<TimetabledPassingTime version="any" id="SE:020:TimetabledPassingTime:205330000122305388">
    <StopPointInJourneyPatternRef ref="SE:020:StopPointInJourneyPattern:205339415000026203_205330000081764893" version="any"/>
    <DepartureTime>10:30:00</DepartureTime>
</TimetabledPassingTime>
<TimetabledPassingTime version="any" id="SE:020:TimetabledPassingTime:205330000122305389">
    <StopPointInJourneyPatternRef ref="SE:020:StopPointInJourneyPattern:205339415000026203_205330000081764894" version="any"/>
    <ArrivalTime>10:50:00</ArrivalTime>
</TimetabledPassingTime>
                            </passingTimes>
                        </ServiceJourney>
                        <ServiceJourney version="any" id="SE:020:ServiceJourney:205330000122305404">
                            <TransportMode>bus</TransportMode>
                            <TransportSubmode>
<BusSubmode>unknown</BusSubmode>
                            </TransportSubmode>
                            <dayTypes>
<DayTypeRef ref="SE:020:DayType:nk2nuuomam3oednr2o7pkvjevb9ch2p0"/>
                            </dayTypes>
                            <JourneyPatternRef ref="SE:020:JourneyPattern:205339415000026204" version="any"/>
                            <OperatorRef ref="SE:020:Operator:9013020140700000"/>
                            <passingTimes>
<TimetabledPassingTime version="any" id="SE:020:TimetabledPassingTime:205330000122305399">
    <StopPointInJourneyPatternRef ref="SE:020:StopPointInJourneyPattern:205339415000026204_205330000093235695" version="any"/>
    <DepartureTime>10:40:00</DepartureTime>
</TimetabledPassingTime>
<TimetabledPassingTime version="any" id="SE:020:TimetabledPassingTime:205330000122305400">
    <StopPointInJourneyPatternRef ref="SE:020:StopPointInJourneyPattern:205339415000026204_205330000093235696" version="any"/>
    <ArrivalTime>10:55:00</ArrivalTime>
</TimetabledPassingTime>
                            </passingTimes>
                        </ServiceJourney>
                        <ServiceJourney version="any" id="SE:020:ServiceJourney:205330000122305458">
                            <TransportMode>bus</TransportMode>
                            <TransportSubmode>
<BusSubmode>unknown</BusSubmode>
                            </TransportSubmode>
                            <dayTypes>
<DayTypeRef ref="SE:020:DayType:94jnqjef0nvolrrblndic9v1sj1pho5j"/>
                            </dayTypes>
                            <JourneyPatternRef ref="SE:020:JourneyPattern:205339415000026206" version="any"/>
                            <OperatorRef ref="SE:020:Operator:9013020140700000"/>
                            <passingTimes>
<TimetabledPassingTime version="any" id="SE:020:TimetabledPassingTime:205330000122305453">
    <StopPointInJourneyPatternRef ref="SE:020:StopPointInJourneyPattern:205339415000026206_205330000109383301" version="any"/>
    <DepartureTime>13:45:00</DepartureTime>
</TimetabledPassingTime>
<TimetabledPassingTime version="any" id="SE:020:TimetabledPassingTime:205330000122305454">
    <StopPointInJourneyPatternRef ref="SE:020:StopPointInJourneyPattern:205339415000026206_205330000109383302" version="any"/>
    <ArrivalTime>14:10:00</ArrivalTime>
</TimetabledPassingTime>
                            </passingTimes>
                        </ServiceJourney>
                        <ServiceJourney version="any" id="SE:020:ServiceJourney:205330000122305492">
                            <TransportMode>bus</TransportMode>
                            <TransportSubmode>
<BusSubmode>unknown</BusSubmode>
                            </TransportSubmode>
                            <dayTypes>
<DayTypeRef ref="SE:020:DayType:94jnqjef0nvolrrblndic9v1sj1pho5j"/>
                            </dayTypes>
                            <JourneyPatternRef ref="SE:020:JourneyPattern:205339415000026208" version="any"/>
                            <OperatorRef ref="SE:020:Operator:9013020140700000"/>
                            <passingTimes>
<TimetabledPassingTime version="any" id="SE:020:TimetabledPassingTime:205330000122305487">
    <StopPointInJourneyPatternRef ref="SE:020:StopPointInJourneyPattern:205339415000026208_205330000104725651" version="any"/>
    <DepartureTime>10:00:00</DepartureTime>
</TimetabledPassingTime>
<TimetabledPassingTime version="any" id="SE:020:TimetabledPassingTime:205330000122305488">
    <StopPointInJourneyPatternRef ref="SE:020:StopPointInJourneyPattern:205339415000026208_205330000104725652" version="any"/>
    <ArrivalTime>10:25:00</ArrivalTime>
</TimetabledPassingTime>
                            </passingTimes>
                        </ServiceJourney>
                        <ServiceJourney version="any" id="SE:020:ServiceJourney:205330000122305503">
                            <TransportMode>bus</TransportMode>
                            <TransportSubmode>
<BusSubmode>unknown</BusSubmode>
                            </TransportSubmode>
                            <dayTypes>
<DayTypeRef ref="SE:020:DayType:94jnqjef0nvolrrblndic9v1sj1pho5j"/>
                            </dayTypes>
                            <JourneyPatternRef ref="SE:020:JourneyPattern:205339415000026209" version="any"/>
                            <OperatorRef ref="SE:020:Operator:9013020140700000"/>
                            <passingTimes>
<TimetabledPassingTime version="any" id="SE:020:TimetabledPassingTime:205330000122305498">
    <StopPointInJourneyPatternRef ref="SE:020:StopPointInJourneyPattern:205339415000026209_205330000104725614" version="any"/>
    <DepartureTime>10:00:00</DepartureTime>
</TimetabledPassingTime>
<TimetabledPassingTime version="any" id="SE:020:TimetabledPassingTime:205330000122305499">
    <StopPointInJourneyPatternRef ref="SE:020:StopPointInJourneyPattern:205339415000026209_205330000104725615" version="any"/>
    <ArrivalTime>10:15:00</ArrivalTime>
</TimetabledPassingTime>
                            </passingTimes>
                        </ServiceJourney>
                        <ServiceJourney version="any" id="SE:020:ServiceJourney:205330000122305525">
                            <TransportMode>bus</TransportMode>
                            <TransportSubmode>
<BusSubmode>unknown</BusSubmode>
                            </TransportSubmode>
                            <dayTypes>
<DayTypeRef ref="SE:020:DayType:94jnqjef0nvolrrblndic9v1sj1pho5j"/>
                            </dayTypes>
                            <JourneyPatternRef ref="SE:020:JourneyPattern:205339415000026211" version="any"/>
                            <OperatorRef ref="SE:020:Operator:9013020140700000"/>
                            <passingTimes>
<TimetabledPassingTime version="any" id="SE:020:TimetabledPassingTime:205330000122305520">
    <StopPointInJourneyPatternRef ref="SE:020:StopPointInJourneyPattern:205339415000026211_205330000096801146" version="any"/>
    <DepartureTime>07:30:00</DepartureTime>
</TimetabledPassingTime>
<TimetabledPassingTime version="any" id="SE:020:TimetabledPassingTime:205330000122305521">
    <StopPointInJourneyPatternRef ref="SE:020:StopPointInJourneyPattern:205339415000026211_205330000096801147" version="any"/>
    <ArrivalTime>07:40:00</ArrivalTime>
    <DepartureTime>07:40:00</DepartureTime>
</TimetabledPassingTime>
<TimetabledPassingTime version="any" id="SE:020:TimetabledPassingTime:205330000122305522">
    <StopPointInJourneyPatternRef ref="SE:020:StopPointInJourneyPattern:205339415000026211_205330000096801148" version="any"/>
    <ArrivalTime>07:55:00</ArrivalTime>
</TimetabledPassingTime>
                            </passingTimes>
                        </ServiceJourney>
                        <ServiceJourney version="any" id="SE:020:ServiceJourney:205330000122305425">
                            <TransportMode>bus</TransportMode>
                            <TransportSubmode>
<BusSubmode>unknown</BusSubmode>
                            </TransportSubmode>
                            <dayTypes>
<DayTypeRef ref="SE:020:DayType:7lvh0rtp0beg9s3ptl92vn0p57ucvcdm"/>
                            </dayTypes>
                            <JourneyPatternRef ref="SE:020:JourneyPattern:205339415000026204" version="any"/>
                            <OperatorRef ref="SE:020:Operator:9013020140700000"/>
                            <passingTimes>
<TimetabledPassingTime version="any" id="SE:020:TimetabledPassingTime:205330000122305420">
    <StopPointInJourneyPatternRef ref="SE:020:StopPointInJourneyPattern:205339415000026204_205330000093235695" version="any"/>
    <DepartureTime>13:50:00</DepartureTime>
</TimetabledPassingTime>
<TimetabledPassingTime version="any" id="SE:020:TimetabledPassingTime:205330000122305421">
    <StopPointInJourneyPatternRef ref="SE:020:StopPointInJourneyPattern:205339415000026204_205330000093235696" version="any"/>
    <ArrivalTime>14:05:00</ArrivalTime>
</TimetabledPassingTime>
                            </passingTimes>
                        </ServiceJourney>
                        <ServiceJourney version="any" id="SE:020:ServiceJourney:205330000122305481">
                            <TransportMode>bus</TransportMode>
                            <TransportSubmode>
<BusSubmode>unknown</BusSubmode>
                            </TransportSubmode>
                            <dayTypes>
<DayTypeRef ref="SE:020:DayType:7lvh0rtp0beg9s3ptl92vn0p57ucvcdm"/>
                            </dayTypes>
                            <JourneyPatternRef ref="SE:020:JourneyPattern:205339415000026207" version="any"/>
                            <OperatorRef ref="SE:020:Operator:9013020140700000"/>
                            <passingTimes>
<TimetabledPassingTime version="any" id="SE:020:TimetabledPassingTime:205330000122305476">
    <StopPointInJourneyPatternRef ref="SE:020:StopPointInJourneyPattern:205339415000026207_205330000068586711" version="any"/>
    <DepartureTime>08:00:00</DepartureTime>
</TimetabledPassingTime>
<TimetabledPassingTime version="any" id="SE:020:TimetabledPassingTime:205330000122305477">
    <StopPointInJourneyPatternRef ref="SE:020:StopPointInJourneyPattern:205339415000026207_205330000068586712" version="any"/>
    <ArrivalTime>08:15:00</ArrivalTime>
</TimetabledPassingTime>
                            </passingTimes>
                        </ServiceJourney>
                        <ServiceJourney version="any" id="SE:020:ServiceJourney:205330000122305514">
                            <TransportMode>bus</TransportMode>
                            <TransportSubmode>
<BusSubmode>unknown</BusSubmode>
                            </TransportSubmode>
                            <dayTypes>
<DayTypeRef ref="SE:020:DayType:94jnqjef0nvolrrblndic9v1sj1pho5j"/>
                            </dayTypes>
                            <JourneyPatternRef ref="SE:020:JourneyPattern:205339415000026210" version="any"/>
                            <OperatorRef ref="SE:020:Operator:9013020140700000"/>
                            <passingTimes>
<TimetabledPassingTime version="any" id="SE:020:TimetabledPassingTime:205330000122305509">
    <StopPointInJourneyPatternRef ref="SE:020:StopPointInJourneyPattern:205339415000026210_205330000104725632" version="any"/>
    <DepartureTime>10:00:00</DepartureTime>
</TimetabledPassingTime>
<TimetabledPassingTime version="any" id="SE:020:TimetabledPassingTime:205330000122305510">
    <StopPointInJourneyPatternRef ref="SE:020:StopPointInJourneyPattern:205339415000026210_205330000104725633" version="any"/>
    <ArrivalTime>10:15:00</ArrivalTime>
    <DepartureTime>10:15:00</DepartureTime>
</TimetabledPassingTime>
<TimetabledPassingTime version="any" id="SE:020:TimetabledPassingTime:205330000122305511">
    <StopPointInJourneyPatternRef ref="SE:020:StopPointInJourneyPattern:205339415000026210_205330000104725634" version="any"/>
    <ArrivalTime>10:25:00</ArrivalTime>
</TimetabledPassingTime>
                            </passingTimes>
                        </ServiceJourney>
                        <ServiceJourney version="any" id="SE:020:ServiceJourney:205330000122305547">
                            <TransportMode>bus</TransportMode>
                            <TransportSubmode>
<BusSubmode>unknown</BusSubmode>
                            </TransportSubmode>
                            <dayTypes>
<DayTypeRef ref="SE:020:DayType:94jnqjef0nvolrrblndic9v1sj1pho5j"/>
                            </dayTypes>
                            <JourneyPatternRef ref="SE:020:JourneyPattern:205339415000026212" version="any"/>
                            <OperatorRef ref="SE:020:Operator:9013020140700000"/>
                            <passingTimes>
<TimetabledPassingTime version="any" id="SE:020:TimetabledPassingTime:205330000122305542">
    <StopPointInJourneyPatternRef ref="SE:020:StopPointInJourneyPattern:205339415000026212_205330000101529491" version="any"/>
    <DepartureTime>12:00:00</DepartureTime>
</TimetabledPassingTime>
<TimetabledPassingTime version="any" id="SE:020:TimetabledPassingTime:205330000122305543">
    <StopPointInJourneyPatternRef ref="SE:020:StopPointInJourneyPattern:205339415000026212_205330000101529492" version="any"/>
    <ArrivalTime>12:25:00</ArrivalTime>
</TimetabledPassingTime>
                            </passingTimes>
                        </ServiceJourney>
                        <ServiceJourney version="any" id="SE:020:ServiceJourney:205330000122305470">
                            <TransportMode>bus</TransportMode>
                            <TransportSubmode>
<BusSubmode>unknown</BusSubmode>
                            </TransportSubmode>
                            <dayTypes>
<DayTypeRef ref="SE:020:DayType:sj64jfatudrkqehh5ormlead148ola9e"/>
                            </dayTypes>
                            <JourneyPatternRef ref="SE:020:JourneyPattern:205339415000026206" version="any"/>
                            <OperatorRef ref="SE:020:Operator:9013020140700000"/>
                            <passingTimes>
<TimetabledPassingTime version="any" id="SE:020:TimetabledPassingTime:205330000122305465">
    <StopPointInJourneyPatternRef ref="SE:020:StopPointInJourneyPattern:205339415000026206_205330000109383301" version="any"/>
    <DepartureTime>14:00:00</DepartureTime>
</TimetabledPassingTime>
<TimetabledPassingTime version="any" id="SE:020:TimetabledPassingTime:205330000122305466">
    <StopPointInJourneyPatternRef ref="SE:020:StopPointInJourneyPattern:205339415000026206_205330000109383302" version="any"/>
    <ArrivalTime>14:25:00</ArrivalTime>
</TimetabledPassingTime>
                            </passingTimes>
                        </ServiceJourney>
                        <ServiceJourney version="any" id="SE:020:ServiceJourney:205330000122305436">
                            <TransportMode>bus</TransportMode>
                            <TransportSubmode>
<BusSubmode>unknown</BusSubmode>
                            </TransportSubmode>
                            <dayTypes>
<DayTypeRef ref="SE:020:DayType:sj64jfatudrkqehh5ormlead148ola9e"/>
                            </dayTypes>
                            <JourneyPatternRef ref="SE:020:JourneyPattern:205339415000026205" version="any"/>
                            <OperatorRef ref="SE:020:Operator:9013020140700000"/>
                            <passingTimes>
<TimetabledPassingTime version="any" id="SE:020:TimetabledPassingTime:205330000122305431">
    <StopPointInJourneyPatternRef ref="SE:020:StopPointInJourneyPattern:205339415000026205_205330000102709979" version="any"/>
    <DepartureTime>11:40:00</DepartureTime>
</TimetabledPassingTime>
<TimetabledPassingTime version="any" id="SE:020:TimetabledPassingTime:205330000122305432">
    <StopPointInJourneyPatternRef ref="SE:020:StopPointInJourneyPattern:205339415000026205_205330000102709980" version="any"/>
    <ArrivalTime>12:00:00</ArrivalTime>
</TimetabledPassingTime>
                            </passingTimes>
                        </ServiceJourney>
                        <ServiceJourney version="any" id="SE:020:ServiceJourney:205330000122305447">
                            <TransportMode>bus</TransportMode>
                            <TransportSubmode>
<BusSubmode>unknown</BusSubmode>
                            </TransportSubmode>
                            <dayTypes>
<DayTypeRef ref="SE:020:DayType:94jnqjef0nvolrrblndic9v1sj1pho5j"/>
                            </dayTypes>
                            <JourneyPatternRef ref="SE:020:JourneyPattern:205339415000026206" version="any"/>
                            <OperatorRef ref="SE:020:Operator:9013020140700000"/>
                            <passingTimes>
<TimetabledPassingTime version="any" id="SE:020:TimetabledPassingTime:205330000122305442">
    <StopPointInJourneyPatternRef ref="SE:020:StopPointInJourneyPattern:205339415000026206_205330000109383301" version="any"/>
    <DepartureTime>11:35:00</DepartureTime>
</TimetabledPassingTime>
<TimetabledPassingTime version="any" id="SE:020:TimetabledPassingTime:205330000122305443">
    <StopPointInJourneyPatternRef ref="SE:020:StopPointInJourneyPattern:205339415000026206_205330000109383302" version="any"/>
    <ArrivalTime>12:00:00</ArrivalTime>
</TimetabledPassingTime>
                            </passingTimes>
                        </ServiceJourney>
                        <ServiceJourney version="any" id="SE:020:ServiceJourney:205330000122305536">
                            <TransportMode>bus</TransportMode>
                            <TransportSubmode>
<BusSubmode>unknown</BusSubmode>
                            </TransportSubmode>
                            <dayTypes>
<DayTypeRef ref="SE:020:DayType:94jnqjef0nvolrrblndic9v1sj1pho5j"/>
                            </dayTypes>
                            <JourneyPatternRef ref="SE:020:JourneyPattern:205339415000026212" version="any"/>
                            <OperatorRef ref="SE:020:Operator:9013020140700000"/>
                            <passingTimes>
<TimetabledPassingTime version="any" id="SE:020:TimetabledPassingTime:205330000122305531">
    <StopPointInJourneyPatternRef ref="SE:020:StopPointInJourneyPattern:205339415000026212_205330000101529491" version="any"/>
    <DepartureTime>09:35:00</DepartureTime>
</TimetabledPassingTime>
<TimetabledPassingTime version="any" id="SE:020:TimetabledPassingTime:205330000122305532">
    <StopPointInJourneyPatternRef ref="SE:020:StopPointInJourneyPattern:205339415000026212_205330000101529492" version="any"/>
    <ArrivalTime>10:00:00</ArrivalTime>
</TimetabledPassingTime>
                            </passingTimes>
                        </ServiceJourney>
                        <ServiceJourney version="any" id="SE:020:ServiceJourney:205330000122305558">
                            <TransportMode>bus</TransportMode>
                            <TransportSubmode>
<BusSubmode>unknown</BusSubmode>
                            </TransportSubmode>
                            <dayTypes>
<DayTypeRef ref="SE:020:DayType:sj64jfatudrkqehh5ormlead148ola9e"/>
                            </dayTypes>
                            <JourneyPatternRef ref="SE:020:JourneyPattern:205339415000026212" version="any"/>
                            <OperatorRef ref="SE:020:Operator:9013020140700000"/>
                            <passingTimes>
<TimetabledPassingTime version="any" id="SE:020:TimetabledPassingTime:205330000122305553">
    <StopPointInJourneyPatternRef ref="SE:020:StopPointInJourneyPattern:205339415000026212_205330000101529491" version="any"/>
    <DepartureTime>12:10:00</DepartureTime>
</TimetabledPassingTime>
<TimetabledPassingTime version="any" id="SE:020:TimetabledPassingTime:205330000122305554">
    <StopPointInJourneyPatternRef ref="SE:020:StopPointInJourneyPattern:205339415000026212_205330000101529492" version="any"/>
    <ArrivalTime>12:35:00</ArrivalTime>
</TimetabledPassingTime>
                            </passingTimes>
                        </ServiceJourney>
                    </vehicleJourneys>
                </TimetableFrame>
            </frames>
        </CompositeFrame>
    </dataObjects>
</PublicationDelivery>
