<?xml version="1.0" encoding="UTF-8" standalone="yes"?>
<PublicationDelivery xmlns="http://www.netex.org.uk/netex" xmlns:ns2="http://www.opengis.net/gml/3.2" xmlns:ns3="http://www.siri.org.uk/siri" version="1.11:NO-NeTEx-networktimetable:1.3">
    <PublicationTimestamp>2024-09-02T03:57:40</PublicationTimestamp>
    <ParticipantRef>SAM</ParticipantRef>
    <dataObjects>
        <CompositeFrame created="2024-09-02T03:57:40" version="20240902035740" id="SE:020:CompositeFrame:9011020062200000">
            <ValidBetween>
                <FromDate>1970-01-01T00:00:00</FromDate>
            </ValidBetween>
            <codespaces>
                <Codespace id="SE:020">
                    <Xmlns>SE:020</Xmlns>
                    <XmlnsUrl>http://www.samtrafiken.se/ns/dt</XmlnsUrl>
                </Codespace>
            </codespaces>
            <FrameDefaults>
                <DefaultLocale>
                    <TimeZone>Europe/Stockholm</TimeZone>
                    <DefaultLanguage>se</DefaultLanguage>
                </DefaultLocale>
                <DefaultLocationSystem>4326</DefaultLocationSystem>
            </FrameDefaults>
            <frames>
                <ServiceFrame version="20240902035740" id="SE:020:ServiceFrame:9011020062200000">
                    <routes>
                        <Route version="any" id="SE:020:Route:205330000088915236">
                            <Name>622</Name>
                            <LineRef ref="SE:020:Line:9011020062200000" version="181204"/>
                            <DirectionType>outbound</DirectionType>
                            <pointsInSequence>
<PointOnRoute order="1" version="any" id="SE:020:PointOnRoute:205330000088915241">
    <RoutePointRef ref="SE:020:RoutePoint:9022020580798001"/>
</PointOnRoute>
<PointOnRoute order="2" version="any" id="SE:020:PointOnRoute:205330000088915242">
    <RoutePointRef ref="SE:020:RoutePoint:9022020580799001"/>
</PointOnRoute>
<PointOnRoute order="3" version="any" id="SE:020:PointOnRoute:205330000088915243">
    <RoutePointRef ref="SE:020:RoutePoint:9022020580800001"/>
</PointOnRoute>
<PointOnRoute order="4" version="any" id="SE:020:PointOnRoute:205330000088915244">
    <RoutePointRef ref="SE:020:RoutePoint:9022020580516002"/>
</PointOnRoute>
<PointOnRoute order="5" version="any" id="SE:020:PointOnRoute:205330000088915245">
    <RoutePointRef ref="SE:020:RoutePoint:9022020580517002"/>
</PointOnRoute>
<PointOnRoute order="6" version="any" id="SE:020:PointOnRoute:205330000088915246">
    <RoutePointRef ref="SE:020:RoutePoint:9022020580518002"/>
</PointOnRoute>
                            </pointsInSequence>
                        </Route>
                        <Route version="any" id="SE:020:Route:205330000088915258">
                            <Name>622</Name>
                            <LineRef ref="SE:020:Line:9011020062200000" version="181204"/>
                            <DirectionType>inbound</DirectionType>
                            <pointsInSequence>
<PointOnRoute order="1" version="any" id="SE:020:PointOnRoute:205330000088915263">
    <RoutePointRef ref="SE:020:RoutePoint:9022020580518001"/>
</PointOnRoute>
<PointOnRoute order="2" version="any" id="SE:020:PointOnRoute:205330000088915264">
    <RoutePointRef ref="SE:020:RoutePoint:9022020580517001"/>
</PointOnRoute>
<PointOnRoute order="3" version="any" id="SE:020:PointOnRoute:205330000088915265">
    <RoutePointRef ref="SE:020:RoutePoint:9022020580516001"/>
</PointOnRoute>
<PointOnRoute order="4" version="any" id="SE:020:PointOnRoute:205330000088915266">
    <RoutePointRef ref="SE:020:RoutePoint:9022020580800001"/>
</PointOnRoute>
<PointOnRoute order="5" version="any" id="SE:020:PointOnRoute:205330000088915267">
    <RoutePointRef ref="SE:020:RoutePoint:9022020580799001"/>
</PointOnRoute>
<PointOnRoute order="6" version="any" id="SE:020:PointOnRoute:205330000088915268">
    <RoutePointRef ref="SE:020:RoutePoint:9022020580798001"/>
</PointOnRoute>
                            </pointsInSequence>
                        </Route>
                    </routes>
                    <lines>
                        <Line version="181204" id="SE:020:Line:9011020062200000">
                            <ValidBetween>
<FromDate>2018-12-04T00:00:00</FromDate>
                            </ValidBetween>
                            <Name>622</Name>
                            <TransportMode>bus</TransportMode>
                            <TransportSubmode>
<BusSubmode>unknown</BusSubmode>
                            </TransportSubmode>
                            <PublicCode>622</PublicCode>
                            <PrivateCode>622</PrivateCode>
                            <RepresentedByGroupRef ref="SE:020:Network:9010020000000000"/>
                        </Line>
                    </lines>
                    <journeyPatterns>
                        <JourneyPattern version="any" id="SE:020:JourneyPattern:205339415000018965">
                            <RouteRef ref="SE:020:Route:205330000088915236" version="any"/>
                            <pointsInSequence>
<StopPointInJourneyPattern order="1" version="any" id="SE:020:StopPointInJourneyPattern:205339415000018965_205330000088915241">
    <ScheduledStopPointRef ref="SE:020:ScheduledStopPoint:9022020580798001"/>
    <ForAlighting>false</ForAlighting>
    <ForBoarding>true</ForBoarding>
    <DestinationDisplayRef ref="SE:020:DestinationDisplay:205330000088915254"/>
    <RequestStop>true</RequestStop>
</StopPointInJourneyPattern>
<StopPointInJourneyPattern order="2" version="any" id="SE:020:StopPointInJourneyPattern:205339415000018965_205330000088915242">
    <ScheduledStopPointRef ref="SE:020:ScheduledStopPoint:9022020580799001"/>
    <ForAlighting>true</ForAlighting>
    <ForBoarding>true</ForBoarding>
    <RequestStop>true</RequestStop>
</StopPointInJourneyPattern>
<StopPointInJourneyPattern order="3" version="any" id="SE:020:StopPointInJourneyPattern:205339415000018965_205330000088915243">
    <ScheduledStopPointRef ref="SE:020:ScheduledStopPoint:9022020580800001"/>
    <ForAlighting>true</ForAlighting>
    <ForBoarding>true</ForBoarding>
    <RequestStop>true</RequestStop>
</StopPointInJourneyPattern>
<StopPointInJourneyPattern order="4" version="any" id="SE:020:StopPointInJourneyPattern:205339415000018965_205330000088915244">
    <ScheduledStopPointRef ref="SE:020:ScheduledStopPoint:9022020580516002"/>
    <ForAlighting>true</ForAlighting>
    <ForBoarding>false</ForBoarding>
    <RequestStop>true</RequestStop>
</StopPointInJourneyPattern>
<StopPointInJourneyPattern order="5" version="any" id="SE:020:StopPointInJourneyPattern:205339415000018965_205330000088915245">
    <ScheduledStopPointRef ref="SE:020:ScheduledStopPoint:9022020580517002"/>
    <ForAlighting>true</ForAlighting>
    <ForBoarding>false</ForBoarding>
    <RequestStop>true</RequestStop>
</StopPointInJourneyPattern>
<StopPointInJourneyPattern order="6" version="any" id="SE:020:StopPointInJourneyPattern:205339415000018965_205330000088915246">
    <ScheduledStopPointRef ref="SE:020:ScheduledStopPoint:9022020580518002"/>
    <ForAlighting>true</ForAlighting>
    <ForBoarding>false</ForBoarding>
    <RequestStop>true</RequestStop>
</StopPointInJourneyPattern>
                            </pointsInSequence>
                            <linksInSequence>
<ServiceLinkInJourneyPattern order="1" version="any" id="SE:020:ServiceLinkInJourneyPattern:BUS_37845">
    <ServiceLinkRef ref="SE:020:ServiceLink:BUS_9025020058079801_9025020058079901"/>
</ServiceLinkInJourneyPattern>
<ServiceLinkInJourneyPattern order="2" version="any" id="SE:020:ServiceLinkInJourneyPattern:BUS_37846">
    <ServiceLinkRef ref="SE:020:ServiceLink:BUS_9025020058079901_9025020058080001"/>
</ServiceLinkInJourneyPattern>
<ServiceLinkInJourneyPattern order="3" version="any" id="SE:020:ServiceLinkInJourneyPattern:BUS_37847">
    <ServiceLinkRef ref="SE:020:ServiceLink:BUS_9025020058080001_9025020058051602"/>
</ServiceLinkInJourneyPattern>
<ServiceLinkInJourneyPattern order="4" version="any" id="SE:020:ServiceLinkInJourneyPattern:BUS_37848">
    <ServiceLinkRef ref="SE:020:ServiceLink:BUS_9025020058051602_9025020058051702"/>
</ServiceLinkInJourneyPattern>
<ServiceLinkInJourneyPattern order="5" version="any" id="SE:020:ServiceLinkInJourneyPattern:BUS_37849">
    <ServiceLinkRef ref="SE:020:ServiceLink:BUS_9025020058051702_9025020058051802"/>
</ServiceLinkInJourneyPattern>
                            </linksInSequence>
                        </JourneyPattern>
                        <JourneyPattern version="any" id="SE:020:JourneyPattern:205339415000024674">
                            <RouteRef ref="SE:020:Route:205330000088915236" version="any"/>
                            <pointsInSequence>
<StopPointInJourneyPattern order="1" version="any" id="SE:020:StopPointInJourneyPattern:205339415000024674_205330000088915241">
    <ScheduledStopPointRef ref="SE:020:ScheduledStopPoint:9022020580798001"/>
    <ForAlighting>false</ForAlighting>
    <ForBoarding>true</ForBoarding>
    <DestinationDisplayRef ref="SE:020:DestinationDisplay:205330000113218745"/>
    <RequestStop>true</RequestStop>
</StopPointInJourneyPattern>
<StopPointInJourneyPattern order="2" version="any" id="SE:020:StopPointInJourneyPattern:205339415000024674_205330000088915242">
    <ScheduledStopPointRef ref="SE:020:ScheduledStopPoint:9022020580799001"/>
    <ForAlighting>true</ForAlighting>
    <ForBoarding>true</ForBoarding>
    <RequestStop>true</RequestStop>
</StopPointInJourneyPattern>
<StopPointInJourneyPattern order="3" version="any" id="SE:020:StopPointInJourneyPattern:205339415000024674_205330000088915243">
    <ScheduledStopPointRef ref="SE:020:ScheduledStopPoint:9022020580800001"/>
    <ForAlighting>true</ForAlighting>
    <ForBoarding>true</ForBoarding>
    <RequestStop>true</RequestStop>
</StopPointInJourneyPattern>
<StopPointInJourneyPattern order="4" version="any" id="SE:020:StopPointInJourneyPattern:205339415000024674_205330000088915244">
    <ScheduledStopPointRef ref="SE:020:ScheduledStopPoint:9022020580516002"/>
    <ForAlighting>true</ForAlighting>
    <ForBoarding>false</ForBoarding>
    <RequestStop>true</RequestStop>
</StopPointInJourneyPattern>
<StopPointInJourneyPattern order="5" version="any" id="SE:020:StopPointInJourneyPattern:205339415000024674_205330000088915245">
    <ScheduledStopPointRef ref="SE:020:ScheduledStopPoint:9022020580517002"/>
    <ForAlighting>true</ForAlighting>
    <ForBoarding>false</ForBoarding>
    <RequestStop>true</RequestStop>
</StopPointInJourneyPattern>
<StopPointInJourneyPattern order="6" version="any" id="SE:020:StopPointInJourneyPattern:205339415000024674_205330000088915246">
    <ScheduledStopPointRef ref="SE:020:ScheduledStopPoint:9022020580518002"/>
    <ForAlighting>true</ForAlighting>
    <ForBoarding>false</ForBoarding>
    <RequestStop>true</RequestStop>
</StopPointInJourneyPattern>
                            </pointsInSequence>
                            <linksInSequence>
<ServiceLinkInJourneyPattern order="1" version="any" id="SE:020:ServiceLinkInJourneyPattern:BUS_37850">
    <ServiceLinkRef ref="SE:020:ServiceLink:BUS_9025020058079801_9025020058079901"/>
</ServiceLinkInJourneyPattern>
<ServiceLinkInJourneyPattern order="2" version="any" id="SE:020:ServiceLinkInJourneyPattern:BUS_37851">
    <ServiceLinkRef ref="SE:020:ServiceLink:BUS_9025020058079901_9025020058080001"/>
</ServiceLinkInJourneyPattern>
<ServiceLinkInJourneyPattern order="3" version="any" id="SE:020:ServiceLinkInJourneyPattern:BUS_37852">
    <ServiceLinkRef ref="SE:020:ServiceLink:BUS_9025020058080001_9025020058051602"/>
</ServiceLinkInJourneyPattern>
<ServiceLinkInJourneyPattern order="4" version="any" id="SE:020:ServiceLinkInJourneyPattern:BUS_37853">
    <ServiceLinkRef ref="SE:020:ServiceLink:BUS_9025020058051602_9025020058051702"/>
</ServiceLinkInJourneyPattern>
<ServiceLinkInJourneyPattern order="5" version="any" id="SE:020:ServiceLinkInJourneyPattern:BUS_37854">
    <ServiceLinkRef ref="SE:020:ServiceLink:BUS_9025020058051702_9025020058051802"/>
</ServiceLinkInJourneyPattern>
                            </linksInSequence>
                        </JourneyPattern>
                        <JourneyPattern version="any" id="SE:020:JourneyPattern:205339415000018966">
                            <RouteRef ref="SE:020:Route:205330000088915258" version="any"/>
                            <pointsInSequence>
<StopPointInJourneyPattern order="1" version="any" id="SE:020:StopPointInJourneyPattern:205339415000018966_205330000088915263">
    <ScheduledStopPointRef ref="SE:020:ScheduledStopPoint:9022020580518001"/>
    <ForAlighting>false</ForAlighting>
    <ForBoarding>true</ForBoarding>
    <DestinationDisplayRef ref="SE:020:DestinationDisplay:205330000088915276"/>
    <RequestStop>true</RequestStop>
</StopPointInJourneyPattern>
<StopPointInJourneyPattern order="2" version="any" id="SE:020:StopPointInJourneyPattern:205339415000018966_205330000088915264">
    <ScheduledStopPointRef ref="SE:020:ScheduledStopPoint:9022020580517001"/>
    <ForAlighting>false</ForAlighting>
    <ForBoarding>true</ForBoarding>
    <RequestStop>true</RequestStop>
</StopPointInJourneyPattern>
<StopPointInJourneyPattern order="3" version="any" id="SE:020:StopPointInJourneyPattern:205339415000018966_205330000088915265">
    <ScheduledStopPointRef ref="SE:020:ScheduledStopPoint:9022020580516001"/>
    <ForAlighting>false</ForAlighting>
    <ForBoarding>true</ForBoarding>
    <RequestStop>true</RequestStop>
</StopPointInJourneyPattern>
<StopPointInJourneyPattern order="4" version="any" id="SE:020:StopPointInJourneyPattern:205339415000018966_205330000088915266">
    <ScheduledStopPointRef ref="SE:020:ScheduledStopPoint:9022020580800001"/>
    <ForAlighting>true</ForAlighting>
    <ForBoarding>true</ForBoarding>
    <RequestStop>true</RequestStop>
</StopPointInJourneyPattern>
<StopPointInJourneyPattern order="5" version="any" id="SE:020:StopPointInJourneyPattern:205339415000018966_205330000088915267">
    <ScheduledStopPointRef ref="SE:020:ScheduledStopPoint:9022020580799001"/>
    <ForAlighting>true</ForAlighting>
    <ForBoarding>true</ForBoarding>
    <RequestStop>true</RequestStop>
</StopPointInJourneyPattern>
<StopPointInJourneyPattern order="6" version="any" id="SE:020:StopPointInJourneyPattern:205339415000018966_205330000088915268">
    <ScheduledStopPointRef ref="SE:020:ScheduledStopPoint:9022020580798001"/>
    <ForAlighting>true</ForAlighting>
    <ForBoarding>false</ForBoarding>
    <RequestStop>true</RequestStop>
</StopPointInJourneyPattern>
                            </pointsInSequence>
                            <linksInSequence>
<ServiceLinkInJourneyPattern order="1" version="any" id="SE:020:ServiceLinkInJourneyPattern:BUS_37855">
    <ServiceLinkRef ref="SE:020:ServiceLink:BUS_9025020058051801_9025020058051701"/>
</ServiceLinkInJourneyPattern>
<ServiceLinkInJourneyPattern order="2" version="any" id="SE:020:ServiceLinkInJourneyPattern:BUS_37856">
    <ServiceLinkRef ref="SE:020:ServiceLink:BUS_9025020058051701_9025020058051601"/>
</ServiceLinkInJourneyPattern>
<ServiceLinkInJourneyPattern order="3" version="any" id="SE:020:ServiceLinkInJourneyPattern:BUS_37857">
    <ServiceLinkRef ref="SE:020:ServiceLink:BUS_9025020058051601_9025020058080001"/>
</ServiceLinkInJourneyPattern>
<ServiceLinkInJourneyPattern order="4" version="any" id="SE:020:ServiceLinkInJourneyPattern:BUS_37858">
    <ServiceLinkRef ref="SE:020:ServiceLink:BUS_9025020058080001_9025020058079901"/>
</ServiceLinkInJourneyPattern>
<ServiceLinkInJourneyPattern order="5" version="any" id="SE:020:ServiceLinkInJourneyPattern:BUS_37859">
    <ServiceLinkRef ref="SE:020:ServiceLink:BUS_9025020058079901_9025020058079801"/>
</ServiceLinkInJourneyPattern>
                            </linksInSequence>
                        </JourneyPattern>
                        <JourneyPattern version="any" id="SE:020:JourneyPattern:205339415000024675">
                            <RouteRef ref="SE:020:Route:205330000088915258" version="any"/>
                            <pointsInSequence>
<StopPointInJourneyPattern order="1" version="any" id="SE:020:StopPointInJourneyPattern:205339415000024675_205330000088915263">
    <ScheduledStopPointRef ref="SE:020:ScheduledStopPoint:9022020580518001"/>
    <ForAlighting>false</ForAlighting>
    <ForBoarding>true</ForBoarding>
    <DestinationDisplayRef ref="SE:020:DestinationDisplay:205330000113218759"/>
    <RequestStop>true</RequestStop>
</StopPointInJourneyPattern>
<StopPointInJourneyPattern order="2" version="any" id="SE:020:StopPointInJourneyPattern:205339415000024675_205330000088915264">
    <ScheduledStopPointRef ref="SE:020:ScheduledStopPoint:9022020580517001"/>
    <ForAlighting>false</ForAlighting>
    <ForBoarding>true</ForBoarding>
    <RequestStop>true</RequestStop>
</StopPointInJourneyPattern>
<StopPointInJourneyPattern order="3" version="any" id="SE:020:StopPointInJourneyPattern:205339415000024675_205330000088915265">
    <ScheduledStopPointRef ref="SE:020:ScheduledStopPoint:9022020580516001"/>
    <ForAlighting>false</ForAlighting>
    <ForBoarding>true</ForBoarding>
    <RequestStop>true</RequestStop>
</StopPointInJourneyPattern>
<StopPointInJourneyPattern order="4" version="any" id="SE:020:StopPointInJourneyPattern:205339415000024675_205330000088915266">
    <ScheduledStopPointRef ref="SE:020:ScheduledStopPoint:9022020580800001"/>
    <ForAlighting>true</ForAlighting>
    <ForBoarding>true</ForBoarding>
    <RequestStop>true</RequestStop>
</StopPointInJourneyPattern>
<StopPointInJourneyPattern order="5" version="any" id="SE:020:StopPointInJourneyPattern:205339415000024675_205330000088915267">
    <ScheduledStopPointRef ref="SE:020:ScheduledStopPoint:9022020580799001"/>
    <ForAlighting>true</ForAlighting>
    <ForBoarding>true</ForBoarding>
    <RequestStop>true</RequestStop>
</StopPointInJourneyPattern>
<StopPointInJourneyPattern order="6" version="any" id="SE:020:StopPointInJourneyPattern:205339415000024675_205330000088915268">
    <ScheduledStopPointRef ref="SE:020:ScheduledStopPoint:9022020580798001"/>
    <ForAlighting>true</ForAlighting>
    <ForBoarding>false</ForBoarding>
    <RequestStop>true</RequestStop>
</StopPointInJourneyPattern>
                            </pointsInSequence>
                            <linksInSequence>
<ServiceLinkInJourneyPattern order="1" version="any" id="SE:020:ServiceLinkInJourneyPattern:BUS_37860">
    <ServiceLinkRef ref="SE:020:ServiceLink:BUS_9025020058051801_9025020058051701"/>
</ServiceLinkInJourneyPattern>
<ServiceLinkInJourneyPattern order="2" version="any" id="SE:020:ServiceLinkInJourneyPattern:BUS_37861">
    <ServiceLinkRef ref="SE:020:ServiceLink:BUS_9025020058051701_9025020058051601"/>
</ServiceLinkInJourneyPattern>
<ServiceLinkInJourneyPattern order="3" version="any" id="SE:020:ServiceLinkInJourneyPattern:BUS_37862">
    <ServiceLinkRef ref="SE:020:ServiceLink:BUS_9025020058051601_9025020058080001"/>
</ServiceLinkInJourneyPattern>
<ServiceLinkInJourneyPattern order="4" version="any" id="SE:020:ServiceLinkInJourneyPattern:BUS_37863">
    <ServiceLinkRef ref="SE:020:ServiceLink:BUS_9025020058080001_9025020058079901"/>
</ServiceLinkInJourneyPattern>
<ServiceLinkInJourneyPattern order="5" version="any" id="SE:020:ServiceLinkInJourneyPattern:BUS_37864">
    <ServiceLinkRef ref="SE:020:ServiceLink:BUS_9025020058079901_9025020058079801"/>
</ServiceLinkInJourneyPattern>
                            </linksInSequence>
                        </JourneyPattern>
                    </journeyPatterns>
                </ServiceFrame>
                <TimetableFrame version="20240902035740" id="SE:020:TimetableFrame:9011020062200000">
                    <vehicleJourneys>
                        <ServiceJourney version="any" id="SE:020:ServiceJourney:205330000113218775">
                            <TransportMode>bus</TransportMode>
                            <TransportSubmode>
<BusSubmode>unknown</BusSubmode>
                            </TransportSubmode>
                            <dayTypes>
<DayTypeRef ref="SE:020:DayType:88p3nq9vvdlprhuh7rt2f9pv4eg6okgo"/>
                            </dayTypes>
                            <JourneyPatternRef ref="SE:020:JourneyPattern:205339415000024674" version="any"/>
                            <OperatorRef ref="SE:020:Operator:9013020810000000"/>
                            <passingTimes>
<TimetabledPassingTime version="any" id="SE:020:TimetabledPassingTime:205330000113218767">
    <StopPointInJourneyPatternRef ref="SE:020:StopPointInJourneyPattern:205339415000024674_205330000088915241" version="any"/>
    <DepartureTime>09:25:00</DepartureTime>
</TimetabledPassingTime>
<TimetabledPassingTime version="any" id="SE:020:TimetabledPassingTime:205330000113218768">
    <StopPointInJourneyPatternRef ref="SE:020:StopPointInJourneyPattern:205339415000024674_205330000088915242" version="any"/>
    <ArrivalTime>09:26:01</ArrivalTime>
    <DepartureTime>09:26:01</DepartureTime>
</TimetabledPassingTime>
<TimetabledPassingTime version="any" id="SE:020:TimetabledPassingTime:205330000113218769">
    <StopPointInJourneyPatternRef ref="SE:020:StopPointInJourneyPattern:205339415000024674_205330000088915243" version="any"/>
    <ArrivalTime>09:35:00</ArrivalTime>
    <DepartureTime>09:35:00</DepartureTime>
</TimetabledPassingTime>
<TimetabledPassingTime version="any" id="SE:020:TimetabledPassingTime:205330000113218770">
    <StopPointInJourneyPatternRef ref="SE:020:StopPointInJourneyPattern:205339415000024674_205330000088915244" version="any"/>
    <ArrivalTime>09:40:06</ArrivalTime>
    <DepartureTime>09:40:06</DepartureTime>
</TimetabledPassingTime>
<TimetabledPassingTime version="any" id="SE:020:TimetabledPassingTime:205330000113218771">
    <StopPointInJourneyPatternRef ref="SE:020:StopPointInJourneyPattern:205339415000024674_205330000088915245" version="any"/>
    <ArrivalTime>09:42:00</ArrivalTime>
    <DepartureTime>09:42:00</DepartureTime>
</TimetabledPassingTime>
<TimetabledPassingTime version="any" id="SE:020:TimetabledPassingTime:205330000113218772">
    <StopPointInJourneyPatternRef ref="SE:020:StopPointInJourneyPattern:205339415000024674_205330000088915246" version="any"/>
    <ArrivalTime>09:45:00</ArrivalTime>
</TimetabledPassingTime>
                            </passingTimes>
                            <FlexibleServiceProperties>
<FlexibleServiceType>fixedPassingTimes</FlexibleServiceType>
<BookWhen>advanceOnly</BookWhen>
<BookingNote>Turen ska förbeställas senast 2 timmar före bussens avgångstid, gäller i vår app Dalatrafik eller via telefon 0774-44 00 00.</BookingNote>
                            </FlexibleServiceProperties>
                        </ServiceJourney>
                        <ServiceJourney version="any" id="SE:020:ServiceJourney:205330000113218790">
                            <TransportMode>bus</TransportMode>
                            <TransportSubmode>
<BusSubmode>unknown</BusSubmode>
                            </TransportSubmode>
                            <dayTypes>
<DayTypeRef ref="SE:020:DayType:88p3nq9vvdlprhuh7rt2f9pv4eg6okgo"/>
                            </dayTypes>
                            <JourneyPatternRef ref="SE:020:JourneyPattern:205339415000024675" version="any"/>
                            <OperatorRef ref="SE:020:Operator:9013020810000000"/>
                            <passingTimes>
<TimetabledPassingTime version="any" id="SE:020:TimetabledPassingTime:205330000113218782">
    <StopPointInJourneyPatternRef ref="SE:020:StopPointInJourneyPattern:205339415000024675_205330000088915263" version="any"/>
    <DepartureTime>13:02:00</DepartureTime>
</TimetabledPassingTime>
<TimetabledPassingTime version="any" id="SE:020:TimetabledPassingTime:205330000113218783">
    <StopPointInJourneyPatternRef ref="SE:020:StopPointInJourneyPattern:205339415000024675_205330000088915264" version="any"/>
    <ArrivalTime>13:04:00</ArrivalTime>
    <DepartureTime>13:04:00</DepartureTime>
</TimetabledPassingTime>
<TimetabledPassingTime version="any" id="SE:020:TimetabledPassingTime:205330000113218784">
    <StopPointInJourneyPatternRef ref="SE:020:StopPointInJourneyPattern:205339415000024675_205330000088915265" version="any"/>
    <ArrivalTime>13:05:08</ArrivalTime>
    <DepartureTime>13:05:08</DepartureTime>
</TimetabledPassingTime>
<TimetabledPassingTime version="any" id="SE:020:TimetabledPassingTime:205330000113218785">
    <StopPointInJourneyPatternRef ref="SE:020:StopPointInJourneyPattern:205339415000024675_205330000088915266" version="any"/>
    <ArrivalTime>13:09:00</ArrivalTime>
    <DepartureTime>13:09:00</DepartureTime>
</TimetabledPassingTime>
<TimetabledPassingTime version="any" id="SE:020:TimetabledPassingTime:205330000113218786">
    <StopPointInJourneyPatternRef ref="SE:020:StopPointInJourneyPattern:205339415000024675_205330000088915267" version="any"/>
    <ArrivalTime>13:19:23</ArrivalTime>
    <DepartureTime>13:19:23</DepartureTime>
</TimetabledPassingTime>
<TimetabledPassingTime version="any" id="SE:020:TimetabledPassingTime:205330000113218787">
    <StopPointInJourneyPatternRef ref="SE:020:StopPointInJourneyPattern:205339415000024675_205330000088915268" version="any"/>
    <ArrivalTime>13:22:00</ArrivalTime>
</TimetabledPassingTime>
                            </passingTimes>
                            <FlexibleServiceProperties>
<FlexibleServiceType>fixedPassingTimes</FlexibleServiceType>
<BookWhen>advanceOnly</BookWhen>
<BookingNote>Turen ska förbeställas senast 2 timmar före bussens avgångstid, gäller i vår app Dalatrafik eller via telefon 0774-44 00 00.</BookingNote>
                            </FlexibleServiceProperties>
                        </ServiceJourney>
                    </vehicleJourneys>
                </TimetableFrame>
            </frames>
        </CompositeFrame>
    </dataObjects>
</PublicationDelivery>
