<?xml version="1.0" encoding="UTF-8" standalone="yes"?>
<PublicationDelivery xmlns="http://www.netex.org.uk/netex" xmlns:ns2="http://www.opengis.net/gml/3.2" xmlns:ns3="http://www.siri.org.uk/siri" version="1.11:NO-NeTEx-networktimetable:1.3">
    <PublicationTimestamp>2024-09-02T03:57:40</PublicationTimestamp>
    <ParticipantRef>SAM</ParticipantRef>
    <dataObjects>
        <CompositeFrame created="2024-09-02T03:57:40" version="20240902035740" id="SE:020:CompositeFrame:9011020062700000">
            <ValidBetween>
                <FromDate>1970-01-01T00:00:00</FromDate>
            </ValidBetween>
            <codespaces>
                <Codespace id="SE:020">
                    <Xmlns>SE:020</Xmlns>
                    <XmlnsUrl>http://www.samtrafiken.se/ns/dt</XmlnsUrl>
                </Codespace>
            </codespaces>
            <FrameDefaults>
                <DefaultLocale>
                    <TimeZone>Europe/Stockholm</TimeZone>
                    <DefaultLanguage>se</DefaultLanguage>
                </DefaultLocale>
                <DefaultLocationSystem>4326</DefaultLocationSystem>
            </FrameDefaults>
            <frames>
                <ServiceFrame version="20240902035740" id="SE:020:ServiceFrame:9011020062700000">
                    <routes>
                        <Route version="any" id="SE:020:Route:205330000094831851">
                            <Name>Flextrafik</Name>
                            <LineRef ref="SE:020:Line:9011020062700000" version="200616"/>
                            <DirectionType>outbound</DirectionType>
                            <pointsInSequence>
<PointOnRoute order="1" version="any" id="SE:020:PointOnRoute:205330000094831856">
    <RoutePointRef ref="SE:020:RoutePoint:9022020581980001"/>
</PointOnRoute>
<PointOnRoute order="2" version="any" id="SE:020:PointOnRoute:205330000094831857">
    <RoutePointRef ref="SE:020:RoutePoint:9022020581386001"/>
</PointOnRoute>
                            </pointsInSequence>
                        </Route>
                        <Route version="any" id="SE:020:Route:205330000094831833">
                            <Name>Flextrafik</Name>
                            <LineRef ref="SE:020:Line:9011020062700000" version="200616"/>
                            <DirectionType>outbound</DirectionType>
                            <pointsInSequence>
<PointOnRoute order="1" version="any" id="SE:020:PointOnRoute:205330000094831838">
    <RoutePointRef ref="SE:020:RoutePoint:9022020581386001"/>
</PointOnRoute>
<PointOnRoute order="2" version="any" id="SE:020:PointOnRoute:205330000094831839">
    <RoutePointRef ref="SE:020:RoutePoint:9022020581980001"/>
</PointOnRoute>
                            </pointsInSequence>
                        </Route>
                    </routes>
                    <lines>
                        <Line version="200616" id="SE:020:Line:9011020062700000">
                            <ValidBetween>
<FromDate>2020-06-16T00:00:00</FromDate>
                            </ValidBetween>
                            <Name>627</Name>
                            <TransportMode>taxi</TransportMode>
                            <PublicCode>627</PublicCode>
                            <PrivateCode>627</PrivateCode>
                            <RepresentedByGroupRef ref="SE:020:Network:9010020000000000"/>
                        </Line>
                    </lines>
                    <journeyPatterns>
                        <JourneyPattern version="any" id="SE:020:JourneyPattern:205339415000020995">
                            <RouteRef ref="SE:020:Route:205330000094831851" version="any"/>
                            <pointsInSequence>
<StopPointInJourneyPattern order="1" version="any" id="SE:020:StopPointInJourneyPattern:205339415000020995_205330000094831856">
    <ScheduledStopPointRef ref="SE:020:ScheduledStopPoint:9022020581980001"/>
    <ForAlighting>false</ForAlighting>
    <ForBoarding>true</ForBoarding>
    <DestinationDisplayRef ref="SE:020:DestinationDisplay:205330000094831865"/>
    <RequestStop>true</RequestStop>
</StopPointInJourneyPattern>
<StopPointInJourneyPattern order="2" version="any" id="SE:020:StopPointInJourneyPattern:205339415000020995_205330000094831857">
    <ScheduledStopPointRef ref="SE:020:ScheduledStopPoint:9022020581386001"/>
    <ForAlighting>true</ForAlighting>
    <ForBoarding>false</ForBoarding>
    <RequestStop>true</RequestStop>
</StopPointInJourneyPattern>
                            </pointsInSequence>
                            <linksInSequence>
<ServiceLinkInJourneyPattern order="1" version="any" id="SE:020:ServiceLinkInJourneyPattern:TAXI_42167">
    <ServiceLinkRef ref="SE:020:ServiceLink:TAXI_9025020058198001_9025020058138601"/>
</ServiceLinkInJourneyPattern>
                            </linksInSequence>
                        </JourneyPattern>
                        <JourneyPattern version="any" id="SE:020:JourneyPattern:205339415000020994">
                            <RouteRef ref="SE:020:Route:205330000094831833" version="any"/>
                            <pointsInSequence>
<StopPointInJourneyPattern order="1" version="any" id="SE:020:StopPointInJourneyPattern:205339415000020994_205330000094831838">
    <ScheduledStopPointRef ref="SE:020:ScheduledStopPoint:9022020581386001"/>
    <ForAlighting>false</ForAlighting>
    <ForBoarding>true</ForBoarding>
    <DestinationDisplayRef ref="SE:020:DestinationDisplay:205330000094831847"/>
    <RequestStop>true</RequestStop>
</StopPointInJourneyPattern>
<StopPointInJourneyPattern order="2" version="any" id="SE:020:StopPointInJourneyPattern:205339415000020994_205330000094831839">
    <ScheduledStopPointRef ref="SE:020:ScheduledStopPoint:9022020581980001"/>
    <ForAlighting>true</ForAlighting>
    <ForBoarding>false</ForBoarding>
    <RequestStop>true</RequestStop>
</StopPointInJourneyPattern>
                            </pointsInSequence>
                            <linksInSequence>
<ServiceLinkInJourneyPattern order="1" version="any" id="SE:020:ServiceLinkInJourneyPattern:TAXI_42168">
    <ServiceLinkRef ref="SE:020:ServiceLink:TAXI_9025020058138601_9025020058198001"/>
</ServiceLinkInJourneyPattern>
                            </linksInSequence>
                        </JourneyPattern>
                    </journeyPatterns>
                </ServiceFrame>
                <TimetableFrame version="20240902035740" id="SE:020:TimetableFrame:9011020062700000">
                    <vehicleJourneys>
                        <ServiceJourney version="any" id="SE:020:ServiceJourney:205330000116444586">
                            <TransportMode>bus</TransportMode>
                            <TransportSubmode>
<BusSubmode>unknown</BusSubmode>
                            </TransportSubmode>
                            <dayTypes>
<DayTypeRef ref="SE:020:DayType:sra87i4966dst8tue40hod0e7e32i962"/>
                            </dayTypes>
                            <JourneyPatternRef ref="SE:020:JourneyPattern:205339415000020994" version="any"/>
                            <OperatorRef ref="SE:020:Operator:9013020810000000"/>
                            <passingTimes>
<TimetabledPassingTime version="any" id="SE:020:TimetabledPassingTime:205330000116444582">
    <StopPointInJourneyPatternRef ref="SE:020:StopPointInJourneyPattern:205339415000020994_205330000094831838" version="any"/>
    <DepartureTime>12:30:00</DepartureTime>
</TimetabledPassingTime>
<TimetabledPassingTime version="any" id="SE:020:TimetabledPassingTime:205330000116444583">
    <StopPointInJourneyPatternRef ref="SE:020:StopPointInJourneyPattern:205339415000020994_205330000094831839" version="any"/>
    <ArrivalTime>13:00:00</ArrivalTime>
</TimetabledPassingTime>
                            </passingTimes>
                            <FlexibleServiceProperties>
<FlexibleServiceType>fixedPassingTimes</FlexibleServiceType>
<BookWhen>advanceOnly</BookWhen>
<BookingNote>Turen ska förbeställas senast 2 timmar före bussens avgångstid via telefon 0774-44 00 00.</BookingNote>
                            </FlexibleServiceProperties>
                        </ServiceJourney>
                        <ServiceJourney version="any" id="SE:020:ServiceJourney:205330000116444503">
                            <TransportMode>bus</TransportMode>
                            <TransportSubmode>
<BusSubmode>unknown</BusSubmode>
                            </TransportSubmode>
                            <dayTypes>
<DayTypeRef ref="SE:020:DayType:sra87i4966dst8tue40hod0e7e32i962"/>
                            </dayTypes>
                            <JourneyPatternRef ref="SE:020:JourneyPattern:205339415000020995" version="any"/>
                            <OperatorRef ref="SE:020:Operator:9013020810000000"/>
                            <passingTimes>
<TimetabledPassingTime version="any" id="SE:020:TimetabledPassingTime:205330000116444499">
    <StopPointInJourneyPatternRef ref="SE:020:StopPointInJourneyPattern:205339415000020995_205330000094831856" version="any"/>
    <DepartureTime>10:00:00</DepartureTime>
</TimetabledPassingTime>
<TimetabledPassingTime version="any" id="SE:020:TimetabledPassingTime:205330000116444500">
    <StopPointInJourneyPatternRef ref="SE:020:StopPointInJourneyPattern:205339415000020995_205330000094831857" version="any"/>
    <ArrivalTime>10:30:00</ArrivalTime>
</TimetabledPassingTime>
                            </passingTimes>
                            <FlexibleServiceProperties>
<FlexibleServiceType>fixedPassingTimes</FlexibleServiceType>
<BookWhen>advanceOnly</BookWhen>
<BookingNote>Turen ska förbeställas senast 2 timmar före bussens avgångstid via telefon 0774-44 00 00.</BookingNote>
                            </FlexibleServiceProperties>
                        </ServiceJourney>
                    </vehicleJourneys>
                </TimetableFrame>
            </frames>
        </CompositeFrame>
    </dataObjects>
</PublicationDelivery>
