<?xml version="1.0" encoding="UTF-8" standalone="yes"?>
<PublicationDelivery xmlns="http://www.netex.org.uk/netex" xmlns:ns2="http://www.opengis.net/gml/3.2" xmlns:ns3="http://www.siri.org.uk/siri" version="1.11:NO-NeTEx-networktimetable:1.3">
    <PublicationTimestamp>2024-09-02T03:57:40</PublicationTimestamp>
    <ParticipantRef>SAM</ParticipantRef>
    <dataObjects>
        <CompositeFrame created="2024-09-02T03:57:40" version="20240902035740" id="SE:020:CompositeFrame:9011020093700000">
            <ValidBetween>
                <FromDate>1970-01-01T00:00:00</FromDate>
            </ValidBetween>
            <codespaces>
                <Codespace id="SE:020">
                    <Xmlns>SE:020</Xmlns>
                    <XmlnsUrl>http://www.samtrafiken.se/ns/dt</XmlnsUrl>
                </Codespace>
            </codespaces>
            <FrameDefaults>
                <DefaultLocale>
                    <TimeZone>Europe/Stockholm</TimeZone>
                    <DefaultLanguage>se</DefaultLanguage>
                </DefaultLocale>
                <DefaultLocationSystem>4326</DefaultLocationSystem>
            </FrameDefaults>
            <frames>
                <ServiceFrame version="20240902035740" id="SE:020:ServiceFrame:9011020093700000">
                    <routes>
                        <Route version="any" id="SE:020:Route:205330000104804536">
                            <Name>Vika Strand</Name>
                            <LineRef ref="SE:020:Line:9011020093700000" version="160818"/>
                            <DirectionType>outbound</DirectionType>
                            <pointsInSequence>
<PointOnRoute order="1" version="any" id="SE:020:PointOnRoute:205330000104804541">
    <RoutePointRef ref="SE:020:RoutePoint:9022020580639001"/>
</PointOnRoute>
<PointOnRoute order="2" version="any" id="SE:020:PointOnRoute:205330000104804542">
    <RoutePointRef ref="SE:020:RoutePoint:9022020580148001"/>
</PointOnRoute>
<PointOnRoute order="3" version="any" id="SE:020:PointOnRoute:205330000104804543">
    <RoutePointRef ref="SE:020:RoutePoint:9022020580791002"/>
</PointOnRoute>
<PointOnRoute order="4" version="any" id="SE:020:PointOnRoute:205330000104804544">
    <RoutePointRef ref="SE:020:RoutePoint:9022020580599002"/>
</PointOnRoute>
<PointOnRoute order="5" version="any" id="SE:020:PointOnRoute:205330000104804545">
    <RoutePointRef ref="SE:020:RoutePoint:9022020580598002"/>
</PointOnRoute>
<PointOnRoute order="6" version="any" id="SE:020:PointOnRoute:205330000104804546">
    <RoutePointRef ref="SE:020:RoutePoint:9022020580244002"/>
</PointOnRoute>
<PointOnRoute order="7" version="any" id="SE:020:PointOnRoute:205330000104804547">
    <RoutePointRef ref="SE:020:RoutePoint:9022020580790002"/>
</PointOnRoute>
<PointOnRoute order="8" version="any" id="SE:020:PointOnRoute:205330000104804548">
    <RoutePointRef ref="SE:020:RoutePoint:9022020580642002"/>
</PointOnRoute>
<PointOnRoute order="9" version="any" id="SE:020:PointOnRoute:205330000104804549">
    <RoutePointRef ref="SE:020:RoutePoint:9022020580830002"/>
</PointOnRoute>
<PointOnRoute order="10" version="any" id="SE:020:PointOnRoute:205330000104804550">
    <RoutePointRef ref="SE:020:RoutePoint:9022020580220002"/>
</PointOnRoute>
<PointOnRoute order="11" version="any" id="SE:020:PointOnRoute:205330000104804551">
    <RoutePointRef ref="SE:020:RoutePoint:9022020580221002"/>
</PointOnRoute>
<PointOnRoute order="12" version="any" id="SE:020:PointOnRoute:205330000104804552">
    <RoutePointRef ref="SE:020:RoutePoint:9022020580222002"/>
</PointOnRoute>
<PointOnRoute order="13" version="any" id="SE:020:PointOnRoute:205330000104804553">
    <RoutePointRef ref="SE:020:RoutePoint:9022020580223002"/>
</PointOnRoute>
<PointOnRoute order="14" version="any" id="SE:020:PointOnRoute:205330000104804554">
    <RoutePointRef ref="SE:020:RoutePoint:9022020580224002"/>
</PointOnRoute>
<PointOnRoute order="15" version="any" id="SE:020:PointOnRoute:205330000104804555">
    <RoutePointRef ref="SE:020:RoutePoint:9022020580225002"/>
</PointOnRoute>
<PointOnRoute order="16" version="any" id="SE:020:PointOnRoute:205330000104804556">
    <RoutePointRef ref="SE:020:RoutePoint:9022020580226002"/>
</PointOnRoute>
<PointOnRoute order="17" version="any" id="SE:020:PointOnRoute:205330000104804557">
    <RoutePointRef ref="SE:020:RoutePoint:9022020580237002"/>
</PointOnRoute>
<PointOnRoute order="18" version="any" id="SE:020:PointOnRoute:205330000104804558">
    <RoutePointRef ref="SE:020:RoutePoint:9022020580238002"/>
</PointOnRoute>
<PointOnRoute order="19" version="any" id="SE:020:PointOnRoute:205330000104804559">
    <RoutePointRef ref="SE:020:RoutePoint:9022020580239002"/>
</PointOnRoute>
<PointOnRoute order="20" version="any" id="SE:020:PointOnRoute:205330000104804560">
    <RoutePointRef ref="SE:020:RoutePoint:9022020580240002"/>
</PointOnRoute>
<PointOnRoute order="21" version="any" id="SE:020:PointOnRoute:205330000104804561">
    <RoutePointRef ref="SE:020:RoutePoint:9022020580241002"/>
</PointOnRoute>
<PointOnRoute order="22" version="any" id="SE:020:PointOnRoute:205330000104804562">
    <RoutePointRef ref="SE:020:RoutePoint:9022020580242002"/>
</PointOnRoute>
<PointOnRoute order="23" version="any" id="SE:020:PointOnRoute:205330000104804563">
    <RoutePointRef ref="SE:020:RoutePoint:9022020580236001"/>
</PointOnRoute>
<PointOnRoute order="24" version="any" id="SE:020:PointOnRoute:205330000104804564">
    <RoutePointRef ref="SE:020:RoutePoint:9022020580235001"/>
</PointOnRoute>
<PointOnRoute order="25" version="any" id="SE:020:PointOnRoute:205330000104804565">
    <RoutePointRef ref="SE:020:RoutePoint:9022020580234001"/>
</PointOnRoute>
<PointOnRoute order="26" version="any" id="SE:020:PointOnRoute:205330000104804566">
    <RoutePointRef ref="SE:020:RoutePoint:9022020580147001"/>
</PointOnRoute>
<PointOnRoute order="27" version="any" id="SE:020:PointOnRoute:205330000104804567">
    <RoutePointRef ref="SE:020:RoutePoint:9022020580233001"/>
</PointOnRoute>
<PointOnRoute order="28" version="any" id="SE:020:PointOnRoute:205330000104804568">
    <RoutePointRef ref="SE:020:RoutePoint:9022020580140001"/>
</PointOnRoute>
<PointOnRoute order="29" version="any" id="SE:020:PointOnRoute:205330000104804569">
    <RoutePointRef ref="SE:020:RoutePoint:9022020580350001"/>
</PointOnRoute>
<PointOnRoute order="30" version="any" id="SE:020:PointOnRoute:205330000104804570">
    <RoutePointRef ref="SE:020:RoutePoint:9022020580131003"/>
</PointOnRoute>
<PointOnRoute order="31" version="any" id="SE:020:PointOnRoute:205330000104804571">
    <RoutePointRef ref="SE:020:RoutePoint:9022020580231001"/>
</PointOnRoute>
<PointOnRoute order="32" version="any" id="SE:020:PointOnRoute:205330000104804572">
    <RoutePointRef ref="SE:020:RoutePoint:9022020580149001"/>
</PointOnRoute>
<PointOnRoute order="33" version="any" id="SE:020:PointOnRoute:205330000104804573">
    <RoutePointRef ref="SE:020:RoutePoint:9022020580137001"/>
</PointOnRoute>
<PointOnRoute order="34" version="any" id="SE:020:PointOnRoute:205330000104804574">
    <RoutePointRef ref="SE:020:RoutePoint:9022020580230001"/>
</PointOnRoute>
<PointOnRoute order="35" version="any" id="SE:020:PointOnRoute:205330000104804575">
    <RoutePointRef ref="SE:020:RoutePoint:9022020580229001"/>
</PointOnRoute>
<PointOnRoute order="36" version="any" id="SE:020:PointOnRoute:205330000104804576">
    <RoutePointRef ref="SE:020:RoutePoint:9022020580228001"/>
</PointOnRoute>
<PointOnRoute order="37" version="any" id="SE:020:PointOnRoute:205330000104804577">
    <RoutePointRef ref="SE:020:RoutePoint:9022020580138001"/>
</PointOnRoute>
<PointOnRoute order="38" version="any" id="SE:020:PointOnRoute:205330000104804578">
    <RoutePointRef ref="SE:020:RoutePoint:9022020580227001"/>
</PointOnRoute>
<PointOnRoute order="39" version="any" id="SE:020:PointOnRoute:205330000104804579">
    <RoutePointRef ref="SE:020:RoutePoint:9022020580248001"/>
</PointOnRoute>
<PointOnRoute order="40" version="any" id="SE:020:PointOnRoute:205330000104804580">
    <RoutePointRef ref="SE:020:RoutePoint:9022020580250001"/>
</PointOnRoute>
                            </pointsInSequence>
                        </Route>
                    </routes>
                    <lines>
                        <Line version="160818" id="SE:020:Line:9011020093700000">
                            <ValidBetween>
<FromDate>2016-08-18T00:00:00</FromDate>
                            </ValidBetween>
                            <Name>937</Name>
                            <TransportMode>bus</TransportMode>
                            <TransportSubmode>
<BusSubmode>unknown</BusSubmode>
                            </TransportSubmode>
                            <PublicCode>937</PublicCode>
                            <PrivateCode>937</PrivateCode>
                            <RepresentedByGroupRef ref="SE:020:Network:9010020000000000"/>
                        </Line>
                    </lines>
                    <journeyPatterns>
                        <JourneyPattern version="any" id="SE:020:JourneyPattern:205339415000023494">
                            <RouteRef ref="SE:020:Route:205330000104804536" version="any"/>
                            <pointsInSequence>
<StopPointInJourneyPattern order="1" version="any" id="SE:020:StopPointInJourneyPattern:205339415000023494_205330000104804541">
    <ScheduledStopPointRef ref="SE:020:ScheduledStopPoint:9022020580639001"/>
    <ForAlighting>false</ForAlighting>
    <ForBoarding>true</ForBoarding>
    <DestinationDisplayRef ref="SE:020:DestinationDisplay:205330000104804588"/>
    <RequestStop>true</RequestStop>
</StopPointInJourneyPattern>
<StopPointInJourneyPattern order="2" version="any" id="SE:020:StopPointInJourneyPattern:205339415000023494_205330000104804542">
    <ScheduledStopPointRef ref="SE:020:ScheduledStopPoint:9022020580148001"/>
    <ForAlighting>true</ForAlighting>
    <ForBoarding>true</ForBoarding>
    <RequestStop>true</RequestStop>
</StopPointInJourneyPattern>
<StopPointInJourneyPattern order="3" version="any" id="SE:020:StopPointInJourneyPattern:205339415000023494_205330000104804543">
    <ScheduledStopPointRef ref="SE:020:ScheduledStopPoint:9022020580791002"/>
    <ForAlighting>true</ForAlighting>
    <ForBoarding>true</ForBoarding>
    <RequestStop>true</RequestStop>
</StopPointInJourneyPattern>
<StopPointInJourneyPattern order="4" version="any" id="SE:020:StopPointInJourneyPattern:205339415000023494_205330000104804544">
    <ScheduledStopPointRef ref="SE:020:ScheduledStopPoint:9022020580599002"/>
    <ForAlighting>true</ForAlighting>
    <ForBoarding>true</ForBoarding>
    <RequestStop>true</RequestStop>
</StopPointInJourneyPattern>
<StopPointInJourneyPattern order="5" version="any" id="SE:020:StopPointInJourneyPattern:205339415000023494_205330000104804545">
    <ScheduledStopPointRef ref="SE:020:ScheduledStopPoint:9022020580598002"/>
    <ForAlighting>true</ForAlighting>
    <ForBoarding>true</ForBoarding>
    <RequestStop>true</RequestStop>
</StopPointInJourneyPattern>
<StopPointInJourneyPattern order="6" version="any" id="SE:020:StopPointInJourneyPattern:205339415000023494_205330000104804546">
    <ScheduledStopPointRef ref="SE:020:ScheduledStopPoint:9022020580244002"/>
    <ForAlighting>true</ForAlighting>
    <ForBoarding>true</ForBoarding>
    <RequestStop>true</RequestStop>
</StopPointInJourneyPattern>
<StopPointInJourneyPattern order="7" version="any" id="SE:020:StopPointInJourneyPattern:205339415000023494_205330000104804547">
    <ScheduledStopPointRef ref="SE:020:ScheduledStopPoint:9022020580790002"/>
    <ForAlighting>true</ForAlighting>
    <ForBoarding>true</ForBoarding>
    <RequestStop>true</RequestStop>
</StopPointInJourneyPattern>
<StopPointInJourneyPattern order="8" version="any" id="SE:020:StopPointInJourneyPattern:205339415000023494_205330000104804548">
    <ScheduledStopPointRef ref="SE:020:ScheduledStopPoint:9022020580642002"/>
    <ForAlighting>true</ForAlighting>
    <ForBoarding>true</ForBoarding>
    <RequestStop>true</RequestStop>
</StopPointInJourneyPattern>
<StopPointInJourneyPattern order="9" version="any" id="SE:020:StopPointInJourneyPattern:205339415000023494_205330000104804549">
    <ScheduledStopPointRef ref="SE:020:ScheduledStopPoint:9022020580830002"/>
    <ForAlighting>true</ForAlighting>
    <ForBoarding>true</ForBoarding>
    <RequestStop>true</RequestStop>
</StopPointInJourneyPattern>
<StopPointInJourneyPattern order="10" version="any" id="SE:020:StopPointInJourneyPattern:205339415000023494_205330000104804550">
    <ScheduledStopPointRef ref="SE:020:ScheduledStopPoint:9022020580220002"/>
    <ForAlighting>true</ForAlighting>
    <ForBoarding>true</ForBoarding>
    <RequestStop>true</RequestStop>
</StopPointInJourneyPattern>
<StopPointInJourneyPattern order="11" version="any" id="SE:020:StopPointInJourneyPattern:205339415000023494_205330000104804551">
    <ScheduledStopPointRef ref="SE:020:ScheduledStopPoint:9022020580221002"/>
    <ForAlighting>true</ForAlighting>
    <ForBoarding>true</ForBoarding>
    <RequestStop>true</RequestStop>
</StopPointInJourneyPattern>
<StopPointInJourneyPattern order="12" version="any" id="SE:020:StopPointInJourneyPattern:205339415000023494_205330000104804552">
    <ScheduledStopPointRef ref="SE:020:ScheduledStopPoint:9022020580222002"/>
    <ForAlighting>true</ForAlighting>
    <ForBoarding>true</ForBoarding>
    <RequestStop>true</RequestStop>
</StopPointInJourneyPattern>
<StopPointInJourneyPattern order="13" version="any" id="SE:020:StopPointInJourneyPattern:205339415000023494_205330000104804553">
    <ScheduledStopPointRef ref="SE:020:ScheduledStopPoint:9022020580223002"/>
    <ForAlighting>true</ForAlighting>
    <ForBoarding>true</ForBoarding>
    <RequestStop>true</RequestStop>
</StopPointInJourneyPattern>
<StopPointInJourneyPattern order="14" version="any" id="SE:020:StopPointInJourneyPattern:205339415000023494_205330000104804554">
    <ScheduledStopPointRef ref="SE:020:ScheduledStopPoint:9022020580224002"/>
    <ForAlighting>true</ForAlighting>
    <ForBoarding>true</ForBoarding>
    <RequestStop>true</RequestStop>
</StopPointInJourneyPattern>
<StopPointInJourneyPattern order="15" version="any" id="SE:020:StopPointInJourneyPattern:205339415000023494_205330000104804555">
    <ScheduledStopPointRef ref="SE:020:ScheduledStopPoint:9022020580225002"/>
    <ForAlighting>true</ForAlighting>
    <ForBoarding>true</ForBoarding>
    <RequestStop>true</RequestStop>
</StopPointInJourneyPattern>
<StopPointInJourneyPattern order="16" version="any" id="SE:020:StopPointInJourneyPattern:205339415000023494_205330000104804556">
    <ScheduledStopPointRef ref="SE:020:ScheduledStopPoint:9022020580226002"/>
    <ForAlighting>true</ForAlighting>
    <ForBoarding>true</ForBoarding>
    <RequestStop>true</RequestStop>
</StopPointInJourneyPattern>
<StopPointInJourneyPattern order="17" version="any" id="SE:020:StopPointInJourneyPattern:205339415000023494_205330000104804557">
    <ScheduledStopPointRef ref="SE:020:ScheduledStopPoint:9022020580237002"/>
    <ForAlighting>true</ForAlighting>
    <ForBoarding>true</ForBoarding>
    <RequestStop>true</RequestStop>
</StopPointInJourneyPattern>
<StopPointInJourneyPattern order="18" version="any" id="SE:020:StopPointInJourneyPattern:205339415000023494_205330000104804558">
    <ScheduledStopPointRef ref="SE:020:ScheduledStopPoint:9022020580238002"/>
    <ForAlighting>true</ForAlighting>
    <ForBoarding>true</ForBoarding>
    <RequestStop>true</RequestStop>
</StopPointInJourneyPattern>
<StopPointInJourneyPattern order="19" version="any" id="SE:020:StopPointInJourneyPattern:205339415000023494_205330000104804559">
    <ScheduledStopPointRef ref="SE:020:ScheduledStopPoint:9022020580239002"/>
    <ForAlighting>true</ForAlighting>
    <ForBoarding>true</ForBoarding>
    <RequestStop>true</RequestStop>
</StopPointInJourneyPattern>
<StopPointInJourneyPattern order="20" version="any" id="SE:020:StopPointInJourneyPattern:205339415000023494_205330000104804560">
    <ScheduledStopPointRef ref="SE:020:ScheduledStopPoint:9022020580240002"/>
    <ForAlighting>true</ForAlighting>
    <ForBoarding>true</ForBoarding>
    <RequestStop>true</RequestStop>
</StopPointInJourneyPattern>
<StopPointInJourneyPattern order="21" version="any" id="SE:020:StopPointInJourneyPattern:205339415000023494_205330000104804561">
    <ScheduledStopPointRef ref="SE:020:ScheduledStopPoint:9022020580241002"/>
    <ForAlighting>true</ForAlighting>
    <ForBoarding>true</ForBoarding>
    <RequestStop>true</RequestStop>
</StopPointInJourneyPattern>
<StopPointInJourneyPattern order="22" version="any" id="SE:020:StopPointInJourneyPattern:205339415000023494_205330000104804562">
    <ScheduledStopPointRef ref="SE:020:ScheduledStopPoint:9022020580242002"/>
    <ForAlighting>true</ForAlighting>
    <ForBoarding>true</ForBoarding>
    <RequestStop>true</RequestStop>
</StopPointInJourneyPattern>
<StopPointInJourneyPattern order="23" version="any" id="SE:020:StopPointInJourneyPattern:205339415000023494_205330000104804563">
    <ScheduledStopPointRef ref="SE:020:ScheduledStopPoint:9022020580236001"/>
    <ForAlighting>true</ForAlighting>
    <ForBoarding>true</ForBoarding>
    <RequestStop>true</RequestStop>
</StopPointInJourneyPattern>
<StopPointInJourneyPattern order="24" version="any" id="SE:020:StopPointInJourneyPattern:205339415000023494_205330000104804564">
    <ScheduledStopPointRef ref="SE:020:ScheduledStopPoint:9022020580235001"/>
    <ForAlighting>true</ForAlighting>
    <ForBoarding>true</ForBoarding>
    <RequestStop>true</RequestStop>
</StopPointInJourneyPattern>
<StopPointInJourneyPattern order="25" version="any" id="SE:020:StopPointInJourneyPattern:205339415000023494_205330000104804565">
    <ScheduledStopPointRef ref="SE:020:ScheduledStopPoint:9022020580234001"/>
    <ForAlighting>true</ForAlighting>
    <ForBoarding>true</ForBoarding>
    <RequestStop>true</RequestStop>
</StopPointInJourneyPattern>
<StopPointInJourneyPattern order="26" version="any" id="SE:020:StopPointInJourneyPattern:205339415000023494_205330000104804566">
    <ScheduledStopPointRef ref="SE:020:ScheduledStopPoint:9022020580147001"/>
    <ForAlighting>true</ForAlighting>
    <ForBoarding>true</ForBoarding>
    <RequestStop>true</RequestStop>
</StopPointInJourneyPattern>
<StopPointInJourneyPattern order="27" version="any" id="SE:020:StopPointInJourneyPattern:205339415000023494_205330000104804567">
    <ScheduledStopPointRef ref="SE:020:ScheduledStopPoint:9022020580233001"/>
    <ForAlighting>true</ForAlighting>
    <ForBoarding>true</ForBoarding>
    <RequestStop>true</RequestStop>
</StopPointInJourneyPattern>
<StopPointInJourneyPattern order="28" version="any" id="SE:020:StopPointInJourneyPattern:205339415000023494_205330000104804568">
    <ScheduledStopPointRef ref="SE:020:ScheduledStopPoint:9022020580140001"/>
    <ForAlighting>true</ForAlighting>
    <ForBoarding>true</ForBoarding>
    <RequestStop>true</RequestStop>
</StopPointInJourneyPattern>
<StopPointInJourneyPattern order="29" version="any" id="SE:020:StopPointInJourneyPattern:205339415000023494_205330000104804569">
    <ScheduledStopPointRef ref="SE:020:ScheduledStopPoint:9022020580350001"/>
    <ForAlighting>true</ForAlighting>
    <ForBoarding>true</ForBoarding>
    <RequestStop>true</RequestStop>
</StopPointInJourneyPattern>
<StopPointInJourneyPattern order="30" version="any" id="SE:020:StopPointInJourneyPattern:205339415000023494_205330000104804570">
    <ScheduledStopPointRef ref="SE:020:ScheduledStopPoint:9022020580131003"/>
    <ForAlighting>true</ForAlighting>
    <ForBoarding>true</ForBoarding>
    <RequestStop>true</RequestStop>
</StopPointInJourneyPattern>
<StopPointInJourneyPattern order="31" version="any" id="SE:020:StopPointInJourneyPattern:205339415000023494_205330000104804571">
    <ScheduledStopPointRef ref="SE:020:ScheduledStopPoint:9022020580231001"/>
    <ForAlighting>true</ForAlighting>
    <ForBoarding>true</ForBoarding>
    <RequestStop>true</RequestStop>
</StopPointInJourneyPattern>
<StopPointInJourneyPattern order="32" version="any" id="SE:020:StopPointInJourneyPattern:205339415000023494_205330000104804572">
    <ScheduledStopPointRef ref="SE:020:ScheduledStopPoint:9022020580149001"/>
    <ForAlighting>true</ForAlighting>
    <ForBoarding>true</ForBoarding>
    <RequestStop>true</RequestStop>
</StopPointInJourneyPattern>
<StopPointInJourneyPattern order="33" version="any" id="SE:020:StopPointInJourneyPattern:205339415000023494_205330000104804573">
    <ScheduledStopPointRef ref="SE:020:ScheduledStopPoint:9022020580137001"/>
    <ForAlighting>true</ForAlighting>
    <ForBoarding>true</ForBoarding>
    <RequestStop>true</RequestStop>
</StopPointInJourneyPattern>
<StopPointInJourneyPattern order="34" version="any" id="SE:020:StopPointInJourneyPattern:205339415000023494_205330000104804574">
    <ScheduledStopPointRef ref="SE:020:ScheduledStopPoint:9022020580230001"/>
    <ForAlighting>true</ForAlighting>
    <ForBoarding>true</ForBoarding>
    <RequestStop>true</RequestStop>
</StopPointInJourneyPattern>
<StopPointInJourneyPattern order="35" version="any" id="SE:020:StopPointInJourneyPattern:205339415000023494_205330000104804575">
    <ScheduledStopPointRef ref="SE:020:ScheduledStopPoint:9022020580229001"/>
    <ForAlighting>true</ForAlighting>
    <ForBoarding>true</ForBoarding>
    <RequestStop>true</RequestStop>
</StopPointInJourneyPattern>
<StopPointInJourneyPattern order="36" version="any" id="SE:020:StopPointInJourneyPattern:205339415000023494_205330000104804576">
    <ScheduledStopPointRef ref="SE:020:ScheduledStopPoint:9022020580228001"/>
    <ForAlighting>true</ForAlighting>
    <ForBoarding>true</ForBoarding>
    <RequestStop>true</RequestStop>
</StopPointInJourneyPattern>
<StopPointInJourneyPattern order="37" version="any" id="SE:020:StopPointInJourneyPattern:205339415000023494_205330000104804577">
    <ScheduledStopPointRef ref="SE:020:ScheduledStopPoint:9022020580138001"/>
    <ForAlighting>true</ForAlighting>
    <ForBoarding>true</ForBoarding>
    <RequestStop>true</RequestStop>
</StopPointInJourneyPattern>
<StopPointInJourneyPattern order="38" version="any" id="SE:020:StopPointInJourneyPattern:205339415000023494_205330000104804578">
    <ScheduledStopPointRef ref="SE:020:ScheduledStopPoint:9022020580227001"/>
    <ForAlighting>true</ForAlighting>
    <ForBoarding>true</ForBoarding>
    <RequestStop>true</RequestStop>
</StopPointInJourneyPattern>
<StopPointInJourneyPattern order="39" version="any" id="SE:020:StopPointInJourneyPattern:205339415000023494_205330000104804579">
    <ScheduledStopPointRef ref="SE:020:ScheduledStopPoint:9022020580248001"/>
    <ForAlighting>true</ForAlighting>
    <ForBoarding>true</ForBoarding>
    <RequestStop>true</RequestStop>
</StopPointInJourneyPattern>
<StopPointInJourneyPattern order="40" version="any" id="SE:020:StopPointInJourneyPattern:205339415000023494_205330000104804580">
    <ScheduledStopPointRef ref="SE:020:ScheduledStopPoint:9022020580250001"/>
    <ForAlighting>true</ForAlighting>
    <ForBoarding>false</ForBoarding>
    <RequestStop>true</RequestStop>
</StopPointInJourneyPattern>
                            </pointsInSequence>
                            <linksInSequence>
<ServiceLinkInJourneyPattern order="1" version="any" id="SE:020:ServiceLinkInJourneyPattern:BUS_34800">
    <ServiceLinkRef ref="SE:020:ServiceLink:BUS_9025020058063901_9025020058014801"/>
</ServiceLinkInJourneyPattern>
<ServiceLinkInJourneyPattern order="2" version="any" id="SE:020:ServiceLinkInJourneyPattern:BUS_34801">
    <ServiceLinkRef ref="SE:020:ServiceLink:BUS_9025020058014801_9025020058079102"/>
</ServiceLinkInJourneyPattern>
<ServiceLinkInJourneyPattern order="3" version="any" id="SE:020:ServiceLinkInJourneyPattern:BUS_34802">
    <ServiceLinkRef ref="SE:020:ServiceLink:BUS_9025020058079102_9025020058059902"/>
</ServiceLinkInJourneyPattern>
<ServiceLinkInJourneyPattern order="4" version="any" id="SE:020:ServiceLinkInJourneyPattern:BUS_34803">
    <ServiceLinkRef ref="SE:020:ServiceLink:BUS_9025020058059902_9025020058059802"/>
</ServiceLinkInJourneyPattern>
<ServiceLinkInJourneyPattern order="5" version="any" id="SE:020:ServiceLinkInJourneyPattern:BUS_34804">
    <ServiceLinkRef ref="SE:020:ServiceLink:BUS_9025020058059802_9025020058024402"/>
</ServiceLinkInJourneyPattern>
<ServiceLinkInJourneyPattern order="6" version="any" id="SE:020:ServiceLinkInJourneyPattern:BUS_34805">
    <ServiceLinkRef ref="SE:020:ServiceLink:BUS_9025020058024402_9025020058079002"/>
</ServiceLinkInJourneyPattern>
<ServiceLinkInJourneyPattern order="7" version="any" id="SE:020:ServiceLinkInJourneyPattern:BUS_34806">
    <ServiceLinkRef ref="SE:020:ServiceLink:BUS_9025020058079002_9025020058064202"/>
</ServiceLinkInJourneyPattern>
<ServiceLinkInJourneyPattern order="8" version="any" id="SE:020:ServiceLinkInJourneyPattern:BUS_34807">
    <ServiceLinkRef ref="SE:020:ServiceLink:BUS_9025020058064202_9025020058083002"/>
</ServiceLinkInJourneyPattern>
<ServiceLinkInJourneyPattern order="9" version="any" id="SE:020:ServiceLinkInJourneyPattern:BUS_34808">
    <ServiceLinkRef ref="SE:020:ServiceLink:BUS_9025020058083002_9025020058022002"/>
</ServiceLinkInJourneyPattern>
<ServiceLinkInJourneyPattern order="10" version="any" id="SE:020:ServiceLinkInJourneyPattern:BUS_34809">
    <ServiceLinkRef ref="SE:020:ServiceLink:BUS_9025020058022002_9025020058022102"/>
</ServiceLinkInJourneyPattern>
<ServiceLinkInJourneyPattern order="11" version="any" id="SE:020:ServiceLinkInJourneyPattern:BUS_34810">
    <ServiceLinkRef ref="SE:020:ServiceLink:BUS_9025020058022102_9025020058022202"/>
</ServiceLinkInJourneyPattern>
<ServiceLinkInJourneyPattern order="12" version="any" id="SE:020:ServiceLinkInJourneyPattern:BUS_34811">
    <ServiceLinkRef ref="SE:020:ServiceLink:BUS_9025020058022202_9025020058022302"/>
</ServiceLinkInJourneyPattern>
<ServiceLinkInJourneyPattern order="13" version="any" id="SE:020:ServiceLinkInJourneyPattern:BUS_34812">
    <ServiceLinkRef ref="SE:020:ServiceLink:BUS_9025020058022302_9025020058022402"/>
</ServiceLinkInJourneyPattern>
<ServiceLinkInJourneyPattern order="14" version="any" id="SE:020:ServiceLinkInJourneyPattern:BUS_34813">
    <ServiceLinkRef ref="SE:020:ServiceLink:BUS_9025020058022402_9025020058022502"/>
</ServiceLinkInJourneyPattern>
<ServiceLinkInJourneyPattern order="15" version="any" id="SE:020:ServiceLinkInJourneyPattern:BUS_34814">
    <ServiceLinkRef ref="SE:020:ServiceLink:BUS_9025020058022502_9025020058022602"/>
</ServiceLinkInJourneyPattern>
<ServiceLinkInJourneyPattern order="16" version="any" id="SE:020:ServiceLinkInJourneyPattern:BUS_34815">
    <ServiceLinkRef ref="SE:020:ServiceLink:BUS_9025020058022602_9025020058023702"/>
</ServiceLinkInJourneyPattern>
<ServiceLinkInJourneyPattern order="17" version="any" id="SE:020:ServiceLinkInJourneyPattern:BUS_34816">
    <ServiceLinkRef ref="SE:020:ServiceLink:BUS_9025020058023702_9025020058023802"/>
</ServiceLinkInJourneyPattern>
<ServiceLinkInJourneyPattern order="18" version="any" id="SE:020:ServiceLinkInJourneyPattern:BUS_34817">
    <ServiceLinkRef ref="SE:020:ServiceLink:BUS_9025020058023802_9025020058023902"/>
</ServiceLinkInJourneyPattern>
<ServiceLinkInJourneyPattern order="19" version="any" id="SE:020:ServiceLinkInJourneyPattern:BUS_34818">
    <ServiceLinkRef ref="SE:020:ServiceLink:BUS_9025020058023902_9025020058024002"/>
</ServiceLinkInJourneyPattern>
<ServiceLinkInJourneyPattern order="20" version="any" id="SE:020:ServiceLinkInJourneyPattern:BUS_34819">
    <ServiceLinkRef ref="SE:020:ServiceLink:BUS_9025020058024002_9025020058024102"/>
</ServiceLinkInJourneyPattern>
<ServiceLinkInJourneyPattern order="21" version="any" id="SE:020:ServiceLinkInJourneyPattern:BUS_34820">
    <ServiceLinkRef ref="SE:020:ServiceLink:BUS_9025020058024102_9025020058024202"/>
</ServiceLinkInJourneyPattern>
<ServiceLinkInJourneyPattern order="22" version="any" id="SE:020:ServiceLinkInJourneyPattern:BUS_34821">
    <ServiceLinkRef ref="SE:020:ServiceLink:BUS_9025020058024202_9025020058023601"/>
</ServiceLinkInJourneyPattern>
<ServiceLinkInJourneyPattern order="23" version="any" id="SE:020:ServiceLinkInJourneyPattern:BUS_34822">
    <ServiceLinkRef ref="SE:020:ServiceLink:BUS_9025020058023601_9025020058023501"/>
</ServiceLinkInJourneyPattern>
<ServiceLinkInJourneyPattern order="24" version="any" id="SE:020:ServiceLinkInJourneyPattern:BUS_34823">
    <ServiceLinkRef ref="SE:020:ServiceLink:BUS_9025020058023501_9025020058023401"/>
</ServiceLinkInJourneyPattern>
<ServiceLinkInJourneyPattern order="25" version="any" id="SE:020:ServiceLinkInJourneyPattern:BUS_34824">
    <ServiceLinkRef ref="SE:020:ServiceLink:BUS_9025020058023401_9025020058014701"/>
</ServiceLinkInJourneyPattern>
<ServiceLinkInJourneyPattern order="26" version="any" id="SE:020:ServiceLinkInJourneyPattern:BUS_34825">
    <ServiceLinkRef ref="SE:020:ServiceLink:BUS_9025020058014701_9025020058023301"/>
</ServiceLinkInJourneyPattern>
<ServiceLinkInJourneyPattern order="27" version="any" id="SE:020:ServiceLinkInJourneyPattern:BUS_34826">
    <ServiceLinkRef ref="SE:020:ServiceLink:BUS_9025020058023301_9025020058014001"/>
</ServiceLinkInJourneyPattern>
<ServiceLinkInJourneyPattern order="28" version="any" id="SE:020:ServiceLinkInJourneyPattern:BUS_34827">
    <ServiceLinkRef ref="SE:020:ServiceLink:BUS_9025020058014001_9025020058035001"/>
</ServiceLinkInJourneyPattern>
<ServiceLinkInJourneyPattern order="29" version="any" id="SE:020:ServiceLinkInJourneyPattern:BUS_34828">
    <ServiceLinkRef ref="SE:020:ServiceLink:BUS_9025020058035001_9025020058013103"/>
</ServiceLinkInJourneyPattern>
<ServiceLinkInJourneyPattern order="30" version="any" id="SE:020:ServiceLinkInJourneyPattern:BUS_34829">
    <ServiceLinkRef ref="SE:020:ServiceLink:BUS_9025020058013103_9025020058023101"/>
</ServiceLinkInJourneyPattern>
<ServiceLinkInJourneyPattern order="31" version="any" id="SE:020:ServiceLinkInJourneyPattern:BUS_34830">
    <ServiceLinkRef ref="SE:020:ServiceLink:BUS_9025020058023101_9025020058014901"/>
</ServiceLinkInJourneyPattern>
<ServiceLinkInJourneyPattern order="32" version="any" id="SE:020:ServiceLinkInJourneyPattern:BUS_34831">
    <ServiceLinkRef ref="SE:020:ServiceLink:BUS_9025020058014901_9025020058013701"/>
</ServiceLinkInJourneyPattern>
<ServiceLinkInJourneyPattern order="33" version="any" id="SE:020:ServiceLinkInJourneyPattern:BUS_34832">
    <ServiceLinkRef ref="SE:020:ServiceLink:BUS_9025020058013701_9025020058023001"/>
</ServiceLinkInJourneyPattern>
<ServiceLinkInJourneyPattern order="34" version="any" id="SE:020:ServiceLinkInJourneyPattern:BUS_34833">
    <ServiceLinkRef ref="SE:020:ServiceLink:BUS_9025020058023001_9025020058022901"/>
</ServiceLinkInJourneyPattern>
<ServiceLinkInJourneyPattern order="35" version="any" id="SE:020:ServiceLinkInJourneyPattern:BUS_34834">
    <ServiceLinkRef ref="SE:020:ServiceLink:BUS_9025020058022901_9025020058022801"/>
</ServiceLinkInJourneyPattern>
<ServiceLinkInJourneyPattern order="36" version="any" id="SE:020:ServiceLinkInJourneyPattern:BUS_34835">
    <ServiceLinkRef ref="SE:020:ServiceLink:BUS_9025020058022801_9025020058013801"/>
</ServiceLinkInJourneyPattern>
<ServiceLinkInJourneyPattern order="37" version="any" id="SE:020:ServiceLinkInJourneyPattern:BUS_34836">
    <ServiceLinkRef ref="SE:020:ServiceLink:BUS_9025020058013801_9025020058022701"/>
</ServiceLinkInJourneyPattern>
<ServiceLinkInJourneyPattern order="38" version="any" id="SE:020:ServiceLinkInJourneyPattern:BUS_34837">
    <ServiceLinkRef ref="SE:020:ServiceLink:BUS_9025020058022701_9025020058024801"/>
</ServiceLinkInJourneyPattern>
<ServiceLinkInJourneyPattern order="39" version="any" id="SE:020:ServiceLinkInJourneyPattern:BUS_34838">
    <ServiceLinkRef ref="SE:020:ServiceLink:BUS_9025020058024801_9025020058025001"/>
</ServiceLinkInJourneyPattern>
                            </linksInSequence>
                        </JourneyPattern>
                        <JourneyPattern version="any" id="SE:020:JourneyPattern:205339415000025473">
                            <RouteRef ref="SE:020:Route:205330000104804536" version="any"/>
                            <pointsInSequence>
<StopPointInJourneyPattern order="1" version="any" id="SE:020:StopPointInJourneyPattern:205339415000025473_205330000104804541">
    <ScheduledStopPointRef ref="SE:020:ScheduledStopPoint:9022020580639001"/>
    <ForAlighting>false</ForAlighting>
    <ForBoarding>true</ForBoarding>
    <DestinationDisplayRef ref="SE:020:DestinationDisplay:205330000114162703"/>
    <RequestStop>true</RequestStop>
</StopPointInJourneyPattern>
<StopPointInJourneyPattern order="2" version="any" id="SE:020:StopPointInJourneyPattern:205339415000025473_205330000104804542">
    <ScheduledStopPointRef ref="SE:020:ScheduledStopPoint:9022020580148001"/>
    <ForAlighting>true</ForAlighting>
    <ForBoarding>true</ForBoarding>
    <RequestStop>true</RequestStop>
</StopPointInJourneyPattern>
<StopPointInJourneyPattern order="3" version="any" id="SE:020:StopPointInJourneyPattern:205339415000025473_205330000104804543">
    <ScheduledStopPointRef ref="SE:020:ScheduledStopPoint:9022020580791002"/>
    <ForAlighting>true</ForAlighting>
    <ForBoarding>true</ForBoarding>
    <RequestStop>true</RequestStop>
</StopPointInJourneyPattern>
<StopPointInJourneyPattern order="4" version="any" id="SE:020:StopPointInJourneyPattern:205339415000025473_205330000104804544">
    <ScheduledStopPointRef ref="SE:020:ScheduledStopPoint:9022020580599002"/>
    <ForAlighting>true</ForAlighting>
    <ForBoarding>true</ForBoarding>
    <RequestStop>true</RequestStop>
</StopPointInJourneyPattern>
<StopPointInJourneyPattern order="5" version="any" id="SE:020:StopPointInJourneyPattern:205339415000025473_205330000104804545">
    <ScheduledStopPointRef ref="SE:020:ScheduledStopPoint:9022020580598002"/>
    <ForAlighting>true</ForAlighting>
    <ForBoarding>true</ForBoarding>
    <RequestStop>true</RequestStop>
</StopPointInJourneyPattern>
<StopPointInJourneyPattern order="6" version="any" id="SE:020:StopPointInJourneyPattern:205339415000025473_205330000104804546">
    <ScheduledStopPointRef ref="SE:020:ScheduledStopPoint:9022020580244002"/>
    <ForAlighting>true</ForAlighting>
    <ForBoarding>true</ForBoarding>
    <RequestStop>true</RequestStop>
</StopPointInJourneyPattern>
<StopPointInJourneyPattern order="7" version="any" id="SE:020:StopPointInJourneyPattern:205339415000025473_205330000104804547">
    <ScheduledStopPointRef ref="SE:020:ScheduledStopPoint:9022020580790002"/>
    <ForAlighting>true</ForAlighting>
    <ForBoarding>true</ForBoarding>
    <RequestStop>true</RequestStop>
</StopPointInJourneyPattern>
<StopPointInJourneyPattern order="8" version="any" id="SE:020:StopPointInJourneyPattern:205339415000025473_205330000104804548">
    <ScheduledStopPointRef ref="SE:020:ScheduledStopPoint:9022020580642002"/>
    <ForAlighting>true</ForAlighting>
    <ForBoarding>true</ForBoarding>
    <RequestStop>true</RequestStop>
</StopPointInJourneyPattern>
<StopPointInJourneyPattern order="9" version="any" id="SE:020:StopPointInJourneyPattern:205339415000025473_205330000104804549">
    <ScheduledStopPointRef ref="SE:020:ScheduledStopPoint:9022020580830002"/>
    <ForAlighting>true</ForAlighting>
    <ForBoarding>true</ForBoarding>
    <RequestStop>true</RequestStop>
</StopPointInJourneyPattern>
<StopPointInJourneyPattern order="10" version="any" id="SE:020:StopPointInJourneyPattern:205339415000025473_205330000104804550">
    <ScheduledStopPointRef ref="SE:020:ScheduledStopPoint:9022020580220002"/>
    <ForAlighting>true</ForAlighting>
    <ForBoarding>true</ForBoarding>
    <RequestStop>true</RequestStop>
</StopPointInJourneyPattern>
<StopPointInJourneyPattern order="11" version="any" id="SE:020:StopPointInJourneyPattern:205339415000025473_205330000104804551">
    <ScheduledStopPointRef ref="SE:020:ScheduledStopPoint:9022020580221002"/>
    <ForAlighting>true</ForAlighting>
    <ForBoarding>true</ForBoarding>
    <RequestStop>true</RequestStop>
</StopPointInJourneyPattern>
<StopPointInJourneyPattern order="12" version="any" id="SE:020:StopPointInJourneyPattern:205339415000025473_205330000104804552">
    <ScheduledStopPointRef ref="SE:020:ScheduledStopPoint:9022020580222002"/>
    <ForAlighting>true</ForAlighting>
    <ForBoarding>true</ForBoarding>
    <RequestStop>true</RequestStop>
</StopPointInJourneyPattern>
<StopPointInJourneyPattern order="13" version="any" id="SE:020:StopPointInJourneyPattern:205339415000025473_205330000104804553">
    <ScheduledStopPointRef ref="SE:020:ScheduledStopPoint:9022020580223002"/>
    <ForAlighting>true</ForAlighting>
    <ForBoarding>true</ForBoarding>
    <RequestStop>true</RequestStop>
</StopPointInJourneyPattern>
<StopPointInJourneyPattern order="14" version="any" id="SE:020:StopPointInJourneyPattern:205339415000025473_205330000104804554">
    <ScheduledStopPointRef ref="SE:020:ScheduledStopPoint:9022020580224002"/>
    <ForAlighting>true</ForAlighting>
    <ForBoarding>true</ForBoarding>
    <RequestStop>true</RequestStop>
</StopPointInJourneyPattern>
<StopPointInJourneyPattern order="15" version="any" id="SE:020:StopPointInJourneyPattern:205339415000025473_205330000104804555">
    <ScheduledStopPointRef ref="SE:020:ScheduledStopPoint:9022020580225002"/>
    <ForAlighting>true</ForAlighting>
    <ForBoarding>true</ForBoarding>
    <RequestStop>true</RequestStop>
</StopPointInJourneyPattern>
<StopPointInJourneyPattern order="16" version="any" id="SE:020:StopPointInJourneyPattern:205339415000025473_205330000104804556">
    <ScheduledStopPointRef ref="SE:020:ScheduledStopPoint:9022020580226002"/>
    <ForAlighting>true</ForAlighting>
    <ForBoarding>true</ForBoarding>
    <RequestStop>true</RequestStop>
</StopPointInJourneyPattern>
<StopPointInJourneyPattern order="17" version="any" id="SE:020:StopPointInJourneyPattern:205339415000025473_205330000104804557">
    <ScheduledStopPointRef ref="SE:020:ScheduledStopPoint:9022020580237002"/>
    <ForAlighting>true</ForAlighting>
    <ForBoarding>true</ForBoarding>
    <RequestStop>true</RequestStop>
</StopPointInJourneyPattern>
<StopPointInJourneyPattern order="18" version="any" id="SE:020:StopPointInJourneyPattern:205339415000025473_205330000104804558">
    <ScheduledStopPointRef ref="SE:020:ScheduledStopPoint:9022020580238002"/>
    <ForAlighting>true</ForAlighting>
    <ForBoarding>true</ForBoarding>
    <RequestStop>true</RequestStop>
</StopPointInJourneyPattern>
<StopPointInJourneyPattern order="19" version="any" id="SE:020:StopPointInJourneyPattern:205339415000025473_205330000104804559">
    <ScheduledStopPointRef ref="SE:020:ScheduledStopPoint:9022020580239002"/>
    <ForAlighting>true</ForAlighting>
    <ForBoarding>true</ForBoarding>
    <RequestStop>true</RequestStop>
</StopPointInJourneyPattern>
<StopPointInJourneyPattern order="20" version="any" id="SE:020:StopPointInJourneyPattern:205339415000025473_205330000104804560">
    <ScheduledStopPointRef ref="SE:020:ScheduledStopPoint:9022020580240002"/>
    <ForAlighting>true</ForAlighting>
    <ForBoarding>true</ForBoarding>
    <RequestStop>true</RequestStop>
</StopPointInJourneyPattern>
<StopPointInJourneyPattern order="21" version="any" id="SE:020:StopPointInJourneyPattern:205339415000025473_205330000104804561">
    <ScheduledStopPointRef ref="SE:020:ScheduledStopPoint:9022020580241002"/>
    <ForAlighting>true</ForAlighting>
    <ForBoarding>true</ForBoarding>
    <RequestStop>true</RequestStop>
</StopPointInJourneyPattern>
<StopPointInJourneyPattern order="22" version="any" id="SE:020:StopPointInJourneyPattern:205339415000025473_205330000104804562">
    <ScheduledStopPointRef ref="SE:020:ScheduledStopPoint:9022020580242002"/>
    <ForAlighting>true</ForAlighting>
    <ForBoarding>true</ForBoarding>
    <RequestStop>true</RequestStop>
</StopPointInJourneyPattern>
<StopPointInJourneyPattern order="23" version="any" id="SE:020:StopPointInJourneyPattern:205339415000025473_205330000104804563">
    <ScheduledStopPointRef ref="SE:020:ScheduledStopPoint:9022020580236001"/>
    <ForAlighting>true</ForAlighting>
    <ForBoarding>true</ForBoarding>
    <RequestStop>true</RequestStop>
</StopPointInJourneyPattern>
<StopPointInJourneyPattern order="24" version="any" id="SE:020:StopPointInJourneyPattern:205339415000025473_205330000104804564">
    <ScheduledStopPointRef ref="SE:020:ScheduledStopPoint:9022020580235001"/>
    <ForAlighting>true</ForAlighting>
    <ForBoarding>true</ForBoarding>
    <RequestStop>true</RequestStop>
</StopPointInJourneyPattern>
<StopPointInJourneyPattern order="25" version="any" id="SE:020:StopPointInJourneyPattern:205339415000025473_205330000104804565">
    <ScheduledStopPointRef ref="SE:020:ScheduledStopPoint:9022020580234001"/>
    <ForAlighting>true</ForAlighting>
    <ForBoarding>true</ForBoarding>
    <RequestStop>true</RequestStop>
</StopPointInJourneyPattern>
<StopPointInJourneyPattern order="26" version="any" id="SE:020:StopPointInJourneyPattern:205339415000025473_205330000104804566">
    <ScheduledStopPointRef ref="SE:020:ScheduledStopPoint:9022020580147001"/>
    <ForAlighting>true</ForAlighting>
    <ForBoarding>true</ForBoarding>
    <RequestStop>true</RequestStop>
</StopPointInJourneyPattern>
<StopPointInJourneyPattern order="27" version="any" id="SE:020:StopPointInJourneyPattern:205339415000025473_205330000104804567">
    <ScheduledStopPointRef ref="SE:020:ScheduledStopPoint:9022020580233001"/>
    <ForAlighting>true</ForAlighting>
    <ForBoarding>true</ForBoarding>
    <RequestStop>true</RequestStop>
</StopPointInJourneyPattern>
<StopPointInJourneyPattern order="28" version="any" id="SE:020:StopPointInJourneyPattern:205339415000025473_205330000104804568">
    <ScheduledStopPointRef ref="SE:020:ScheduledStopPoint:9022020580140001"/>
    <ForAlighting>true</ForAlighting>
    <ForBoarding>true</ForBoarding>
    <RequestStop>true</RequestStop>
</StopPointInJourneyPattern>
<StopPointInJourneyPattern order="29" version="any" id="SE:020:StopPointInJourneyPattern:205339415000025473_205330000104804569">
    <ScheduledStopPointRef ref="SE:020:ScheduledStopPoint:9022020580350001"/>
    <ForAlighting>true</ForAlighting>
    <ForBoarding>true</ForBoarding>
    <RequestStop>true</RequestStop>
</StopPointInJourneyPattern>
<StopPointInJourneyPattern order="30" version="any" id="SE:020:StopPointInJourneyPattern:205339415000025473_205330000104804570">
    <ScheduledStopPointRef ref="SE:020:ScheduledStopPoint:9022020580131003"/>
    <ForAlighting>true</ForAlighting>
    <ForBoarding>true</ForBoarding>
    <RequestStop>true</RequestStop>
</StopPointInJourneyPattern>
<StopPointInJourneyPattern order="31" version="any" id="SE:020:StopPointInJourneyPattern:205339415000025473_205330000104804571">
    <ScheduledStopPointRef ref="SE:020:ScheduledStopPoint:9022020580231001"/>
    <ForAlighting>true</ForAlighting>
    <ForBoarding>true</ForBoarding>
    <RequestStop>true</RequestStop>
</StopPointInJourneyPattern>
<StopPointInJourneyPattern order="32" version="any" id="SE:020:StopPointInJourneyPattern:205339415000025473_205330000104804572">
    <ScheduledStopPointRef ref="SE:020:ScheduledStopPoint:9022020580149001"/>
    <ForAlighting>true</ForAlighting>
    <ForBoarding>true</ForBoarding>
    <RequestStop>true</RequestStop>
</StopPointInJourneyPattern>
<StopPointInJourneyPattern order="33" version="any" id="SE:020:StopPointInJourneyPattern:205339415000025473_205330000104804573">
    <ScheduledStopPointRef ref="SE:020:ScheduledStopPoint:9022020580137001"/>
    <ForAlighting>true</ForAlighting>
    <ForBoarding>true</ForBoarding>
    <RequestStop>true</RequestStop>
</StopPointInJourneyPattern>
<StopPointInJourneyPattern order="34" version="any" id="SE:020:StopPointInJourneyPattern:205339415000025473_205330000104804574">
    <ScheduledStopPointRef ref="SE:020:ScheduledStopPoint:9022020580230001"/>
    <ForAlighting>true</ForAlighting>
    <ForBoarding>true</ForBoarding>
    <RequestStop>true</RequestStop>
</StopPointInJourneyPattern>
<StopPointInJourneyPattern order="35" version="any" id="SE:020:StopPointInJourneyPattern:205339415000025473_205330000104804575">
    <ScheduledStopPointRef ref="SE:020:ScheduledStopPoint:9022020580229001"/>
    <ForAlighting>true</ForAlighting>
    <ForBoarding>true</ForBoarding>
    <RequestStop>true</RequestStop>
</StopPointInJourneyPattern>
<StopPointInJourneyPattern order="36" version="any" id="SE:020:StopPointInJourneyPattern:205339415000025473_205330000104804576">
    <ScheduledStopPointRef ref="SE:020:ScheduledStopPoint:9022020580228001"/>
    <ForAlighting>true</ForAlighting>
    <ForBoarding>true</ForBoarding>
    <RequestStop>true</RequestStop>
</StopPointInJourneyPattern>
<StopPointInJourneyPattern order="37" version="any" id="SE:020:StopPointInJourneyPattern:205339415000025473_205330000104804577">
    <ScheduledStopPointRef ref="SE:020:ScheduledStopPoint:9022020580138001"/>
    <ForAlighting>true</ForAlighting>
    <ForBoarding>true</ForBoarding>
    <RequestStop>true</RequestStop>
</StopPointInJourneyPattern>
<StopPointInJourneyPattern order="38" version="any" id="SE:020:StopPointInJourneyPattern:205339415000025473_205330000104804578">
    <ScheduledStopPointRef ref="SE:020:ScheduledStopPoint:9022020580227001"/>
    <ForAlighting>true</ForAlighting>
    <ForBoarding>true</ForBoarding>
    <RequestStop>true</RequestStop>
</StopPointInJourneyPattern>
<StopPointInJourneyPattern order="39" version="any" id="SE:020:StopPointInJourneyPattern:205339415000025473_205330000104804579">
    <ScheduledStopPointRef ref="SE:020:ScheduledStopPoint:9022020580248001"/>
    <ForAlighting>true</ForAlighting>
    <ForBoarding>true</ForBoarding>
    <RequestStop>true</RequestStop>
</StopPointInJourneyPattern>
<StopPointInJourneyPattern order="40" version="any" id="SE:020:StopPointInJourneyPattern:205339415000025473_205330000104804580">
    <ScheduledStopPointRef ref="SE:020:ScheduledStopPoint:9022020580250001"/>
    <ForAlighting>true</ForAlighting>
    <ForBoarding>false</ForBoarding>
    <RequestStop>true</RequestStop>
</StopPointInJourneyPattern>
                            </pointsInSequence>
                            <linksInSequence>
<ServiceLinkInJourneyPattern order="1" version="any" id="SE:020:ServiceLinkInJourneyPattern:BUS_34839">
    <ServiceLinkRef ref="SE:020:ServiceLink:BUS_9025020058063901_9025020058014801"/>
</ServiceLinkInJourneyPattern>
<ServiceLinkInJourneyPattern order="2" version="any" id="SE:020:ServiceLinkInJourneyPattern:BUS_34840">
    <ServiceLinkRef ref="SE:020:ServiceLink:BUS_9025020058014801_9025020058079102"/>
</ServiceLinkInJourneyPattern>
<ServiceLinkInJourneyPattern order="3" version="any" id="SE:020:ServiceLinkInJourneyPattern:BUS_34841">
    <ServiceLinkRef ref="SE:020:ServiceLink:BUS_9025020058079102_9025020058059902"/>
</ServiceLinkInJourneyPattern>
<ServiceLinkInJourneyPattern order="4" version="any" id="SE:020:ServiceLinkInJourneyPattern:BUS_34842">
    <ServiceLinkRef ref="SE:020:ServiceLink:BUS_9025020058059902_9025020058059802"/>
</ServiceLinkInJourneyPattern>
<ServiceLinkInJourneyPattern order="5" version="any" id="SE:020:ServiceLinkInJourneyPattern:BUS_34843">
    <ServiceLinkRef ref="SE:020:ServiceLink:BUS_9025020058059802_9025020058024402"/>
</ServiceLinkInJourneyPattern>
<ServiceLinkInJourneyPattern order="6" version="any" id="SE:020:ServiceLinkInJourneyPattern:BUS_34844">
    <ServiceLinkRef ref="SE:020:ServiceLink:BUS_9025020058024402_9025020058079002"/>
</ServiceLinkInJourneyPattern>
<ServiceLinkInJourneyPattern order="7" version="any" id="SE:020:ServiceLinkInJourneyPattern:BUS_34845">
    <ServiceLinkRef ref="SE:020:ServiceLink:BUS_9025020058079002_9025020058064202"/>
</ServiceLinkInJourneyPattern>
<ServiceLinkInJourneyPattern order="8" version="any" id="SE:020:ServiceLinkInJourneyPattern:BUS_34846">
    <ServiceLinkRef ref="SE:020:ServiceLink:BUS_9025020058064202_9025020058083002"/>
</ServiceLinkInJourneyPattern>
<ServiceLinkInJourneyPattern order="9" version="any" id="SE:020:ServiceLinkInJourneyPattern:BUS_34847">
    <ServiceLinkRef ref="SE:020:ServiceLink:BUS_9025020058083002_9025020058022002"/>
</ServiceLinkInJourneyPattern>
<ServiceLinkInJourneyPattern order="10" version="any" id="SE:020:ServiceLinkInJourneyPattern:BUS_34848">
    <ServiceLinkRef ref="SE:020:ServiceLink:BUS_9025020058022002_9025020058022102"/>
</ServiceLinkInJourneyPattern>
<ServiceLinkInJourneyPattern order="11" version="any" id="SE:020:ServiceLinkInJourneyPattern:BUS_34849">
    <ServiceLinkRef ref="SE:020:ServiceLink:BUS_9025020058022102_9025020058022202"/>
</ServiceLinkInJourneyPattern>
<ServiceLinkInJourneyPattern order="12" version="any" id="SE:020:ServiceLinkInJourneyPattern:BUS_34850">
    <ServiceLinkRef ref="SE:020:ServiceLink:BUS_9025020058022202_9025020058022302"/>
</ServiceLinkInJourneyPattern>
<ServiceLinkInJourneyPattern order="13" version="any" id="SE:020:ServiceLinkInJourneyPattern:BUS_34851">
    <ServiceLinkRef ref="SE:020:ServiceLink:BUS_9025020058022302_9025020058022402"/>
</ServiceLinkInJourneyPattern>
<ServiceLinkInJourneyPattern order="14" version="any" id="SE:020:ServiceLinkInJourneyPattern:BUS_34852">
    <ServiceLinkRef ref="SE:020:ServiceLink:BUS_9025020058022402_9025020058022502"/>
</ServiceLinkInJourneyPattern>
<ServiceLinkInJourneyPattern order="15" version="any" id="SE:020:ServiceLinkInJourneyPattern:BUS_34853">
    <ServiceLinkRef ref="SE:020:ServiceLink:BUS_9025020058022502_9025020058022602"/>
</ServiceLinkInJourneyPattern>
<ServiceLinkInJourneyPattern order="16" version="any" id="SE:020:ServiceLinkInJourneyPattern:BUS_34854">
    <ServiceLinkRef ref="SE:020:ServiceLink:BUS_9025020058022602_9025020058023702"/>
</ServiceLinkInJourneyPattern>
<ServiceLinkInJourneyPattern order="17" version="any" id="SE:020:ServiceLinkInJourneyPattern:BUS_34855">
    <ServiceLinkRef ref="SE:020:ServiceLink:BUS_9025020058023702_9025020058023802"/>
</ServiceLinkInJourneyPattern>
<ServiceLinkInJourneyPattern order="18" version="any" id="SE:020:ServiceLinkInJourneyPattern:BUS_34856">
    <ServiceLinkRef ref="SE:020:ServiceLink:BUS_9025020058023802_9025020058023902"/>
</ServiceLinkInJourneyPattern>
<ServiceLinkInJourneyPattern order="19" version="any" id="SE:020:ServiceLinkInJourneyPattern:BUS_34857">
    <ServiceLinkRef ref="SE:020:ServiceLink:BUS_9025020058023902_9025020058024002"/>
</ServiceLinkInJourneyPattern>
<ServiceLinkInJourneyPattern order="20" version="any" id="SE:020:ServiceLinkInJourneyPattern:BUS_34858">
    <ServiceLinkRef ref="SE:020:ServiceLink:BUS_9025020058024002_9025020058024102"/>
</ServiceLinkInJourneyPattern>
<ServiceLinkInJourneyPattern order="21" version="any" id="SE:020:ServiceLinkInJourneyPattern:BUS_34859">
    <ServiceLinkRef ref="SE:020:ServiceLink:BUS_9025020058024102_9025020058024202"/>
</ServiceLinkInJourneyPattern>
<ServiceLinkInJourneyPattern order="22" version="any" id="SE:020:ServiceLinkInJourneyPattern:BUS_34860">
    <ServiceLinkRef ref="SE:020:ServiceLink:BUS_9025020058024202_9025020058023601"/>
</ServiceLinkInJourneyPattern>
<ServiceLinkInJourneyPattern order="23" version="any" id="SE:020:ServiceLinkInJourneyPattern:BUS_34861">
    <ServiceLinkRef ref="SE:020:ServiceLink:BUS_9025020058023601_9025020058023501"/>
</ServiceLinkInJourneyPattern>
<ServiceLinkInJourneyPattern order="24" version="any" id="SE:020:ServiceLinkInJourneyPattern:BUS_34862">
    <ServiceLinkRef ref="SE:020:ServiceLink:BUS_9025020058023501_9025020058023401"/>
</ServiceLinkInJourneyPattern>
<ServiceLinkInJourneyPattern order="25" version="any" id="SE:020:ServiceLinkInJourneyPattern:BUS_34863">
    <ServiceLinkRef ref="SE:020:ServiceLink:BUS_9025020058023401_9025020058014701"/>
</ServiceLinkInJourneyPattern>
<ServiceLinkInJourneyPattern order="26" version="any" id="SE:020:ServiceLinkInJourneyPattern:BUS_34864">
    <ServiceLinkRef ref="SE:020:ServiceLink:BUS_9025020058014701_9025020058023301"/>
</ServiceLinkInJourneyPattern>
<ServiceLinkInJourneyPattern order="27" version="any" id="SE:020:ServiceLinkInJourneyPattern:BUS_34865">
    <ServiceLinkRef ref="SE:020:ServiceLink:BUS_9025020058023301_9025020058014001"/>
</ServiceLinkInJourneyPattern>
<ServiceLinkInJourneyPattern order="28" version="any" id="SE:020:ServiceLinkInJourneyPattern:BUS_34866">
    <ServiceLinkRef ref="SE:020:ServiceLink:BUS_9025020058014001_9025020058035001"/>
</ServiceLinkInJourneyPattern>
<ServiceLinkInJourneyPattern order="29" version="any" id="SE:020:ServiceLinkInJourneyPattern:BUS_34867">
    <ServiceLinkRef ref="SE:020:ServiceLink:BUS_9025020058035001_9025020058013103"/>
</ServiceLinkInJourneyPattern>
<ServiceLinkInJourneyPattern order="30" version="any" id="SE:020:ServiceLinkInJourneyPattern:BUS_34868">
    <ServiceLinkRef ref="SE:020:ServiceLink:BUS_9025020058013103_9025020058023101"/>
</ServiceLinkInJourneyPattern>
<ServiceLinkInJourneyPattern order="31" version="any" id="SE:020:ServiceLinkInJourneyPattern:BUS_34869">
    <ServiceLinkRef ref="SE:020:ServiceLink:BUS_9025020058023101_9025020058014901"/>
</ServiceLinkInJourneyPattern>
<ServiceLinkInJourneyPattern order="32" version="any" id="SE:020:ServiceLinkInJourneyPattern:BUS_34870">
    <ServiceLinkRef ref="SE:020:ServiceLink:BUS_9025020058014901_9025020058013701"/>
</ServiceLinkInJourneyPattern>
<ServiceLinkInJourneyPattern order="33" version="any" id="SE:020:ServiceLinkInJourneyPattern:BUS_34871">
    <ServiceLinkRef ref="SE:020:ServiceLink:BUS_9025020058013701_9025020058023001"/>
</ServiceLinkInJourneyPattern>
<ServiceLinkInJourneyPattern order="34" version="any" id="SE:020:ServiceLinkInJourneyPattern:BUS_34872">
    <ServiceLinkRef ref="SE:020:ServiceLink:BUS_9025020058023001_9025020058022901"/>
</ServiceLinkInJourneyPattern>
<ServiceLinkInJourneyPattern order="35" version="any" id="SE:020:ServiceLinkInJourneyPattern:BUS_34873">
    <ServiceLinkRef ref="SE:020:ServiceLink:BUS_9025020058022901_9025020058022801"/>
</ServiceLinkInJourneyPattern>
<ServiceLinkInJourneyPattern order="36" version="any" id="SE:020:ServiceLinkInJourneyPattern:BUS_34874">
    <ServiceLinkRef ref="SE:020:ServiceLink:BUS_9025020058022801_9025020058013801"/>
</ServiceLinkInJourneyPattern>
<ServiceLinkInJourneyPattern order="37" version="any" id="SE:020:ServiceLinkInJourneyPattern:BUS_34875">
    <ServiceLinkRef ref="SE:020:ServiceLink:BUS_9025020058013801_9025020058022701"/>
</ServiceLinkInJourneyPattern>
<ServiceLinkInJourneyPattern order="38" version="any" id="SE:020:ServiceLinkInJourneyPattern:BUS_34876">
    <ServiceLinkRef ref="SE:020:ServiceLink:BUS_9025020058022701_9025020058024801"/>
</ServiceLinkInJourneyPattern>
<ServiceLinkInJourneyPattern order="39" version="any" id="SE:020:ServiceLinkInJourneyPattern:BUS_34877">
    <ServiceLinkRef ref="SE:020:ServiceLink:BUS_9025020058024801_9025020058025001"/>
</ServiceLinkInJourneyPattern>
                            </linksInSequence>
                        </JourneyPattern>
                    </journeyPatterns>
                </ServiceFrame>
                <TimetableFrame version="20240902035740" id="SE:020:TimetableFrame:9011020093700000">
                    <vehicleJourneys>
                        <ServiceJourney version="any" id="SE:020:ServiceJourney:205330000114162753">
                            <TransportMode>bus</TransportMode>
                            <TransportSubmode>
<BusSubmode>unknown</BusSubmode>
                            </TransportSubmode>
                            <dayTypes>
<DayTypeRef ref="SE:020:DayType:3umardoq0nh3vrho685f788vsmpqq1gl"/>
                            </dayTypes>
                            <JourneyPatternRef ref="SE:020:JourneyPattern:205339415000025473" version="any"/>
                            <OperatorRef ref="SE:020:Operator:9013020140800000"/>
                            <passingTimes>
<TimetabledPassingTime version="any" id="SE:020:TimetabledPassingTime:205330000114162711">
    <StopPointInJourneyPatternRef ref="SE:020:StopPointInJourneyPattern:205339415000025473_205330000104804541" version="any"/>
    <DepartureTime>13:10:00</DepartureTime>
</TimetabledPassingTime>
<TimetabledPassingTime version="any" id="SE:020:TimetabledPassingTime:205330000114162712">
    <StopPointInJourneyPatternRef ref="SE:020:StopPointInJourneyPattern:205339415000025473_205330000104804542" version="any"/>
    <ArrivalTime>13:15:11</ArrivalTime>
    <DepartureTime>13:15:11</DepartureTime>
</TimetabledPassingTime>
<TimetabledPassingTime version="any" id="SE:020:TimetabledPassingTime:205330000114162713">
    <StopPointInJourneyPatternRef ref="SE:020:StopPointInJourneyPattern:205339415000025473_205330000104804543" version="any"/>
    <ArrivalTime>13:16:42</ArrivalTime>
    <DepartureTime>13:16:42</DepartureTime>
</TimetabledPassingTime>
<TimetabledPassingTime version="any" id="SE:020:TimetabledPassingTime:205330000114162714">
    <StopPointInJourneyPatternRef ref="SE:020:StopPointInJourneyPattern:205339415000025473_205330000104804544" version="any"/>
    <ArrivalTime>13:20:29</ArrivalTime>
    <DepartureTime>13:20:29</DepartureTime>
</TimetabledPassingTime>
<TimetabledPassingTime version="any" id="SE:020:TimetabledPassingTime:205330000114162715">
    <StopPointInJourneyPatternRef ref="SE:020:StopPointInJourneyPattern:205339415000025473_205330000104804545" version="any"/>
    <ArrivalTime>13:24:00</ArrivalTime>
    <DepartureTime>13:24:00</DepartureTime>
</TimetabledPassingTime>
<TimetabledPassingTime version="any" id="SE:020:TimetabledPassingTime:205330000114162716">
    <StopPointInJourneyPatternRef ref="SE:020:StopPointInJourneyPattern:205339415000025473_205330000104804546" version="any"/>
    <ArrivalTime>13:24:59</ArrivalTime>
    <DepartureTime>13:24:59</DepartureTime>
</TimetabledPassingTime>
<TimetabledPassingTime version="any" id="SE:020:TimetabledPassingTime:205330000114162717">
    <StopPointInJourneyPatternRef ref="SE:020:StopPointInJourneyPattern:205339415000025473_205330000104804547" version="any"/>
    <ArrivalTime>13:25:43</ArrivalTime>
    <DepartureTime>13:25:43</DepartureTime>
</TimetabledPassingTime>
<TimetabledPassingTime version="any" id="SE:020:TimetabledPassingTime:205330000114162718">
    <StopPointInJourneyPatternRef ref="SE:020:StopPointInJourneyPattern:205339415000025473_205330000104804548" version="any"/>
    <ArrivalTime>13:28:00</ArrivalTime>
    <DepartureTime>13:28:00</DepartureTime>
</TimetabledPassingTime>
<TimetabledPassingTime version="any" id="SE:020:TimetabledPassingTime:205330000114162719">
    <StopPointInJourneyPatternRef ref="SE:020:StopPointInJourneyPattern:205339415000025473_205330000104804549" version="any"/>
    <ArrivalTime>13:29:00</ArrivalTime>
    <DepartureTime>13:29:00</DepartureTime>
</TimetabledPassingTime>
<TimetabledPassingTime version="any" id="SE:020:TimetabledPassingTime:205330000114162720">
    <StopPointInJourneyPatternRef ref="SE:020:StopPointInJourneyPattern:205339415000025473_205330000104804550" version="any"/>
    <ArrivalTime>13:31:09</ArrivalTime>
    <DepartureTime>13:31:09</DepartureTime>
</TimetabledPassingTime>
<TimetabledPassingTime version="any" id="SE:020:TimetabledPassingTime:205330000114162721">
    <StopPointInJourneyPatternRef ref="SE:020:StopPointInJourneyPattern:205339415000025473_205330000104804551" version="any"/>
    <ArrivalTime>13:33:00</ArrivalTime>
    <DepartureTime>13:33:00</DepartureTime>
</TimetabledPassingTime>
<TimetabledPassingTime version="any" id="SE:020:TimetabledPassingTime:205330000114162722">
    <StopPointInJourneyPatternRef ref="SE:020:StopPointInJourneyPattern:205339415000025473_205330000104804552" version="any"/>
    <ArrivalTime>13:33:43</ArrivalTime>
    <DepartureTime>13:33:43</DepartureTime>
</TimetabledPassingTime>
<TimetabledPassingTime version="any" id="SE:020:TimetabledPassingTime:205330000114162723">
    <StopPointInJourneyPatternRef ref="SE:020:StopPointInJourneyPattern:205339415000025473_205330000104804553" version="any"/>
    <ArrivalTime>13:34:12</ArrivalTime>
    <DepartureTime>13:34:12</DepartureTime>
</TimetabledPassingTime>
<TimetabledPassingTime version="any" id="SE:020:TimetabledPassingTime:205330000114162724">
    <StopPointInJourneyPatternRef ref="SE:020:StopPointInJourneyPattern:205339415000025473_205330000104804554" version="any"/>
    <ArrivalTime>13:34:24</ArrivalTime>
    <DepartureTime>13:34:24</DepartureTime>
</TimetabledPassingTime>
<TimetabledPassingTime version="any" id="SE:020:TimetabledPassingTime:205330000114162725">
    <StopPointInJourneyPatternRef ref="SE:020:StopPointInJourneyPattern:205339415000025473_205330000104804555" version="any"/>
    <ArrivalTime>13:35:25</ArrivalTime>
    <DepartureTime>13:35:25</DepartureTime>
</TimetabledPassingTime>
<TimetabledPassingTime version="any" id="SE:020:TimetabledPassingTime:205330000114162726">
    <StopPointInJourneyPatternRef ref="SE:020:StopPointInJourneyPattern:205339415000025473_205330000104804556" version="any"/>
    <ArrivalTime>13:35:50</ArrivalTime>
    <DepartureTime>13:35:50</DepartureTime>
</TimetabledPassingTime>
<TimetabledPassingTime version="any" id="SE:020:TimetabledPassingTime:205330000114162727">
    <StopPointInJourneyPatternRef ref="SE:020:StopPointInJourneyPattern:205339415000025473_205330000104804557" version="any"/>
    <ArrivalTime>13:36:19</ArrivalTime>
    <DepartureTime>13:36:19</DepartureTime>
</TimetabledPassingTime>
<TimetabledPassingTime version="any" id="SE:020:TimetabledPassingTime:205330000114162728">
    <StopPointInJourneyPatternRef ref="SE:020:StopPointInJourneyPattern:205339415000025473_205330000104804558" version="any"/>
    <ArrivalTime>13:36:53</ArrivalTime>
    <DepartureTime>13:36:53</DepartureTime>
</TimetabledPassingTime>
<TimetabledPassingTime version="any" id="SE:020:TimetabledPassingTime:205330000114162729">
    <StopPointInJourneyPatternRef ref="SE:020:StopPointInJourneyPattern:205339415000025473_205330000104804559" version="any"/>
    <ArrivalTime>13:37:27</ArrivalTime>
    <DepartureTime>13:37:27</DepartureTime>
</TimetabledPassingTime>
<TimetabledPassingTime version="any" id="SE:020:TimetabledPassingTime:205330000114162730">
    <StopPointInJourneyPatternRef ref="SE:020:StopPointInJourneyPattern:205339415000025473_205330000104804560" version="any"/>
    <ArrivalTime>13:37:45</ArrivalTime>
    <DepartureTime>13:37:45</DepartureTime>
</TimetabledPassingTime>
<TimetabledPassingTime version="any" id="SE:020:TimetabledPassingTime:205330000114162731">
    <StopPointInJourneyPatternRef ref="SE:020:StopPointInJourneyPattern:205339415000025473_205330000104804561" version="any"/>
    <ArrivalTime>13:38:09</ArrivalTime>
    <DepartureTime>13:38:09</DepartureTime>
</TimetabledPassingTime>
<TimetabledPassingTime version="any" id="SE:020:TimetabledPassingTime:205330000114162732">
    <StopPointInJourneyPatternRef ref="SE:020:StopPointInJourneyPattern:205339415000025473_205330000104804562" version="any"/>
    <ArrivalTime>13:39:00</ArrivalTime>
    <DepartureTime>13:39:00</DepartureTime>
</TimetabledPassingTime>
<TimetabledPassingTime version="any" id="SE:020:TimetabledPassingTime:205330000114162733">
    <StopPointInJourneyPatternRef ref="SE:020:StopPointInJourneyPattern:205339415000025473_205330000104804563" version="any"/>
    <ArrivalTime>13:40:14</ArrivalTime>
    <DepartureTime>13:40:14</DepartureTime>
</TimetabledPassingTime>
<TimetabledPassingTime version="any" id="SE:020:TimetabledPassingTime:205330000114162734">
    <StopPointInJourneyPatternRef ref="SE:020:StopPointInJourneyPattern:205339415000025473_205330000104804564" version="any"/>
    <ArrivalTime>13:40:50</ArrivalTime>
    <DepartureTime>13:40:50</DepartureTime>
</TimetabledPassingTime>
<TimetabledPassingTime version="any" id="SE:020:TimetabledPassingTime:205330000114162735">
    <StopPointInJourneyPatternRef ref="SE:020:StopPointInJourneyPattern:205339415000025473_205330000104804565" version="any"/>
    <ArrivalTime>13:41:01</ArrivalTime>
    <DepartureTime>13:41:01</DepartureTime>
</TimetabledPassingTime>
<TimetabledPassingTime version="any" id="SE:020:TimetabledPassingTime:205330000114162736">
    <StopPointInJourneyPatternRef ref="SE:020:StopPointInJourneyPattern:205339415000025473_205330000104804566" version="any"/>
    <ArrivalTime>13:41:16</ArrivalTime>
    <DepartureTime>13:41:16</DepartureTime>
</TimetabledPassingTime>
<TimetabledPassingTime version="any" id="SE:020:TimetabledPassingTime:205330000114162737">
    <StopPointInJourneyPatternRef ref="SE:020:StopPointInJourneyPattern:205339415000025473_205330000104804567" version="any"/>
    <ArrivalTime>13:42:00</ArrivalTime>
    <DepartureTime>13:42:00</DepartureTime>
</TimetabledPassingTime>
<TimetabledPassingTime version="any" id="SE:020:TimetabledPassingTime:205330000114162738">
    <StopPointInJourneyPatternRef ref="SE:020:StopPointInJourneyPattern:205339415000025473_205330000104804568" version="any"/>
    <ArrivalTime>13:43:27</ArrivalTime>
    <DepartureTime>13:43:27</DepartureTime>
</TimetabledPassingTime>
<TimetabledPassingTime version="any" id="SE:020:TimetabledPassingTime:205330000114162739">
    <StopPointInJourneyPatternRef ref="SE:020:StopPointInJourneyPattern:205339415000025473_205330000104804569" version="any"/>
    <ArrivalTime>13:43:53</ArrivalTime>
    <DepartureTime>13:43:53</DepartureTime>
</TimetabledPassingTime>
<TimetabledPassingTime version="any" id="SE:020:TimetabledPassingTime:205330000114162740">
    <StopPointInJourneyPatternRef ref="SE:020:StopPointInJourneyPattern:205339415000025473_205330000104804570" version="any"/>
    <ArrivalTime>13:45:24</ArrivalTime>
    <DepartureTime>13:45:24</DepartureTime>
</TimetabledPassingTime>
<TimetabledPassingTime version="any" id="SE:020:TimetabledPassingTime:205330000114162741">
    <StopPointInJourneyPatternRef ref="SE:020:StopPointInJourneyPattern:205339415000025473_205330000104804571" version="any"/>
    <ArrivalTime>13:48:00</ArrivalTime>
    <DepartureTime>13:48:00</DepartureTime>
</TimetabledPassingTime>
<TimetabledPassingTime version="any" id="SE:020:TimetabledPassingTime:205330000114162742">
    <StopPointInJourneyPatternRef ref="SE:020:StopPointInJourneyPattern:205339415000025473_205330000104804572" version="any"/>
    <ArrivalTime>13:48:47</ArrivalTime>
    <DepartureTime>13:48:47</DepartureTime>
</TimetabledPassingTime>
<TimetabledPassingTime version="any" id="SE:020:TimetabledPassingTime:205330000114162743">
    <StopPointInJourneyPatternRef ref="SE:020:StopPointInJourneyPattern:205339415000025473_205330000104804573" version="any"/>
    <ArrivalTime>13:49:12</ArrivalTime>
    <DepartureTime>13:49:12</DepartureTime>
</TimetabledPassingTime>
<TimetabledPassingTime version="any" id="SE:020:TimetabledPassingTime:205330000114162744">
    <StopPointInJourneyPatternRef ref="SE:020:StopPointInJourneyPattern:205339415000025473_205330000104804574" version="any"/>
    <ArrivalTime>13:49:47</ArrivalTime>
    <DepartureTime>13:49:47</DepartureTime>
</TimetabledPassingTime>
<TimetabledPassingTime version="any" id="SE:020:TimetabledPassingTime:205330000114162745">
    <StopPointInJourneyPatternRef ref="SE:020:StopPointInJourneyPattern:205339415000025473_205330000104804575" version="any"/>
    <ArrivalTime>13:51:00</ArrivalTime>
    <DepartureTime>13:51:00</DepartureTime>
</TimetabledPassingTime>
<TimetabledPassingTime version="any" id="SE:020:TimetabledPassingTime:205330000114162746">
    <StopPointInJourneyPatternRef ref="SE:020:StopPointInJourneyPattern:205339415000025473_205330000104804576" version="any"/>
    <ArrivalTime>13:51:14</ArrivalTime>
    <DepartureTime>13:51:14</DepartureTime>
</TimetabledPassingTime>
<TimetabledPassingTime version="any" id="SE:020:TimetabledPassingTime:205330000114162747">
    <StopPointInJourneyPatternRef ref="SE:020:StopPointInJourneyPattern:205339415000025473_205330000104804577" version="any"/>
    <ArrivalTime>13:51:54</ArrivalTime>
    <DepartureTime>13:51:54</DepartureTime>
</TimetabledPassingTime>
<TimetabledPassingTime version="any" id="SE:020:TimetabledPassingTime:205330000114162748">
    <StopPointInJourneyPatternRef ref="SE:020:StopPointInJourneyPattern:205339415000025473_205330000104804578" version="any"/>
    <ArrivalTime>13:53:00</ArrivalTime>
    <DepartureTime>13:53:00</DepartureTime>
</TimetabledPassingTime>
<TimetabledPassingTime version="any" id="SE:020:TimetabledPassingTime:205330000114162749">
    <StopPointInJourneyPatternRef ref="SE:020:StopPointInJourneyPattern:205339415000025473_205330000104804579" version="any"/>
    <ArrivalTime>13:57:55</ArrivalTime>
    <DepartureTime>13:57:55</DepartureTime>
</TimetabledPassingTime>
<TimetabledPassingTime version="any" id="SE:020:TimetabledPassingTime:205330000114162750">
    <StopPointInJourneyPatternRef ref="SE:020:StopPointInJourneyPattern:205339415000025473_205330000104804580" version="any"/>
    <ArrivalTime>14:00:00</ArrivalTime>
</TimetabledPassingTime>
                            </passingTimes>
                        </ServiceJourney>
                    </vehicleJourneys>
                </TimetableFrame>
            </frames>
        </CompositeFrame>
    </dataObjects>
</PublicationDelivery>
