<?xml version="1.0" encoding="UTF-8" standalone="yes"?>
<PublicationDelivery xmlns="http://www.netex.org.uk/netex" xmlns:ns2="http://www.opengis.net/gml/3.2" xmlns:ns3="http://www.siri.org.uk/siri" version="1.11:NO-NeTEx-networktimetable:1.3">
    <PublicationTimestamp>2024-09-02T03:57:40</PublicationTimestamp>
    <ParticipantRef>SAM</ParticipantRef>
    <dataObjects>
        <CompositeFrame created="2024-09-02T03:57:40" version="20240902035740" id="SE:020:CompositeFrame:9011020077600000">
            <ValidBetween>
                <FromDate>1970-01-01T00:00:00</FromDate>
            </ValidBetween>
            <codespaces>
                <Codespace id="SE:020">
                    <Xmlns>SE:020</Xmlns>
                    <XmlnsUrl>http://www.samtrafiken.se/ns/dt</XmlnsUrl>
                </Codespace>
            </codespaces>
            <FrameDefaults>
                <DefaultLocale>
                    <TimeZone>Europe/Stockholm</TimeZone>
                    <DefaultLanguage>se</DefaultLanguage>
                </DefaultLocale>
                <DefaultLocationSystem>4326</DefaultLocationSystem>
            </FrameDefaults>
            <frames>
                <ServiceFrame version="20240902035740" id="SE:020:ServiceFrame:9011020077600000">
                    <routes>
                        <Route version="any" id="SE:020:Route:205330000095472710">
                            <Name>Flextrafik Siljansnäs-Lundbjörken</Name>
                            <LineRef ref="SE:020:Line:9011020077600000" version="200817"/>
                            <DirectionType>inbound</DirectionType>
                            <pointsInSequence>
<PointOnRoute order="1" version="any" id="SE:020:PointOnRoute:205330000095472715">
    <RoutePointRef ref="SE:020:RoutePoint:9022020529114002"/>
</PointOnRoute>
<PointOnRoute order="2" version="any" id="SE:020:PointOnRoute:205330000095472716">
    <RoutePointRef ref="SE:020:RoutePoint:9022020529038001"/>
</PointOnRoute>
<PointOnRoute order="3" version="any" id="SE:020:PointOnRoute:205330000095472717">
    <RoutePointRef ref="SE:020:RoutePoint:9022020529039001"/>
</PointOnRoute>
<PointOnRoute order="4" version="any" id="SE:020:PointOnRoute:205330000095472718">
    <RoutePointRef ref="SE:020:RoutePoint:9022020529014001"/>
</PointOnRoute>
<PointOnRoute order="5" version="any" id="SE:020:PointOnRoute:205330000095472719">
    <RoutePointRef ref="SE:020:RoutePoint:9022020529031001"/>
</PointOnRoute>
<PointOnRoute order="6" version="any" id="SE:020:PointOnRoute:205330000095472720">
    <RoutePointRef ref="SE:020:RoutePoint:9022020529030001"/>
</PointOnRoute>
<PointOnRoute order="7" version="any" id="SE:020:PointOnRoute:205330000095472721">
    <RoutePointRef ref="SE:020:RoutePoint:9022020529018001"/>
</PointOnRoute>
<PointOnRoute order="8" version="any" id="SE:020:PointOnRoute:205330000095472722">
    <RoutePointRef ref="SE:020:RoutePoint:9022020529016001"/>
</PointOnRoute>
<PointOnRoute order="9" version="any" id="SE:020:PointOnRoute:205330000095472723">
    <RoutePointRef ref="SE:020:RoutePoint:9022020529282001"/>
</PointOnRoute>
<PointOnRoute order="10" version="any" id="SE:020:PointOnRoute:205330000095472724">
    <RoutePointRef ref="SE:020:RoutePoint:9022020529017001"/>
</PointOnRoute>
                            </pointsInSequence>
                        </Route>
                        <Route version="any" id="SE:020:Route:205330000095472684">
                            <Name>Flextrafik Lundbjörken-Siljansnäs</Name>
                            <LineRef ref="SE:020:Line:9011020077600000" version="200817"/>
                            <DirectionType>outbound</DirectionType>
                            <pointsInSequence>
<PointOnRoute order="1" version="any" id="SE:020:PointOnRoute:205330000095472689">
    <RoutePointRef ref="SE:020:RoutePoint:9022020529017001"/>
</PointOnRoute>
<PointOnRoute order="2" version="any" id="SE:020:PointOnRoute:205330000095472690">
    <RoutePointRef ref="SE:020:RoutePoint:9022020529016001"/>
</PointOnRoute>
<PointOnRoute order="3" version="any" id="SE:020:PointOnRoute:205330000095472691">
    <RoutePointRef ref="SE:020:RoutePoint:9022020529282001"/>
</PointOnRoute>
<PointOnRoute order="4" version="any" id="SE:020:PointOnRoute:205330000095472692">
    <RoutePointRef ref="SE:020:RoutePoint:9022020529018001"/>
</PointOnRoute>
<PointOnRoute order="5" version="any" id="SE:020:PointOnRoute:205330000095472693">
    <RoutePointRef ref="SE:020:RoutePoint:9022020529030002"/>
</PointOnRoute>
<PointOnRoute order="6" version="any" id="SE:020:PointOnRoute:205330000095472694">
    <RoutePointRef ref="SE:020:RoutePoint:9022020529038001"/>
</PointOnRoute>
<PointOnRoute order="7" version="any" id="SE:020:PointOnRoute:205330000095472695">
    <RoutePointRef ref="SE:020:RoutePoint:9022020529039001"/>
</PointOnRoute>
<PointOnRoute order="8" version="any" id="SE:020:PointOnRoute:205330000095472696">
    <RoutePointRef ref="SE:020:RoutePoint:9022020529014001"/>
</PointOnRoute>
<PointOnRoute order="9" version="any" id="SE:020:PointOnRoute:205330000095472697">
    <RoutePointRef ref="SE:020:RoutePoint:9022020529031001"/>
</PointOnRoute>
<PointOnRoute order="10" version="any" id="SE:020:PointOnRoute:205330000095472698">
    <RoutePointRef ref="SE:020:RoutePoint:9022020529114001"/>
</PointOnRoute>
                            </pointsInSequence>
                        </Route>
                    </routes>
                    <lines>
                        <Line version="200817" id="SE:020:Line:9011020077600000">
                            <ValidBetween>
<FromDate>2020-08-17T00:00:00</FromDate>
                            </ValidBetween>
                            <Name>776</Name>
                            <TransportMode>taxi</TransportMode>
                            <PublicCode>776</PublicCode>
                            <PrivateCode>776</PrivateCode>
                            <RepresentedByGroupRef ref="SE:020:Network:9010020000000000"/>
                        </Line>
                    </lines>
                    <journeyPatterns>
                        <JourneyPattern version="any" id="SE:020:JourneyPattern:205339415000021148">
                            <RouteRef ref="SE:020:Route:205330000095472710" version="any"/>
                            <pointsInSequence>
<StopPointInJourneyPattern order="1" version="any" id="SE:020:StopPointInJourneyPattern:205339415000021148_205330000095472715">
    <ScheduledStopPointRef ref="SE:020:ScheduledStopPoint:9022020529114002"/>
    <ForAlighting>false</ForAlighting>
    <ForBoarding>true</ForBoarding>
    <DestinationDisplayRef ref="SE:020:DestinationDisplay:205330000095472732"/>
    <RequestStop>true</RequestStop>
</StopPointInJourneyPattern>
<StopPointInJourneyPattern order="2" version="any" id="SE:020:StopPointInJourneyPattern:205339415000021148_205330000095472716">
    <ScheduledStopPointRef ref="SE:020:ScheduledStopPoint:9022020529038001"/>
    <ForAlighting>false</ForAlighting>
    <ForBoarding>true</ForBoarding>
    <RequestStop>true</RequestStop>
</StopPointInJourneyPattern>
<StopPointInJourneyPattern order="3" version="any" id="SE:020:StopPointInJourneyPattern:205339415000021148_205330000095472717">
    <ScheduledStopPointRef ref="SE:020:ScheduledStopPoint:9022020529039001"/>
    <ForAlighting>false</ForAlighting>
    <ForBoarding>true</ForBoarding>
    <RequestStop>true</RequestStop>
</StopPointInJourneyPattern>
<StopPointInJourneyPattern order="4" version="any" id="SE:020:StopPointInJourneyPattern:205339415000021148_205330000095472718">
    <ScheduledStopPointRef ref="SE:020:ScheduledStopPoint:9022020529014001"/>
    <ForAlighting>false</ForAlighting>
    <ForBoarding>true</ForBoarding>
    <RequestStop>true</RequestStop>
</StopPointInJourneyPattern>
<StopPointInJourneyPattern order="5" version="any" id="SE:020:StopPointInJourneyPattern:205339415000021148_205330000095472719">
    <ScheduledStopPointRef ref="SE:020:ScheduledStopPoint:9022020529031001"/>
    <ForAlighting>false</ForAlighting>
    <ForBoarding>true</ForBoarding>
    <RequestStop>true</RequestStop>
</StopPointInJourneyPattern>
<StopPointInJourneyPattern order="6" version="any" id="SE:020:StopPointInJourneyPattern:205339415000021148_205330000095472720">
    <ScheduledStopPointRef ref="SE:020:ScheduledStopPoint:9022020529030001"/>
    <ForAlighting>false</ForAlighting>
    <ForBoarding>true</ForBoarding>
    <RequestStop>true</RequestStop>
</StopPointInJourneyPattern>
<StopPointInJourneyPattern order="7" version="any" id="SE:020:StopPointInJourneyPattern:205339415000021148_205330000095472721">
    <ScheduledStopPointRef ref="SE:020:ScheduledStopPoint:9022020529018001"/>
    <ForAlighting>true</ForAlighting>
    <ForBoarding>true</ForBoarding>
    <RequestStop>true</RequestStop>
</StopPointInJourneyPattern>
<StopPointInJourneyPattern order="8" version="any" id="SE:020:StopPointInJourneyPattern:205339415000021148_205330000095472722">
    <ScheduledStopPointRef ref="SE:020:ScheduledStopPoint:9022020529016001"/>
    <ForAlighting>true</ForAlighting>
    <ForBoarding>true</ForBoarding>
    <RequestStop>true</RequestStop>
</StopPointInJourneyPattern>
<StopPointInJourneyPattern order="9" version="any" id="SE:020:StopPointInJourneyPattern:205339415000021148_205330000095472723">
    <ScheduledStopPointRef ref="SE:020:ScheduledStopPoint:9022020529282001"/>
    <ForAlighting>true</ForAlighting>
    <ForBoarding>true</ForBoarding>
    <RequestStop>true</RequestStop>
</StopPointInJourneyPattern>
<StopPointInJourneyPattern order="10" version="any" id="SE:020:StopPointInJourneyPattern:205339415000021148_205330000095472724">
    <ScheduledStopPointRef ref="SE:020:ScheduledStopPoint:9022020529017001"/>
    <ForAlighting>true</ForAlighting>
    <ForBoarding>false</ForBoarding>
    <RequestStop>true</RequestStop>
</StopPointInJourneyPattern>
                            </pointsInSequence>
                            <linksInSequence>
<ServiceLinkInJourneyPattern order="1" version="any" id="SE:020:ServiceLinkInJourneyPattern:TAXI_42206">
    <ServiceLinkRef ref="SE:020:ServiceLink:TAXI_9025020052911402_9025020052903801"/>
</ServiceLinkInJourneyPattern>
<ServiceLinkInJourneyPattern order="2" version="any" id="SE:020:ServiceLinkInJourneyPattern:TAXI_42207">
    <ServiceLinkRef ref="SE:020:ServiceLink:TAXI_9025020052903801_9025020052903901"/>
</ServiceLinkInJourneyPattern>
<ServiceLinkInJourneyPattern order="3" version="any" id="SE:020:ServiceLinkInJourneyPattern:TAXI_42208">
    <ServiceLinkRef ref="SE:020:ServiceLink:TAXI_9025020052903901_9025020052901401"/>
</ServiceLinkInJourneyPattern>
<ServiceLinkInJourneyPattern order="4" version="any" id="SE:020:ServiceLinkInJourneyPattern:TAXI_42209">
    <ServiceLinkRef ref="SE:020:ServiceLink:TAXI_9025020052901401_9025020052903101"/>
</ServiceLinkInJourneyPattern>
<ServiceLinkInJourneyPattern order="5" version="any" id="SE:020:ServiceLinkInJourneyPattern:TAXI_42210">
    <ServiceLinkRef ref="SE:020:ServiceLink:TAXI_9025020052903101_9025020052903001"/>
</ServiceLinkInJourneyPattern>
<ServiceLinkInJourneyPattern order="6" version="any" id="SE:020:ServiceLinkInJourneyPattern:TAXI_42211">
    <ServiceLinkRef ref="SE:020:ServiceLink:TAXI_9025020052903001_9025020052901801"/>
</ServiceLinkInJourneyPattern>
<ServiceLinkInJourneyPattern order="7" version="any" id="SE:020:ServiceLinkInJourneyPattern:TAXI_42212">
    <ServiceLinkRef ref="SE:020:ServiceLink:TAXI_9025020052901801_9025020052901601"/>
</ServiceLinkInJourneyPattern>
<ServiceLinkInJourneyPattern order="8" version="any" id="SE:020:ServiceLinkInJourneyPattern:TAXI_42213">
    <ServiceLinkRef ref="SE:020:ServiceLink:TAXI_9025020052901601_9025020052928201"/>
</ServiceLinkInJourneyPattern>
<ServiceLinkInJourneyPattern order="9" version="any" id="SE:020:ServiceLinkInJourneyPattern:TAXI_42214">
    <ServiceLinkRef ref="SE:020:ServiceLink:TAXI_9025020052928201_9025020052901701"/>
</ServiceLinkInJourneyPattern>
                            </linksInSequence>
                        </JourneyPattern>
                        <JourneyPattern version="any" id="SE:020:JourneyPattern:205339415000021147">
                            <RouteRef ref="SE:020:Route:205330000095472684" version="any"/>
                            <pointsInSequence>
<StopPointInJourneyPattern order="1" version="any" id="SE:020:StopPointInJourneyPattern:205339415000021147_205330000095472689">
    <ScheduledStopPointRef ref="SE:020:ScheduledStopPoint:9022020529017001"/>
    <ForAlighting>false</ForAlighting>
    <ForBoarding>true</ForBoarding>
    <DestinationDisplayRef ref="SE:020:DestinationDisplay:205330000095472706"/>
    <RequestStop>true</RequestStop>
</StopPointInJourneyPattern>
<StopPointInJourneyPattern order="2" version="any" id="SE:020:StopPointInJourneyPattern:205339415000021147_205330000095472690">
    <ScheduledStopPointRef ref="SE:020:ScheduledStopPoint:9022020529016001"/>
    <ForAlighting>true</ForAlighting>
    <ForBoarding>true</ForBoarding>
    <RequestStop>true</RequestStop>
</StopPointInJourneyPattern>
<StopPointInJourneyPattern order="3" version="any" id="SE:020:StopPointInJourneyPattern:205339415000021147_205330000095472691">
    <ScheduledStopPointRef ref="SE:020:ScheduledStopPoint:9022020529282001"/>
    <ForAlighting>true</ForAlighting>
    <ForBoarding>true</ForBoarding>
    <RequestStop>true</RequestStop>
</StopPointInJourneyPattern>
<StopPointInJourneyPattern order="4" version="any" id="SE:020:StopPointInJourneyPattern:205339415000021147_205330000095472692">
    <ScheduledStopPointRef ref="SE:020:ScheduledStopPoint:9022020529018001"/>
    <ForAlighting>true</ForAlighting>
    <ForBoarding>true</ForBoarding>
    <RequestStop>true</RequestStop>
</StopPointInJourneyPattern>
<StopPointInJourneyPattern order="5" version="any" id="SE:020:StopPointInJourneyPattern:205339415000021147_205330000095472693">
    <ScheduledStopPointRef ref="SE:020:ScheduledStopPoint:9022020529030002"/>
    <ForAlighting>true</ForAlighting>
    <ForBoarding>false</ForBoarding>
    <RequestStop>true</RequestStop>
</StopPointInJourneyPattern>
<StopPointInJourneyPattern order="6" version="any" id="SE:020:StopPointInJourneyPattern:205339415000021147_205330000095472694">
    <ScheduledStopPointRef ref="SE:020:ScheduledStopPoint:9022020529038001"/>
    <ForAlighting>true</ForAlighting>
    <ForBoarding>false</ForBoarding>
    <RequestStop>true</RequestStop>
</StopPointInJourneyPattern>
<StopPointInJourneyPattern order="7" version="any" id="SE:020:StopPointInJourneyPattern:205339415000021147_205330000095472695">
    <ScheduledStopPointRef ref="SE:020:ScheduledStopPoint:9022020529039001"/>
    <ForAlighting>true</ForAlighting>
    <ForBoarding>false</ForBoarding>
    <RequestStop>true</RequestStop>
</StopPointInJourneyPattern>
<StopPointInJourneyPattern order="8" version="any" id="SE:020:StopPointInJourneyPattern:205339415000021147_205330000095472696">
    <ScheduledStopPointRef ref="SE:020:ScheduledStopPoint:9022020529014001"/>
    <ForAlighting>true</ForAlighting>
    <ForBoarding>false</ForBoarding>
    <RequestStop>true</RequestStop>
</StopPointInJourneyPattern>
<StopPointInJourneyPattern order="9" version="any" id="SE:020:StopPointInJourneyPattern:205339415000021147_205330000095472697">
    <ScheduledStopPointRef ref="SE:020:ScheduledStopPoint:9022020529031001"/>
    <ForAlighting>true</ForAlighting>
    <ForBoarding>false</ForBoarding>
    <RequestStop>true</RequestStop>
</StopPointInJourneyPattern>
<StopPointInJourneyPattern order="10" version="any" id="SE:020:StopPointInJourneyPattern:205339415000021147_205330000095472698">
    <ScheduledStopPointRef ref="SE:020:ScheduledStopPoint:9022020529114001"/>
    <ForAlighting>true</ForAlighting>
    <ForBoarding>false</ForBoarding>
    <RequestStop>true</RequestStop>
</StopPointInJourneyPattern>
                            </pointsInSequence>
                            <linksInSequence>
<ServiceLinkInJourneyPattern order="1" version="any" id="SE:020:ServiceLinkInJourneyPattern:TAXI_42215">
    <ServiceLinkRef ref="SE:020:ServiceLink:TAXI_9025020052901701_9025020052901601"/>
</ServiceLinkInJourneyPattern>
<ServiceLinkInJourneyPattern order="2" version="any" id="SE:020:ServiceLinkInJourneyPattern:TAXI_42216">
    <ServiceLinkRef ref="SE:020:ServiceLink:TAXI_9025020052901601_9025020052928201"/>
</ServiceLinkInJourneyPattern>
<ServiceLinkInJourneyPattern order="3" version="any" id="SE:020:ServiceLinkInJourneyPattern:TAXI_42217">
    <ServiceLinkRef ref="SE:020:ServiceLink:TAXI_9025020052928201_9025020052901801"/>
</ServiceLinkInJourneyPattern>
<ServiceLinkInJourneyPattern order="4" version="any" id="SE:020:ServiceLinkInJourneyPattern:TAXI_42218">
    <ServiceLinkRef ref="SE:020:ServiceLink:TAXI_9025020052901801_9025020052903002"/>
</ServiceLinkInJourneyPattern>
<ServiceLinkInJourneyPattern order="5" version="any" id="SE:020:ServiceLinkInJourneyPattern:TAXI_42219">
    <ServiceLinkRef ref="SE:020:ServiceLink:TAXI_9025020052903002_9025020052903801"/>
</ServiceLinkInJourneyPattern>
<ServiceLinkInJourneyPattern order="6" version="any" id="SE:020:ServiceLinkInJourneyPattern:TAXI_42220">
    <ServiceLinkRef ref="SE:020:ServiceLink:TAXI_9025020052903801_9025020052903901"/>
</ServiceLinkInJourneyPattern>
<ServiceLinkInJourneyPattern order="7" version="any" id="SE:020:ServiceLinkInJourneyPattern:TAXI_42221">
    <ServiceLinkRef ref="SE:020:ServiceLink:TAXI_9025020052903901_9025020052901401"/>
</ServiceLinkInJourneyPattern>
<ServiceLinkInJourneyPattern order="8" version="any" id="SE:020:ServiceLinkInJourneyPattern:TAXI_42222">
    <ServiceLinkRef ref="SE:020:ServiceLink:TAXI_9025020052901401_9025020052903101"/>
</ServiceLinkInJourneyPattern>
<ServiceLinkInJourneyPattern order="9" version="any" id="SE:020:ServiceLinkInJourneyPattern:TAXI_42223">
    <ServiceLinkRef ref="SE:020:ServiceLink:TAXI_9025020052903101_9025020052911401"/>
</ServiceLinkInJourneyPattern>
                            </linksInSequence>
                        </JourneyPattern>
                    </journeyPatterns>
                </ServiceFrame>
                <TimetableFrame version="20240902035740" id="SE:020:TimetableFrame:9011020077600000">
                    <vehicleJourneys>
                        <ServiceJourney version="any" id="SE:020:ServiceJourney:205330000113220499">
                            <TransportMode>bus</TransportMode>
                            <TransportSubmode>
<BusSubmode>unknown</BusSubmode>
                            </TransportSubmode>
                            <dayTypes>
<DayTypeRef ref="SE:020:DayType:sra87i4966dst8tue40hod0e7e32i962"/>
                            </dayTypes>
                            <JourneyPatternRef ref="SE:020:JourneyPattern:205339415000021147" version="any"/>
                            <OperatorRef ref="SE:020:Operator:9013020810000000"/>
                            <passingTimes>
<TimetabledPassingTime version="any" id="SE:020:TimetabledPassingTime:205330000113220487">
    <StopPointInJourneyPatternRef ref="SE:020:StopPointInJourneyPattern:205339415000021147_205330000095472689" version="any"/>
    <DepartureTime>09:30:00</DepartureTime>
</TimetabledPassingTime>
<TimetabledPassingTime version="any" id="SE:020:TimetabledPassingTime:205330000113220488">
    <StopPointInJourneyPatternRef ref="SE:020:StopPointInJourneyPattern:205339415000021147_205330000095472690" version="any"/>
    <ArrivalTime>09:37:00</ArrivalTime>
    <DepartureTime>09:37:00</DepartureTime>
</TimetabledPassingTime>
<TimetabledPassingTime version="any" id="SE:020:TimetabledPassingTime:205330000113220489">
    <StopPointInJourneyPatternRef ref="SE:020:StopPointInJourneyPattern:205339415000021147_205330000095472691" version="any"/>
    <ArrivalTime>09:40:00</ArrivalTime>
    <DepartureTime>09:40:00</DepartureTime>
</TimetabledPassingTime>
<TimetabledPassingTime version="any" id="SE:020:TimetabledPassingTime:205330000113220490">
    <StopPointInJourneyPatternRef ref="SE:020:StopPointInJourneyPattern:205339415000021147_205330000095472692" version="any"/>
    <ArrivalTime>09:55:00</ArrivalTime>
    <DepartureTime>09:55:00</DepartureTime>
</TimetabledPassingTime>
<TimetabledPassingTime version="any" id="SE:020:TimetabledPassingTime:205330000113220491">
    <StopPointInJourneyPatternRef ref="SE:020:StopPointInJourneyPattern:205339415000021147_205330000095472693" version="any"/>
    <ArrivalTime>10:02:19</ArrivalTime>
    <DepartureTime>10:02:19</DepartureTime>
</TimetabledPassingTime>
<TimetabledPassingTime version="any" id="SE:020:TimetabledPassingTime:205330000113220492">
    <StopPointInJourneyPatternRef ref="SE:020:StopPointInJourneyPattern:205339415000021147_205330000095472694" version="any"/>
    <ArrivalTime>10:05:00</ArrivalTime>
    <DepartureTime>10:05:00</DepartureTime>
</TimetabledPassingTime>
<TimetabledPassingTime version="any" id="SE:020:TimetabledPassingTime:205330000113220493">
    <StopPointInJourneyPatternRef ref="SE:020:StopPointInJourneyPattern:205339415000021147_205330000095472695" version="any"/>
    <ArrivalTime>10:06:00</ArrivalTime>
    <DepartureTime>10:06:00</DepartureTime>
</TimetabledPassingTime>
<TimetabledPassingTime version="any" id="SE:020:TimetabledPassingTime:205330000113220494">
    <StopPointInJourneyPatternRef ref="SE:020:StopPointInJourneyPattern:205339415000021147_205330000095472696" version="any"/>
    <ArrivalTime>10:07:00</ArrivalTime>
    <DepartureTime>10:07:00</DepartureTime>
</TimetabledPassingTime>
<TimetabledPassingTime version="any" id="SE:020:TimetabledPassingTime:205330000113220495">
    <StopPointInJourneyPatternRef ref="SE:020:StopPointInJourneyPattern:205339415000021147_205330000095472697" version="any"/>
    <ArrivalTime>10:08:01</ArrivalTime>
    <DepartureTime>10:08:01</DepartureTime>
</TimetabledPassingTime>
<TimetabledPassingTime version="any" id="SE:020:TimetabledPassingTime:205330000113220496">
    <StopPointInJourneyPatternRef ref="SE:020:StopPointInJourneyPattern:205339415000021147_205330000095472698" version="any"/>
    <ArrivalTime>10:10:00</ArrivalTime>
</TimetabledPassingTime>
                            </passingTimes>
                            <FlexibleServiceProperties>
<FlexibleServiceType>fixedPassingTimes</FlexibleServiceType>
<BookWhen>advanceOnly</BookWhen>
<BookingNote>Turen ska förbeställas senast 2 timmar före bussens avgångstid, gäller i vår app Dalatrafik eller via telefon 0774-44 00 00.</BookingNote>
                            </FlexibleServiceProperties>
                        </ServiceJourney>
                        <ServiceJourney version="any" id="SE:020:ServiceJourney:205330000116445799">
                            <TransportMode>bus</TransportMode>
                            <TransportSubmode>
<BusSubmode>unknown</BusSubmode>
                            </TransportSubmode>
                            <dayTypes>
<DayTypeRef ref="SE:020:DayType:sra87i4966dst8tue40hod0e7e32i962"/>
                            </dayTypes>
                            <JourneyPatternRef ref="SE:020:JourneyPattern:205339415000021148" version="any"/>
                            <OperatorRef ref="SE:020:Operator:9013020810000000"/>
                            <passingTimes>
<TimetabledPassingTime version="any" id="SE:020:TimetabledPassingTime:205330000116445787">
    <StopPointInJourneyPatternRef ref="SE:020:StopPointInJourneyPattern:205339415000021148_205330000095472715" version="any"/>
    <DepartureTime>12:40:00</DepartureTime>
</TimetabledPassingTime>
<TimetabledPassingTime version="any" id="SE:020:TimetabledPassingTime:205330000116445788">
    <StopPointInJourneyPatternRef ref="SE:020:StopPointInJourneyPattern:205339415000021148_205330000095472716" version="any"/>
    <ArrivalTime>12:41:00</ArrivalTime>
    <DepartureTime>12:41:00</DepartureTime>
</TimetabledPassingTime>
<TimetabledPassingTime version="any" id="SE:020:TimetabledPassingTime:205330000116445789">
    <StopPointInJourneyPatternRef ref="SE:020:StopPointInJourneyPattern:205339415000021148_205330000095472717" version="any"/>
    <ArrivalTime>12:42:30</ArrivalTime>
    <DepartureTime>12:42:30</DepartureTime>
</TimetabledPassingTime>
<TimetabledPassingTime version="any" id="SE:020:TimetabledPassingTime:205330000116445790">
    <StopPointInJourneyPatternRef ref="SE:020:StopPointInJourneyPattern:205339415000021148_205330000095472718" version="any"/>
    <ArrivalTime>12:44:00</ArrivalTime>
    <DepartureTime>12:44:00</DepartureTime>
</TimetabledPassingTime>
<TimetabledPassingTime version="any" id="SE:020:TimetabledPassingTime:205330000116445791">
    <StopPointInJourneyPatternRef ref="SE:020:StopPointInJourneyPattern:205339415000021148_205330000095472719" version="any"/>
    <ArrivalTime>12:44:32</ArrivalTime>
    <DepartureTime>12:44:32</DepartureTime>
</TimetabledPassingTime>
<TimetabledPassingTime version="any" id="SE:020:TimetabledPassingTime:205330000116445792">
    <StopPointInJourneyPatternRef ref="SE:020:StopPointInJourneyPattern:205339415000021148_205330000095472720" version="any"/>
    <ArrivalTime>12:46:23</ArrivalTime>
    <DepartureTime>12:46:23</DepartureTime>
</TimetabledPassingTime>
<TimetabledPassingTime version="any" id="SE:020:TimetabledPassingTime:205330000116445793">
    <StopPointInJourneyPatternRef ref="SE:020:StopPointInJourneyPattern:205339415000021148_205330000095472721" version="any"/>
    <ArrivalTime>12:55:00</ArrivalTime>
    <DepartureTime>12:55:00</DepartureTime>
</TimetabledPassingTime>
<TimetabledPassingTime version="any" id="SE:020:TimetabledPassingTime:205330000116445794">
    <StopPointInJourneyPatternRef ref="SE:020:StopPointInJourneyPattern:205339415000021148_205330000095472722" version="any"/>
    <ArrivalTime>13:07:00</ArrivalTime>
    <DepartureTime>13:07:00</DepartureTime>
</TimetabledPassingTime>
<TimetabledPassingTime version="any" id="SE:020:TimetabledPassingTime:205330000116445795">
    <StopPointInJourneyPatternRef ref="SE:020:StopPointInJourneyPattern:205339415000021148_205330000095472723" version="any"/>
    <ArrivalTime>13:10:00</ArrivalTime>
    <DepartureTime>13:10:00</DepartureTime>
</TimetabledPassingTime>
<TimetabledPassingTime version="any" id="SE:020:TimetabledPassingTime:205330000116445796">
    <StopPointInJourneyPatternRef ref="SE:020:StopPointInJourneyPattern:205339415000021148_205330000095472724" version="any"/>
    <ArrivalTime>13:20:00</ArrivalTime>
</TimetabledPassingTime>
                            </passingTimes>
                            <FlexibleServiceProperties>
<FlexibleServiceType>fixedPassingTimes</FlexibleServiceType>
<BookWhen>advanceOnly</BookWhen>
<BookingNote>Turen ska förbeställas senast 2 timmar före bussens avgångstid, gäller i vår app Dalatrafik eller via telefon 0774-44 00 00.</BookingNote>
                            </FlexibleServiceProperties>
                        </ServiceJourney>
                    </vehicleJourneys>
                    <journeyInterchanges>
                        <ServiceJourneyInterchange version="any" id="SE:020:ServiceJourneyInterchange:205330000116445799_1">
                            <Priority>0</Priority>
                            <Guaranteed>false</Guaranteed>
                            <Advertised>true</Advertised>
                            <FromPointRef ref="SE:020:ScheduledStopPoint:9022020529114002"/>
                            <ToPointRef ref="SE:020:ScheduledStopPoint:9022020529114002"/>
                            <FromJourneyRef ref="SE:020:ServiceJourney:205330000116071589"/>
                            <ToJourneyRef ref="SE:020:ServiceJourney:205330000116445799" version="any"/>
                        </ServiceJourneyInterchange>
                    </journeyInterchanges>
                </TimetableFrame>
            </frames>
        </CompositeFrame>
    </dataObjects>
</PublicationDelivery>
