<?xml version="1.0" encoding="UTF-8" standalone="yes"?>
<PublicationDelivery xmlns="http://www.netex.org.uk/netex" xmlns:ns2="http://www.opengis.net/gml/3.2" xmlns:ns3="http://www.siri.org.uk/siri" version="1.11:NO-NeTEx-networktimetable:1.3">
    <PublicationTimestamp>2024-09-02T03:57:40</PublicationTimestamp>
    <ParticipantRef>SAM</ParticipantRef>
    <dataObjects>
        <CompositeFrame created="2024-09-02T03:57:40" version="20240902035740" id="SE:020:CompositeFrame:9011020094600000">
            <ValidBetween>
                <FromDate>1970-01-01T00:00:00</FromDate>
            </ValidBetween>
            <codespaces>
                <Codespace id="SE:020">
                    <Xmlns>SE:020</Xmlns>
                    <XmlnsUrl>http://www.samtrafiken.se/ns/dt</XmlnsUrl>
                </Codespace>
            </codespaces>
            <FrameDefaults>
                <DefaultLocale>
                    <TimeZone>Europe/Stockholm</TimeZone>
                    <DefaultLanguage>se</DefaultLanguage>
                </DefaultLocale>
                <DefaultLocationSystem>4326</DefaultLocationSystem>
            </FrameDefaults>
            <frames>
                <ServiceFrame version="20240902035740" id="SE:020:ServiceFrame:9011020094600000">
                    <routes>
                        <Route version="any" id="SE:020:Route:205330000101531110">
                            <Name>Skolbuss</Name>
                            <LineRef ref="SE:020:Line:9011020094600000" version="160818"/>
                            <DirectionType>outbound</DirectionType>
                            <pointsInSequence>
<PointOnRoute order="1" version="any" id="SE:020:PointOnRoute:205330000101531115">
    <RoutePointRef ref="SE:020:RoutePoint:9022020582030001"/>
</PointOnRoute>
<PointOnRoute order="2" version="any" id="SE:020:PointOnRoute:205330000101531116">
    <RoutePointRef ref="SE:020:RoutePoint:9022020582095001"/>
</PointOnRoute>
                            </pointsInSequence>
                        </Route>
                        <Route version="any" id="SE:020:Route:205330000093236624">
                            <Name>Skolbuss</Name>
                            <LineRef ref="SE:020:Line:9011020094600000" version="160818"/>
                            <DirectionType>outbound</DirectionType>
                            <pointsInSequence>
<PointOnRoute order="1" version="any" id="SE:020:PointOnRoute:205330000093236629">
    <RoutePointRef ref="SE:020:RoutePoint:9022020582095001"/>
</PointOnRoute>
<PointOnRoute order="2" version="any" id="SE:020:PointOnRoute:205330000093236630">
    <RoutePointRef ref="SE:020:RoutePoint:9022020582030001"/>
</PointOnRoute>
                            </pointsInSequence>
                        </Route>
                        <Route version="any" id="SE:020:Route:205330000068478835">
                            <Name>Skolbuss</Name>
                            <LineRef ref="SE:020:Line:9011020094600000" version="160818"/>
                            <DirectionType>outbound</DirectionType>
                            <pointsInSequence>
<PointOnRoute order="1" version="any" id="SE:020:PointOnRoute:205330000068478840">
    <RoutePointRef ref="SE:020:RoutePoint:9022020582178001"/>
</PointOnRoute>
<PointOnRoute order="2" version="any" id="SE:020:PointOnRoute:205330000068478841">
    <RoutePointRef ref="SE:020:RoutePoint:9022020582030001"/>
</PointOnRoute>
                            </pointsInSequence>
                        </Route>
                        <Route version="any" id="SE:020:Route:205330000096803544">
                            <Name>Skolbuss</Name>
                            <LineRef ref="SE:020:Line:9011020094600000" version="160818"/>
                            <DirectionType>outbound</DirectionType>
                            <pointsInSequence>
<PointOnRoute order="1" version="any" id="SE:020:PointOnRoute:205330000096803549">
    <RoutePointRef ref="SE:020:RoutePoint:9022020582030001"/>
</PointOnRoute>
<PointOnRoute order="2" version="any" id="SE:020:PointOnRoute:205330000096803550">
    <RoutePointRef ref="SE:020:RoutePoint:9022020582178001"/>
</PointOnRoute>
                            </pointsInSequence>
                        </Route>
                    </routes>
                    <lines>
                        <Line version="160818" id="SE:020:Line:9011020094600000">
                            <ValidBetween>
<FromDate>2016-08-18T00:00:00</FromDate>
                            </ValidBetween>
                            <Name>946</Name>
                            <TransportMode>bus</TransportMode>
                            <TransportSubmode>
<BusSubmode>unknown</BusSubmode>
                            </TransportSubmode>
                            <PublicCode>946</PublicCode>
                            <PrivateCode>946</PrivateCode>
                            <RepresentedByGroupRef ref="SE:020:Network:9010020000000000"/>
                        </Line>
                    </lines>
                    <journeyPatterns>
                        <JourneyPattern version="any" id="SE:020:JourneyPattern:205339415000022452">
                            <RouteRef ref="SE:020:Route:205330000101531110" version="any"/>
                            <pointsInSequence>
<StopPointInJourneyPattern order="1" version="any" id="SE:020:StopPointInJourneyPattern:205339415000022452_205330000101531115">
    <ScheduledStopPointRef ref="SE:020:ScheduledStopPoint:9022020582030001"/>
    <ForAlighting>false</ForAlighting>
    <ForBoarding>true</ForBoarding>
    <DestinationDisplayRef ref="SE:020:DestinationDisplay:205330000101531124"/>
    <RequestStop>true</RequestStop>
</StopPointInJourneyPattern>
<StopPointInJourneyPattern order="2" version="any" id="SE:020:StopPointInJourneyPattern:205339415000022452_205330000101531116">
    <ScheduledStopPointRef ref="SE:020:ScheduledStopPoint:9022020582095001"/>
    <ForAlighting>true</ForAlighting>
    <ForBoarding>false</ForBoarding>
    <RequestStop>true</RequestStop>
</StopPointInJourneyPattern>
                            </pointsInSequence>
                            <linksInSequence>
<ServiceLinkInJourneyPattern order="1" version="any" id="SE:020:ServiceLinkInJourneyPattern:BUS_34681">
    <ServiceLinkRef ref="SE:020:ServiceLink:BUS_9025020058203001_9025020058209501"/>
</ServiceLinkInJourneyPattern>
                            </linksInSequence>
                        </JourneyPattern>
                        <JourneyPattern version="any" id="SE:020:JourneyPattern:205339415000025186">
                            <RouteRef ref="SE:020:Route:205330000101531110" version="any"/>
                            <pointsInSequence>
<StopPointInJourneyPattern order="1" version="any" id="SE:020:StopPointInJourneyPattern:205339415000025186_205330000101531115">
    <ScheduledStopPointRef ref="SE:020:ScheduledStopPoint:9022020582030001"/>
    <ForAlighting>false</ForAlighting>
    <ForBoarding>true</ForBoarding>
    <DestinationDisplayRef ref="SE:020:DestinationDisplay:205330000113948127"/>
    <RequestStop>true</RequestStop>
</StopPointInJourneyPattern>
<StopPointInJourneyPattern order="2" version="any" id="SE:020:StopPointInJourneyPattern:205339415000025186_205330000101531116">
    <ScheduledStopPointRef ref="SE:020:ScheduledStopPoint:9022020582095001"/>
    <ForAlighting>true</ForAlighting>
    <ForBoarding>false</ForBoarding>
    <RequestStop>true</RequestStop>
</StopPointInJourneyPattern>
                            </pointsInSequence>
                            <linksInSequence>
<ServiceLinkInJourneyPattern order="1" version="any" id="SE:020:ServiceLinkInJourneyPattern:BUS_34682">
    <ServiceLinkRef ref="SE:020:ServiceLink:BUS_9025020058203001_9025020058209501"/>
</ServiceLinkInJourneyPattern>
                            </linksInSequence>
                        </JourneyPattern>
                        <JourneyPattern version="any" id="SE:020:JourneyPattern:205339415000020634">
                            <RouteRef ref="SE:020:Route:205330000093236624" version="any"/>
                            <pointsInSequence>
<StopPointInJourneyPattern order="1" version="any" id="SE:020:StopPointInJourneyPattern:205339415000020634_205330000093236629">
    <ScheduledStopPointRef ref="SE:020:ScheduledStopPoint:9022020582095001"/>
    <ForAlighting>false</ForAlighting>
    <ForBoarding>true</ForBoarding>
    <DestinationDisplayRef ref="SE:020:DestinationDisplay:205330000093236638"/>
    <RequestStop>true</RequestStop>
</StopPointInJourneyPattern>
<StopPointInJourneyPattern order="2" version="any" id="SE:020:StopPointInJourneyPattern:205339415000020634_205330000093236630">
    <ScheduledStopPointRef ref="SE:020:ScheduledStopPoint:9022020582030001"/>
    <ForAlighting>true</ForAlighting>
    <ForBoarding>false</ForBoarding>
    <RequestStop>true</RequestStop>
</StopPointInJourneyPattern>
                            </pointsInSequence>
                            <linksInSequence>
<ServiceLinkInJourneyPattern order="1" version="any" id="SE:020:ServiceLinkInJourneyPattern:BUS_34683">
    <ServiceLinkRef ref="SE:020:ServiceLink:BUS_9025020058209501_9025020058203001"/>
</ServiceLinkInJourneyPattern>
                            </linksInSequence>
                        </JourneyPattern>
                        <JourneyPattern version="any" id="SE:020:JourneyPattern:205339415000025190">
                            <RouteRef ref="SE:020:Route:205330000093236624" version="any"/>
                            <pointsInSequence>
<StopPointInJourneyPattern order="1" version="any" id="SE:020:StopPointInJourneyPattern:205339415000025190_205330000093236629">
    <ScheduledStopPointRef ref="SE:020:ScheduledStopPoint:9022020582095001"/>
    <ForAlighting>false</ForAlighting>
    <ForBoarding>true</ForBoarding>
    <DestinationDisplayRef ref="SE:020:DestinationDisplay:205330000113948183"/>
    <RequestStop>true</RequestStop>
</StopPointInJourneyPattern>
<StopPointInJourneyPattern order="2" version="any" id="SE:020:StopPointInJourneyPattern:205339415000025190_205330000093236630">
    <ScheduledStopPointRef ref="SE:020:ScheduledStopPoint:9022020582030001"/>
    <ForAlighting>true</ForAlighting>
    <ForBoarding>false</ForBoarding>
    <RequestStop>true</RequestStop>
</StopPointInJourneyPattern>
                            </pointsInSequence>
                            <linksInSequence>
<ServiceLinkInJourneyPattern order="1" version="any" id="SE:020:ServiceLinkInJourneyPattern:BUS_34684">
    <ServiceLinkRef ref="SE:020:ServiceLink:BUS_9025020058209501_9025020058203001"/>
</ServiceLinkInJourneyPattern>
                            </linksInSequence>
                        </JourneyPattern>
                        <JourneyPattern version="any" id="SE:020:JourneyPattern:205339415000016912">
                            <RouteRef ref="SE:020:Route:205330000068478835" version="any"/>
                            <pointsInSequence>
<StopPointInJourneyPattern order="1" version="any" id="SE:020:StopPointInJourneyPattern:205339415000016912_205330000068478840">
    <ScheduledStopPointRef ref="SE:020:ScheduledStopPoint:9022020582178001"/>
    <ForAlighting>false</ForAlighting>
    <ForBoarding>true</ForBoarding>
    <DestinationDisplayRef ref="SE:020:DestinationDisplay:205330000081765905"/>
    <RequestStop>true</RequestStop>
</StopPointInJourneyPattern>
<StopPointInJourneyPattern order="2" version="any" id="SE:020:StopPointInJourneyPattern:205339415000016912_205330000068478841">
    <ScheduledStopPointRef ref="SE:020:ScheduledStopPoint:9022020582030001"/>
    <ForAlighting>true</ForAlighting>
    <ForBoarding>false</ForBoarding>
    <RequestStop>true</RequestStop>
</StopPointInJourneyPattern>
                            </pointsInSequence>
                            <linksInSequence>
<ServiceLinkInJourneyPattern order="1" version="any" id="SE:020:ServiceLinkInJourneyPattern:BUS_34685">
    <ServiceLinkRef ref="SE:020:ServiceLink:BUS_9025020058217801_9025020058203001"/>
</ServiceLinkInJourneyPattern>
                            </linksInSequence>
                        </JourneyPattern>
                        <JourneyPattern version="any" id="SE:020:JourneyPattern:205339415000025189">
                            <RouteRef ref="SE:020:Route:205330000068478835" version="any"/>
                            <pointsInSequence>
<StopPointInJourneyPattern order="1" version="any" id="SE:020:StopPointInJourneyPattern:205339415000025189_205330000068478840">
    <ScheduledStopPointRef ref="SE:020:ScheduledStopPoint:9022020582178001"/>
    <ForAlighting>false</ForAlighting>
    <ForBoarding>true</ForBoarding>
    <DestinationDisplayRef ref="SE:020:DestinationDisplay:205330000113948169"/>
    <RequestStop>true</RequestStop>
</StopPointInJourneyPattern>
<StopPointInJourneyPattern order="2" version="any" id="SE:020:StopPointInJourneyPattern:205339415000025189_205330000068478841">
    <ScheduledStopPointRef ref="SE:020:ScheduledStopPoint:9022020582030001"/>
    <ForAlighting>true</ForAlighting>
    <ForBoarding>false</ForBoarding>
    <RequestStop>true</RequestStop>
</StopPointInJourneyPattern>
                            </pointsInSequence>
                            <linksInSequence>
<ServiceLinkInJourneyPattern order="1" version="any" id="SE:020:ServiceLinkInJourneyPattern:BUS_34686">
    <ServiceLinkRef ref="SE:020:ServiceLink:BUS_9025020058217801_9025020058203001"/>
</ServiceLinkInJourneyPattern>
                            </linksInSequence>
                        </JourneyPattern>
                        <JourneyPattern version="any" id="SE:020:JourneyPattern:205339415000022013">
                            <RouteRef ref="SE:020:Route:205330000096803544" version="any"/>
                            <pointsInSequence>
<StopPointInJourneyPattern order="1" version="any" id="SE:020:StopPointInJourneyPattern:205339415000022013_205330000096803549">
    <ScheduledStopPointRef ref="SE:020:ScheduledStopPoint:9022020582030001"/>
    <ForAlighting>false</ForAlighting>
    <ForBoarding>true</ForBoarding>
    <DestinationDisplayRef ref="SE:020:DestinationDisplay:205330000096803558"/>
    <RequestStop>true</RequestStop>
</StopPointInJourneyPattern>
<StopPointInJourneyPattern order="2" version="any" id="SE:020:StopPointInJourneyPattern:205339415000022013_205330000096803550">
    <ScheduledStopPointRef ref="SE:020:ScheduledStopPoint:9022020582178001"/>
    <ForAlighting>true</ForAlighting>
    <ForBoarding>false</ForBoarding>
    <RequestStop>true</RequestStop>
</StopPointInJourneyPattern>
                            </pointsInSequence>
                            <linksInSequence>
<ServiceLinkInJourneyPattern order="1" version="any" id="SE:020:ServiceLinkInJourneyPattern:BUS_34687">
    <ServiceLinkRef ref="SE:020:ServiceLink:BUS_9025020058203001_9025020058217801"/>
</ServiceLinkInJourneyPattern>
                            </linksInSequence>
                        </JourneyPattern>
                        <JourneyPattern version="any" id="SE:020:JourneyPattern:205339415000025188">
                            <RouteRef ref="SE:020:Route:205330000096803544" version="any"/>
                            <pointsInSequence>
<StopPointInJourneyPattern order="1" version="any" id="SE:020:StopPointInJourneyPattern:205339415000025188_205330000096803549">
    <ScheduledStopPointRef ref="SE:020:ScheduledStopPoint:9022020582030001"/>
    <ForAlighting>false</ForAlighting>
    <ForBoarding>true</ForBoarding>
    <DestinationDisplayRef ref="SE:020:DestinationDisplay:205330000113948155"/>
    <RequestStop>true</RequestStop>
</StopPointInJourneyPattern>
<StopPointInJourneyPattern order="2" version="any" id="SE:020:StopPointInJourneyPattern:205339415000025188_205330000096803550">
    <ScheduledStopPointRef ref="SE:020:ScheduledStopPoint:9022020582178001"/>
    <ForAlighting>true</ForAlighting>
    <ForBoarding>false</ForBoarding>
    <RequestStop>true</RequestStop>
</StopPointInJourneyPattern>
                            </pointsInSequence>
                            <linksInSequence>
<ServiceLinkInJourneyPattern order="1" version="any" id="SE:020:ServiceLinkInJourneyPattern:BUS_34688">
    <ServiceLinkRef ref="SE:020:ServiceLink:BUS_9025020058203001_9025020058217801"/>
</ServiceLinkInJourneyPattern>
                            </linksInSequence>
                        </JourneyPattern>
                    </journeyPatterns>
                </ServiceFrame>
                <TimetableFrame version="20240902035740" id="SE:020:TimetableFrame:9011020094600000">
                    <vehicleJourneys>
                        <ServiceJourney version="any" id="SE:020:ServiceJourney:205330000113948293">
                            <TransportMode>bus</TransportMode>
                            <TransportSubmode>
<BusSubmode>unknown</BusSubmode>
                            </TransportSubmode>
                            <dayTypes>
<DayTypeRef ref="SE:020:DayType:94jnqjef0nvolrrblndic9v1sj1pho5j"/>
                            </dayTypes>
                            <JourneyPatternRef ref="SE:020:JourneyPattern:205339415000025189" version="any"/>
                            <OperatorRef ref="SE:020:Operator:9013020140700000"/>
                            <passingTimes>
<TimetabledPassingTime version="any" id="SE:020:TimetabledPassingTime:205330000113948289">
    <StopPointInJourneyPatternRef ref="SE:020:StopPointInJourneyPattern:205339415000025189_205330000068478840" version="any"/>
    <DepartureTime>11:25:00</DepartureTime>
</TimetabledPassingTime>
<TimetabledPassingTime version="any" id="SE:020:TimetabledPassingTime:205330000113948290">
    <StopPointInJourneyPatternRef ref="SE:020:StopPointInJourneyPattern:205339415000025189_205330000068478841" version="any"/>
    <ArrivalTime>11:40:00</ArrivalTime>
</TimetabledPassingTime>
                            </passingTimes>
                        </ServiceJourney>
                        <ServiceJourney version="any" id="SE:020:ServiceJourney:205330000113948304">
                            <TransportMode>bus</TransportMode>
                            <TransportSubmode>
<BusSubmode>unknown</BusSubmode>
                            </TransportSubmode>
                            <dayTypes>
<DayTypeRef ref="SE:020:DayType:94jnqjef0nvolrrblndic9v1sj1pho5j"/>
                            </dayTypes>
                            <JourneyPatternRef ref="SE:020:JourneyPattern:205339415000025190" version="any"/>
                            <OperatorRef ref="SE:020:Operator:9013020140700000"/>
                            <passingTimes>
<TimetabledPassingTime version="any" id="SE:020:TimetabledPassingTime:205330000113948300">
    <StopPointInJourneyPatternRef ref="SE:020:StopPointInJourneyPattern:205339415000025190_205330000093236629" version="any"/>
    <DepartureTime>12:10:00</DepartureTime>
</TimetabledPassingTime>
<TimetabledPassingTime version="any" id="SE:020:TimetabledPassingTime:205330000113948301">
    <StopPointInJourneyPatternRef ref="SE:020:StopPointInJourneyPattern:205339415000025190_205330000093236630" version="any"/>
    <ArrivalTime>12:30:00</ArrivalTime>
</TimetabledPassingTime>
                            </passingTimes>
                        </ServiceJourney>
                        <ServiceJourney version="any" id="SE:020:ServiceJourney:205330000113948282">
                            <TransportMode>bus</TransportMode>
                            <TransportSubmode>
<BusSubmode>unknown</BusSubmode>
                            </TransportSubmode>
                            <dayTypes>
<DayTypeRef ref="SE:020:DayType:94jnqjef0nvolrrblndic9v1sj1pho5j"/>
                            </dayTypes>
                            <JourneyPatternRef ref="SE:020:JourneyPattern:205339415000025188" version="any"/>
                            <OperatorRef ref="SE:020:Operator:9013020140700000"/>
                            <passingTimes>
<TimetabledPassingTime version="any" id="SE:020:TimetabledPassingTime:205330000113948278">
    <StopPointInJourneyPatternRef ref="SE:020:StopPointInJourneyPattern:205339415000025188_205330000096803549" version="any"/>
    <DepartureTime>12:50:00</DepartureTime>
</TimetabledPassingTime>
<TimetabledPassingTime version="any" id="SE:020:TimetabledPassingTime:205330000113948279">
    <StopPointInJourneyPatternRef ref="SE:020:StopPointInJourneyPattern:205339415000025188_205330000096803550" version="any"/>
    <ArrivalTime>13:05:00</ArrivalTime>
</TimetabledPassingTime>
                            </passingTimes>
                        </ServiceJourney>
                        <ServiceJourney version="any" id="SE:020:ServiceJourney:205330000122306594">
                            <TransportMode>bus</TransportMode>
                            <TransportSubmode>
<BusSubmode>unknown</BusSubmode>
                            </TransportSubmode>
                            <dayTypes>
<DayTypeRef ref="SE:020:DayType:94jnqjef0nvolrrblndic9v1sj1pho5j"/>
                            </dayTypes>
                            <JourneyPatternRef ref="SE:020:JourneyPattern:205339415000025186" version="any"/>
                            <OperatorRef ref="SE:020:Operator:9013020140700000"/>
                            <passingTimes>
<TimetabledPassingTime version="any" id="SE:020:TimetabledPassingTime:205330000122306590">
    <StopPointInJourneyPatternRef ref="SE:020:StopPointInJourneyPattern:205339415000025186_205330000101531115" version="any"/>
    <DepartureTime>13:40:00</DepartureTime>
</TimetabledPassingTime>
<TimetabledPassingTime version="any" id="SE:020:TimetabledPassingTime:205330000122306591">
    <StopPointInJourneyPatternRef ref="SE:020:StopPointInJourneyPattern:205339415000025186_205330000101531116" version="any"/>
    <ArrivalTime>14:00:00</ArrivalTime>
</TimetabledPassingTime>
                            </passingTimes>
                        </ServiceJourney>
                    </vehicleJourneys>
                </TimetableFrame>
            </frames>
        </CompositeFrame>
    </dataObjects>
</PublicationDelivery>
