<?xml version="1.0" encoding="UTF-8" standalone="yes"?>
<PublicationDelivery xmlns="http://www.netex.org.uk/netex" xmlns:ns2="http://www.opengis.net/gml/3.2" xmlns:ns3="http://www.siri.org.uk/siri" version="1.11:NO-NeTEx-networktimetable:1.3">
    <PublicationTimestamp>2024-09-02T03:57:40</PublicationTimestamp>
    <ParticipantRef>SAM</ParticipantRef>
    <dataObjects>
        <CompositeFrame created="2024-09-02T03:57:40" version="20240902035740" id="SE:020:CompositeFrame:9011020024000000">
            <ValidBetween>
                <FromDate>1970-01-01T00:00:00</FromDate>
            </ValidBetween>
            <codespaces>
                <Codespace id="SE:020">
                    <Xmlns>SE:020</Xmlns>
                    <XmlnsUrl>http://www.samtrafiken.se/ns/dt</XmlnsUrl>
                </Codespace>
            </codespaces>
            <FrameDefaults>
                <DefaultLocale>
                    <TimeZone>Europe/Stockholm</TimeZone>
                    <DefaultLanguage>se</DefaultLanguage>
                </DefaultLocale>
                <DefaultLocationSystem>4326</DefaultLocationSystem>
            </FrameDefaults>
            <frames>
                <ServiceFrame version="20240902035740" id="SE:020:ServiceFrame:9011020024000000">
                    <routes>
                        <Route version="any" id="SE:020:Route:205330000089567008">
                            <Name>Sörskog</Name>
                            <LineRef ref="SE:020:Line:9011020024000000" version="140809"/>
                            <DirectionType>outbound</DirectionType>
                            <pointsInSequence>
<PointOnRoute order="1" version="any" id="SE:020:PointOnRoute:205330000089567013">
    <RoutePointRef ref="SE:020:RoutePoint:9022020580183002"/>
</PointOnRoute>
<PointOnRoute order="2" version="any" id="SE:020:PointOnRoute:205330000089567014">
    <RoutePointRef ref="SE:020:RoutePoint:9022020580182001"/>
</PointOnRoute>
<PointOnRoute order="3" version="any" id="SE:020:PointOnRoute:205330000089567015">
    <RoutePointRef ref="SE:020:RoutePoint:9022020580181001"/>
</PointOnRoute>
<PointOnRoute order="4" version="any" id="SE:020:PointOnRoute:205330000089567016">
    <RoutePointRef ref="SE:020:RoutePoint:9022020580157003"/>
</PointOnRoute>
<PointOnRoute order="5" version="any" id="SE:020:PointOnRoute:205330000089567017">
    <RoutePointRef ref="SE:020:RoutePoint:9022020580181002"/>
</PointOnRoute>
<PointOnRoute order="6" version="any" id="SE:020:PointOnRoute:205330000089567018">
    <RoutePointRef ref="SE:020:RoutePoint:9022020580193001"/>
</PointOnRoute>
<PointOnRoute order="7" version="any" id="SE:020:PointOnRoute:205330000089567019">
    <RoutePointRef ref="SE:020:RoutePoint:9022020580151001"/>
</PointOnRoute>
<PointOnRoute order="8" version="any" id="SE:020:PointOnRoute:205330000089567020">
    <RoutePointRef ref="SE:020:RoutePoint:9022020580158003"/>
</PointOnRoute>
<PointOnRoute order="9" version="any" id="SE:020:PointOnRoute:205330000089567021">
    <RoutePointRef ref="SE:020:RoutePoint:9022020580164001"/>
</PointOnRoute>
<PointOnRoute order="10" version="any" id="SE:020:PointOnRoute:205330000089567022">
    <RoutePointRef ref="SE:020:RoutePoint:9022020580492001"/>
</PointOnRoute>
<PointOnRoute order="11" version="any" id="SE:020:PointOnRoute:205330000089567023">
    <RoutePointRef ref="SE:020:RoutePoint:9022020580591001"/>
</PointOnRoute>
<PointOnRoute order="12" version="any" id="SE:020:PointOnRoute:205330000089567024">
    <RoutePointRef ref="SE:020:RoutePoint:9022020580592001"/>
</PointOnRoute>
<PointOnRoute order="13" version="any" id="SE:020:PointOnRoute:205330000089567025">
    <RoutePointRef ref="SE:020:RoutePoint:9022020580593001"/>
</PointOnRoute>
                            </pointsInSequence>
                        </Route>
                        <Route version="any" id="SE:020:Route:205330000114133137">
                            <Name>Sörskog</Name>
                            <LineRef ref="SE:020:Line:9011020024000000" version="140809"/>
                            <DirectionType>outbound</DirectionType>
                            <pointsInSequence>
<PointOnRoute order="1" version="any" id="SE:020:PointOnRoute:205330000114133142">
    <RoutePointRef ref="SE:020:RoutePoint:9022020580157003"/>
</PointOnRoute>
<PointOnRoute order="2" version="any" id="SE:020:PointOnRoute:205330000114133143">
    <RoutePointRef ref="SE:020:RoutePoint:9022020580161001"/>
</PointOnRoute>
<PointOnRoute order="3" version="any" id="SE:020:PointOnRoute:205330000114133144">
    <RoutePointRef ref="SE:020:RoutePoint:9022020580823001"/>
</PointOnRoute>
                            </pointsInSequence>
                        </Route>
                        <Route version="any" id="SE:020:Route:205330000089735987">
                            <Name>Sörskog</Name>
                            <LineRef ref="SE:020:Line:9011020024000000" version="140809"/>
                            <DirectionType>outbound</DirectionType>
                            <pointsInSequence>
<PointOnRoute order="1" version="any" id="SE:020:PointOnRoute:205330000089735992">
    <RoutePointRef ref="SE:020:RoutePoint:9022020580183002"/>
</PointOnRoute>
<PointOnRoute order="2" version="any" id="SE:020:PointOnRoute:205330000089735993">
    <RoutePointRef ref="SE:020:RoutePoint:9022020580182001"/>
</PointOnRoute>
<PointOnRoute order="3" version="any" id="SE:020:PointOnRoute:205330000089735994">
    <RoutePointRef ref="SE:020:RoutePoint:9022020580181001"/>
</PointOnRoute>
<PointOnRoute order="4" version="any" id="SE:020:PointOnRoute:205330000089735995">
    <RoutePointRef ref="SE:020:RoutePoint:9022020580157003"/>
</PointOnRoute>
<PointOnRoute order="5" version="any" id="SE:020:PointOnRoute:205330000089735996">
    <RoutePointRef ref="SE:020:RoutePoint:9022020580181002"/>
</PointOnRoute>
<PointOnRoute order="6" version="any" id="SE:020:PointOnRoute:205330000089735997">
    <RoutePointRef ref="SE:020:RoutePoint:9022020580193001"/>
</PointOnRoute>
<PointOnRoute order="7" version="any" id="SE:020:PointOnRoute:205330000089735998">
    <RoutePointRef ref="SE:020:RoutePoint:9022020580151001"/>
</PointOnRoute>
<PointOnRoute order="8" version="any" id="SE:020:PointOnRoute:205330000089735999">
    <RoutePointRef ref="SE:020:RoutePoint:9022020580158003"/>
</PointOnRoute>
<PointOnRoute order="9" version="any" id="SE:020:PointOnRoute:205330000089736000">
    <RoutePointRef ref="SE:020:RoutePoint:9022020580164001"/>
</PointOnRoute>
<PointOnRoute order="10" version="any" id="SE:020:PointOnRoute:205330000089736001">
    <RoutePointRef ref="SE:020:RoutePoint:9022020580492001"/>
</PointOnRoute>
<PointOnRoute order="11" version="any" id="SE:020:PointOnRoute:205330000089736002">
    <RoutePointRef ref="SE:020:RoutePoint:9022020580591001"/>
</PointOnRoute>
<PointOnRoute order="12" version="any" id="SE:020:PointOnRoute:205330000089736003">
    <RoutePointRef ref="SE:020:RoutePoint:9022020580592001"/>
</PointOnRoute>
<PointOnRoute order="13" version="any" id="SE:020:PointOnRoute:205330000089736004">
    <RoutePointRef ref="SE:020:RoutePoint:9022020580593001"/>
</PointOnRoute>
                            </pointsInSequence>
                        </Route>
                        <Route version="any" id="SE:020:Route:205330000089567037">
                            <Name>Bjursås</Name>
                            <LineRef ref="SE:020:Line:9011020024000000" version="140809"/>
                            <DirectionType>inbound</DirectionType>
                            <pointsInSequence>
<PointOnRoute order="1" version="any" id="SE:020:PointOnRoute:205330000089567042">
    <RoutePointRef ref="SE:020:RoutePoint:9022020580593002"/>
</PointOnRoute>
<PointOnRoute order="2" version="any" id="SE:020:PointOnRoute:205330000089567043">
    <RoutePointRef ref="SE:020:RoutePoint:9022020580592002"/>
</PointOnRoute>
<PointOnRoute order="3" version="any" id="SE:020:PointOnRoute:205330000089567044">
    <RoutePointRef ref="SE:020:RoutePoint:9022020580591002"/>
</PointOnRoute>
<PointOnRoute order="4" version="any" id="SE:020:PointOnRoute:205330000089567045">
    <RoutePointRef ref="SE:020:RoutePoint:9022020580492002"/>
</PointOnRoute>
<PointOnRoute order="5" version="any" id="SE:020:PointOnRoute:205330000089567046">
    <RoutePointRef ref="SE:020:RoutePoint:9022020580164001"/>
</PointOnRoute>
<PointOnRoute order="6" version="any" id="SE:020:PointOnRoute:205330000089567047">
    <RoutePointRef ref="SE:020:RoutePoint:9022020580158004"/>
</PointOnRoute>
<PointOnRoute order="7" version="any" id="SE:020:PointOnRoute:205330000089567048">
    <RoutePointRef ref="SE:020:RoutePoint:9022020580151002"/>
</PointOnRoute>
<PointOnRoute order="8" version="any" id="SE:020:PointOnRoute:205330000089567049">
    <RoutePointRef ref="SE:020:RoutePoint:9022020580193002"/>
</PointOnRoute>
<PointOnRoute order="9" version="any" id="SE:020:PointOnRoute:205330000089567050">
    <RoutePointRef ref="SE:020:RoutePoint:9022020580182002"/>
</PointOnRoute>
<PointOnRoute order="10" version="any" id="SE:020:PointOnRoute:205330000089567051">
    <RoutePointRef ref="SE:020:RoutePoint:9022020580183001"/>
</PointOnRoute>
<PointOnRoute order="11" version="any" id="SE:020:PointOnRoute:205330000089567052">
    <RoutePointRef ref="SE:020:RoutePoint:9022020580182001"/>
</PointOnRoute>
<PointOnRoute order="12" version="any" id="SE:020:PointOnRoute:205330000089567053">
    <RoutePointRef ref="SE:020:RoutePoint:9022020580181001"/>
</PointOnRoute>
<PointOnRoute order="13" version="any" id="SE:020:PointOnRoute:205330000089567054">
    <RoutePointRef ref="SE:020:RoutePoint:9022020580157001"/>
</PointOnRoute>
                            </pointsInSequence>
                        </Route>
                        <Route version="any" id="SE:020:Route:205330000089600491">
                            <Name>Bjursås</Name>
                            <LineRef ref="SE:020:Line:9011020024000000" version="140809"/>
                            <DirectionType>inbound</DirectionType>
                            <pointsInSequence>
<PointOnRoute order="1" version="any" id="SE:020:PointOnRoute:205330000089600496">
    <RoutePointRef ref="SE:020:RoutePoint:9022020580593002"/>
</PointOnRoute>
<PointOnRoute order="2" version="any" id="SE:020:PointOnRoute:205330000089600497">
    <RoutePointRef ref="SE:020:RoutePoint:9022020580592002"/>
</PointOnRoute>
<PointOnRoute order="3" version="any" id="SE:020:PointOnRoute:205330000089600498">
    <RoutePointRef ref="SE:020:RoutePoint:9022020580158004"/>
</PointOnRoute>
<PointOnRoute order="4" version="any" id="SE:020:PointOnRoute:205330000089600499">
    <RoutePointRef ref="SE:020:RoutePoint:9022020580151002"/>
</PointOnRoute>
<PointOnRoute order="5" version="any" id="SE:020:PointOnRoute:205330000089600500">
    <RoutePointRef ref="SE:020:RoutePoint:9022020580193002"/>
</PointOnRoute>
<PointOnRoute order="6" version="any" id="SE:020:PointOnRoute:205330000089600501">
    <RoutePointRef ref="SE:020:RoutePoint:9022020580182002"/>
</PointOnRoute>
<PointOnRoute order="7" version="any" id="SE:020:PointOnRoute:205330000089600502">
    <RoutePointRef ref="SE:020:RoutePoint:9022020580183001"/>
</PointOnRoute>
                            </pointsInSequence>
                        </Route>
                        <Route version="any" id="SE:020:Route:205330000114133156">
                            <Name>Bjursås</Name>
                            <LineRef ref="SE:020:Line:9011020024000000" version="140809"/>
                            <DirectionType>inbound</DirectionType>
                            <pointsInSequence>
<PointOnRoute order="1" version="any" id="SE:020:PointOnRoute:205330000114133161">
    <RoutePointRef ref="SE:020:RoutePoint:9022020580823001"/>
</PointOnRoute>
<PointOnRoute order="2" version="any" id="SE:020:PointOnRoute:205330000114133162">
    <RoutePointRef ref="SE:020:RoutePoint:9022020580161002"/>
</PointOnRoute>
<PointOnRoute order="3" version="any" id="SE:020:PointOnRoute:205330000114133163">
    <RoutePointRef ref="SE:020:RoutePoint:9022020580157001"/>
</PointOnRoute>
                            </pointsInSequence>
                        </Route>
                    </routes>
                    <lines>
                        <Line version="140809" id="SE:020:Line:9011020024000000">
                            <ValidBetween>
<FromDate>2014-08-09T00:00:00</FromDate>
                            </ValidBetween>
                            <Name>240</Name>
                            <TransportMode>bus</TransportMode>
                            <TransportSubmode>
<BusSubmode>unknown</BusSubmode>
                            </TransportSubmode>
                            <PublicCode>240</PublicCode>
                            <PrivateCode>240</PrivateCode>
                            <RepresentedByGroupRef ref="SE:020:Network:9010020000000000"/>
                        </Line>
                    </lines>
                    <journeyPatterns>
                        <JourneyPattern version="any" id="SE:020:JourneyPattern:205339415000019242">
                            <RouteRef ref="SE:020:Route:205330000089567008" version="any"/>
                            <pointsInSequence>
<StopPointInJourneyPattern order="1" version="any" id="SE:020:StopPointInJourneyPattern:205339415000019242_205330000089567013">
    <ScheduledStopPointRef ref="SE:020:ScheduledStopPoint:9022020580183002"/>
    <ForAlighting>false</ForAlighting>
    <ForBoarding>true</ForBoarding>
    <DestinationDisplayRef ref="SE:020:DestinationDisplay:205330000089567033"/>
    <RequestStop>true</RequestStop>
</StopPointInJourneyPattern>
<StopPointInJourneyPattern order="2" version="any" id="SE:020:StopPointInJourneyPattern:205339415000019242_205330000089567014">
    <ScheduledStopPointRef ref="SE:020:ScheduledStopPoint:9022020580182001"/>
    <ForAlighting>true</ForAlighting>
    <ForBoarding>true</ForBoarding>
    <RequestStop>true</RequestStop>
</StopPointInJourneyPattern>
<StopPointInJourneyPattern order="3" version="any" id="SE:020:StopPointInJourneyPattern:205339415000019242_205330000089567015">
    <ScheduledStopPointRef ref="SE:020:ScheduledStopPoint:9022020580181001"/>
    <ForAlighting>true</ForAlighting>
    <ForBoarding>true</ForBoarding>
    <RequestStop>true</RequestStop>
</StopPointInJourneyPattern>
<StopPointInJourneyPattern order="4" version="any" id="SE:020:StopPointInJourneyPattern:205339415000019242_205330000089567016">
    <ScheduledStopPointRef ref="SE:020:ScheduledStopPoint:9022020580157003"/>
    <ForAlighting>true</ForAlighting>
    <ForBoarding>true</ForBoarding>
    <RequestStop>true</RequestStop>
</StopPointInJourneyPattern>
<StopPointInJourneyPattern order="5" version="any" id="SE:020:StopPointInJourneyPattern:205339415000019242_205330000089567017">
    <ScheduledStopPointRef ref="SE:020:ScheduledStopPoint:9022020580181002"/>
    <ForAlighting>true</ForAlighting>
    <ForBoarding>true</ForBoarding>
    <RequestStop>true</RequestStop>
</StopPointInJourneyPattern>
<StopPointInJourneyPattern order="6" version="any" id="SE:020:StopPointInJourneyPattern:205339415000019242_205330000089567018">
    <ScheduledStopPointRef ref="SE:020:ScheduledStopPoint:9022020580193001"/>
    <ForAlighting>true</ForAlighting>
    <ForBoarding>true</ForBoarding>
    <RequestStop>true</RequestStop>
</StopPointInJourneyPattern>
<StopPointInJourneyPattern order="7" version="any" id="SE:020:StopPointInJourneyPattern:205339415000019242_205330000089567019">
    <ScheduledStopPointRef ref="SE:020:ScheduledStopPoint:9022020580151001"/>
    <ForAlighting>true</ForAlighting>
    <ForBoarding>true</ForBoarding>
    <RequestStop>true</RequestStop>
</StopPointInJourneyPattern>
<StopPointInJourneyPattern order="8" version="any" id="SE:020:StopPointInJourneyPattern:205339415000019242_205330000089567020">
    <ScheduledStopPointRef ref="SE:020:ScheduledStopPoint:9022020580158003"/>
    <ForAlighting>true</ForAlighting>
    <ForBoarding>true</ForBoarding>
    <RequestStop>true</RequestStop>
</StopPointInJourneyPattern>
<StopPointInJourneyPattern order="9" version="any" id="SE:020:StopPointInJourneyPattern:205339415000019242_205330000089567021">
    <ScheduledStopPointRef ref="SE:020:ScheduledStopPoint:9022020580164001"/>
    <ForAlighting>true</ForAlighting>
    <ForBoarding>true</ForBoarding>
    <RequestStop>true</RequestStop>
</StopPointInJourneyPattern>
<StopPointInJourneyPattern order="10" version="any" id="SE:020:StopPointInJourneyPattern:205339415000019242_205330000089567022">
    <ScheduledStopPointRef ref="SE:020:ScheduledStopPoint:9022020580492001"/>
    <ForAlighting>true</ForAlighting>
    <ForBoarding>true</ForBoarding>
    <RequestStop>true</RequestStop>
</StopPointInJourneyPattern>
<StopPointInJourneyPattern order="11" version="any" id="SE:020:StopPointInJourneyPattern:205339415000019242_205330000089567023">
    <ScheduledStopPointRef ref="SE:020:ScheduledStopPoint:9022020580591001"/>
    <ForAlighting>true</ForAlighting>
    <ForBoarding>true</ForBoarding>
    <RequestStop>true</RequestStop>
</StopPointInJourneyPattern>
<StopPointInJourneyPattern order="12" version="any" id="SE:020:StopPointInJourneyPattern:205339415000019242_205330000089567024">
    <ScheduledStopPointRef ref="SE:020:ScheduledStopPoint:9022020580592001"/>
    <ForAlighting>true</ForAlighting>
    <ForBoarding>true</ForBoarding>
    <RequestStop>true</RequestStop>
</StopPointInJourneyPattern>
<StopPointInJourneyPattern order="13" version="any" id="SE:020:StopPointInJourneyPattern:205339415000019242_205330000089567025">
    <ScheduledStopPointRef ref="SE:020:ScheduledStopPoint:9022020580593001"/>
    <ForAlighting>true</ForAlighting>
    <ForBoarding>false</ForBoarding>
    <RequestStop>true</RequestStop>
</StopPointInJourneyPattern>
                            </pointsInSequence>
                            <linksInSequence>
<ServiceLinkInJourneyPattern order="1" version="any" id="SE:020:ServiceLinkInJourneyPattern:BUS_13177">
    <ServiceLinkRef ref="SE:020:ServiceLink:BUS_9025020058018302_9025020058018201"/>
</ServiceLinkInJourneyPattern>
<ServiceLinkInJourneyPattern order="2" version="any" id="SE:020:ServiceLinkInJourneyPattern:BUS_13178">
    <ServiceLinkRef ref="SE:020:ServiceLink:BUS_9025020058018201_9025020058018101"/>
</ServiceLinkInJourneyPattern>
<ServiceLinkInJourneyPattern order="3" version="any" id="SE:020:ServiceLinkInJourneyPattern:BUS_13179">
    <ServiceLinkRef ref="SE:020:ServiceLink:BUS_9025020058018101_9025020058015703"/>
</ServiceLinkInJourneyPattern>
<ServiceLinkInJourneyPattern order="4" version="any" id="SE:020:ServiceLinkInJourneyPattern:BUS_13180">
    <ServiceLinkRef ref="SE:020:ServiceLink:BUS_9025020058015703_9025020058018102"/>
</ServiceLinkInJourneyPattern>
<ServiceLinkInJourneyPattern order="5" version="any" id="SE:020:ServiceLinkInJourneyPattern:BUS_13181">
    <ServiceLinkRef ref="SE:020:ServiceLink:BUS_9025020058018102_9025020058019301"/>
</ServiceLinkInJourneyPattern>
<ServiceLinkInJourneyPattern order="6" version="any" id="SE:020:ServiceLinkInJourneyPattern:BUS_13182">
    <ServiceLinkRef ref="SE:020:ServiceLink:BUS_9025020058019301_9025020058015101"/>
</ServiceLinkInJourneyPattern>
<ServiceLinkInJourneyPattern order="7" version="any" id="SE:020:ServiceLinkInJourneyPattern:BUS_13183">
    <ServiceLinkRef ref="SE:020:ServiceLink:BUS_9025020058015101_9025020058015803"/>
</ServiceLinkInJourneyPattern>
<ServiceLinkInJourneyPattern order="8" version="any" id="SE:020:ServiceLinkInJourneyPattern:BUS_13184">
    <ServiceLinkRef ref="SE:020:ServiceLink:BUS_9025020058015803_9025020058016401"/>
</ServiceLinkInJourneyPattern>
<ServiceLinkInJourneyPattern order="9" version="any" id="SE:020:ServiceLinkInJourneyPattern:BUS_13185">
    <ServiceLinkRef ref="SE:020:ServiceLink:BUS_9025020058016401_9025020058049201"/>
</ServiceLinkInJourneyPattern>
<ServiceLinkInJourneyPattern order="10" version="any" id="SE:020:ServiceLinkInJourneyPattern:BUS_13186">
    <ServiceLinkRef ref="SE:020:ServiceLink:BUS_9025020058049201_9025020058059101"/>
</ServiceLinkInJourneyPattern>
<ServiceLinkInJourneyPattern order="11" version="any" id="SE:020:ServiceLinkInJourneyPattern:BUS_13187">
    <ServiceLinkRef ref="SE:020:ServiceLink:BUS_9025020058059101_9025020058059201"/>
</ServiceLinkInJourneyPattern>
<ServiceLinkInJourneyPattern order="12" version="any" id="SE:020:ServiceLinkInJourneyPattern:BUS_13188">
    <ServiceLinkRef ref="SE:020:ServiceLink:BUS_9025020058059201_9025020058059301"/>
</ServiceLinkInJourneyPattern>
                            </linksInSequence>
                        </JourneyPattern>
                        <JourneyPattern version="any" id="SE:020:JourneyPattern:205339415000025406">
                            <RouteRef ref="SE:020:Route:205330000089567008" version="any"/>
                            <pointsInSequence>
<StopPointInJourneyPattern order="1" version="any" id="SE:020:StopPointInJourneyPattern:205339415000025406_205330000089567013">
    <ScheduledStopPointRef ref="SE:020:ScheduledStopPoint:9022020580183002"/>
    <ForAlighting>false</ForAlighting>
    <ForBoarding>true</ForBoarding>
    <DestinationDisplayRef ref="SE:020:DestinationDisplay:205330000114133133"/>
    <RequestStop>true</RequestStop>
</StopPointInJourneyPattern>
<StopPointInJourneyPattern order="2" version="any" id="SE:020:StopPointInJourneyPattern:205339415000025406_205330000089567014">
    <ScheduledStopPointRef ref="SE:020:ScheduledStopPoint:9022020580182001"/>
    <ForAlighting>true</ForAlighting>
    <ForBoarding>true</ForBoarding>
    <RequestStop>true</RequestStop>
</StopPointInJourneyPattern>
<StopPointInJourneyPattern order="3" version="any" id="SE:020:StopPointInJourneyPattern:205339415000025406_205330000089567015">
    <ScheduledStopPointRef ref="SE:020:ScheduledStopPoint:9022020580181001"/>
    <ForAlighting>true</ForAlighting>
    <ForBoarding>true</ForBoarding>
    <RequestStop>true</RequestStop>
</StopPointInJourneyPattern>
<StopPointInJourneyPattern order="4" version="any" id="SE:020:StopPointInJourneyPattern:205339415000025406_205330000089567016">
    <ScheduledStopPointRef ref="SE:020:ScheduledStopPoint:9022020580157003"/>
    <ForAlighting>true</ForAlighting>
    <ForBoarding>true</ForBoarding>
    <RequestStop>true</RequestStop>
</StopPointInJourneyPattern>
<StopPointInJourneyPattern order="5" version="any" id="SE:020:StopPointInJourneyPattern:205339415000025406_205330000089567017">
    <ScheduledStopPointRef ref="SE:020:ScheduledStopPoint:9022020580181002"/>
    <ForAlighting>true</ForAlighting>
    <ForBoarding>true</ForBoarding>
    <RequestStop>true</RequestStop>
</StopPointInJourneyPattern>
<StopPointInJourneyPattern order="6" version="any" id="SE:020:StopPointInJourneyPattern:205339415000025406_205330000089567018">
    <ScheduledStopPointRef ref="SE:020:ScheduledStopPoint:9022020580193001"/>
    <ForAlighting>true</ForAlighting>
    <ForBoarding>true</ForBoarding>
    <RequestStop>true</RequestStop>
</StopPointInJourneyPattern>
<StopPointInJourneyPattern order="7" version="any" id="SE:020:StopPointInJourneyPattern:205339415000025406_205330000089567019">
    <ScheduledStopPointRef ref="SE:020:ScheduledStopPoint:9022020580151001"/>
    <ForAlighting>true</ForAlighting>
    <ForBoarding>true</ForBoarding>
    <RequestStop>true</RequestStop>
</StopPointInJourneyPattern>
<StopPointInJourneyPattern order="8" version="any" id="SE:020:StopPointInJourneyPattern:205339415000025406_205330000089567020">
    <ScheduledStopPointRef ref="SE:020:ScheduledStopPoint:9022020580158003"/>
    <ForAlighting>true</ForAlighting>
    <ForBoarding>true</ForBoarding>
    <RequestStop>true</RequestStop>
</StopPointInJourneyPattern>
<StopPointInJourneyPattern order="9" version="any" id="SE:020:StopPointInJourneyPattern:205339415000025406_205330000089567021">
    <ScheduledStopPointRef ref="SE:020:ScheduledStopPoint:9022020580164001"/>
    <ForAlighting>true</ForAlighting>
    <ForBoarding>true</ForBoarding>
    <RequestStop>true</RequestStop>
</StopPointInJourneyPattern>
<StopPointInJourneyPattern order="10" version="any" id="SE:020:StopPointInJourneyPattern:205339415000025406_205330000089567022">
    <ScheduledStopPointRef ref="SE:020:ScheduledStopPoint:9022020580492001"/>
    <ForAlighting>true</ForAlighting>
    <ForBoarding>true</ForBoarding>
    <RequestStop>true</RequestStop>
</StopPointInJourneyPattern>
<StopPointInJourneyPattern order="11" version="any" id="SE:020:StopPointInJourneyPattern:205339415000025406_205330000089567023">
    <ScheduledStopPointRef ref="SE:020:ScheduledStopPoint:9022020580591001"/>
    <ForAlighting>true</ForAlighting>
    <ForBoarding>true</ForBoarding>
    <RequestStop>true</RequestStop>
</StopPointInJourneyPattern>
<StopPointInJourneyPattern order="12" version="any" id="SE:020:StopPointInJourneyPattern:205339415000025406_205330000089567024">
    <ScheduledStopPointRef ref="SE:020:ScheduledStopPoint:9022020580592001"/>
    <ForAlighting>true</ForAlighting>
    <ForBoarding>true</ForBoarding>
    <RequestStop>true</RequestStop>
</StopPointInJourneyPattern>
<StopPointInJourneyPattern order="13" version="any" id="SE:020:StopPointInJourneyPattern:205339415000025406_205330000089567025">
    <ScheduledStopPointRef ref="SE:020:ScheduledStopPoint:9022020580593001"/>
    <ForAlighting>true</ForAlighting>
    <ForBoarding>false</ForBoarding>
    <RequestStop>true</RequestStop>
</StopPointInJourneyPattern>
                            </pointsInSequence>
                            <linksInSequence>
<ServiceLinkInJourneyPattern order="1" version="any" id="SE:020:ServiceLinkInJourneyPattern:BUS_13189">
    <ServiceLinkRef ref="SE:020:ServiceLink:BUS_9025020058018302_9025020058018201"/>
</ServiceLinkInJourneyPattern>
<ServiceLinkInJourneyPattern order="2" version="any" id="SE:020:ServiceLinkInJourneyPattern:BUS_13190">
    <ServiceLinkRef ref="SE:020:ServiceLink:BUS_9025020058018201_9025020058018101"/>
</ServiceLinkInJourneyPattern>
<ServiceLinkInJourneyPattern order="3" version="any" id="SE:020:ServiceLinkInJourneyPattern:BUS_13191">
    <ServiceLinkRef ref="SE:020:ServiceLink:BUS_9025020058018101_9025020058015703"/>
</ServiceLinkInJourneyPattern>
<ServiceLinkInJourneyPattern order="4" version="any" id="SE:020:ServiceLinkInJourneyPattern:BUS_13192">
    <ServiceLinkRef ref="SE:020:ServiceLink:BUS_9025020058015703_9025020058018102"/>
</ServiceLinkInJourneyPattern>
<ServiceLinkInJourneyPattern order="5" version="any" id="SE:020:ServiceLinkInJourneyPattern:BUS_13193">
    <ServiceLinkRef ref="SE:020:ServiceLink:BUS_9025020058018102_9025020058019301"/>
</ServiceLinkInJourneyPattern>
<ServiceLinkInJourneyPattern order="6" version="any" id="SE:020:ServiceLinkInJourneyPattern:BUS_13194">
    <ServiceLinkRef ref="SE:020:ServiceLink:BUS_9025020058019301_9025020058015101"/>
</ServiceLinkInJourneyPattern>
<ServiceLinkInJourneyPattern order="7" version="any" id="SE:020:ServiceLinkInJourneyPattern:BUS_13195">
    <ServiceLinkRef ref="SE:020:ServiceLink:BUS_9025020058015101_9025020058015803"/>
</ServiceLinkInJourneyPattern>
<ServiceLinkInJourneyPattern order="8" version="any" id="SE:020:ServiceLinkInJourneyPattern:BUS_13196">
    <ServiceLinkRef ref="SE:020:ServiceLink:BUS_9025020058015803_9025020058016401"/>
</ServiceLinkInJourneyPattern>
<ServiceLinkInJourneyPattern order="9" version="any" id="SE:020:ServiceLinkInJourneyPattern:BUS_13197">
    <ServiceLinkRef ref="SE:020:ServiceLink:BUS_9025020058016401_9025020058049201"/>
</ServiceLinkInJourneyPattern>
<ServiceLinkInJourneyPattern order="10" version="any" id="SE:020:ServiceLinkInJourneyPattern:BUS_13198">
    <ServiceLinkRef ref="SE:020:ServiceLink:BUS_9025020058049201_9025020058059101"/>
</ServiceLinkInJourneyPattern>
<ServiceLinkInJourneyPattern order="11" version="any" id="SE:020:ServiceLinkInJourneyPattern:BUS_13199">
    <ServiceLinkRef ref="SE:020:ServiceLink:BUS_9025020058059101_9025020058059201"/>
</ServiceLinkInJourneyPattern>
<ServiceLinkInJourneyPattern order="12" version="any" id="SE:020:ServiceLinkInJourneyPattern:BUS_13200">
    <ServiceLinkRef ref="SE:020:ServiceLink:BUS_9025020058059201_9025020058059301"/>
</ServiceLinkInJourneyPattern>
                            </linksInSequence>
                        </JourneyPattern>
                        <JourneyPattern version="any" id="SE:020:JourneyPattern:205339415000025407">
                            <RouteRef ref="SE:020:Route:205330000114133137" version="any"/>
                            <pointsInSequence>
<StopPointInJourneyPattern order="1" version="any" id="SE:020:StopPointInJourneyPattern:205339415000025407_205330000114133142">
    <ScheduledStopPointRef ref="SE:020:ScheduledStopPoint:9022020580157003"/>
    <ForAlighting>false</ForAlighting>
    <ForBoarding>true</ForBoarding>
    <DestinationDisplayRef ref="SE:020:DestinationDisplay:205330000114133152"/>
    <RequestStop>true</RequestStop>
</StopPointInJourneyPattern>
<StopPointInJourneyPattern order="2" version="any" id="SE:020:StopPointInJourneyPattern:205339415000025407_205330000114133143">
    <ScheduledStopPointRef ref="SE:020:ScheduledStopPoint:9022020580161001"/>
    <ForAlighting>true</ForAlighting>
    <ForBoarding>true</ForBoarding>
    <RequestStop>true</RequestStop>
</StopPointInJourneyPattern>
<StopPointInJourneyPattern order="3" version="any" id="SE:020:StopPointInJourneyPattern:205339415000025407_205330000114133144">
    <ScheduledStopPointRef ref="SE:020:ScheduledStopPoint:9022020580823001"/>
    <ForAlighting>true</ForAlighting>
    <ForBoarding>false</ForBoarding>
    <RequestStop>true</RequestStop>
</StopPointInJourneyPattern>
                            </pointsInSequence>
                            <linksInSequence>
<ServiceLinkInJourneyPattern order="1" version="any" id="SE:020:ServiceLinkInJourneyPattern:BUS_13201">
    <ServiceLinkRef ref="SE:020:ServiceLink:BUS_9025020058015703_9025020058016101"/>
</ServiceLinkInJourneyPattern>
<ServiceLinkInJourneyPattern order="2" version="any" id="SE:020:ServiceLinkInJourneyPattern:BUS_13202">
    <ServiceLinkRef ref="SE:020:ServiceLink:BUS_9025020058016101_9025020058082301"/>
</ServiceLinkInJourneyPattern>
                            </linksInSequence>
                        </JourneyPattern>
                        <JourneyPattern version="any" id="SE:020:JourneyPattern:205339415000019301">
                            <RouteRef ref="SE:020:Route:205330000089735987" version="any"/>
                            <pointsInSequence>
<StopPointInJourneyPattern order="1" version="any" id="SE:020:StopPointInJourneyPattern:205339415000019301_205330000089735992">
    <ScheduledStopPointRef ref="SE:020:ScheduledStopPoint:9022020580183002"/>
    <ForAlighting>false</ForAlighting>
    <ForBoarding>true</ForBoarding>
    <DestinationDisplayRef ref="SE:020:DestinationDisplay:205330000089736012"/>
    <RequestStop>true</RequestStop>
</StopPointInJourneyPattern>
<StopPointInJourneyPattern order="2" version="any" id="SE:020:StopPointInJourneyPattern:205339415000019301_205330000089735993">
    <ScheduledStopPointRef ref="SE:020:ScheduledStopPoint:9022020580182001"/>
    <ForAlighting>false</ForAlighting>
    <ForBoarding>true</ForBoarding>
    <RequestStop>true</RequestStop>
</StopPointInJourneyPattern>
<StopPointInJourneyPattern order="3" version="any" id="SE:020:StopPointInJourneyPattern:205339415000019301_205330000089735994">
    <ScheduledStopPointRef ref="SE:020:ScheduledStopPoint:9022020580181001"/>
    <ForAlighting>false</ForAlighting>
    <ForBoarding>true</ForBoarding>
    <RequestStop>true</RequestStop>
</StopPointInJourneyPattern>
<StopPointInJourneyPattern order="4" version="any" id="SE:020:StopPointInJourneyPattern:205339415000019301_205330000089735995">
    <ScheduledStopPointRef ref="SE:020:ScheduledStopPoint:9022020580157003"/>
    <ForAlighting>false</ForAlighting>
    <ForBoarding>true</ForBoarding>
    <RequestStop>true</RequestStop>
</StopPointInJourneyPattern>
<StopPointInJourneyPattern order="5" version="any" id="SE:020:StopPointInJourneyPattern:205339415000019301_205330000089735996">
    <ScheduledStopPointRef ref="SE:020:ScheduledStopPoint:9022020580181002"/>
    <ForAlighting>false</ForAlighting>
    <ForBoarding>true</ForBoarding>
    <RequestStop>true</RequestStop>
</StopPointInJourneyPattern>
<StopPointInJourneyPattern order="6" version="any" id="SE:020:StopPointInJourneyPattern:205339415000019301_205330000089735997">
    <ScheduledStopPointRef ref="SE:020:ScheduledStopPoint:9022020580193001"/>
    <ForAlighting>false</ForAlighting>
    <ForBoarding>true</ForBoarding>
    <RequestStop>true</RequestStop>
</StopPointInJourneyPattern>
<StopPointInJourneyPattern order="7" version="any" id="SE:020:StopPointInJourneyPattern:205339415000019301_205330000089735998">
    <ScheduledStopPointRef ref="SE:020:ScheduledStopPoint:9022020580151001"/>
    <ForAlighting>true</ForAlighting>
    <ForBoarding>true</ForBoarding>
    <RequestStop>true</RequestStop>
</StopPointInJourneyPattern>
<StopPointInJourneyPattern order="8" version="any" id="SE:020:StopPointInJourneyPattern:205339415000019301_205330000089735999">
    <ScheduledStopPointRef ref="SE:020:ScheduledStopPoint:9022020580158003"/>
    <ForAlighting>true</ForAlighting>
    <ForBoarding>true</ForBoarding>
    <RequestStop>true</RequestStop>
</StopPointInJourneyPattern>
<StopPointInJourneyPattern order="9" version="any" id="SE:020:StopPointInJourneyPattern:205339415000019301_205330000089736000">
    <ScheduledStopPointRef ref="SE:020:ScheduledStopPoint:9022020580164001"/>
    <ForAlighting>true</ForAlighting>
    <ForBoarding>true</ForBoarding>
    <RequestStop>true</RequestStop>
</StopPointInJourneyPattern>
<StopPointInJourneyPattern order="10" version="any" id="SE:020:StopPointInJourneyPattern:205339415000019301_205330000089736001">
    <ScheduledStopPointRef ref="SE:020:ScheduledStopPoint:9022020580492001"/>
    <ForAlighting>true</ForAlighting>
    <ForBoarding>true</ForBoarding>
    <RequestStop>true</RequestStop>
</StopPointInJourneyPattern>
<StopPointInJourneyPattern order="11" version="any" id="SE:020:StopPointInJourneyPattern:205339415000019301_205330000089736002">
    <ScheduledStopPointRef ref="SE:020:ScheduledStopPoint:9022020580591001"/>
    <ForAlighting>true</ForAlighting>
    <ForBoarding>true</ForBoarding>
    <RequestStop>true</RequestStop>
</StopPointInJourneyPattern>
<StopPointInJourneyPattern order="12" version="any" id="SE:020:StopPointInJourneyPattern:205339415000019301_205330000089736003">
    <ScheduledStopPointRef ref="SE:020:ScheduledStopPoint:9022020580592001"/>
    <ForAlighting>true</ForAlighting>
    <ForBoarding>true</ForBoarding>
    <RequestStop>true</RequestStop>
</StopPointInJourneyPattern>
<StopPointInJourneyPattern order="13" version="any" id="SE:020:StopPointInJourneyPattern:205339415000019301_205330000089736004">
    <ScheduledStopPointRef ref="SE:020:ScheduledStopPoint:9022020580593001"/>
    <ForAlighting>true</ForAlighting>
    <ForBoarding>false</ForBoarding>
    <RequestStop>true</RequestStop>
</StopPointInJourneyPattern>
                            </pointsInSequence>
                            <linksInSequence>
<ServiceLinkInJourneyPattern order="1" version="any" id="SE:020:ServiceLinkInJourneyPattern:BUS_13203">
    <ServiceLinkRef ref="SE:020:ServiceLink:BUS_9025020058018302_9025020058018201"/>
</ServiceLinkInJourneyPattern>
<ServiceLinkInJourneyPattern order="2" version="any" id="SE:020:ServiceLinkInJourneyPattern:BUS_13204">
    <ServiceLinkRef ref="SE:020:ServiceLink:BUS_9025020058018201_9025020058018101"/>
</ServiceLinkInJourneyPattern>
<ServiceLinkInJourneyPattern order="3" version="any" id="SE:020:ServiceLinkInJourneyPattern:BUS_13205">
    <ServiceLinkRef ref="SE:020:ServiceLink:BUS_9025020058018101_9025020058015703"/>
</ServiceLinkInJourneyPattern>
<ServiceLinkInJourneyPattern order="4" version="any" id="SE:020:ServiceLinkInJourneyPattern:BUS_13206">
    <ServiceLinkRef ref="SE:020:ServiceLink:BUS_9025020058015703_9025020058018102"/>
</ServiceLinkInJourneyPattern>
<ServiceLinkInJourneyPattern order="5" version="any" id="SE:020:ServiceLinkInJourneyPattern:BUS_13207">
    <ServiceLinkRef ref="SE:020:ServiceLink:BUS_9025020058018102_9025020058019301"/>
</ServiceLinkInJourneyPattern>
<ServiceLinkInJourneyPattern order="6" version="any" id="SE:020:ServiceLinkInJourneyPattern:BUS_13208">
    <ServiceLinkRef ref="SE:020:ServiceLink:BUS_9025020058019301_9025020058015101"/>
</ServiceLinkInJourneyPattern>
<ServiceLinkInJourneyPattern order="7" version="any" id="SE:020:ServiceLinkInJourneyPattern:BUS_13209">
    <ServiceLinkRef ref="SE:020:ServiceLink:BUS_9025020058015101_9025020058015803"/>
</ServiceLinkInJourneyPattern>
<ServiceLinkInJourneyPattern order="8" version="any" id="SE:020:ServiceLinkInJourneyPattern:BUS_13210">
    <ServiceLinkRef ref="SE:020:ServiceLink:BUS_9025020058015803_9025020058016401"/>
</ServiceLinkInJourneyPattern>
<ServiceLinkInJourneyPattern order="9" version="any" id="SE:020:ServiceLinkInJourneyPattern:BUS_13211">
    <ServiceLinkRef ref="SE:020:ServiceLink:BUS_9025020058016401_9025020058049201"/>
</ServiceLinkInJourneyPattern>
<ServiceLinkInJourneyPattern order="10" version="any" id="SE:020:ServiceLinkInJourneyPattern:BUS_13212">
    <ServiceLinkRef ref="SE:020:ServiceLink:BUS_9025020058049201_9025020058059101"/>
</ServiceLinkInJourneyPattern>
<ServiceLinkInJourneyPattern order="11" version="any" id="SE:020:ServiceLinkInJourneyPattern:BUS_13213">
    <ServiceLinkRef ref="SE:020:ServiceLink:BUS_9025020058059101_9025020058059201"/>
</ServiceLinkInJourneyPattern>
<ServiceLinkInJourneyPattern order="12" version="any" id="SE:020:ServiceLinkInJourneyPattern:BUS_13214">
    <ServiceLinkRef ref="SE:020:ServiceLink:BUS_9025020058059201_9025020058059301"/>
</ServiceLinkInJourneyPattern>
                            </linksInSequence>
                        </JourneyPattern>
                        <JourneyPattern version="any" id="SE:020:JourneyPattern:205339415000024623">
                            <RouteRef ref="SE:020:Route:205330000089735987" version="any"/>
                            <pointsInSequence>
<StopPointInJourneyPattern order="1" version="any" id="SE:020:StopPointInJourneyPattern:205339415000024623_205330000089735992">
    <ScheduledStopPointRef ref="SE:020:ScheduledStopPoint:9022020580183002"/>
    <ForAlighting>false</ForAlighting>
    <ForBoarding>true</ForBoarding>
    <DestinationDisplayRef ref="SE:020:DestinationDisplay:205330000113210876"/>
    <RequestStop>true</RequestStop>
</StopPointInJourneyPattern>
<StopPointInJourneyPattern order="2" version="any" id="SE:020:StopPointInJourneyPattern:205339415000024623_205330000089735993">
    <ScheduledStopPointRef ref="SE:020:ScheduledStopPoint:9022020580182001"/>
    <ForAlighting>false</ForAlighting>
    <ForBoarding>true</ForBoarding>
    <RequestStop>true</RequestStop>
</StopPointInJourneyPattern>
<StopPointInJourneyPattern order="3" version="any" id="SE:020:StopPointInJourneyPattern:205339415000024623_205330000089735994">
    <ScheduledStopPointRef ref="SE:020:ScheduledStopPoint:9022020580181001"/>
    <ForAlighting>false</ForAlighting>
    <ForBoarding>true</ForBoarding>
    <RequestStop>true</RequestStop>
</StopPointInJourneyPattern>
<StopPointInJourneyPattern order="4" version="any" id="SE:020:StopPointInJourneyPattern:205339415000024623_205330000089735995">
    <ScheduledStopPointRef ref="SE:020:ScheduledStopPoint:9022020580157003"/>
    <ForAlighting>false</ForAlighting>
    <ForBoarding>true</ForBoarding>
    <RequestStop>true</RequestStop>
</StopPointInJourneyPattern>
<StopPointInJourneyPattern order="5" version="any" id="SE:020:StopPointInJourneyPattern:205339415000024623_205330000089735996">
    <ScheduledStopPointRef ref="SE:020:ScheduledStopPoint:9022020580181002"/>
    <ForAlighting>false</ForAlighting>
    <ForBoarding>true</ForBoarding>
    <RequestStop>true</RequestStop>
</StopPointInJourneyPattern>
<StopPointInJourneyPattern order="6" version="any" id="SE:020:StopPointInJourneyPattern:205339415000024623_205330000089735997">
    <ScheduledStopPointRef ref="SE:020:ScheduledStopPoint:9022020580193001"/>
    <ForAlighting>false</ForAlighting>
    <ForBoarding>true</ForBoarding>
    <RequestStop>true</RequestStop>
</StopPointInJourneyPattern>
<StopPointInJourneyPattern order="7" version="any" id="SE:020:StopPointInJourneyPattern:205339415000024623_205330000089735998">
    <ScheduledStopPointRef ref="SE:020:ScheduledStopPoint:9022020580151001"/>
    <ForAlighting>true</ForAlighting>
    <ForBoarding>true</ForBoarding>
    <RequestStop>true</RequestStop>
</StopPointInJourneyPattern>
<StopPointInJourneyPattern order="8" version="any" id="SE:020:StopPointInJourneyPattern:205339415000024623_205330000089735999">
    <ScheduledStopPointRef ref="SE:020:ScheduledStopPoint:9022020580158003"/>
    <ForAlighting>true</ForAlighting>
    <ForBoarding>true</ForBoarding>
    <RequestStop>true</RequestStop>
</StopPointInJourneyPattern>
<StopPointInJourneyPattern order="9" version="any" id="SE:020:StopPointInJourneyPattern:205339415000024623_205330000089736000">
    <ScheduledStopPointRef ref="SE:020:ScheduledStopPoint:9022020580164001"/>
    <ForAlighting>true</ForAlighting>
    <ForBoarding>true</ForBoarding>
    <RequestStop>true</RequestStop>
</StopPointInJourneyPattern>
<StopPointInJourneyPattern order="10" version="any" id="SE:020:StopPointInJourneyPattern:205339415000024623_205330000089736001">
    <ScheduledStopPointRef ref="SE:020:ScheduledStopPoint:9022020580492001"/>
    <ForAlighting>true</ForAlighting>
    <ForBoarding>true</ForBoarding>
    <RequestStop>true</RequestStop>
</StopPointInJourneyPattern>
<StopPointInJourneyPattern order="11" version="any" id="SE:020:StopPointInJourneyPattern:205339415000024623_205330000089736002">
    <ScheduledStopPointRef ref="SE:020:ScheduledStopPoint:9022020580591001"/>
    <ForAlighting>true</ForAlighting>
    <ForBoarding>true</ForBoarding>
    <RequestStop>true</RequestStop>
</StopPointInJourneyPattern>
<StopPointInJourneyPattern order="12" version="any" id="SE:020:StopPointInJourneyPattern:205339415000024623_205330000089736003">
    <ScheduledStopPointRef ref="SE:020:ScheduledStopPoint:9022020580592001"/>
    <ForAlighting>true</ForAlighting>
    <ForBoarding>true</ForBoarding>
    <RequestStop>true</RequestStop>
</StopPointInJourneyPattern>
<StopPointInJourneyPattern order="13" version="any" id="SE:020:StopPointInJourneyPattern:205339415000024623_205330000089736004">
    <ScheduledStopPointRef ref="SE:020:ScheduledStopPoint:9022020580593001"/>
    <ForAlighting>true</ForAlighting>
    <ForBoarding>false</ForBoarding>
    <RequestStop>true</RequestStop>
</StopPointInJourneyPattern>
                            </pointsInSequence>
                            <linksInSequence>
<ServiceLinkInJourneyPattern order="1" version="any" id="SE:020:ServiceLinkInJourneyPattern:BUS_13215">
    <ServiceLinkRef ref="SE:020:ServiceLink:BUS_9025020058018302_9025020058018201"/>
</ServiceLinkInJourneyPattern>
<ServiceLinkInJourneyPattern order="2" version="any" id="SE:020:ServiceLinkInJourneyPattern:BUS_13216">
    <ServiceLinkRef ref="SE:020:ServiceLink:BUS_9025020058018201_9025020058018101"/>
</ServiceLinkInJourneyPattern>
<ServiceLinkInJourneyPattern order="3" version="any" id="SE:020:ServiceLinkInJourneyPattern:BUS_13217">
    <ServiceLinkRef ref="SE:020:ServiceLink:BUS_9025020058018101_9025020058015703"/>
</ServiceLinkInJourneyPattern>
<ServiceLinkInJourneyPattern order="4" version="any" id="SE:020:ServiceLinkInJourneyPattern:BUS_13218">
    <ServiceLinkRef ref="SE:020:ServiceLink:BUS_9025020058015703_9025020058018102"/>
</ServiceLinkInJourneyPattern>
<ServiceLinkInJourneyPattern order="5" version="any" id="SE:020:ServiceLinkInJourneyPattern:BUS_13219">
    <ServiceLinkRef ref="SE:020:ServiceLink:BUS_9025020058018102_9025020058019301"/>
</ServiceLinkInJourneyPattern>
<ServiceLinkInJourneyPattern order="6" version="any" id="SE:020:ServiceLinkInJourneyPattern:BUS_13220">
    <ServiceLinkRef ref="SE:020:ServiceLink:BUS_9025020058019301_9025020058015101"/>
</ServiceLinkInJourneyPattern>
<ServiceLinkInJourneyPattern order="7" version="any" id="SE:020:ServiceLinkInJourneyPattern:BUS_13221">
    <ServiceLinkRef ref="SE:020:ServiceLink:BUS_9025020058015101_9025020058015803"/>
</ServiceLinkInJourneyPattern>
<ServiceLinkInJourneyPattern order="8" version="any" id="SE:020:ServiceLinkInJourneyPattern:BUS_13222">
    <ServiceLinkRef ref="SE:020:ServiceLink:BUS_9025020058015803_9025020058016401"/>
</ServiceLinkInJourneyPattern>
<ServiceLinkInJourneyPattern order="9" version="any" id="SE:020:ServiceLinkInJourneyPattern:BUS_13223">
    <ServiceLinkRef ref="SE:020:ServiceLink:BUS_9025020058016401_9025020058049201"/>
</ServiceLinkInJourneyPattern>
<ServiceLinkInJourneyPattern order="10" version="any" id="SE:020:ServiceLinkInJourneyPattern:BUS_13224">
    <ServiceLinkRef ref="SE:020:ServiceLink:BUS_9025020058049201_9025020058059101"/>
</ServiceLinkInJourneyPattern>
<ServiceLinkInJourneyPattern order="11" version="any" id="SE:020:ServiceLinkInJourneyPattern:BUS_13225">
    <ServiceLinkRef ref="SE:020:ServiceLink:BUS_9025020058059101_9025020058059201"/>
</ServiceLinkInJourneyPattern>
<ServiceLinkInJourneyPattern order="12" version="any" id="SE:020:ServiceLinkInJourneyPattern:BUS_13226">
    <ServiceLinkRef ref="SE:020:ServiceLink:BUS_9025020058059201_9025020058059301"/>
</ServiceLinkInJourneyPattern>
                            </linksInSequence>
                        </JourneyPattern>
                        <JourneyPattern version="any" id="SE:020:JourneyPattern:205339415000019243">
                            <RouteRef ref="SE:020:Route:205330000089567037" version="any"/>
                            <pointsInSequence>
<StopPointInJourneyPattern order="1" version="any" id="SE:020:StopPointInJourneyPattern:205339415000019243_205330000089567042">
    <ScheduledStopPointRef ref="SE:020:ScheduledStopPoint:9022020580593002"/>
    <ForAlighting>false</ForAlighting>
    <ForBoarding>true</ForBoarding>
    <DestinationDisplayRef ref="SE:020:DestinationDisplay:205330000089567062"/>
    <RequestStop>true</RequestStop>
</StopPointInJourneyPattern>
<StopPointInJourneyPattern order="2" version="any" id="SE:020:StopPointInJourneyPattern:205339415000019243_205330000089567043">
    <ScheduledStopPointRef ref="SE:020:ScheduledStopPoint:9022020580592002"/>
    <ForAlighting>true</ForAlighting>
    <ForBoarding>true</ForBoarding>
    <RequestStop>true</RequestStop>
</StopPointInJourneyPattern>
<StopPointInJourneyPattern order="3" version="any" id="SE:020:StopPointInJourneyPattern:205339415000019243_205330000089567044">
    <ScheduledStopPointRef ref="SE:020:ScheduledStopPoint:9022020580591002"/>
    <ForAlighting>true</ForAlighting>
    <ForBoarding>true</ForBoarding>
    <RequestStop>true</RequestStop>
</StopPointInJourneyPattern>
<StopPointInJourneyPattern order="4" version="any" id="SE:020:StopPointInJourneyPattern:205339415000019243_205330000089567045">
    <ScheduledStopPointRef ref="SE:020:ScheduledStopPoint:9022020580492002"/>
    <ForAlighting>true</ForAlighting>
    <ForBoarding>true</ForBoarding>
    <RequestStop>true</RequestStop>
</StopPointInJourneyPattern>
<StopPointInJourneyPattern order="5" version="any" id="SE:020:StopPointInJourneyPattern:205339415000019243_205330000089567046">
    <ScheduledStopPointRef ref="SE:020:ScheduledStopPoint:9022020580164001"/>
    <ForAlighting>true</ForAlighting>
    <ForBoarding>true</ForBoarding>
    <RequestStop>true</RequestStop>
</StopPointInJourneyPattern>
<StopPointInJourneyPattern order="6" version="any" id="SE:020:StopPointInJourneyPattern:205339415000019243_205330000089567047">
    <ScheduledStopPointRef ref="SE:020:ScheduledStopPoint:9022020580158004"/>
    <ForAlighting>true</ForAlighting>
    <ForBoarding>true</ForBoarding>
    <RequestStop>true</RequestStop>
</StopPointInJourneyPattern>
<StopPointInJourneyPattern order="7" version="any" id="SE:020:StopPointInJourneyPattern:205339415000019243_205330000089567048">
    <ScheduledStopPointRef ref="SE:020:ScheduledStopPoint:9022020580151002"/>
    <ForAlighting>true</ForAlighting>
    <ForBoarding>true</ForBoarding>
    <RequestStop>true</RequestStop>
</StopPointInJourneyPattern>
<StopPointInJourneyPattern order="8" version="any" id="SE:020:StopPointInJourneyPattern:205339415000019243_205330000089567049">
    <ScheduledStopPointRef ref="SE:020:ScheduledStopPoint:9022020580193002"/>
    <ForAlighting>true</ForAlighting>
    <ForBoarding>true</ForBoarding>
    <RequestStop>true</RequestStop>
</StopPointInJourneyPattern>
<StopPointInJourneyPattern order="9" version="any" id="SE:020:StopPointInJourneyPattern:205339415000019243_205330000089567050">
    <ScheduledStopPointRef ref="SE:020:ScheduledStopPoint:9022020580182002"/>
    <ForAlighting>true</ForAlighting>
    <ForBoarding>true</ForBoarding>
    <RequestStop>true</RequestStop>
</StopPointInJourneyPattern>
<StopPointInJourneyPattern order="10" version="any" id="SE:020:StopPointInJourneyPattern:205339415000019243_205330000089567051">
    <ScheduledStopPointRef ref="SE:020:ScheduledStopPoint:9022020580183001"/>
    <ForAlighting>true</ForAlighting>
    <ForBoarding>true</ForBoarding>
    <RequestStop>true</RequestStop>
</StopPointInJourneyPattern>
<StopPointInJourneyPattern order="11" version="any" id="SE:020:StopPointInJourneyPattern:205339415000019243_205330000089567052">
    <ScheduledStopPointRef ref="SE:020:ScheduledStopPoint:9022020580182001"/>
    <ForAlighting>true</ForAlighting>
    <ForBoarding>true</ForBoarding>
    <RequestStop>true</RequestStop>
</StopPointInJourneyPattern>
<StopPointInJourneyPattern order="12" version="any" id="SE:020:StopPointInJourneyPattern:205339415000019243_205330000089567053">
    <ScheduledStopPointRef ref="SE:020:ScheduledStopPoint:9022020580181001"/>
    <ForAlighting>true</ForAlighting>
    <ForBoarding>true</ForBoarding>
    <RequestStop>true</RequestStop>
</StopPointInJourneyPattern>
<StopPointInJourneyPattern order="13" version="any" id="SE:020:StopPointInJourneyPattern:205339415000019243_205330000089567054">
    <ScheduledStopPointRef ref="SE:020:ScheduledStopPoint:9022020580157001"/>
    <ForAlighting>true</ForAlighting>
    <ForBoarding>false</ForBoarding>
    <RequestStop>true</RequestStop>
</StopPointInJourneyPattern>
                            </pointsInSequence>
                            <linksInSequence>
<ServiceLinkInJourneyPattern order="1" version="any" id="SE:020:ServiceLinkInJourneyPattern:BUS_13227">
    <ServiceLinkRef ref="SE:020:ServiceLink:BUS_9025020058059302_9025020058059202"/>
</ServiceLinkInJourneyPattern>
<ServiceLinkInJourneyPattern order="2" version="any" id="SE:020:ServiceLinkInJourneyPattern:BUS_13228">
    <ServiceLinkRef ref="SE:020:ServiceLink:BUS_9025020058059202_9025020058059102"/>
</ServiceLinkInJourneyPattern>
<ServiceLinkInJourneyPattern order="3" version="any" id="SE:020:ServiceLinkInJourneyPattern:BUS_13229">
    <ServiceLinkRef ref="SE:020:ServiceLink:BUS_9025020058059102_9025020058049202"/>
</ServiceLinkInJourneyPattern>
<ServiceLinkInJourneyPattern order="4" version="any" id="SE:020:ServiceLinkInJourneyPattern:BUS_13230">
    <ServiceLinkRef ref="SE:020:ServiceLink:BUS_9025020058049202_9025020058016401"/>
</ServiceLinkInJourneyPattern>
<ServiceLinkInJourneyPattern order="5" version="any" id="SE:020:ServiceLinkInJourneyPattern:BUS_13231">
    <ServiceLinkRef ref="SE:020:ServiceLink:BUS_9025020058016401_9025020058015804"/>
</ServiceLinkInJourneyPattern>
<ServiceLinkInJourneyPattern order="6" version="any" id="SE:020:ServiceLinkInJourneyPattern:BUS_13232">
    <ServiceLinkRef ref="SE:020:ServiceLink:BUS_9025020058015804_9025020058015102"/>
</ServiceLinkInJourneyPattern>
<ServiceLinkInJourneyPattern order="7" version="any" id="SE:020:ServiceLinkInJourneyPattern:BUS_13233">
    <ServiceLinkRef ref="SE:020:ServiceLink:BUS_9025020058015102_9025020058019302"/>
</ServiceLinkInJourneyPattern>
<ServiceLinkInJourneyPattern order="8" version="any" id="SE:020:ServiceLinkInJourneyPattern:BUS_13234">
    <ServiceLinkRef ref="SE:020:ServiceLink:BUS_9025020058019302_9025020058018202"/>
</ServiceLinkInJourneyPattern>
<ServiceLinkInJourneyPattern order="9" version="any" id="SE:020:ServiceLinkInJourneyPattern:BUS_13235">
    <ServiceLinkRef ref="SE:020:ServiceLink:BUS_9025020058018202_9025020058018301"/>
</ServiceLinkInJourneyPattern>
<ServiceLinkInJourneyPattern order="10" version="any" id="SE:020:ServiceLinkInJourneyPattern:BUS_13236">
    <ServiceLinkRef ref="SE:020:ServiceLink:BUS_9025020058018301_9025020058018201"/>
</ServiceLinkInJourneyPattern>
<ServiceLinkInJourneyPattern order="11" version="any" id="SE:020:ServiceLinkInJourneyPattern:BUS_13237">
    <ServiceLinkRef ref="SE:020:ServiceLink:BUS_9025020058018201_9025020058018101"/>
</ServiceLinkInJourneyPattern>
<ServiceLinkInJourneyPattern order="12" version="any" id="SE:020:ServiceLinkInJourneyPattern:BUS_13238">
    <ServiceLinkRef ref="SE:020:ServiceLink:BUS_9025020058018101_9025020058015701"/>
</ServiceLinkInJourneyPattern>
                            </linksInSequence>
                        </JourneyPattern>
                        <JourneyPattern version="any" id="SE:020:JourneyPattern:205339415000019254">
                            <RouteRef ref="SE:020:Route:205330000089600491" version="any"/>
                            <pointsInSequence>
<StopPointInJourneyPattern order="1" version="any" id="SE:020:StopPointInJourneyPattern:205339415000019254_205330000089600496">
    <ScheduledStopPointRef ref="SE:020:ScheduledStopPoint:9022020580593002"/>
    <ForAlighting>false</ForAlighting>
    <ForBoarding>true</ForBoarding>
    <DestinationDisplayRef ref="SE:020:DestinationDisplay:205330000089600510"/>
    <RequestStop>true</RequestStop>
</StopPointInJourneyPattern>
<StopPointInJourneyPattern order="2" version="any" id="SE:020:StopPointInJourneyPattern:205339415000019254_205330000089600497">
    <ScheduledStopPointRef ref="SE:020:ScheduledStopPoint:9022020580592002"/>
    <ForAlighting>true</ForAlighting>
    <ForBoarding>true</ForBoarding>
    <RequestStop>true</RequestStop>
</StopPointInJourneyPattern>
<StopPointInJourneyPattern order="3" version="any" id="SE:020:StopPointInJourneyPattern:205339415000019254_205330000089600498">
    <ScheduledStopPointRef ref="SE:020:ScheduledStopPoint:9022020580158004"/>
    <ForAlighting>true</ForAlighting>
    <ForBoarding>true</ForBoarding>
    <RequestStop>true</RequestStop>
</StopPointInJourneyPattern>
<StopPointInJourneyPattern order="4" version="any" id="SE:020:StopPointInJourneyPattern:205339415000019254_205330000089600499">
    <ScheduledStopPointRef ref="SE:020:ScheduledStopPoint:9022020580151002"/>
    <ForAlighting>true</ForAlighting>
    <ForBoarding>true</ForBoarding>
    <RequestStop>true</RequestStop>
</StopPointInJourneyPattern>
<StopPointInJourneyPattern order="5" version="any" id="SE:020:StopPointInJourneyPattern:205339415000019254_205330000089600500">
    <ScheduledStopPointRef ref="SE:020:ScheduledStopPoint:9022020580193002"/>
    <ForAlighting>true</ForAlighting>
    <ForBoarding>true</ForBoarding>
    <RequestStop>true</RequestStop>
</StopPointInJourneyPattern>
<StopPointInJourneyPattern order="6" version="any" id="SE:020:StopPointInJourneyPattern:205339415000019254_205330000089600501">
    <ScheduledStopPointRef ref="SE:020:ScheduledStopPoint:9022020580182002"/>
    <ForAlighting>true</ForAlighting>
    <ForBoarding>true</ForBoarding>
    <RequestStop>true</RequestStop>
</StopPointInJourneyPattern>
<StopPointInJourneyPattern order="7" version="any" id="SE:020:StopPointInJourneyPattern:205339415000019254_205330000089600502">
    <ScheduledStopPointRef ref="SE:020:ScheduledStopPoint:9022020580183001"/>
    <ForAlighting>true</ForAlighting>
    <ForBoarding>false</ForBoarding>
    <RequestStop>true</RequestStop>
</StopPointInJourneyPattern>
                            </pointsInSequence>
                            <linksInSequence>
<ServiceLinkInJourneyPattern order="1" version="any" id="SE:020:ServiceLinkInJourneyPattern:BUS_13239">
    <ServiceLinkRef ref="SE:020:ServiceLink:BUS_9025020058059302_9025020058059202"/>
</ServiceLinkInJourneyPattern>
<ServiceLinkInJourneyPattern order="2" version="any" id="SE:020:ServiceLinkInJourneyPattern:BUS_13240">
    <ServiceLinkRef ref="SE:020:ServiceLink:BUS_9025020058059202_9025020058015804"/>
</ServiceLinkInJourneyPattern>
<ServiceLinkInJourneyPattern order="3" version="any" id="SE:020:ServiceLinkInJourneyPattern:BUS_13241">
    <ServiceLinkRef ref="SE:020:ServiceLink:BUS_9025020058015804_9025020058015102"/>
</ServiceLinkInJourneyPattern>
<ServiceLinkInJourneyPattern order="4" version="any" id="SE:020:ServiceLinkInJourneyPattern:BUS_13242">
    <ServiceLinkRef ref="SE:020:ServiceLink:BUS_9025020058015102_9025020058019302"/>
</ServiceLinkInJourneyPattern>
<ServiceLinkInJourneyPattern order="5" version="any" id="SE:020:ServiceLinkInJourneyPattern:BUS_13243">
    <ServiceLinkRef ref="SE:020:ServiceLink:BUS_9025020058019302_9025020058018202"/>
</ServiceLinkInJourneyPattern>
<ServiceLinkInJourneyPattern order="6" version="any" id="SE:020:ServiceLinkInJourneyPattern:BUS_13244">
    <ServiceLinkRef ref="SE:020:ServiceLink:BUS_9025020058018202_9025020058018301"/>
</ServiceLinkInJourneyPattern>
                            </linksInSequence>
                        </JourneyPattern>
                        <JourneyPattern version="any" id="SE:020:JourneyPattern:205339415000025408">
                            <RouteRef ref="SE:020:Route:205330000114133156" version="any"/>
                            <pointsInSequence>
<StopPointInJourneyPattern order="1" version="any" id="SE:020:StopPointInJourneyPattern:205339415000025408_205330000114133161">
    <ScheduledStopPointRef ref="SE:020:ScheduledStopPoint:9022020580823001"/>
    <ForAlighting>false</ForAlighting>
    <ForBoarding>true</ForBoarding>
    <DestinationDisplayRef ref="SE:020:DestinationDisplay:205330000114133171"/>
    <RequestStop>true</RequestStop>
</StopPointInJourneyPattern>
<StopPointInJourneyPattern order="2" version="any" id="SE:020:StopPointInJourneyPattern:205339415000025408_205330000114133162">
    <ScheduledStopPointRef ref="SE:020:ScheduledStopPoint:9022020580161002"/>
    <ForAlighting>true</ForAlighting>
    <ForBoarding>true</ForBoarding>
    <RequestStop>true</RequestStop>
</StopPointInJourneyPattern>
<StopPointInJourneyPattern order="3" version="any" id="SE:020:StopPointInJourneyPattern:205339415000025408_205330000114133163">
    <ScheduledStopPointRef ref="SE:020:ScheduledStopPoint:9022020580157001"/>
    <ForAlighting>true</ForAlighting>
    <ForBoarding>false</ForBoarding>
    <RequestStop>true</RequestStop>
</StopPointInJourneyPattern>
                            </pointsInSequence>
                            <linksInSequence>
<ServiceLinkInJourneyPattern order="1" version="any" id="SE:020:ServiceLinkInJourneyPattern:BUS_13245">
    <ServiceLinkRef ref="SE:020:ServiceLink:BUS_9025020058082301_9025020058016102"/>
</ServiceLinkInJourneyPattern>
<ServiceLinkInJourneyPattern order="2" version="any" id="SE:020:ServiceLinkInJourneyPattern:BUS_13246">
    <ServiceLinkRef ref="SE:020:ServiceLink:BUS_9025020058016102_9025020058015701"/>
</ServiceLinkInJourneyPattern>
                            </linksInSequence>
                        </JourneyPattern>
                    </journeyPatterns>
                </ServiceFrame>
                <TimetableFrame version="20240902035740" id="SE:020:TimetableFrame:9011020024000000">
                    <vehicleJourneys>
                        <ServiceJourney version="any" id="SE:020:ServiceJourney:205330000114133248">
                            <TransportMode>bus</TransportMode>
                            <TransportSubmode>
<BusSubmode>unknown</BusSubmode>
                            </TransportSubmode>
                            <dayTypes>
<DayTypeRef ref="SE:020:DayType:h05vum7jn71m52v7li4eqrlmspeivijh"/>
                            </dayTypes>
                            <JourneyPatternRef ref="SE:020:JourneyPattern:205339415000025407" version="any"/>
                            <OperatorRef ref="SE:020:Operator:9013020140800000"/>
                            <passingTimes>
<TimetabledPassingTime version="any" id="SE:020:TimetabledPassingTime:205330000114133243">
    <StopPointInJourneyPatternRef ref="SE:020:StopPointInJourneyPattern:205339415000025407_205330000114133142" version="any"/>
    <DepartureTime>14:35:00</DepartureTime>
</TimetabledPassingTime>
<TimetabledPassingTime version="any" id="SE:020:TimetabledPassingTime:205330000114133244">
    <StopPointInJourneyPatternRef ref="SE:020:StopPointInJourneyPattern:205339415000025407_205330000114133143" version="any"/>
    <ArrivalTime>14:39:26</ArrivalTime>
    <DepartureTime>14:39:26</DepartureTime>
</TimetabledPassingTime>
<TimetabledPassingTime version="any" id="SE:020:TimetabledPassingTime:205330000114133245">
    <StopPointInJourneyPatternRef ref="SE:020:StopPointInJourneyPattern:205339415000025407_205330000114133144" version="any"/>
    <ArrivalTime>14:40:00</ArrivalTime>
</TimetabledPassingTime>
                            </passingTimes>
                        </ServiceJourney>
                        <ServiceJourney version="any" id="SE:020:ServiceJourney:205330000116342023">
                            <TransportMode>bus</TransportMode>
                            <TransportSubmode>
<BusSubmode>unknown</BusSubmode>
                            </TransportSubmode>
                            <dayTypes>
<DayTypeRef ref="SE:020:DayType:h05vum7jn71m52v7li4eqrlmspeivijh"/>
                            </dayTypes>
                            <JourneyPatternRef ref="SE:020:JourneyPattern:205339415000025406" version="any"/>
                            <OperatorRef ref="SE:020:Operator:9013020140800000"/>
                            <passingTimes>
<TimetabledPassingTime version="any" id="SE:020:TimetabledPassingTime:205330000116342008">
    <StopPointInJourneyPatternRef ref="SE:020:StopPointInJourneyPattern:205339415000025406_205330000089567013" version="any"/>
    <DepartureTime>14:25:00</DepartureTime>
</TimetabledPassingTime>
<TimetabledPassingTime version="any" id="SE:020:TimetabledPassingTime:205330000116342009">
    <StopPointInJourneyPatternRef ref="SE:020:StopPointInJourneyPattern:205339415000025406_205330000089567014" version="any"/>
    <ArrivalTime>14:28:18</ArrivalTime>
    <DepartureTime>14:28:18</DepartureTime>
</TimetabledPassingTime>
<TimetabledPassingTime version="any" id="SE:020:TimetabledPassingTime:205330000116342010">
    <StopPointInJourneyPatternRef ref="SE:020:StopPointInJourneyPattern:205339415000025406_205330000089567015" version="any"/>
    <ArrivalTime>14:30:07</ArrivalTime>
    <DepartureTime>14:30:07</DepartureTime>
</TimetabledPassingTime>
<TimetabledPassingTime version="any" id="SE:020:TimetabledPassingTime:205330000116342011">
    <StopPointInJourneyPatternRef ref="SE:020:StopPointInJourneyPattern:205339415000025406_205330000089567016" version="any"/>
    <ArrivalTime>14:35:00</ArrivalTime>
    <DepartureTime>14:35:00</DepartureTime>
</TimetabledPassingTime>
<TimetabledPassingTime version="any" id="SE:020:TimetabledPassingTime:205330000116342012">
    <StopPointInJourneyPatternRef ref="SE:020:StopPointInJourneyPattern:205339415000025406_205330000089567017" version="any"/>
    <ArrivalTime>14:36:06</ArrivalTime>
    <DepartureTime>14:36:06</DepartureTime>
</TimetabledPassingTime>
<TimetabledPassingTime version="any" id="SE:020:TimetabledPassingTime:205330000116342013">
    <StopPointInJourneyPatternRef ref="SE:020:StopPointInJourneyPattern:205339415000025406_205330000089567018" version="any"/>
    <ArrivalTime>14:36:10</ArrivalTime>
    <DepartureTime>14:36:10</DepartureTime>
</TimetabledPassingTime>
<TimetabledPassingTime version="any" id="SE:020:TimetabledPassingTime:205330000116342014">
    <StopPointInJourneyPatternRef ref="SE:020:StopPointInJourneyPattern:205339415000025406_205330000089567019" version="any"/>
    <ArrivalTime>14:37:00</ArrivalTime>
    <DepartureTime>14:37:00</DepartureTime>
</TimetabledPassingTime>
<TimetabledPassingTime version="any" id="SE:020:TimetabledPassingTime:205330000116342015">
    <StopPointInJourneyPatternRef ref="SE:020:StopPointInJourneyPattern:205339415000025406_205330000089567020" version="any"/>
    <ArrivalTime>14:39:00</ArrivalTime>
    <DepartureTime>14:39:00</DepartureTime>
</TimetabledPassingTime>
<TimetabledPassingTime version="any" id="SE:020:TimetabledPassingTime:205330000116342016">
    <StopPointInJourneyPatternRef ref="SE:020:StopPointInJourneyPattern:205339415000025406_205330000089567021" version="any"/>
    <ArrivalTime>14:44:00</ArrivalTime>
    <DepartureTime>14:44:00</DepartureTime>
</TimetabledPassingTime>
<TimetabledPassingTime version="any" id="SE:020:TimetabledPassingTime:205330000116342017">
    <StopPointInJourneyPatternRef ref="SE:020:StopPointInJourneyPattern:205339415000025406_205330000089567022" version="any"/>
    <ArrivalTime>14:46:00</ArrivalTime>
    <DepartureTime>14:46:00</DepartureTime>
</TimetabledPassingTime>
<TimetabledPassingTime version="any" id="SE:020:TimetabledPassingTime:205330000116342018">
    <StopPointInJourneyPatternRef ref="SE:020:StopPointInJourneyPattern:205339415000025406_205330000089567023" version="any"/>
    <ArrivalTime>14:49:00</ArrivalTime>
    <DepartureTime>14:49:00</DepartureTime>
</TimetabledPassingTime>
<TimetabledPassingTime version="any" id="SE:020:TimetabledPassingTime:205330000116342019">
    <StopPointInJourneyPatternRef ref="SE:020:StopPointInJourneyPattern:205339415000025406_205330000089567024" version="any"/>
    <ArrivalTime>14:50:00</ArrivalTime>
    <DepartureTime>14:50:00</DepartureTime>
</TimetabledPassingTime>
<TimetabledPassingTime version="any" id="SE:020:TimetabledPassingTime:205330000116342020">
    <StopPointInJourneyPatternRef ref="SE:020:StopPointInJourneyPattern:205339415000025406_205330000089567025" version="any"/>
    <ArrivalTime>15:00:00</ArrivalTime>
</TimetabledPassingTime>
                            </passingTimes>
                        </ServiceJourney>
                        <ServiceJourney version="any" id="SE:020:ServiceJourney:205330000121978602">
                            <TransportMode>bus</TransportMode>
                            <TransportSubmode>
<BusSubmode>unknown</BusSubmode>
                            </TransportSubmode>
                            <dayTypes>
<DayTypeRef ref="SE:020:DayType:h05vum7jn71m52v7li4eqrlmspeivijh"/>
                            </dayTypes>
                            <JourneyPatternRef ref="SE:020:JourneyPattern:205339415000025407" version="any"/>
                            <OperatorRef ref="SE:020:Operator:9013020140800000"/>
                            <passingTimes>
<TimetabledPassingTime version="any" id="SE:020:TimetabledPassingTime:205330000121978596">
    <StopPointInJourneyPatternRef ref="SE:020:StopPointInJourneyPattern:205339415000025407_205330000114133142" version="any"/>
    <DepartureTime>15:35:00</DepartureTime>
</TimetabledPassingTime>
<TimetabledPassingTime version="any" id="SE:020:TimetabledPassingTime:205330000121978597">
    <StopPointInJourneyPatternRef ref="SE:020:StopPointInJourneyPattern:205339415000025407_205330000114133143" version="any"/>
    <ArrivalTime>15:39:26</ArrivalTime>
    <DepartureTime>15:39:26</DepartureTime>
</TimetabledPassingTime>
<TimetabledPassingTime version="any" id="SE:020:TimetabledPassingTime:205330000121978598">
    <StopPointInJourneyPatternRef ref="SE:020:StopPointInJourneyPattern:205339415000025407_205330000114133144" version="any"/>
    <ArrivalTime>15:40:00</ArrivalTime>
</TimetabledPassingTime>
                            </passingTimes>
                        </ServiceJourney>
                        <ServiceJourney version="any" id="SE:020:ServiceJourney:205330000116436917">
                            <TransportMode>bus</TransportMode>
                            <TransportSubmode>
<BusSubmode>unknown</BusSubmode>
                            </TransportSubmode>
                            <dayTypes>
<DayTypeRef ref="SE:020:DayType:gjj48i5tn94ltd92p95tvc2se2inbb0u"/>
                            </dayTypes>
                            <JourneyPatternRef ref="SE:020:JourneyPattern:205339415000024623" version="any"/>
                            <OperatorRef ref="SE:020:Operator:9013020810000000"/>
                            <passingTimes>
<TimetabledPassingTime version="any" id="SE:020:TimetabledPassingTime:205330000116436902">
    <StopPointInJourneyPatternRef ref="SE:020:StopPointInJourneyPattern:205339415000024623_205330000089735992" version="any"/>
    <DepartureTime>17:53:00</DepartureTime>
</TimetabledPassingTime>
<TimetabledPassingTime version="any" id="SE:020:TimetabledPassingTime:205330000116436903">
    <StopPointInJourneyPatternRef ref="SE:020:StopPointInJourneyPattern:205339415000024623_205330000089735993" version="any"/>
    <ArrivalTime>17:54:19</ArrivalTime>
    <DepartureTime>17:54:19</DepartureTime>
</TimetabledPassingTime>
<TimetabledPassingTime version="any" id="SE:020:TimetabledPassingTime:205330000116436904">
    <StopPointInJourneyPatternRef ref="SE:020:StopPointInJourneyPattern:205339415000024623_205330000089735994" version="any"/>
    <ArrivalTime>17:55:03</ArrivalTime>
    <DepartureTime>17:55:03</DepartureTime>
</TimetabledPassingTime>
<TimetabledPassingTime version="any" id="SE:020:TimetabledPassingTime:205330000116436905">
    <StopPointInJourneyPatternRef ref="SE:020:StopPointInJourneyPattern:205339415000024623_205330000089735995" version="any"/>
    <ArrivalTime>17:57:00</ArrivalTime>
    <DepartureTime>17:57:00</DepartureTime>
</TimetabledPassingTime>
<TimetabledPassingTime version="any" id="SE:020:TimetabledPassingTime:205330000116436906">
    <StopPointInJourneyPatternRef ref="SE:020:StopPointInJourneyPattern:205339415000024623_205330000089735996" version="any"/>
    <ArrivalTime>17:58:06</ArrivalTime>
    <DepartureTime>17:58:06</DepartureTime>
</TimetabledPassingTime>
<TimetabledPassingTime version="any" id="SE:020:TimetabledPassingTime:205330000116436907">
    <StopPointInJourneyPatternRef ref="SE:020:StopPointInJourneyPattern:205339415000024623_205330000089735997" version="any"/>
    <ArrivalTime>17:58:10</ArrivalTime>
    <DepartureTime>17:58:10</DepartureTime>
</TimetabledPassingTime>
<TimetabledPassingTime version="any" id="SE:020:TimetabledPassingTime:205330000116436908">
    <StopPointInJourneyPatternRef ref="SE:020:StopPointInJourneyPattern:205339415000024623_205330000089735998" version="any"/>
    <ArrivalTime>17:59:00</ArrivalTime>
    <DepartureTime>17:59:00</DepartureTime>
</TimetabledPassingTime>
<TimetabledPassingTime version="any" id="SE:020:TimetabledPassingTime:205330000116436909">
    <StopPointInJourneyPatternRef ref="SE:020:StopPointInJourneyPattern:205339415000024623_205330000089735999" version="any"/>
    <ArrivalTime>18:00:00</ArrivalTime>
    <DepartureTime>18:00:00</DepartureTime>
</TimetabledPassingTime>
<TimetabledPassingTime version="any" id="SE:020:TimetabledPassingTime:205330000116436910">
    <StopPointInJourneyPatternRef ref="SE:020:StopPointInJourneyPattern:205339415000024623_205330000089736000" version="any"/>
    <ArrivalTime>18:03:00</ArrivalTime>
    <DepartureTime>18:03:00</DepartureTime>
</TimetabledPassingTime>
<TimetabledPassingTime version="any" id="SE:020:TimetabledPassingTime:205330000116436911">
    <StopPointInJourneyPatternRef ref="SE:020:StopPointInJourneyPattern:205339415000024623_205330000089736001" version="any"/>
    <ArrivalTime>18:05:00</ArrivalTime>
    <DepartureTime>18:05:00</DepartureTime>
</TimetabledPassingTime>
<TimetabledPassingTime version="any" id="SE:020:TimetabledPassingTime:205330000116436912">
    <StopPointInJourneyPatternRef ref="SE:020:StopPointInJourneyPattern:205339415000024623_205330000089736002" version="any"/>
    <ArrivalTime>18:07:00</ArrivalTime>
    <DepartureTime>18:07:00</DepartureTime>
</TimetabledPassingTime>
<TimetabledPassingTime version="any" id="SE:020:TimetabledPassingTime:205330000116436913">
    <StopPointInJourneyPatternRef ref="SE:020:StopPointInJourneyPattern:205339415000024623_205330000089736003" version="any"/>
    <ArrivalTime>18:08:00</ArrivalTime>
    <DepartureTime>18:08:00</DepartureTime>
</TimetabledPassingTime>
<TimetabledPassingTime version="any" id="SE:020:TimetabledPassingTime:205330000116436914">
    <StopPointInJourneyPatternRef ref="SE:020:StopPointInJourneyPattern:205339415000024623_205330000089736004" version="any"/>
    <ArrivalTime>18:15:00</ArrivalTime>
</TimetabledPassingTime>
                            </passingTimes>
                            <FlexibleServiceProperties>
<FlexibleServiceType>fixedPassingTimes</FlexibleServiceType>
<BookWhen>advanceOnly</BookWhen>
<BookingNote>Turen ska förbeställas senast 2 timmar före bussens avgångstid, gäller i vår app Dalatrafik eller via telefon 0774-44 00 00.</BookingNote>
                            </FlexibleServiceProperties>
                        </ServiceJourney>
                        <ServiceJourney version="any" id="SE:020:ServiceJourney:205330000121978625">
                            <TransportMode>bus</TransportMode>
                            <TransportSubmode>
<BusSubmode>unknown</BusSubmode>
                            </TransportSubmode>
                            <dayTypes>
<DayTypeRef ref="SE:020:DayType:h05vum7jn71m52v7li4eqrlmspeivijh"/>
                            </dayTypes>
                            <JourneyPatternRef ref="SE:020:JourneyPattern:205339415000025406" version="any"/>
                            <OperatorRef ref="SE:020:Operator:9013020140800000"/>
                            <passingTimes>
<TimetabledPassingTime version="any" id="SE:020:TimetabledPassingTime:205330000121978609">
    <StopPointInJourneyPatternRef ref="SE:020:StopPointInJourneyPattern:205339415000025406_205330000089567013" version="any"/>
    <DepartureTime>15:55:00</DepartureTime>
</TimetabledPassingTime>
<TimetabledPassingTime version="any" id="SE:020:TimetabledPassingTime:205330000121978610">
    <StopPointInJourneyPatternRef ref="SE:020:StopPointInJourneyPattern:205339415000025406_205330000089567014" version="any"/>
    <ArrivalTime>15:56:39</ArrivalTime>
    <DepartureTime>15:56:39</DepartureTime>
</TimetabledPassingTime>
<TimetabledPassingTime version="any" id="SE:020:TimetabledPassingTime:205330000121978611">
    <StopPointInJourneyPatternRef ref="SE:020:StopPointInJourneyPattern:205339415000025406_205330000089567015" version="any"/>
    <ArrivalTime>15:57:34</ArrivalTime>
    <DepartureTime>15:57:34</DepartureTime>
</TimetabledPassingTime>
<TimetabledPassingTime version="any" id="SE:020:TimetabledPassingTime:205330000121978612">
    <StopPointInJourneyPatternRef ref="SE:020:StopPointInJourneyPattern:205339415000025406_205330000089567016" version="any"/>
    <ArrivalTime>16:00:00</ArrivalTime>
    <DepartureTime>16:00:00</DepartureTime>
</TimetabledPassingTime>
<TimetabledPassingTime version="any" id="SE:020:TimetabledPassingTime:205330000121978613">
    <StopPointInJourneyPatternRef ref="SE:020:StopPointInJourneyPattern:205339415000025406_205330000089567017" version="any"/>
    <ArrivalTime>16:01:06</ArrivalTime>
    <DepartureTime>16:01:06</DepartureTime>
</TimetabledPassingTime>
<TimetabledPassingTime version="any" id="SE:020:TimetabledPassingTime:205330000121978614">
    <StopPointInJourneyPatternRef ref="SE:020:StopPointInJourneyPattern:205339415000025406_205330000089567018" version="any"/>
    <ArrivalTime>16:01:10</ArrivalTime>
    <DepartureTime>16:01:10</DepartureTime>
</TimetabledPassingTime>
<TimetabledPassingTime version="any" id="SE:020:TimetabledPassingTime:205330000121978615">
    <StopPointInJourneyPatternRef ref="SE:020:StopPointInJourneyPattern:205339415000025406_205330000089567019" version="any"/>
    <ArrivalTime>16:02:00</ArrivalTime>
    <DepartureTime>16:02:00</DepartureTime>
</TimetabledPassingTime>
<TimetabledPassingTime version="any" id="SE:020:TimetabledPassingTime:205330000121978616">
    <StopPointInJourneyPatternRef ref="SE:020:StopPointInJourneyPattern:205339415000025406_205330000089567020" version="any"/>
    <ArrivalTime>16:04:00</ArrivalTime>
    <DepartureTime>16:04:00</DepartureTime>
</TimetabledPassingTime>
<TimetabledPassingTime version="any" id="SE:020:TimetabledPassingTime:205330000121978617">
    <StopPointInJourneyPatternRef ref="SE:020:StopPointInJourneyPattern:205339415000025406_205330000089567021" version="any"/>
    <ArrivalTime>16:09:00</ArrivalTime>
    <DepartureTime>16:09:00</DepartureTime>
</TimetabledPassingTime>
<TimetabledPassingTime version="any" id="SE:020:TimetabledPassingTime:205330000121978618">
    <StopPointInJourneyPatternRef ref="SE:020:StopPointInJourneyPattern:205339415000025406_205330000089567022" version="any"/>
    <ArrivalTime>16:11:00</ArrivalTime>
    <DepartureTime>16:11:00</DepartureTime>
</TimetabledPassingTime>
<TimetabledPassingTime version="any" id="SE:020:TimetabledPassingTime:205330000121978619">
    <StopPointInJourneyPatternRef ref="SE:020:StopPointInJourneyPattern:205339415000025406_205330000089567023" version="any"/>
    <ArrivalTime>16:14:00</ArrivalTime>
    <DepartureTime>16:14:00</DepartureTime>
</TimetabledPassingTime>
<TimetabledPassingTime version="any" id="SE:020:TimetabledPassingTime:205330000121978620">
    <StopPointInJourneyPatternRef ref="SE:020:StopPointInJourneyPattern:205339415000025406_205330000089567024" version="any"/>
    <ArrivalTime>16:15:00</ArrivalTime>
    <DepartureTime>16:15:00</DepartureTime>
</TimetabledPassingTime>
<TimetabledPassingTime version="any" id="SE:020:TimetabledPassingTime:205330000121978621">
    <StopPointInJourneyPatternRef ref="SE:020:StopPointInJourneyPattern:205339415000025406_205330000089567025" version="any"/>
    <ArrivalTime>16:25:00</ArrivalTime>
</TimetabledPassingTime>
                            </passingTimes>
                        </ServiceJourney>
                        <ServiceJourney version="any" id="SE:020:ServiceJourney:205330000114133280">
                            <TransportMode>bus</TransportMode>
                            <TransportSubmode>
<BusSubmode>unknown</BusSubmode>
                            </TransportSubmode>
                            <dayTypes>
<DayTypeRef ref="SE:020:DayType:h05vum7jn71m52v7li4eqrlmspeivijh"/>
                            </dayTypes>
                            <JourneyPatternRef ref="SE:020:JourneyPattern:205339415000019254" version="any"/>
                            <OperatorRef ref="SE:020:Operator:9013020140800000"/>
                            <passingTimes>
<TimetabledPassingTime version="any" id="SE:020:TimetabledPassingTime:205330000114133271">
    <StopPointInJourneyPatternRef ref="SE:020:StopPointInJourneyPattern:205339415000019254_205330000089600496" version="any"/>
    <DepartureTime>15:05:00</DepartureTime>
</TimetabledPassingTime>
<TimetabledPassingTime version="any" id="SE:020:TimetabledPassingTime:205330000114133272">
    <StopPointInJourneyPatternRef ref="SE:020:StopPointInJourneyPattern:205339415000019254_205330000089600497" version="any"/>
    <ArrivalTime>15:10:00</ArrivalTime>
    <DepartureTime>15:10:00</DepartureTime>
</TimetabledPassingTime>
<TimetabledPassingTime version="any" id="SE:020:TimetabledPassingTime:205330000114133273">
    <StopPointInJourneyPatternRef ref="SE:020:StopPointInJourneyPattern:205339415000019254_205330000089600498" version="any"/>
    <ArrivalTime>15:14:00</ArrivalTime>
    <DepartureTime>15:14:00</DepartureTime>
</TimetabledPassingTime>
<TimetabledPassingTime version="any" id="SE:020:TimetabledPassingTime:205330000114133274">
    <StopPointInJourneyPatternRef ref="SE:020:StopPointInJourneyPattern:205339415000019254_205330000089600499" version="any"/>
    <ArrivalTime>15:15:00</ArrivalTime>
    <DepartureTime>15:15:00</DepartureTime>
</TimetabledPassingTime>
<TimetabledPassingTime version="any" id="SE:020:TimetabledPassingTime:205330000114133275">
    <StopPointInJourneyPatternRef ref="SE:020:StopPointInJourneyPattern:205339415000019254_205330000089600500" version="any"/>
    <ArrivalTime>15:16:29</ArrivalTime>
    <DepartureTime>15:16:29</DepartureTime>
</TimetabledPassingTime>
<TimetabledPassingTime version="any" id="SE:020:TimetabledPassingTime:205330000114133276">
    <StopPointInJourneyPatternRef ref="SE:020:StopPointInJourneyPattern:205339415000019254_205330000089600501" version="any"/>
    <ArrivalTime>15:17:21</ArrivalTime>
    <DepartureTime>15:17:21</DepartureTime>
</TimetabledPassingTime>
<TimetabledPassingTime version="any" id="SE:020:TimetabledPassingTime:205330000114133277">
    <StopPointInJourneyPatternRef ref="SE:020:StopPointInJourneyPattern:205339415000019254_205330000089600502" version="any"/>
    <ArrivalTime>15:20:00</ArrivalTime>
</TimetabledPassingTime>
                            </passingTimes>
                        </ServiceJourney>
                        <ServiceJourney version="any" id="SE:020:ServiceJourney:205330000114133320">
                            <TransportMode>bus</TransportMode>
                            <TransportSubmode>
<BusSubmode>unknown</BusSubmode>
                            </TransportSubmode>
                            <dayTypes>
<DayTypeRef ref="SE:020:DayType:h05vum7jn71m52v7li4eqrlmspeivijh"/>
                            </dayTypes>
                            <JourneyPatternRef ref="SE:020:JourneyPattern:205339415000019243" version="any"/>
                            <OperatorRef ref="SE:020:Operator:9013020140800000"/>
                            <passingTimes>
<TimetabledPassingTime version="any" id="SE:020:TimetabledPassingTime:205330000114133305">
    <StopPointInJourneyPatternRef ref="SE:020:StopPointInJourneyPattern:205339415000019243_205330000089567042" version="any"/>
    <DepartureTime>07:32:00</DepartureTime>
</TimetabledPassingTime>
<TimetabledPassingTime version="any" id="SE:020:TimetabledPassingTime:205330000114133306">
    <StopPointInJourneyPatternRef ref="SE:020:StopPointInJourneyPattern:205339415000019243_205330000089567043" version="any"/>
    <ArrivalTime>07:37:00</ArrivalTime>
    <DepartureTime>07:37:00</DepartureTime>
</TimetabledPassingTime>
<TimetabledPassingTime version="any" id="SE:020:TimetabledPassingTime:205330000114133307">
    <StopPointInJourneyPatternRef ref="SE:020:StopPointInJourneyPattern:205339415000019243_205330000089567044" version="any"/>
    <ArrivalTime>07:38:00</ArrivalTime>
    <DepartureTime>07:38:00</DepartureTime>
</TimetabledPassingTime>
<TimetabledPassingTime version="any" id="SE:020:TimetabledPassingTime:205330000114133308">
    <StopPointInJourneyPatternRef ref="SE:020:StopPointInJourneyPattern:205339415000019243_205330000089567045" version="any"/>
    <ArrivalTime>07:40:00</ArrivalTime>
    <DepartureTime>07:40:00</DepartureTime>
</TimetabledPassingTime>
<TimetabledPassingTime version="any" id="SE:020:TimetabledPassingTime:205330000114133309">
    <StopPointInJourneyPatternRef ref="SE:020:StopPointInJourneyPattern:205339415000019243_205330000089567046" version="any"/>
    <ArrivalTime>07:43:00</ArrivalTime>
    <DepartureTime>07:43:00</DepartureTime>
</TimetabledPassingTime>
<TimetabledPassingTime version="any" id="SE:020:TimetabledPassingTime:205330000114133310">
    <StopPointInJourneyPatternRef ref="SE:020:StopPointInJourneyPattern:205339415000019243_205330000089567047" version="any"/>
    <ArrivalTime>07:46:00</ArrivalTime>
    <DepartureTime>07:46:00</DepartureTime>
</TimetabledPassingTime>
<TimetabledPassingTime version="any" id="SE:020:TimetabledPassingTime:205330000114133311">
    <StopPointInJourneyPatternRef ref="SE:020:StopPointInJourneyPattern:205339415000019243_205330000089567048" version="any"/>
    <ArrivalTime>07:47:00</ArrivalTime>
    <DepartureTime>07:47:00</DepartureTime>
</TimetabledPassingTime>
<TimetabledPassingTime version="any" id="SE:020:TimetabledPassingTime:205330000114133312">
    <StopPointInJourneyPatternRef ref="SE:020:StopPointInJourneyPattern:205339415000019243_205330000089567049" version="any"/>
    <ArrivalTime>07:48:29</ArrivalTime>
    <DepartureTime>07:48:29</DepartureTime>
</TimetabledPassingTime>
<TimetabledPassingTime version="any" id="SE:020:TimetabledPassingTime:205330000114133313">
    <StopPointInJourneyPatternRef ref="SE:020:StopPointInJourneyPattern:205339415000019243_205330000089567050" version="any"/>
    <ArrivalTime>07:49:21</ArrivalTime>
    <DepartureTime>07:49:21</DepartureTime>
</TimetabledPassingTime>
<TimetabledPassingTime version="any" id="SE:020:TimetabledPassingTime:205330000114133314">
    <StopPointInJourneyPatternRef ref="SE:020:StopPointInJourneyPattern:205339415000019243_205330000089567051" version="any"/>
    <ArrivalTime>07:52:00</ArrivalTime>
    <DepartureTime>07:52:00</DepartureTime>
</TimetabledPassingTime>
<TimetabledPassingTime version="any" id="SE:020:TimetabledPassingTime:205330000114133315">
    <StopPointInJourneyPatternRef ref="SE:020:StopPointInJourneyPattern:205339415000019243_205330000089567052" version="any"/>
    <ArrivalTime>07:54:46</ArrivalTime>
    <DepartureTime>07:54:46</DepartureTime>
</TimetabledPassingTime>
<TimetabledPassingTime version="any" id="SE:020:TimetabledPassingTime:205330000114133316">
    <StopPointInJourneyPatternRef ref="SE:020:StopPointInJourneyPattern:205339415000019243_205330000089567053" version="any"/>
    <ArrivalTime>07:56:19</ArrivalTime>
    <DepartureTime>07:56:19</DepartureTime>
</TimetabledPassingTime>
<TimetabledPassingTime version="any" id="SE:020:TimetabledPassingTime:205330000114133317">
    <StopPointInJourneyPatternRef ref="SE:020:StopPointInJourneyPattern:205339415000019243_205330000089567054" version="any"/>
    <ArrivalTime>08:00:00</ArrivalTime>
</TimetabledPassingTime>
                            </passingTimes>
                        </ServiceJourney>
                        <ServiceJourney version="any" id="SE:020:ServiceJourney:205330000114133296">
                            <TransportMode>bus</TransportMode>
                            <TransportSubmode>
<BusSubmode>unknown</BusSubmode>
                            </TransportSubmode>
                            <dayTypes>
<DayTypeRef ref="SE:020:DayType:h05vum7jn71m52v7li4eqrlmspeivijh"/>
                            </dayTypes>
                            <JourneyPatternRef ref="SE:020:JourneyPattern:205339415000025408" version="any"/>
                            <OperatorRef ref="SE:020:Operator:9013020140800000"/>
                            <passingTimes>
<TimetabledPassingTime version="any" id="SE:020:TimetabledPassingTime:205330000114133290">
    <StopPointInJourneyPatternRef ref="SE:020:StopPointInJourneyPattern:205339415000025408_205330000114133161" version="any"/>
    <DepartureTime>08:10:00</DepartureTime>
</TimetabledPassingTime>
<TimetabledPassingTime version="any" id="SE:020:TimetabledPassingTime:205330000114133291">
    <StopPointInJourneyPatternRef ref="SE:020:StopPointInJourneyPattern:205339415000025408_205330000114133162" version="any"/>
    <ArrivalTime>08:10:05</ArrivalTime>
    <DepartureTime>08:10:05</DepartureTime>
</TimetabledPassingTime>
<TimetabledPassingTime version="any" id="SE:020:TimetabledPassingTime:205330000114133292">
    <StopPointInJourneyPatternRef ref="SE:020:StopPointInJourneyPattern:205339415000025408_205330000114133163" version="any"/>
    <ArrivalTime>08:15:00</ArrivalTime>
</TimetabledPassingTime>
                            </passingTimes>
                        </ServiceJourney>
                    </vehicleJourneys>
                    <journeyInterchanges>
                        <ServiceJourneyInterchange version="any" id="SE:020:ServiceJourneyInterchange:205330000116342023_1">
                            <Priority>0</Priority>
                            <Guaranteed>false</Guaranteed>
                            <Advertised>true</Advertised>
                            <FromPointRef ref="SE:020:ScheduledStopPoint:9022020580183002"/>
                            <ToPointRef ref="SE:020:ScheduledStopPoint:9022020580183002"/>
                            <FromJourneyRef ref="SE:020:ServiceJourney:205330000116354650"/>
                            <ToJourneyRef ref="SE:020:ServiceJourney:205330000116342023" version="any"/>
                        </ServiceJourneyInterchange>
                        <ServiceJourneyInterchange version="any" id="SE:020:ServiceJourneyInterchange:205330000116436917_1">
                            <Priority>0</Priority>
                            <Guaranteed>false</Guaranteed>
                            <Advertised>true</Advertised>
                            <FromPointRef ref="SE:020:ScheduledStopPoint:9022020580183002"/>
                            <ToPointRef ref="SE:020:ScheduledStopPoint:9022020580183002"/>
                            <FromJourneyRef ref="SE:020:ServiceJourney:205330000116356853"/>
                            <ToJourneyRef ref="SE:020:ServiceJourney:205330000116436917" version="any"/>
                        </ServiceJourneyInterchange>
                        <ServiceJourneyInterchange version="any" id="SE:020:ServiceJourneyInterchange:205330000121978625_1">
                            <Priority>0</Priority>
                            <Guaranteed>false</Guaranteed>
                            <Advertised>true</Advertised>
                            <FromPointRef ref="SE:020:ScheduledStopPoint:9022020580183002"/>
                            <ToPointRef ref="SE:020:ScheduledStopPoint:9022020580183002"/>
                            <FromJourneyRef ref="SE:020:ServiceJourney:205330000116357763"/>
                            <ToJourneyRef ref="SE:020:ServiceJourney:205330000121978625" version="any"/>
                        </ServiceJourneyInterchange>
                    </journeyInterchanges>
                </TimetableFrame>
            </frames>
        </CompositeFrame>
    </dataObjects>
</PublicationDelivery>
