<?xml version="1.0" encoding="UTF-8" standalone="yes"?>
<PublicationDelivery xmlns="http://www.netex.org.uk/netex" xmlns:ns2="http://www.opengis.net/gml/3.2" xmlns:ns3="http://www.siri.org.uk/siri" version="1.11:NO-NeTEx-networktimetable:1.3">
    <PublicationTimestamp>2024-09-02T03:57:40</PublicationTimestamp>
    <ParticipantRef>SAM</ParticipantRef>
    <dataObjects>
        <CompositeFrame created="2024-09-02T03:57:40" version="20240902035740" id="SE:020:CompositeFrame:9011020079100000">
            <ValidBetween>
                <FromDate>1970-01-01T00:00:00</FromDate>
            </ValidBetween>
            <codespaces>
                <Codespace id="SE:020">
                    <Xmlns>SE:020</Xmlns>
                    <XmlnsUrl>http://www.samtrafiken.se/ns/dt</XmlnsUrl>
                </Codespace>
            </codespaces>
            <FrameDefaults>
                <DefaultLocale>
                    <TimeZone>Europe/Stockholm</TimeZone>
                    <DefaultLanguage>se</DefaultLanguage>
                </DefaultLocale>
                <DefaultLocationSystem>4326</DefaultLocationSystem>
            </FrameDefaults>
            <frames>
                <ServiceFrame version="20240902035740" id="SE:020:ServiceFrame:9011020079100000">
                    <routes>
                        <Route version="any" id="SE:020:Route:205330000090069200">
                            <Name>Flextrafik</Name>
                            <LineRef ref="SE:020:Line:9011020079100000" version="171129"/>
                            <DirectionType>outbound</DirectionType>
                            <pointsInSequence>
<PointOnRoute order="1" version="any" id="SE:020:PointOnRoute:205330000090069205">
    <RoutePointRef ref="SE:020:RoutePoint:9022020539994001"/>
</PointOnRoute>
<PointOnRoute order="2" version="any" id="SE:020:PointOnRoute:205330000090069206">
    <RoutePointRef ref="SE:020:RoutePoint:9022020539162004"/>
</PointOnRoute>
<PointOnRoute order="3" version="any" id="SE:020:PointOnRoute:205330000090069207">
    <RoutePointRef ref="SE:020:RoutePoint:9022020539115001"/>
</PointOnRoute>
<PointOnRoute order="4" version="any" id="SE:020:PointOnRoute:205330000090069208">
    <RoutePointRef ref="SE:020:RoutePoint:9022020539192001"/>
</PointOnRoute>
<PointOnRoute order="5" version="any" id="SE:020:PointOnRoute:205330000090069209">
    <RoutePointRef ref="SE:020:RoutePoint:9022020539196001"/>
</PointOnRoute>
<PointOnRoute order="6" version="any" id="SE:020:PointOnRoute:205330000090069210">
    <RoutePointRef ref="SE:020:RoutePoint:9022020539194001"/>
</PointOnRoute>
<PointOnRoute order="7" version="any" id="SE:020:PointOnRoute:205330000090069211">
    <RoutePointRef ref="SE:020:RoutePoint:9022020539147001"/>
</PointOnRoute>
<PointOnRoute order="8" version="any" id="SE:020:PointOnRoute:205330000090069212">
    <RoutePointRef ref="SE:020:RoutePoint:9022020539195001"/>
</PointOnRoute>
<PointOnRoute order="9" version="any" id="SE:020:PointOnRoute:205330000090069213">
    <RoutePointRef ref="SE:020:RoutePoint:9022020539193001"/>
</PointOnRoute>
                            </pointsInSequence>
                        </Route>
                        <Route version="any" id="SE:020:Route:205330000090069225">
                            <Name>Flextrafik</Name>
                            <LineRef ref="SE:020:Line:9011020079100000" version="171129"/>
                            <DirectionType>outbound</DirectionType>
                            <pointsInSequence>
<PointOnRoute order="1" version="any" id="SE:020:PointOnRoute:205330000090069230">
    <RoutePointRef ref="SE:020:RoutePoint:9022020539115001"/>
</PointOnRoute>
<PointOnRoute order="2" version="any" id="SE:020:PointOnRoute:205330000090069231">
    <RoutePointRef ref="SE:020:RoutePoint:9022020539192001"/>
</PointOnRoute>
<PointOnRoute order="3" version="any" id="SE:020:PointOnRoute:205330000090069232">
    <RoutePointRef ref="SE:020:RoutePoint:9022020539196001"/>
</PointOnRoute>
<PointOnRoute order="4" version="any" id="SE:020:PointOnRoute:205330000090069233">
    <RoutePointRef ref="SE:020:RoutePoint:9022020539194001"/>
</PointOnRoute>
<PointOnRoute order="5" version="any" id="SE:020:PointOnRoute:205330000090069234">
    <RoutePointRef ref="SE:020:RoutePoint:9022020539147001"/>
</PointOnRoute>
<PointOnRoute order="6" version="any" id="SE:020:PointOnRoute:205330000090069235">
    <RoutePointRef ref="SE:020:RoutePoint:9022020539195001"/>
</PointOnRoute>
<PointOnRoute order="7" version="any" id="SE:020:PointOnRoute:205330000090069236">
    <RoutePointRef ref="SE:020:RoutePoint:9022020539193001"/>
</PointOnRoute>
<PointOnRoute order="8" version="any" id="SE:020:PointOnRoute:205330000090069237">
    <RoutePointRef ref="SE:020:RoutePoint:9022020539162004"/>
</PointOnRoute>
<PointOnRoute order="9" version="any" id="SE:020:PointOnRoute:205330000090069238">
    <RoutePointRef ref="SE:020:RoutePoint:9022020539994001"/>
</PointOnRoute>
                            </pointsInSequence>
                        </Route>
                    </routes>
                    <lines>
                        <Line version="171129" id="SE:020:Line:9011020079100000">
                            <ValidBetween>
<FromDate>2017-11-29T00:00:00</FromDate>
                            </ValidBetween>
                            <Name>791</Name>
                            <TransportMode>taxi</TransportMode>
                            <PublicCode>791</PublicCode>
                            <PrivateCode>791</PrivateCode>
                            <RepresentedByGroupRef ref="SE:020:Network:9010020000000000"/>
                        </Line>
                    </lines>
                    <journeyPatterns>
                        <JourneyPattern version="any" id="SE:020:JourneyPattern:205339415000019382">
                            <RouteRef ref="SE:020:Route:205330000090069200" version="any"/>
                            <pointsInSequence>
<StopPointInJourneyPattern order="1" version="any" id="SE:020:StopPointInJourneyPattern:205339415000019382_205330000090069205">
    <ScheduledStopPointRef ref="SE:020:ScheduledStopPoint:9022020539994001"/>
    <ForAlighting>false</ForAlighting>
    <ForBoarding>true</ForBoarding>
    <DestinationDisplayRef ref="SE:020:DestinationDisplay:205330000090069221"/>
    <RequestStop>true</RequestStop>
</StopPointInJourneyPattern>
<StopPointInJourneyPattern order="2" version="any" id="SE:020:StopPointInJourneyPattern:205339415000019382_205330000090069206">
    <ScheduledStopPointRef ref="SE:020:ScheduledStopPoint:9022020539162004"/>
    <ForAlighting>true</ForAlighting>
    <ForBoarding>true</ForBoarding>
    <RequestStop>true</RequestStop>
</StopPointInJourneyPattern>
<StopPointInJourneyPattern order="3" version="any" id="SE:020:StopPointInJourneyPattern:205339415000019382_205330000090069207">
    <ScheduledStopPointRef ref="SE:020:ScheduledStopPoint:9022020539115001"/>
    <ForAlighting>true</ForAlighting>
    <ForBoarding>true</ForBoarding>
    <RequestStop>true</RequestStop>
</StopPointInJourneyPattern>
<StopPointInJourneyPattern order="4" version="any" id="SE:020:StopPointInJourneyPattern:205339415000019382_205330000090069208">
    <ScheduledStopPointRef ref="SE:020:ScheduledStopPoint:9022020539192001"/>
    <ForAlighting>true</ForAlighting>
    <ForBoarding>true</ForBoarding>
    <RequestStop>true</RequestStop>
</StopPointInJourneyPattern>
<StopPointInJourneyPattern order="5" version="any" id="SE:020:StopPointInJourneyPattern:205339415000019382_205330000090069209">
    <ScheduledStopPointRef ref="SE:020:ScheduledStopPoint:9022020539196001"/>
    <ForAlighting>true</ForAlighting>
    <ForBoarding>true</ForBoarding>
    <RequestStop>true</RequestStop>
</StopPointInJourneyPattern>
<StopPointInJourneyPattern order="6" version="any" id="SE:020:StopPointInJourneyPattern:205339415000019382_205330000090069210">
    <ScheduledStopPointRef ref="SE:020:ScheduledStopPoint:9022020539194001"/>
    <ForAlighting>true</ForAlighting>
    <ForBoarding>true</ForBoarding>
    <RequestStop>true</RequestStop>
</StopPointInJourneyPattern>
<StopPointInJourneyPattern order="7" version="any" id="SE:020:StopPointInJourneyPattern:205339415000019382_205330000090069211">
    <ScheduledStopPointRef ref="SE:020:ScheduledStopPoint:9022020539147001"/>
    <ForAlighting>true</ForAlighting>
    <ForBoarding>true</ForBoarding>
    <RequestStop>true</RequestStop>
</StopPointInJourneyPattern>
<StopPointInJourneyPattern order="8" version="any" id="SE:020:StopPointInJourneyPattern:205339415000019382_205330000090069212">
    <ScheduledStopPointRef ref="SE:020:ScheduledStopPoint:9022020539195001"/>
    <ForAlighting>true</ForAlighting>
    <ForBoarding>true</ForBoarding>
    <RequestStop>true</RequestStop>
</StopPointInJourneyPattern>
<StopPointInJourneyPattern order="9" version="any" id="SE:020:StopPointInJourneyPattern:205339415000019382_205330000090069213">
    <ScheduledStopPointRef ref="SE:020:ScheduledStopPoint:9022020539193001"/>
    <ForAlighting>true</ForAlighting>
    <ForBoarding>false</ForBoarding>
    <RequestStop>true</RequestStop>
</StopPointInJourneyPattern>
                            </pointsInSequence>
                            <linksInSequence>
<ServiceLinkInJourneyPattern order="1" version="any" id="SE:020:ServiceLinkInJourneyPattern:TAXI_35802">
    <ServiceLinkRef ref="SE:020:ServiceLink:TAXI_9025020053999401_9025020053916204"/>
</ServiceLinkInJourneyPattern>
<ServiceLinkInJourneyPattern order="2" version="any" id="SE:020:ServiceLinkInJourneyPattern:TAXI_35803">
    <ServiceLinkRef ref="SE:020:ServiceLink:TAXI_9025020053916204_9025020053911501"/>
</ServiceLinkInJourneyPattern>
<ServiceLinkInJourneyPattern order="3" version="any" id="SE:020:ServiceLinkInJourneyPattern:TAXI_35804">
    <ServiceLinkRef ref="SE:020:ServiceLink:TAXI_9025020053911501_9025020053919201"/>
</ServiceLinkInJourneyPattern>
<ServiceLinkInJourneyPattern order="4" version="any" id="SE:020:ServiceLinkInJourneyPattern:TAXI_35805">
    <ServiceLinkRef ref="SE:020:ServiceLink:TAXI_9025020053919201_9025020053919601"/>
</ServiceLinkInJourneyPattern>
<ServiceLinkInJourneyPattern order="5" version="any" id="SE:020:ServiceLinkInJourneyPattern:TAXI_35806">
    <ServiceLinkRef ref="SE:020:ServiceLink:TAXI_9025020053919601_9025020053919401"/>
</ServiceLinkInJourneyPattern>
<ServiceLinkInJourneyPattern order="6" version="any" id="SE:020:ServiceLinkInJourneyPattern:TAXI_35807">
    <ServiceLinkRef ref="SE:020:ServiceLink:TAXI_9025020053919401_9025020053914701"/>
</ServiceLinkInJourneyPattern>
<ServiceLinkInJourneyPattern order="7" version="any" id="SE:020:ServiceLinkInJourneyPattern:TAXI_35808">
    <ServiceLinkRef ref="SE:020:ServiceLink:TAXI_9025020053914701_9025020053919501"/>
</ServiceLinkInJourneyPattern>
<ServiceLinkInJourneyPattern order="8" version="any" id="SE:020:ServiceLinkInJourneyPattern:TAXI_35809">
    <ServiceLinkRef ref="SE:020:ServiceLink:TAXI_9025020053919501_9025020053919301"/>
</ServiceLinkInJourneyPattern>
                            </linksInSequence>
                        </JourneyPattern>
                        <JourneyPattern version="any" id="SE:020:JourneyPattern:205339415000019383">
                            <RouteRef ref="SE:020:Route:205330000090069225" version="any"/>
                            <pointsInSequence>
<StopPointInJourneyPattern order="1" version="any" id="SE:020:StopPointInJourneyPattern:205339415000019383_205330000090069230">
    <ScheduledStopPointRef ref="SE:020:ScheduledStopPoint:9022020539115001"/>
    <ForAlighting>false</ForAlighting>
    <ForBoarding>true</ForBoarding>
    <DestinationDisplayRef ref="SE:020:DestinationDisplay:205330000090069246"/>
    <RequestStop>true</RequestStop>
</StopPointInJourneyPattern>
<StopPointInJourneyPattern order="2" version="any" id="SE:020:StopPointInJourneyPattern:205339415000019383_205330000090069231">
    <ScheduledStopPointRef ref="SE:020:ScheduledStopPoint:9022020539192001"/>
    <ForAlighting>true</ForAlighting>
    <ForBoarding>true</ForBoarding>
    <RequestStop>true</RequestStop>
</StopPointInJourneyPattern>
<StopPointInJourneyPattern order="3" version="any" id="SE:020:StopPointInJourneyPattern:205339415000019383_205330000090069232">
    <ScheduledStopPointRef ref="SE:020:ScheduledStopPoint:9022020539196001"/>
    <ForAlighting>true</ForAlighting>
    <ForBoarding>true</ForBoarding>
    <RequestStop>true</RequestStop>
</StopPointInJourneyPattern>
<StopPointInJourneyPattern order="4" version="any" id="SE:020:StopPointInJourneyPattern:205339415000019383_205330000090069233">
    <ScheduledStopPointRef ref="SE:020:ScheduledStopPoint:9022020539194001"/>
    <ForAlighting>true</ForAlighting>
    <ForBoarding>true</ForBoarding>
    <RequestStop>true</RequestStop>
</StopPointInJourneyPattern>
<StopPointInJourneyPattern order="5" version="any" id="SE:020:StopPointInJourneyPattern:205339415000019383_205330000090069234">
    <ScheduledStopPointRef ref="SE:020:ScheduledStopPoint:9022020539147001"/>
    <ForAlighting>true</ForAlighting>
    <ForBoarding>true</ForBoarding>
    <RequestStop>true</RequestStop>
</StopPointInJourneyPattern>
<StopPointInJourneyPattern order="6" version="any" id="SE:020:StopPointInJourneyPattern:205339415000019383_205330000090069235">
    <ScheduledStopPointRef ref="SE:020:ScheduledStopPoint:9022020539195001"/>
    <ForAlighting>true</ForAlighting>
    <ForBoarding>true</ForBoarding>
    <RequestStop>true</RequestStop>
</StopPointInJourneyPattern>
<StopPointInJourneyPattern order="7" version="any" id="SE:020:StopPointInJourneyPattern:205339415000019383_205330000090069236">
    <ScheduledStopPointRef ref="SE:020:ScheduledStopPoint:9022020539193001"/>
    <ForAlighting>true</ForAlighting>
    <ForBoarding>true</ForBoarding>
    <RequestStop>true</RequestStop>
</StopPointInJourneyPattern>
<StopPointInJourneyPattern order="8" version="any" id="SE:020:StopPointInJourneyPattern:205339415000019383_205330000090069237">
    <ScheduledStopPointRef ref="SE:020:ScheduledStopPoint:9022020539162004"/>
    <ForAlighting>true</ForAlighting>
    <ForBoarding>true</ForBoarding>
    <RequestStop>true</RequestStop>
</StopPointInJourneyPattern>
<StopPointInJourneyPattern order="9" version="any" id="SE:020:StopPointInJourneyPattern:205339415000019383_205330000090069238">
    <ScheduledStopPointRef ref="SE:020:ScheduledStopPoint:9022020539994001"/>
    <ForAlighting>true</ForAlighting>
    <ForBoarding>false</ForBoarding>
    <RequestStop>true</RequestStop>
</StopPointInJourneyPattern>
                            </pointsInSequence>
                            <linksInSequence>
<ServiceLinkInJourneyPattern order="1" version="any" id="SE:020:ServiceLinkInJourneyPattern:TAXI_35810">
    <ServiceLinkRef ref="SE:020:ServiceLink:TAXI_9025020053911501_9025020053919201"/>
</ServiceLinkInJourneyPattern>
<ServiceLinkInJourneyPattern order="2" version="any" id="SE:020:ServiceLinkInJourneyPattern:TAXI_35811">
    <ServiceLinkRef ref="SE:020:ServiceLink:TAXI_9025020053919201_9025020053919601"/>
</ServiceLinkInJourneyPattern>
<ServiceLinkInJourneyPattern order="3" version="any" id="SE:020:ServiceLinkInJourneyPattern:TAXI_35812">
    <ServiceLinkRef ref="SE:020:ServiceLink:TAXI_9025020053919601_9025020053919401"/>
</ServiceLinkInJourneyPattern>
<ServiceLinkInJourneyPattern order="4" version="any" id="SE:020:ServiceLinkInJourneyPattern:TAXI_35813">
    <ServiceLinkRef ref="SE:020:ServiceLink:TAXI_9025020053919401_9025020053914701"/>
</ServiceLinkInJourneyPattern>
<ServiceLinkInJourneyPattern order="5" version="any" id="SE:020:ServiceLinkInJourneyPattern:TAXI_35814">
    <ServiceLinkRef ref="SE:020:ServiceLink:TAXI_9025020053914701_9025020053919501"/>
</ServiceLinkInJourneyPattern>
<ServiceLinkInJourneyPattern order="6" version="any" id="SE:020:ServiceLinkInJourneyPattern:TAXI_35815">
    <ServiceLinkRef ref="SE:020:ServiceLink:TAXI_9025020053919501_9025020053919301"/>
</ServiceLinkInJourneyPattern>
<ServiceLinkInJourneyPattern order="7" version="any" id="SE:020:ServiceLinkInJourneyPattern:TAXI_35816">
    <ServiceLinkRef ref="SE:020:ServiceLink:TAXI_9025020053919301_9025020053916204"/>
</ServiceLinkInJourneyPattern>
<ServiceLinkInJourneyPattern order="8" version="any" id="SE:020:ServiceLinkInJourneyPattern:TAXI_35817">
    <ServiceLinkRef ref="SE:020:ServiceLink:TAXI_9025020053916204_9025020053999401"/>
</ServiceLinkInJourneyPattern>
                            </linksInSequence>
                        </JourneyPattern>
                        <JourneyPattern version="any" id="SE:020:JourneyPattern:205339415000024690">
                            <RouteRef ref="SE:020:Route:205330000090069225" version="any"/>
                            <pointsInSequence>
<StopPointInJourneyPattern order="1" version="any" id="SE:020:StopPointInJourneyPattern:205339415000024690_205330000090069230">
    <ScheduledStopPointRef ref="SE:020:ScheduledStopPoint:9022020539115001"/>
    <ForAlighting>false</ForAlighting>
    <ForBoarding>true</ForBoarding>
    <DestinationDisplayRef ref="SE:020:DestinationDisplay:205330000113220932"/>
    <RequestStop>true</RequestStop>
</StopPointInJourneyPattern>
<StopPointInJourneyPattern order="2" version="any" id="SE:020:StopPointInJourneyPattern:205339415000024690_205330000090069231">
    <ScheduledStopPointRef ref="SE:020:ScheduledStopPoint:9022020539192001"/>
    <ForAlighting>true</ForAlighting>
    <ForBoarding>true</ForBoarding>
    <RequestStop>true</RequestStop>
</StopPointInJourneyPattern>
<StopPointInJourneyPattern order="3" version="any" id="SE:020:StopPointInJourneyPattern:205339415000024690_205330000090069232">
    <ScheduledStopPointRef ref="SE:020:ScheduledStopPoint:9022020539196001"/>
    <ForAlighting>true</ForAlighting>
    <ForBoarding>true</ForBoarding>
    <RequestStop>true</RequestStop>
</StopPointInJourneyPattern>
<StopPointInJourneyPattern order="4" version="any" id="SE:020:StopPointInJourneyPattern:205339415000024690_205330000090069233">
    <ScheduledStopPointRef ref="SE:020:ScheduledStopPoint:9022020539194001"/>
    <ForAlighting>true</ForAlighting>
    <ForBoarding>true</ForBoarding>
    <RequestStop>true</RequestStop>
</StopPointInJourneyPattern>
<StopPointInJourneyPattern order="5" version="any" id="SE:020:StopPointInJourneyPattern:205339415000024690_205330000090069234">
    <ScheduledStopPointRef ref="SE:020:ScheduledStopPoint:9022020539147001"/>
    <ForAlighting>true</ForAlighting>
    <ForBoarding>true</ForBoarding>
    <RequestStop>true</RequestStop>
</StopPointInJourneyPattern>
<StopPointInJourneyPattern order="6" version="any" id="SE:020:StopPointInJourneyPattern:205339415000024690_205330000090069235">
    <ScheduledStopPointRef ref="SE:020:ScheduledStopPoint:9022020539195001"/>
    <ForAlighting>true</ForAlighting>
    <ForBoarding>true</ForBoarding>
    <RequestStop>true</RequestStop>
</StopPointInJourneyPattern>
<StopPointInJourneyPattern order="7" version="any" id="SE:020:StopPointInJourneyPattern:205339415000024690_205330000090069236">
    <ScheduledStopPointRef ref="SE:020:ScheduledStopPoint:9022020539193001"/>
    <ForAlighting>true</ForAlighting>
    <ForBoarding>true</ForBoarding>
    <RequestStop>true</RequestStop>
</StopPointInJourneyPattern>
<StopPointInJourneyPattern order="8" version="any" id="SE:020:StopPointInJourneyPattern:205339415000024690_205330000090069237">
    <ScheduledStopPointRef ref="SE:020:ScheduledStopPoint:9022020539162004"/>
    <ForAlighting>true</ForAlighting>
    <ForBoarding>true</ForBoarding>
    <RequestStop>true</RequestStop>
</StopPointInJourneyPattern>
<StopPointInJourneyPattern order="9" version="any" id="SE:020:StopPointInJourneyPattern:205339415000024690_205330000090069238">
    <ScheduledStopPointRef ref="SE:020:ScheduledStopPoint:9022020539994001"/>
    <ForAlighting>true</ForAlighting>
    <ForBoarding>false</ForBoarding>
    <RequestStop>true</RequestStop>
</StopPointInJourneyPattern>
                            </pointsInSequence>
                            <linksInSequence>
<ServiceLinkInJourneyPattern order="1" version="any" id="SE:020:ServiceLinkInJourneyPattern:TAXI_35818">
    <ServiceLinkRef ref="SE:020:ServiceLink:TAXI_9025020053911501_9025020053919201"/>
</ServiceLinkInJourneyPattern>
<ServiceLinkInJourneyPattern order="2" version="any" id="SE:020:ServiceLinkInJourneyPattern:TAXI_35819">
    <ServiceLinkRef ref="SE:020:ServiceLink:TAXI_9025020053919201_9025020053919601"/>
</ServiceLinkInJourneyPattern>
<ServiceLinkInJourneyPattern order="3" version="any" id="SE:020:ServiceLinkInJourneyPattern:TAXI_35820">
    <ServiceLinkRef ref="SE:020:ServiceLink:TAXI_9025020053919601_9025020053919401"/>
</ServiceLinkInJourneyPattern>
<ServiceLinkInJourneyPattern order="4" version="any" id="SE:020:ServiceLinkInJourneyPattern:TAXI_35821">
    <ServiceLinkRef ref="SE:020:ServiceLink:TAXI_9025020053919401_9025020053914701"/>
</ServiceLinkInJourneyPattern>
<ServiceLinkInJourneyPattern order="5" version="any" id="SE:020:ServiceLinkInJourneyPattern:TAXI_35822">
    <ServiceLinkRef ref="SE:020:ServiceLink:TAXI_9025020053914701_9025020053919501"/>
</ServiceLinkInJourneyPattern>
<ServiceLinkInJourneyPattern order="6" version="any" id="SE:020:ServiceLinkInJourneyPattern:TAXI_35823">
    <ServiceLinkRef ref="SE:020:ServiceLink:TAXI_9025020053919501_9025020053919301"/>
</ServiceLinkInJourneyPattern>
<ServiceLinkInJourneyPattern order="7" version="any" id="SE:020:ServiceLinkInJourneyPattern:TAXI_35824">
    <ServiceLinkRef ref="SE:020:ServiceLink:TAXI_9025020053919301_9025020053916204"/>
</ServiceLinkInJourneyPattern>
<ServiceLinkInJourneyPattern order="8" version="any" id="SE:020:ServiceLinkInJourneyPattern:TAXI_35825">
    <ServiceLinkRef ref="SE:020:ServiceLink:TAXI_9025020053916204_9025020053999401"/>
</ServiceLinkInJourneyPattern>
                            </linksInSequence>
                        </JourneyPattern>
                    </journeyPatterns>
                </ServiceFrame>
                <TimetableFrame version="20240902035740" id="SE:020:TimetableFrame:9011020079100000">
                    <vehicleJourneys>
                        <ServiceJourney version="any" id="SE:020:ServiceJourney:205330000113220969">
                            <TransportMode>bus</TransportMode>
                            <TransportSubmode>
<BusSubmode>unknown</BusSubmode>
                            </TransportSubmode>
                            <dayTypes>
<DayTypeRef ref="SE:020:DayType:sra87i4966dst8tue40hod0e7e32i962"/>
                            </dayTypes>
                            <JourneyPatternRef ref="SE:020:JourneyPattern:205339415000024690" version="any"/>
                            <OperatorRef ref="SE:020:Operator:9013020810000000"/>
                            <passingTimes>
<TimetabledPassingTime version="any" id="SE:020:TimetabledPassingTime:205330000113220958">
    <StopPointInJourneyPatternRef ref="SE:020:StopPointInJourneyPattern:205339415000024690_205330000090069230" version="any"/>
    <DepartureTime>12:56:00</DepartureTime>
</TimetabledPassingTime>
<TimetabledPassingTime version="any" id="SE:020:TimetabledPassingTime:205330000113220959">
    <StopPointInJourneyPatternRef ref="SE:020:StopPointInJourneyPattern:205339415000024690_205330000090069231" version="any"/>
    <ArrivalTime>12:57:00</ArrivalTime>
    <DepartureTime>12:57:00</DepartureTime>
</TimetabledPassingTime>
<TimetabledPassingTime version="any" id="SE:020:TimetabledPassingTime:205330000113220960">
    <StopPointInJourneyPatternRef ref="SE:020:StopPointInJourneyPattern:205339415000024690_205330000090069232" version="any"/>
    <ArrivalTime>12:59:00</ArrivalTime>
    <DepartureTime>12:59:00</DepartureTime>
</TimetabledPassingTime>
<TimetabledPassingTime version="any" id="SE:020:TimetabledPassingTime:205330000113220961">
    <StopPointInJourneyPatternRef ref="SE:020:StopPointInJourneyPattern:205339415000024690_205330000090069233" version="any"/>
    <ArrivalTime>13:02:00</ArrivalTime>
    <DepartureTime>13:02:00</DepartureTime>
</TimetabledPassingTime>
<TimetabledPassingTime version="any" id="SE:020:TimetabledPassingTime:205330000113220962">
    <StopPointInJourneyPatternRef ref="SE:020:StopPointInJourneyPattern:205339415000024690_205330000090069234" version="any"/>
    <ArrivalTime>13:04:00</ArrivalTime>
    <DepartureTime>13:04:00</DepartureTime>
</TimetabledPassingTime>
<TimetabledPassingTime version="any" id="SE:020:TimetabledPassingTime:205330000113220963">
    <StopPointInJourneyPatternRef ref="SE:020:StopPointInJourneyPattern:205339415000024690_205330000090069235" version="any"/>
    <ArrivalTime>13:06:00</ArrivalTime>
    <DepartureTime>13:06:00</DepartureTime>
</TimetabledPassingTime>
<TimetabledPassingTime version="any" id="SE:020:TimetabledPassingTime:205330000113220964">
    <StopPointInJourneyPatternRef ref="SE:020:StopPointInJourneyPattern:205339415000024690_205330000090069236" version="any"/>
    <ArrivalTime>13:08:00</ArrivalTime>
    <DepartureTime>13:08:00</DepartureTime>
</TimetabledPassingTime>
<TimetabledPassingTime version="any" id="SE:020:TimetabledPassingTime:205330000113220965">
    <StopPointInJourneyPatternRef ref="SE:020:StopPointInJourneyPattern:205339415000024690_205330000090069237" version="any"/>
    <ArrivalTime>13:10:00</ArrivalTime>
    <DepartureTime>13:10:00</DepartureTime>
</TimetabledPassingTime>
<TimetabledPassingTime version="any" id="SE:020:TimetabledPassingTime:205330000113220966">
    <StopPointInJourneyPatternRef ref="SE:020:StopPointInJourneyPattern:205339415000024690_205330000090069238" version="any"/>
    <ArrivalTime>13:35:00</ArrivalTime>
</TimetabledPassingTime>
                            </passingTimes>
                            <FlexibleServiceProperties>
<FlexibleServiceType>fixedPassingTimes</FlexibleServiceType>
<BookWhen>advanceOnly</BookWhen>
<BookingNote>Turen ska förbeställas senast 3 timmar före bussens avgångstid via telefon 0774-44 00 00.</BookingNote>
                            </FlexibleServiceProperties>
                        </ServiceJourney>
                        <ServiceJourney version="any" id="SE:020:ServiceJourney:205330000113220951">
                            <TransportMode>bus</TransportMode>
                            <TransportSubmode>
<BusSubmode>unknown</BusSubmode>
                            </TransportSubmode>
                            <dayTypes>
<DayTypeRef ref="SE:020:DayType:sra87i4966dst8tue40hod0e7e32i962"/>
                            </dayTypes>
                            <JourneyPatternRef ref="SE:020:JourneyPattern:205339415000019382" version="any"/>
                            <OperatorRef ref="SE:020:Operator:9013020810000000"/>
                            <passingTimes>
<TimetabledPassingTime version="any" id="SE:020:TimetabledPassingTime:205330000113220940">
    <StopPointInJourneyPatternRef ref="SE:020:StopPointInJourneyPattern:205339415000019382_205330000090069205" version="any"/>
    <DepartureTime>10:30:00</DepartureTime>
</TimetabledPassingTime>
<TimetabledPassingTime version="any" id="SE:020:TimetabledPassingTime:205330000113220941">
    <StopPointInJourneyPatternRef ref="SE:020:StopPointInJourneyPattern:205339415000019382_205330000090069206" version="any"/>
    <ArrivalTime>10:55:00</ArrivalTime>
    <DepartureTime>10:55:00</DepartureTime>
</TimetabledPassingTime>
<TimetabledPassingTime version="any" id="SE:020:TimetabledPassingTime:205330000113220942">
    <StopPointInJourneyPatternRef ref="SE:020:StopPointInJourneyPattern:205339415000019382_205330000090069207" version="any"/>
    <ArrivalTime>10:56:00</ArrivalTime>
    <DepartureTime>10:56:00</DepartureTime>
</TimetabledPassingTime>
<TimetabledPassingTime version="any" id="SE:020:TimetabledPassingTime:205330000113220943">
    <StopPointInJourneyPatternRef ref="SE:020:StopPointInJourneyPattern:205339415000019382_205330000090069208" version="any"/>
    <ArrivalTime>10:57:00</ArrivalTime>
    <DepartureTime>10:57:00</DepartureTime>
</TimetabledPassingTime>
<TimetabledPassingTime version="any" id="SE:020:TimetabledPassingTime:205330000113220944">
    <StopPointInJourneyPatternRef ref="SE:020:StopPointInJourneyPattern:205339415000019382_205330000090069209" version="any"/>
    <ArrivalTime>10:59:00</ArrivalTime>
    <DepartureTime>10:59:00</DepartureTime>
</TimetabledPassingTime>
<TimetabledPassingTime version="any" id="SE:020:TimetabledPassingTime:205330000113220945">
    <StopPointInJourneyPatternRef ref="SE:020:StopPointInJourneyPattern:205339415000019382_205330000090069210" version="any"/>
    <ArrivalTime>11:02:00</ArrivalTime>
    <DepartureTime>11:02:00</DepartureTime>
</TimetabledPassingTime>
<TimetabledPassingTime version="any" id="SE:020:TimetabledPassingTime:205330000113220946">
    <StopPointInJourneyPatternRef ref="SE:020:StopPointInJourneyPattern:205339415000019382_205330000090069211" version="any"/>
    <ArrivalTime>11:04:00</ArrivalTime>
    <DepartureTime>11:04:00</DepartureTime>
</TimetabledPassingTime>
<TimetabledPassingTime version="any" id="SE:020:TimetabledPassingTime:205330000113220947">
    <StopPointInJourneyPatternRef ref="SE:020:StopPointInJourneyPattern:205339415000019382_205330000090069212" version="any"/>
    <ArrivalTime>11:06:00</ArrivalTime>
    <DepartureTime>11:06:00</DepartureTime>
</TimetabledPassingTime>
<TimetabledPassingTime version="any" id="SE:020:TimetabledPassingTime:205330000113220948">
    <StopPointInJourneyPatternRef ref="SE:020:StopPointInJourneyPattern:205339415000019382_205330000090069213" version="any"/>
    <ArrivalTime>11:08:00</ArrivalTime>
</TimetabledPassingTime>
                            </passingTimes>
                            <FlexibleServiceProperties>
<FlexibleServiceType>fixedPassingTimes</FlexibleServiceType>
<BookWhen>advanceOnly</BookWhen>
<BookingNote>Turen ska förbeställas senast 3 timmar före bussens avgångstid via telefon 0774-44 00 00.</BookingNote>
                            </FlexibleServiceProperties>
                        </ServiceJourney>
                    </vehicleJourneys>
                </TimetableFrame>
            </frames>
        </CompositeFrame>
    </dataObjects>
</PublicationDelivery>
