<?xml version="1.0" encoding="UTF-8" standalone="yes"?>
<PublicationDelivery xmlns="http://www.netex.org.uk/netex" xmlns:ns2="http://www.opengis.net/gml/3.2" xmlns:ns3="http://www.siri.org.uk/siri" version="1.11:NO-NeTEx-networktimetable:1.3">
    <PublicationTimestamp>2024-09-02T03:57:40</PublicationTimestamp>
    <ParticipantRef>SAM</ParticipantRef>
    <dataObjects>
        <CompositeFrame created="2024-09-02T03:57:40" version="20240902035740" id="SE:020:CompositeFrame:9011020052500000">
            <ValidBetween>
                <FromDate>1970-01-01T00:00:00</FromDate>
            </ValidBetween>
            <codespaces>
                <Codespace id="SE:020">
                    <Xmlns>SE:020</Xmlns>
                    <XmlnsUrl>http://www.samtrafiken.se/ns/dt</XmlnsUrl>
                </Codespace>
            </codespaces>
            <FrameDefaults>
                <DefaultLocale>
                    <TimeZone>Europe/Stockholm</TimeZone>
                    <DefaultLanguage>se</DefaultLanguage>
                </DefaultLocale>
                <DefaultLocationSystem>4326</DefaultLocationSystem>
            </FrameDefaults>
            <frames>
                <ServiceFrame version="20240902035740" id="SE:020:ServiceFrame:9011020052500000">
                    <routes>
                        <Route version="any" id="SE:020:Route:205330000091745122">
                            <Name>Flexområde Östra Sunnansjö</Name>
                            <LineRef ref="SE:020:Line:9011020052500000" version="190605"/>
                            <DirectionType>outbound</DirectionType>
                            <pointsInSequence>
<PointOnRoute order="1" version="any" id="SE:020:PointOnRoute:205330000091745127">
    <RoutePointRef ref="SE:020:RoutePoint:9022020585943001"/>
</PointOnRoute>
<PointOnRoute order="2" version="any" id="SE:020:PointOnRoute:205330000091745128">
    <RoutePointRef ref="SE:020:RoutePoint:9022020585066002"/>
</PointOnRoute>
<PointOnRoute order="3" version="any" id="SE:020:PointOnRoute:205330000091745129">
    <RoutePointRef ref="SE:020:RoutePoint:9022020585051001"/>
</PointOnRoute>
<PointOnRoute order="4" version="any" id="SE:020:PointOnRoute:205330000091745130">
    <RoutePointRef ref="SE:020:RoutePoint:9022020585966001"/>
</PointOnRoute>
<PointOnRoute order="5" version="any" id="SE:020:PointOnRoute:205330000091745131">
    <RoutePointRef ref="SE:020:RoutePoint:9022020585014001"/>
</PointOnRoute>
                            </pointsInSequence>
                        </Route>
                        <Route version="any" id="SE:020:Route:205330000091745143">
                            <Name>Flexområde Östra Sunnansjö</Name>
                            <LineRef ref="SE:020:Line:9011020052500000" version="190605"/>
                            <DirectionType>outbound</DirectionType>
                            <pointsInSequence>
<PointOnRoute order="1" version="any" id="SE:020:PointOnRoute:205330000091745148">
    <RoutePointRef ref="SE:020:RoutePoint:9022020585966001"/>
</PointOnRoute>
<PointOnRoute order="2" version="any" id="SE:020:PointOnRoute:205330000091745149">
    <RoutePointRef ref="SE:020:RoutePoint:9022020585014001"/>
</PointOnRoute>
<PointOnRoute order="3" version="any" id="SE:020:PointOnRoute:205330000091745150">
    <RoutePointRef ref="SE:020:RoutePoint:9022020585051001"/>
</PointOnRoute>
<PointOnRoute order="4" version="any" id="SE:020:PointOnRoute:205330000091745151">
    <RoutePointRef ref="SE:020:RoutePoint:9022020585066002"/>
</PointOnRoute>
<PointOnRoute order="5" version="any" id="SE:020:PointOnRoute:205330000091745152">
    <RoutePointRef ref="SE:020:RoutePoint:9022020585943001"/>
</PointOnRoute>
                            </pointsInSequence>
                        </Route>
                    </routes>
                    <lines>
                        <Line version="190605" id="SE:020:Line:9011020052500000">
                            <ValidBetween>
<FromDate>2019-06-05T00:00:00</FromDate>
                            </ValidBetween>
                            <Name>525</Name>
                            <TransportMode>bus</TransportMode>
                            <TransportSubmode>
<BusSubmode>unknown</BusSubmode>
                            </TransportSubmode>
                            <PublicCode>525</PublicCode>
                            <PrivateCode>525</PrivateCode>
                            <RepresentedByGroupRef ref="SE:020:Network:9010020000000000"/>
                        </Line>
                    </lines>
                    <journeyPatterns>
                        <JourneyPattern version="any" id="SE:020:JourneyPattern:205339415000020090">
                            <RouteRef ref="SE:020:Route:205330000091745122" version="any"/>
                            <pointsInSequence>
<StopPointInJourneyPattern order="1" version="any" id="SE:020:StopPointInJourneyPattern:205339415000020090_205330000091745127">
    <ScheduledStopPointRef ref="SE:020:ScheduledStopPoint:9022020585943001"/>
    <ForAlighting>false</ForAlighting>
    <ForBoarding>true</ForBoarding>
    <DestinationDisplayRef ref="SE:020:DestinationDisplay:205330000091745139"/>
    <RequestStop>true</RequestStop>
</StopPointInJourneyPattern>
<StopPointInJourneyPattern order="2" version="any" id="SE:020:StopPointInJourneyPattern:205339415000020090_205330000091745128">
    <ScheduledStopPointRef ref="SE:020:ScheduledStopPoint:9022020585066002"/>
    <ForAlighting>true</ForAlighting>
    <ForBoarding>true</ForBoarding>
    <RequestStop>true</RequestStop>
</StopPointInJourneyPattern>
<StopPointInJourneyPattern order="3" version="any" id="SE:020:StopPointInJourneyPattern:205339415000020090_205330000091745129">
    <ScheduledStopPointRef ref="SE:020:ScheduledStopPoint:9022020585051001"/>
    <ForAlighting>true</ForAlighting>
    <ForBoarding>true</ForBoarding>
    <RequestStop>true</RequestStop>
</StopPointInJourneyPattern>
<StopPointInJourneyPattern order="4" version="any" id="SE:020:StopPointInJourneyPattern:205339415000020090_205330000091745130">
    <ScheduledStopPointRef ref="SE:020:ScheduledStopPoint:9022020585966001"/>
    <ForAlighting>true</ForAlighting>
    <ForBoarding>true</ForBoarding>
    <RequestStop>true</RequestStop>
</StopPointInJourneyPattern>
<StopPointInJourneyPattern order="5" version="any" id="SE:020:StopPointInJourneyPattern:205339415000020090_205330000091745131">
    <ScheduledStopPointRef ref="SE:020:ScheduledStopPoint:9022020585014001"/>
    <ForAlighting>true</ForAlighting>
    <ForBoarding>false</ForBoarding>
    <RequestStop>true</RequestStop>
</StopPointInJourneyPattern>
                            </pointsInSequence>
                            <linksInSequence>
<ServiceLinkInJourneyPattern order="1" version="any" id="SE:020:ServiceLinkInJourneyPattern:BUS_38885">
    <ServiceLinkRef ref="SE:020:ServiceLink:BUS_9025020058594301_9025020058506602"/>
</ServiceLinkInJourneyPattern>
<ServiceLinkInJourneyPattern order="2" version="any" id="SE:020:ServiceLinkInJourneyPattern:BUS_38886">
    <ServiceLinkRef ref="SE:020:ServiceLink:BUS_9025020058506602_9025020058505101"/>
</ServiceLinkInJourneyPattern>
<ServiceLinkInJourneyPattern order="3" version="any" id="SE:020:ServiceLinkInJourneyPattern:BUS_38887">
    <ServiceLinkRef ref="SE:020:ServiceLink:BUS_9025020058505101_9025020058596601"/>
</ServiceLinkInJourneyPattern>
<ServiceLinkInJourneyPattern order="4" version="any" id="SE:020:ServiceLinkInJourneyPattern:BUS_38888">
    <ServiceLinkRef ref="SE:020:ServiceLink:BUS_9025020058596601_9025020058501401"/>
</ServiceLinkInJourneyPattern>
                            </linksInSequence>
                        </JourneyPattern>
                        <JourneyPattern version="any" id="SE:020:JourneyPattern:205339415000024666">
                            <RouteRef ref="SE:020:Route:205330000091745122" version="any"/>
                            <pointsInSequence>
<StopPointInJourneyPattern order="1" version="any" id="SE:020:StopPointInJourneyPattern:205339415000024666_205330000091745127">
    <ScheduledStopPointRef ref="SE:020:ScheduledStopPoint:9022020585943001"/>
    <ForAlighting>false</ForAlighting>
    <ForBoarding>true</ForBoarding>
    <DestinationDisplayRef ref="SE:020:DestinationDisplay:205330000113218404"/>
    <RequestStop>true</RequestStop>
</StopPointInJourneyPattern>
<StopPointInJourneyPattern order="2" version="any" id="SE:020:StopPointInJourneyPattern:205339415000024666_205330000091745128">
    <ScheduledStopPointRef ref="SE:020:ScheduledStopPoint:9022020585066002"/>
    <ForAlighting>true</ForAlighting>
    <ForBoarding>true</ForBoarding>
    <RequestStop>true</RequestStop>
</StopPointInJourneyPattern>
<StopPointInJourneyPattern order="3" version="any" id="SE:020:StopPointInJourneyPattern:205339415000024666_205330000091745129">
    <ScheduledStopPointRef ref="SE:020:ScheduledStopPoint:9022020585051001"/>
    <ForAlighting>true</ForAlighting>
    <ForBoarding>true</ForBoarding>
    <RequestStop>true</RequestStop>
</StopPointInJourneyPattern>
<StopPointInJourneyPattern order="4" version="any" id="SE:020:StopPointInJourneyPattern:205339415000024666_205330000091745130">
    <ScheduledStopPointRef ref="SE:020:ScheduledStopPoint:9022020585966001"/>
    <ForAlighting>true</ForAlighting>
    <ForBoarding>true</ForBoarding>
    <RequestStop>true</RequestStop>
</StopPointInJourneyPattern>
<StopPointInJourneyPattern order="5" version="any" id="SE:020:StopPointInJourneyPattern:205339415000024666_205330000091745131">
    <ScheduledStopPointRef ref="SE:020:ScheduledStopPoint:9022020585014001"/>
    <ForAlighting>true</ForAlighting>
    <ForBoarding>false</ForBoarding>
    <RequestStop>true</RequestStop>
</StopPointInJourneyPattern>
                            </pointsInSequence>
                            <linksInSequence>
<ServiceLinkInJourneyPattern order="1" version="any" id="SE:020:ServiceLinkInJourneyPattern:BUS_38889">
    <ServiceLinkRef ref="SE:020:ServiceLink:BUS_9025020058594301_9025020058506602"/>
</ServiceLinkInJourneyPattern>
<ServiceLinkInJourneyPattern order="2" version="any" id="SE:020:ServiceLinkInJourneyPattern:BUS_38890">
    <ServiceLinkRef ref="SE:020:ServiceLink:BUS_9025020058506602_9025020058505101"/>
</ServiceLinkInJourneyPattern>
<ServiceLinkInJourneyPattern order="3" version="any" id="SE:020:ServiceLinkInJourneyPattern:BUS_38891">
    <ServiceLinkRef ref="SE:020:ServiceLink:BUS_9025020058505101_9025020058596601"/>
</ServiceLinkInJourneyPattern>
<ServiceLinkInJourneyPattern order="4" version="any" id="SE:020:ServiceLinkInJourneyPattern:BUS_38892">
    <ServiceLinkRef ref="SE:020:ServiceLink:BUS_9025020058596601_9025020058501401"/>
</ServiceLinkInJourneyPattern>
                            </linksInSequence>
                        </JourneyPattern>
                        <JourneyPattern version="any" id="SE:020:JourneyPattern:205339415000020091">
                            <RouteRef ref="SE:020:Route:205330000091745143" version="any"/>
                            <pointsInSequence>
<StopPointInJourneyPattern order="1" version="any" id="SE:020:StopPointInJourneyPattern:205339415000020091_205330000091745148">
    <ScheduledStopPointRef ref="SE:020:ScheduledStopPoint:9022020585966001"/>
    <ForAlighting>false</ForAlighting>
    <ForBoarding>true</ForBoarding>
    <DestinationDisplayRef ref="SE:020:DestinationDisplay:205330000091745160"/>
    <RequestStop>true</RequestStop>
</StopPointInJourneyPattern>
<StopPointInJourneyPattern order="2" version="any" id="SE:020:StopPointInJourneyPattern:205339415000020091_205330000091745149">
    <ScheduledStopPointRef ref="SE:020:ScheduledStopPoint:9022020585014001"/>
    <ForAlighting>true</ForAlighting>
    <ForBoarding>true</ForBoarding>
    <RequestStop>true</RequestStop>
</StopPointInJourneyPattern>
<StopPointInJourneyPattern order="3" version="any" id="SE:020:StopPointInJourneyPattern:205339415000020091_205330000091745150">
    <ScheduledStopPointRef ref="SE:020:ScheduledStopPoint:9022020585051001"/>
    <ForAlighting>true</ForAlighting>
    <ForBoarding>true</ForBoarding>
    <RequestStop>true</RequestStop>
</StopPointInJourneyPattern>
<StopPointInJourneyPattern order="4" version="any" id="SE:020:StopPointInJourneyPattern:205339415000020091_205330000091745151">
    <ScheduledStopPointRef ref="SE:020:ScheduledStopPoint:9022020585066002"/>
    <ForAlighting>true</ForAlighting>
    <ForBoarding>true</ForBoarding>
    <RequestStop>true</RequestStop>
</StopPointInJourneyPattern>
<StopPointInJourneyPattern order="5" version="any" id="SE:020:StopPointInJourneyPattern:205339415000020091_205330000091745152">
    <ScheduledStopPointRef ref="SE:020:ScheduledStopPoint:9022020585943001"/>
    <ForAlighting>true</ForAlighting>
    <ForBoarding>false</ForBoarding>
    <RequestStop>true</RequestStop>
</StopPointInJourneyPattern>
                            </pointsInSequence>
                            <linksInSequence>
<ServiceLinkInJourneyPattern order="1" version="any" id="SE:020:ServiceLinkInJourneyPattern:BUS_38893">
    <ServiceLinkRef ref="SE:020:ServiceLink:BUS_9025020058596601_9025020058501401"/>
</ServiceLinkInJourneyPattern>
<ServiceLinkInJourneyPattern order="2" version="any" id="SE:020:ServiceLinkInJourneyPattern:BUS_38894">
    <ServiceLinkRef ref="SE:020:ServiceLink:BUS_9025020058501401_9025020058505101"/>
</ServiceLinkInJourneyPattern>
<ServiceLinkInJourneyPattern order="3" version="any" id="SE:020:ServiceLinkInJourneyPattern:BUS_38895">
    <ServiceLinkRef ref="SE:020:ServiceLink:BUS_9025020058505101_9025020058506602"/>
</ServiceLinkInJourneyPattern>
<ServiceLinkInJourneyPattern order="4" version="any" id="SE:020:ServiceLinkInJourneyPattern:BUS_38896">
    <ServiceLinkRef ref="SE:020:ServiceLink:BUS_9025020058506602_9025020058594301"/>
</ServiceLinkInJourneyPattern>
                            </linksInSequence>
                        </JourneyPattern>
                        <JourneyPattern version="any" id="SE:020:JourneyPattern:205339415000024667">
                            <RouteRef ref="SE:020:Route:205330000091745143" version="any"/>
                            <pointsInSequence>
<StopPointInJourneyPattern order="1" version="any" id="SE:020:StopPointInJourneyPattern:205339415000024667_205330000091745148">
    <ScheduledStopPointRef ref="SE:020:ScheduledStopPoint:9022020585966001"/>
    <ForAlighting>false</ForAlighting>
    <ForBoarding>true</ForBoarding>
    <DestinationDisplayRef ref="SE:020:DestinationDisplay:205330000113218418"/>
    <RequestStop>true</RequestStop>
</StopPointInJourneyPattern>
<StopPointInJourneyPattern order="2" version="any" id="SE:020:StopPointInJourneyPattern:205339415000024667_205330000091745149">
    <ScheduledStopPointRef ref="SE:020:ScheduledStopPoint:9022020585014001"/>
    <ForAlighting>true</ForAlighting>
    <ForBoarding>true</ForBoarding>
    <RequestStop>true</RequestStop>
</StopPointInJourneyPattern>
<StopPointInJourneyPattern order="3" version="any" id="SE:020:StopPointInJourneyPattern:205339415000024667_205330000091745150">
    <ScheduledStopPointRef ref="SE:020:ScheduledStopPoint:9022020585051001"/>
    <ForAlighting>true</ForAlighting>
    <ForBoarding>true</ForBoarding>
    <RequestStop>true</RequestStop>
</StopPointInJourneyPattern>
<StopPointInJourneyPattern order="4" version="any" id="SE:020:StopPointInJourneyPattern:205339415000024667_205330000091745151">
    <ScheduledStopPointRef ref="SE:020:ScheduledStopPoint:9022020585066002"/>
    <ForAlighting>true</ForAlighting>
    <ForBoarding>true</ForBoarding>
    <RequestStop>true</RequestStop>
</StopPointInJourneyPattern>
<StopPointInJourneyPattern order="5" version="any" id="SE:020:StopPointInJourneyPattern:205339415000024667_205330000091745152">
    <ScheduledStopPointRef ref="SE:020:ScheduledStopPoint:9022020585943001"/>
    <ForAlighting>true</ForAlighting>
    <ForBoarding>false</ForBoarding>
    <RequestStop>true</RequestStop>
</StopPointInJourneyPattern>
                            </pointsInSequence>
                            <linksInSequence>
<ServiceLinkInJourneyPattern order="1" version="any" id="SE:020:ServiceLinkInJourneyPattern:BUS_38897">
    <ServiceLinkRef ref="SE:020:ServiceLink:BUS_9025020058596601_9025020058501401"/>
</ServiceLinkInJourneyPattern>
<ServiceLinkInJourneyPattern order="2" version="any" id="SE:020:ServiceLinkInJourneyPattern:BUS_38898">
    <ServiceLinkRef ref="SE:020:ServiceLink:BUS_9025020058501401_9025020058505101"/>
</ServiceLinkInJourneyPattern>
<ServiceLinkInJourneyPattern order="3" version="any" id="SE:020:ServiceLinkInJourneyPattern:BUS_38899">
    <ServiceLinkRef ref="SE:020:ServiceLink:BUS_9025020058505101_9025020058506602"/>
</ServiceLinkInJourneyPattern>
<ServiceLinkInJourneyPattern order="4" version="any" id="SE:020:ServiceLinkInJourneyPattern:BUS_38900">
    <ServiceLinkRef ref="SE:020:ServiceLink:BUS_9025020058506602_9025020058594301"/>
</ServiceLinkInJourneyPattern>
                            </linksInSequence>
                        </JourneyPattern>
                    </journeyPatterns>
                </ServiceFrame>
                <TimetableFrame version="20240902035740" id="SE:020:TimetableFrame:9011020052500000">
                    <vehicleJourneys>
                        <ServiceJourney version="any" id="SE:020:ServiceJourney:205330000116444286">
                            <TransportMode>bus</TransportMode>
                            <TransportSubmode>
<BusSubmode>unknown</BusSubmode>
                            </TransportSubmode>
                            <dayTypes>
<DayTypeRef ref="SE:020:DayType:18r5q8lscanklnqo2r23sqj5bi4svbea"/>
                            </dayTypes>
                            <JourneyPatternRef ref="SE:020:JourneyPattern:205339415000024666" version="any"/>
                            <OperatorRef ref="SE:020:Operator:9013020810000000"/>
                            <passingTimes>
<TimetabledPassingTime version="any" id="SE:020:TimetabledPassingTime:205330000116444279">
    <StopPointInJourneyPatternRef ref="SE:020:StopPointInJourneyPattern:205339415000024666_205330000091745127" version="any"/>
    <DepartureTime>08:45:00</DepartureTime>
</TimetabledPassingTime>
<TimetabledPassingTime version="any" id="SE:020:TimetabledPassingTime:205330000116444280">
    <StopPointInJourneyPatternRef ref="SE:020:StopPointInJourneyPattern:205339415000024666_205330000091745128" version="any"/>
    <ArrivalTime>09:35:00</ArrivalTime>
    <DepartureTime>09:35:00</DepartureTime>
</TimetabledPassingTime>
<TimetabledPassingTime version="any" id="SE:020:TimetabledPassingTime:205330000116444281">
    <StopPointInJourneyPatternRef ref="SE:020:StopPointInJourneyPattern:205339415000024666_205330000091745129" version="any"/>
    <ArrivalTime>09:43:00</ArrivalTime>
    <DepartureTime>09:43:00</DepartureTime>
</TimetabledPassingTime>
<TimetabledPassingTime version="any" id="SE:020:TimetabledPassingTime:205330000116444282">
    <StopPointInJourneyPatternRef ref="SE:020:StopPointInJourneyPattern:205339415000024666_205330000091745130" version="any"/>
    <ArrivalTime>09:50:00</ArrivalTime>
    <DepartureTime>09:50:00</DepartureTime>
</TimetabledPassingTime>
<TimetabledPassingTime version="any" id="SE:020:TimetabledPassingTime:205330000116444283">
    <StopPointInJourneyPatternRef ref="SE:020:StopPointInJourneyPattern:205339415000024666_205330000091745131" version="any"/>
    <ArrivalTime>09:53:00</ArrivalTime>
</TimetabledPassingTime>
                            </passingTimes>
                            <FlexibleServiceProperties>
<FlexibleServiceType>fixedPassingTimes</FlexibleServiceType>
<BookWhen>advanceOnly</BookWhen>
<BookingNote>Turen ska förbeställas senast 2 timmar före bussens avgångstid via telefon 0774-44 00 00.</BookingNote>
                            </FlexibleServiceProperties>
                        </ServiceJourney>
                        <ServiceJourney version="any" id="SE:020:ServiceJourney:205330000116444303">
                            <TransportMode>bus</TransportMode>
                            <TransportSubmode>
<BusSubmode>unknown</BusSubmode>
                            </TransportSubmode>
                            <dayTypes>
<DayTypeRef ref="SE:020:DayType:18r5q8lscanklnqo2r23sqj5bi4svbea"/>
                            </dayTypes>
                            <JourneyPatternRef ref="SE:020:JourneyPattern:205339415000024667" version="any"/>
                            <OperatorRef ref="SE:020:Operator:9013020810000000"/>
                            <passingTimes>
<TimetabledPassingTime version="any" id="SE:020:TimetabledPassingTime:205330000116444296">
    <StopPointInJourneyPatternRef ref="SE:020:StopPointInJourneyPattern:205339415000024667_205330000091745148" version="any"/>
    <DepartureTime>12:07:00</DepartureTime>
</TimetabledPassingTime>
<TimetabledPassingTime version="any" id="SE:020:TimetabledPassingTime:205330000116444297">
    <StopPointInJourneyPatternRef ref="SE:020:StopPointInJourneyPattern:205339415000024667_205330000091745149" version="any"/>
    <ArrivalTime>12:10:00</ArrivalTime>
    <DepartureTime>12:10:00</DepartureTime>
</TimetabledPassingTime>
<TimetabledPassingTime version="any" id="SE:020:TimetabledPassingTime:205330000116444298">
    <StopPointInJourneyPatternRef ref="SE:020:StopPointInJourneyPattern:205339415000024667_205330000091745150" version="any"/>
    <ArrivalTime>12:17:00</ArrivalTime>
    <DepartureTime>12:17:00</DepartureTime>
</TimetabledPassingTime>
<TimetabledPassingTime version="any" id="SE:020:TimetabledPassingTime:205330000116444299">
    <StopPointInJourneyPatternRef ref="SE:020:StopPointInJourneyPattern:205339415000024667_205330000091745151" version="any"/>
    <ArrivalTime>12:25:00</ArrivalTime>
    <DepartureTime>12:25:00</DepartureTime>
</TimetabledPassingTime>
<TimetabledPassingTime version="any" id="SE:020:TimetabledPassingTime:205330000116444300">
    <StopPointInJourneyPatternRef ref="SE:020:StopPointInJourneyPattern:205339415000024667_205330000091745152" version="any"/>
    <ArrivalTime>13:15:00</ArrivalTime>
</TimetabledPassingTime>
                            </passingTimes>
                            <FlexibleServiceProperties>
<FlexibleServiceType>fixedPassingTimes</FlexibleServiceType>
<BookWhen>advanceOnly</BookWhen>
<BookingNote>Turen ska förbeställas senast 2 timmar före bussens avgångstid via telefon 0774-44 00 00.</BookingNote>
                            </FlexibleServiceProperties>
                        </ServiceJourney>
                    </vehicleJourneys>
                    <journeyInterchanges>
                        <ServiceJourneyInterchange version="any" id="SE:020:ServiceJourneyInterchange:205330000116444303_1">
                            <Priority>0</Priority>
                            <Guaranteed>false</Guaranteed>
                            <Advertised>true</Advertised>
                            <FromPointRef ref="SE:020:ScheduledStopPoint:9022020585066002"/>
                            <ToPointRef ref="SE:020:ScheduledStopPoint:9022020585066002"/>
                            <FromJourneyRef ref="SE:020:ServiceJourney:205330000122468015"/>
                            <ToJourneyRef ref="SE:020:ServiceJourney:205330000116444303" version="any"/>
                        </ServiceJourneyInterchange>
                    </journeyInterchanges>
                </TimetableFrame>
            </frames>
        </CompositeFrame>
    </dataObjects>
</PublicationDelivery>
