<?xml version="1.0" encoding="UTF-8" standalone="yes"?>
<PublicationDelivery xmlns="http://www.netex.org.uk/netex" xmlns:ns2="http://www.opengis.net/gml/3.2" xmlns:ns3="http://www.siri.org.uk/siri" version="1.11:NO-NeTEx-networktimetable:1.3">
    <PublicationTimestamp>2024-09-02T03:57:40</PublicationTimestamp>
    <ParticipantRef>SAM</ParticipantRef>
    <dataObjects>
        <CompositeFrame created="2024-09-02T03:57:40" version="20240902035740" id="SE:020:CompositeFrame:9011020075400000">
            <ValidBetween>
                <FromDate>1970-01-01T00:00:00</FromDate>
            </ValidBetween>
            <codespaces>
                <Codespace id="SE:020">
                    <Xmlns>SE:020</Xmlns>
                    <XmlnsUrl>http://www.samtrafiken.se/ns/dt</XmlnsUrl>
                </Codespace>
            </codespaces>
            <FrameDefaults>
                <DefaultLocale>
                    <TimeZone>Europe/Stockholm</TimeZone>
                    <DefaultLanguage>se</DefaultLanguage>
                </DefaultLocale>
                <DefaultLocationSystem>4326</DefaultLocationSystem>
            </FrameDefaults>
            <frames>
                <ServiceFrame version="20240902035740" id="SE:020:ServiceFrame:9011020075400000">
                    <routes>
                        <Route version="any" id="SE:020:Route:205330000087099191">
                            <Name>Flextrafik Dådran - Finnbacka (- Ingels)</Name>
                            <LineRef ref="SE:020:Line:9011020075400000" version="180814"/>
                            <DirectionType>inbound</DirectionType>
                            <pointsInSequence>
<PointOnRoute order="1" version="any" id="SE:020:PointOnRoute:205330000087099196">
    <RoutePointRef ref="SE:020:RoutePoint:9022020531057001"/>
</PointOnRoute>
<PointOnRoute order="2" version="any" id="SE:020:PointOnRoute:205330000087099197">
    <RoutePointRef ref="SE:020:RoutePoint:9022020531272001"/>
</PointOnRoute>
<PointOnRoute order="3" version="any" id="SE:020:PointOnRoute:205330000087099198">
    <RoutePointRef ref="SE:020:RoutePoint:9022020531270002"/>
</PointOnRoute>
<PointOnRoute order="4" version="any" id="SE:020:PointOnRoute:205330000087099199">
    <RoutePointRef ref="SE:020:RoutePoint:9022020531271001"/>
</PointOnRoute>
<PointOnRoute order="5" version="any" id="SE:020:PointOnRoute:205330000087099200">
    <RoutePointRef ref="SE:020:RoutePoint:9022020531270001"/>
</PointOnRoute>
<PointOnRoute order="6" version="any" id="SE:020:PointOnRoute:205330000087099201">
    <RoutePointRef ref="SE:020:RoutePoint:9022020531269002"/>
</PointOnRoute>
<PointOnRoute order="7" version="any" id="SE:020:PointOnRoute:205330000087099202">
    <RoutePointRef ref="SE:020:RoutePoint:9022020531268002"/>
</PointOnRoute>
<PointOnRoute order="8" version="any" id="SE:020:PointOnRoute:205330000087099203">
    <RoutePointRef ref="SE:020:RoutePoint:9022020531267002"/>
</PointOnRoute>
<PointOnRoute order="9" version="any" id="SE:020:PointOnRoute:205330000087099204">
    <RoutePointRef ref="SE:020:RoutePoint:9022020531266002"/>
</PointOnRoute>
<PointOnRoute order="10" version="any" id="SE:020:PointOnRoute:205330000087099205">
    <RoutePointRef ref="SE:020:RoutePoint:9022020531265002"/>
</PointOnRoute>
<PointOnRoute order="11" version="any" id="SE:020:PointOnRoute:205330000087099206">
    <RoutePointRef ref="SE:020:RoutePoint:9022020531264001"/>
</PointOnRoute>
<PointOnRoute order="12" version="any" id="SE:020:PointOnRoute:205330000087099207">
    <RoutePointRef ref="SE:020:RoutePoint:9022020531273001"/>
</PointOnRoute>
                            </pointsInSequence>
                        </Route>
                        <Route version="any" id="SE:020:Route:205330000087099163">
                            <Name>Flextrafik (Ingels -) Finnbacka - Dådran</Name>
                            <LineRef ref="SE:020:Line:9011020075400000" version="180814"/>
                            <DirectionType>outbound</DirectionType>
                            <pointsInSequence>
<PointOnRoute order="1" version="any" id="SE:020:PointOnRoute:205330000087099168">
    <RoutePointRef ref="SE:020:RoutePoint:9022020531273001"/>
</PointOnRoute>
<PointOnRoute order="2" version="any" id="SE:020:PointOnRoute:205330000087099169">
    <RoutePointRef ref="SE:020:RoutePoint:9022020531264001"/>
</PointOnRoute>
<PointOnRoute order="3" version="any" id="SE:020:PointOnRoute:205330000087099170">
    <RoutePointRef ref="SE:020:RoutePoint:9022020531265001"/>
</PointOnRoute>
<PointOnRoute order="4" version="any" id="SE:020:PointOnRoute:205330000087099171">
    <RoutePointRef ref="SE:020:RoutePoint:9022020531266001"/>
</PointOnRoute>
<PointOnRoute order="5" version="any" id="SE:020:PointOnRoute:205330000087099172">
    <RoutePointRef ref="SE:020:RoutePoint:9022020531267001"/>
</PointOnRoute>
<PointOnRoute order="6" version="any" id="SE:020:PointOnRoute:205330000087099173">
    <RoutePointRef ref="SE:020:RoutePoint:9022020531268001"/>
</PointOnRoute>
<PointOnRoute order="7" version="any" id="SE:020:PointOnRoute:205330000087099174">
    <RoutePointRef ref="SE:020:RoutePoint:9022020531269001"/>
</PointOnRoute>
<PointOnRoute order="8" version="any" id="SE:020:PointOnRoute:205330000087099175">
    <RoutePointRef ref="SE:020:RoutePoint:9022020531270002"/>
</PointOnRoute>
<PointOnRoute order="9" version="any" id="SE:020:PointOnRoute:205330000087099176">
    <RoutePointRef ref="SE:020:RoutePoint:9022020531271001"/>
</PointOnRoute>
<PointOnRoute order="10" version="any" id="SE:020:PointOnRoute:205330000087099177">
    <RoutePointRef ref="SE:020:RoutePoint:9022020531270001"/>
</PointOnRoute>
<PointOnRoute order="11" version="any" id="SE:020:PointOnRoute:205330000087099178">
    <RoutePointRef ref="SE:020:RoutePoint:9022020531272001"/>
</PointOnRoute>
<PointOnRoute order="12" version="any" id="SE:020:PointOnRoute:205330000087099179">
    <RoutePointRef ref="SE:020:RoutePoint:9022020531057001"/>
</PointOnRoute>
                            </pointsInSequence>
                        </Route>
                    </routes>
                    <lines>
                        <Line version="180814" id="SE:020:Line:9011020075400000">
                            <ValidBetween>
<FromDate>2018-08-14T00:00:00</FromDate>
                            </ValidBetween>
                            <Name>754</Name>
                            <TransportMode>bus</TransportMode>
                            <TransportSubmode>
<BusSubmode>unknown</BusSubmode>
                            </TransportSubmode>
                            <PublicCode>754</PublicCode>
                            <PrivateCode>754</PrivateCode>
                            <RepresentedByGroupRef ref="SE:020:Network:9010020000000000"/>
                        </Line>
                    </lines>
                    <journeyPatterns>
                        <JourneyPattern version="any" id="SE:020:JourneyPattern:205339415000021131">
                            <RouteRef ref="SE:020:Route:205330000087099191" version="any"/>
                            <pointsInSequence>
<StopPointInJourneyPattern order="1" version="any" id="SE:020:StopPointInJourneyPattern:205339415000021131_205330000087099196">
    <ScheduledStopPointRef ref="SE:020:ScheduledStopPoint:9022020531057001"/>
    <ForAlighting>false</ForAlighting>
    <ForBoarding>true</ForBoarding>
    <DestinationDisplayRef ref="SE:020:DestinationDisplay:205330000095466971"/>
    <RequestStop>true</RequestStop>
</StopPointInJourneyPattern>
<StopPointInJourneyPattern order="2" version="any" id="SE:020:StopPointInJourneyPattern:205339415000021131_205330000087099197">
    <ScheduledStopPointRef ref="SE:020:ScheduledStopPoint:9022020531272001"/>
    <ForAlighting>true</ForAlighting>
    <ForBoarding>true</ForBoarding>
    <RequestStop>true</RequestStop>
</StopPointInJourneyPattern>
<StopPointInJourneyPattern order="3" version="any" id="SE:020:StopPointInJourneyPattern:205339415000021131_205330000087099198">
    <ScheduledStopPointRef ref="SE:020:ScheduledStopPoint:9022020531270002"/>
    <ForAlighting>true</ForAlighting>
    <ForBoarding>true</ForBoarding>
    <RequestStop>true</RequestStop>
</StopPointInJourneyPattern>
<StopPointInJourneyPattern order="4" version="any" id="SE:020:StopPointInJourneyPattern:205339415000021131_205330000087099199">
    <ScheduledStopPointRef ref="SE:020:ScheduledStopPoint:9022020531271001"/>
    <ForAlighting>true</ForAlighting>
    <ForBoarding>true</ForBoarding>
    <RequestStop>true</RequestStop>
</StopPointInJourneyPattern>
<StopPointInJourneyPattern order="5" version="any" id="SE:020:StopPointInJourneyPattern:205339415000021131_205330000087099200">
    <ScheduledStopPointRef ref="SE:020:ScheduledStopPoint:9022020531270001"/>
    <ForAlighting>true</ForAlighting>
    <ForBoarding>true</ForBoarding>
    <RequestStop>true</RequestStop>
</StopPointInJourneyPattern>
<StopPointInJourneyPattern order="6" version="any" id="SE:020:StopPointInJourneyPattern:205339415000021131_205330000087099201">
    <ScheduledStopPointRef ref="SE:020:ScheduledStopPoint:9022020531269002"/>
    <ForAlighting>true</ForAlighting>
    <ForBoarding>true</ForBoarding>
    <RequestStop>true</RequestStop>
</StopPointInJourneyPattern>
<StopPointInJourneyPattern order="7" version="any" id="SE:020:StopPointInJourneyPattern:205339415000021131_205330000087099202">
    <ScheduledStopPointRef ref="SE:020:ScheduledStopPoint:9022020531268002"/>
    <ForAlighting>true</ForAlighting>
    <ForBoarding>true</ForBoarding>
    <RequestStop>true</RequestStop>
</StopPointInJourneyPattern>
<StopPointInJourneyPattern order="8" version="any" id="SE:020:StopPointInJourneyPattern:205339415000021131_205330000087099203">
    <ScheduledStopPointRef ref="SE:020:ScheduledStopPoint:9022020531267002"/>
    <ForAlighting>true</ForAlighting>
    <ForBoarding>true</ForBoarding>
    <RequestStop>true</RequestStop>
</StopPointInJourneyPattern>
<StopPointInJourneyPattern order="9" version="any" id="SE:020:StopPointInJourneyPattern:205339415000021131_205330000087099204">
    <ScheduledStopPointRef ref="SE:020:ScheduledStopPoint:9022020531266002"/>
    <ForAlighting>true</ForAlighting>
    <ForBoarding>true</ForBoarding>
    <RequestStop>true</RequestStop>
</StopPointInJourneyPattern>
<StopPointInJourneyPattern order="10" version="any" id="SE:020:StopPointInJourneyPattern:205339415000021131_205330000087099205">
    <ScheduledStopPointRef ref="SE:020:ScheduledStopPoint:9022020531265002"/>
    <ForAlighting>true</ForAlighting>
    <ForBoarding>true</ForBoarding>
    <RequestStop>true</RequestStop>
</StopPointInJourneyPattern>
<StopPointInJourneyPattern order="11" version="any" id="SE:020:StopPointInJourneyPattern:205339415000021131_205330000087099206">
    <ScheduledStopPointRef ref="SE:020:ScheduledStopPoint:9022020531264001"/>
    <ForAlighting>true</ForAlighting>
    <ForBoarding>true</ForBoarding>
    <RequestStop>true</RequestStop>
</StopPointInJourneyPattern>
<StopPointInJourneyPattern order="12" version="any" id="SE:020:StopPointInJourneyPattern:205339415000021131_205330000087099207">
    <ScheduledStopPointRef ref="SE:020:ScheduledStopPoint:9022020531273001"/>
    <ForAlighting>true</ForAlighting>
    <ForBoarding>false</ForBoarding>
    <RequestStop>true</RequestStop>
</StopPointInJourneyPattern>
                            </pointsInSequence>
                            <linksInSequence>
<ServiceLinkInJourneyPattern order="1" version="any" id="SE:020:ServiceLinkInJourneyPattern:BUS_37142">
    <ServiceLinkRef ref="SE:020:ServiceLink:BUS_9025020053105701_9025020053127201"/>
</ServiceLinkInJourneyPattern>
<ServiceLinkInJourneyPattern order="2" version="any" id="SE:020:ServiceLinkInJourneyPattern:BUS_37143">
    <ServiceLinkRef ref="SE:020:ServiceLink:BUS_9025020053127201_9025020053127002"/>
</ServiceLinkInJourneyPattern>
<ServiceLinkInJourneyPattern order="3" version="any" id="SE:020:ServiceLinkInJourneyPattern:BUS_37144">
    <ServiceLinkRef ref="SE:020:ServiceLink:BUS_9025020053127002_9025020053127101"/>
</ServiceLinkInJourneyPattern>
<ServiceLinkInJourneyPattern order="4" version="any" id="SE:020:ServiceLinkInJourneyPattern:BUS_37145">
    <ServiceLinkRef ref="SE:020:ServiceLink:BUS_9025020053127101_9025020053127001"/>
</ServiceLinkInJourneyPattern>
<ServiceLinkInJourneyPattern order="5" version="any" id="SE:020:ServiceLinkInJourneyPattern:BUS_37146">
    <ServiceLinkRef ref="SE:020:ServiceLink:BUS_9025020053127001_9025020053126902"/>
</ServiceLinkInJourneyPattern>
<ServiceLinkInJourneyPattern order="6" version="any" id="SE:020:ServiceLinkInJourneyPattern:BUS_37147">
    <ServiceLinkRef ref="SE:020:ServiceLink:BUS_9025020053126902_9025020053126802"/>
</ServiceLinkInJourneyPattern>
<ServiceLinkInJourneyPattern order="7" version="any" id="SE:020:ServiceLinkInJourneyPattern:BUS_37148">
    <ServiceLinkRef ref="SE:020:ServiceLink:BUS_9025020053126802_9025020053126702"/>
</ServiceLinkInJourneyPattern>
<ServiceLinkInJourneyPattern order="8" version="any" id="SE:020:ServiceLinkInJourneyPattern:BUS_37149">
    <ServiceLinkRef ref="SE:020:ServiceLink:BUS_9025020053126702_9025020053126602"/>
</ServiceLinkInJourneyPattern>
<ServiceLinkInJourneyPattern order="9" version="any" id="SE:020:ServiceLinkInJourneyPattern:BUS_37150">
    <ServiceLinkRef ref="SE:020:ServiceLink:BUS_9025020053126602_9025020053126502"/>
</ServiceLinkInJourneyPattern>
<ServiceLinkInJourneyPattern order="10" version="any" id="SE:020:ServiceLinkInJourneyPattern:BUS_37151">
    <ServiceLinkRef ref="SE:020:ServiceLink:BUS_9025020053126502_9025020053126401"/>
</ServiceLinkInJourneyPattern>
<ServiceLinkInJourneyPattern order="11" version="any" id="SE:020:ServiceLinkInJourneyPattern:BUS_37152">
    <ServiceLinkRef ref="SE:020:ServiceLink:BUS_9025020053126401_9025020053127301"/>
</ServiceLinkInJourneyPattern>
                            </linksInSequence>
                        </JourneyPattern>
                        <JourneyPattern version="any" id="SE:020:JourneyPattern:205339415000024681">
                            <RouteRef ref="SE:020:Route:205330000087099191" version="any"/>
                            <pointsInSequence>
<StopPointInJourneyPattern order="1" version="any" id="SE:020:StopPointInJourneyPattern:205339415000024681_205330000087099196">
    <ScheduledStopPointRef ref="SE:020:ScheduledStopPoint:9022020531057001"/>
    <ForAlighting>false</ForAlighting>
    <ForBoarding>true</ForBoarding>
    <DestinationDisplayRef ref="SE:020:DestinationDisplay:205330000113220192"/>
    <RequestStop>true</RequestStop>
</StopPointInJourneyPattern>
<StopPointInJourneyPattern order="2" version="any" id="SE:020:StopPointInJourneyPattern:205339415000024681_205330000087099197">
    <ScheduledStopPointRef ref="SE:020:ScheduledStopPoint:9022020531272001"/>
    <ForAlighting>true</ForAlighting>
    <ForBoarding>true</ForBoarding>
    <RequestStop>true</RequestStop>
</StopPointInJourneyPattern>
<StopPointInJourneyPattern order="3" version="any" id="SE:020:StopPointInJourneyPattern:205339415000024681_205330000087099198">
    <ScheduledStopPointRef ref="SE:020:ScheduledStopPoint:9022020531270002"/>
    <ForAlighting>true</ForAlighting>
    <ForBoarding>true</ForBoarding>
    <RequestStop>true</RequestStop>
</StopPointInJourneyPattern>
<StopPointInJourneyPattern order="4" version="any" id="SE:020:StopPointInJourneyPattern:205339415000024681_205330000087099199">
    <ScheduledStopPointRef ref="SE:020:ScheduledStopPoint:9022020531271001"/>
    <ForAlighting>true</ForAlighting>
    <ForBoarding>true</ForBoarding>
    <RequestStop>true</RequestStop>
</StopPointInJourneyPattern>
<StopPointInJourneyPattern order="5" version="any" id="SE:020:StopPointInJourneyPattern:205339415000024681_205330000087099200">
    <ScheduledStopPointRef ref="SE:020:ScheduledStopPoint:9022020531270001"/>
    <ForAlighting>true</ForAlighting>
    <ForBoarding>true</ForBoarding>
    <RequestStop>true</RequestStop>
</StopPointInJourneyPattern>
<StopPointInJourneyPattern order="6" version="any" id="SE:020:StopPointInJourneyPattern:205339415000024681_205330000087099201">
    <ScheduledStopPointRef ref="SE:020:ScheduledStopPoint:9022020531269002"/>
    <ForAlighting>true</ForAlighting>
    <ForBoarding>true</ForBoarding>
    <RequestStop>true</RequestStop>
</StopPointInJourneyPattern>
<StopPointInJourneyPattern order="7" version="any" id="SE:020:StopPointInJourneyPattern:205339415000024681_205330000087099202">
    <ScheduledStopPointRef ref="SE:020:ScheduledStopPoint:9022020531268002"/>
    <ForAlighting>true</ForAlighting>
    <ForBoarding>true</ForBoarding>
    <RequestStop>true</RequestStop>
</StopPointInJourneyPattern>
<StopPointInJourneyPattern order="8" version="any" id="SE:020:StopPointInJourneyPattern:205339415000024681_205330000087099203">
    <ScheduledStopPointRef ref="SE:020:ScheduledStopPoint:9022020531267002"/>
    <ForAlighting>true</ForAlighting>
    <ForBoarding>true</ForBoarding>
    <RequestStop>true</RequestStop>
</StopPointInJourneyPattern>
<StopPointInJourneyPattern order="9" version="any" id="SE:020:StopPointInJourneyPattern:205339415000024681_205330000087099204">
    <ScheduledStopPointRef ref="SE:020:ScheduledStopPoint:9022020531266002"/>
    <ForAlighting>true</ForAlighting>
    <ForBoarding>true</ForBoarding>
    <RequestStop>true</RequestStop>
</StopPointInJourneyPattern>
<StopPointInJourneyPattern order="10" version="any" id="SE:020:StopPointInJourneyPattern:205339415000024681_205330000087099205">
    <ScheduledStopPointRef ref="SE:020:ScheduledStopPoint:9022020531265002"/>
    <ForAlighting>true</ForAlighting>
    <ForBoarding>true</ForBoarding>
    <RequestStop>true</RequestStop>
</StopPointInJourneyPattern>
<StopPointInJourneyPattern order="11" version="any" id="SE:020:StopPointInJourneyPattern:205339415000024681_205330000087099206">
    <ScheduledStopPointRef ref="SE:020:ScheduledStopPoint:9022020531264001"/>
    <ForAlighting>true</ForAlighting>
    <ForBoarding>true</ForBoarding>
    <RequestStop>true</RequestStop>
</StopPointInJourneyPattern>
<StopPointInJourneyPattern order="12" version="any" id="SE:020:StopPointInJourneyPattern:205339415000024681_205330000087099207">
    <ScheduledStopPointRef ref="SE:020:ScheduledStopPoint:9022020531273001"/>
    <ForAlighting>true</ForAlighting>
    <ForBoarding>false</ForBoarding>
    <RequestStop>true</RequestStop>
</StopPointInJourneyPattern>
                            </pointsInSequence>
                            <linksInSequence>
<ServiceLinkInJourneyPattern order="1" version="any" id="SE:020:ServiceLinkInJourneyPattern:BUS_37153">
    <ServiceLinkRef ref="SE:020:ServiceLink:BUS_9025020053105701_9025020053127201"/>
</ServiceLinkInJourneyPattern>
<ServiceLinkInJourneyPattern order="2" version="any" id="SE:020:ServiceLinkInJourneyPattern:BUS_37154">
    <ServiceLinkRef ref="SE:020:ServiceLink:BUS_9025020053127201_9025020053127002"/>
</ServiceLinkInJourneyPattern>
<ServiceLinkInJourneyPattern order="3" version="any" id="SE:020:ServiceLinkInJourneyPattern:BUS_37155">
    <ServiceLinkRef ref="SE:020:ServiceLink:BUS_9025020053127002_9025020053127101"/>
</ServiceLinkInJourneyPattern>
<ServiceLinkInJourneyPattern order="4" version="any" id="SE:020:ServiceLinkInJourneyPattern:BUS_37156">
    <ServiceLinkRef ref="SE:020:ServiceLink:BUS_9025020053127101_9025020053127001"/>
</ServiceLinkInJourneyPattern>
<ServiceLinkInJourneyPattern order="5" version="any" id="SE:020:ServiceLinkInJourneyPattern:BUS_37157">
    <ServiceLinkRef ref="SE:020:ServiceLink:BUS_9025020053127001_9025020053126902"/>
</ServiceLinkInJourneyPattern>
<ServiceLinkInJourneyPattern order="6" version="any" id="SE:020:ServiceLinkInJourneyPattern:BUS_37158">
    <ServiceLinkRef ref="SE:020:ServiceLink:BUS_9025020053126902_9025020053126802"/>
</ServiceLinkInJourneyPattern>
<ServiceLinkInJourneyPattern order="7" version="any" id="SE:020:ServiceLinkInJourneyPattern:BUS_37159">
    <ServiceLinkRef ref="SE:020:ServiceLink:BUS_9025020053126802_9025020053126702"/>
</ServiceLinkInJourneyPattern>
<ServiceLinkInJourneyPattern order="8" version="any" id="SE:020:ServiceLinkInJourneyPattern:BUS_37160">
    <ServiceLinkRef ref="SE:020:ServiceLink:BUS_9025020053126702_9025020053126602"/>
</ServiceLinkInJourneyPattern>
<ServiceLinkInJourneyPattern order="9" version="any" id="SE:020:ServiceLinkInJourneyPattern:BUS_37161">
    <ServiceLinkRef ref="SE:020:ServiceLink:BUS_9025020053126602_9025020053126502"/>
</ServiceLinkInJourneyPattern>
<ServiceLinkInJourneyPattern order="10" version="any" id="SE:020:ServiceLinkInJourneyPattern:BUS_37162">
    <ServiceLinkRef ref="SE:020:ServiceLink:BUS_9025020053126502_9025020053126401"/>
</ServiceLinkInJourneyPattern>
<ServiceLinkInJourneyPattern order="11" version="any" id="SE:020:ServiceLinkInJourneyPattern:BUS_37163">
    <ServiceLinkRef ref="SE:020:ServiceLink:BUS_9025020053126401_9025020053127301"/>
</ServiceLinkInJourneyPattern>
                            </linksInSequence>
                        </JourneyPattern>
                        <JourneyPattern version="any" id="SE:020:JourneyPattern:205339415000021130">
                            <RouteRef ref="SE:020:Route:205330000087099163" version="any"/>
                            <pointsInSequence>
<StopPointInJourneyPattern order="1" version="any" id="SE:020:StopPointInJourneyPattern:205339415000021130_205330000087099168">
    <ScheduledStopPointRef ref="SE:020:ScheduledStopPoint:9022020531273001"/>
    <ForAlighting>false</ForAlighting>
    <ForBoarding>true</ForBoarding>
    <DestinationDisplayRef ref="SE:020:DestinationDisplay:205330000095466957"/>
    <RequestStop>true</RequestStop>
</StopPointInJourneyPattern>
<StopPointInJourneyPattern order="2" version="any" id="SE:020:StopPointInJourneyPattern:205339415000021130_205330000087099169">
    <ScheduledStopPointRef ref="SE:020:ScheduledStopPoint:9022020531264001"/>
    <ForAlighting>true</ForAlighting>
    <ForBoarding>true</ForBoarding>
    <RequestStop>true</RequestStop>
</StopPointInJourneyPattern>
<StopPointInJourneyPattern order="3" version="any" id="SE:020:StopPointInJourneyPattern:205339415000021130_205330000087099170">
    <ScheduledStopPointRef ref="SE:020:ScheduledStopPoint:9022020531265001"/>
    <ForAlighting>true</ForAlighting>
    <ForBoarding>true</ForBoarding>
    <RequestStop>true</RequestStop>
</StopPointInJourneyPattern>
<StopPointInJourneyPattern order="4" version="any" id="SE:020:StopPointInJourneyPattern:205339415000021130_205330000087099171">
    <ScheduledStopPointRef ref="SE:020:ScheduledStopPoint:9022020531266001"/>
    <ForAlighting>true</ForAlighting>
    <ForBoarding>true</ForBoarding>
    <RequestStop>true</RequestStop>
</StopPointInJourneyPattern>
<StopPointInJourneyPattern order="5" version="any" id="SE:020:StopPointInJourneyPattern:205339415000021130_205330000087099172">
    <ScheduledStopPointRef ref="SE:020:ScheduledStopPoint:9022020531267001"/>
    <ForAlighting>true</ForAlighting>
    <ForBoarding>true</ForBoarding>
    <RequestStop>true</RequestStop>
</StopPointInJourneyPattern>
<StopPointInJourneyPattern order="6" version="any" id="SE:020:StopPointInJourneyPattern:205339415000021130_205330000087099173">
    <ScheduledStopPointRef ref="SE:020:ScheduledStopPoint:9022020531268001"/>
    <ForAlighting>true</ForAlighting>
    <ForBoarding>true</ForBoarding>
    <RequestStop>true</RequestStop>
</StopPointInJourneyPattern>
<StopPointInJourneyPattern order="7" version="any" id="SE:020:StopPointInJourneyPattern:205339415000021130_205330000087099174">
    <ScheduledStopPointRef ref="SE:020:ScheduledStopPoint:9022020531269001"/>
    <ForAlighting>true</ForAlighting>
    <ForBoarding>true</ForBoarding>
    <RequestStop>true</RequestStop>
</StopPointInJourneyPattern>
<StopPointInJourneyPattern order="8" version="any" id="SE:020:StopPointInJourneyPattern:205339415000021130_205330000087099175">
    <ScheduledStopPointRef ref="SE:020:ScheduledStopPoint:9022020531270002"/>
    <ForAlighting>true</ForAlighting>
    <ForBoarding>true</ForBoarding>
    <RequestStop>true</RequestStop>
</StopPointInJourneyPattern>
<StopPointInJourneyPattern order="9" version="any" id="SE:020:StopPointInJourneyPattern:205339415000021130_205330000087099176">
    <ScheduledStopPointRef ref="SE:020:ScheduledStopPoint:9022020531271001"/>
    <ForAlighting>true</ForAlighting>
    <ForBoarding>true</ForBoarding>
    <RequestStop>true</RequestStop>
</StopPointInJourneyPattern>
<StopPointInJourneyPattern order="10" version="any" id="SE:020:StopPointInJourneyPattern:205339415000021130_205330000087099177">
    <ScheduledStopPointRef ref="SE:020:ScheduledStopPoint:9022020531270001"/>
    <ForAlighting>true</ForAlighting>
    <ForBoarding>true</ForBoarding>
    <RequestStop>true</RequestStop>
</StopPointInJourneyPattern>
<StopPointInJourneyPattern order="11" version="any" id="SE:020:StopPointInJourneyPattern:205339415000021130_205330000087099178">
    <ScheduledStopPointRef ref="SE:020:ScheduledStopPoint:9022020531272001"/>
    <ForAlighting>true</ForAlighting>
    <ForBoarding>true</ForBoarding>
    <RequestStop>true</RequestStop>
</StopPointInJourneyPattern>
<StopPointInJourneyPattern order="12" version="any" id="SE:020:StopPointInJourneyPattern:205339415000021130_205330000087099179">
    <ScheduledStopPointRef ref="SE:020:ScheduledStopPoint:9022020531057001"/>
    <ForAlighting>true</ForAlighting>
    <ForBoarding>false</ForBoarding>
    <RequestStop>true</RequestStop>
</StopPointInJourneyPattern>
                            </pointsInSequence>
                            <linksInSequence>
<ServiceLinkInJourneyPattern order="1" version="any" id="SE:020:ServiceLinkInJourneyPattern:BUS_37164">
    <ServiceLinkRef ref="SE:020:ServiceLink:BUS_9025020053127301_9025020053126401"/>
</ServiceLinkInJourneyPattern>
<ServiceLinkInJourneyPattern order="2" version="any" id="SE:020:ServiceLinkInJourneyPattern:BUS_37165">
    <ServiceLinkRef ref="SE:020:ServiceLink:BUS_9025020053126401_9025020053126501"/>
</ServiceLinkInJourneyPattern>
<ServiceLinkInJourneyPattern order="3" version="any" id="SE:020:ServiceLinkInJourneyPattern:BUS_37166">
    <ServiceLinkRef ref="SE:020:ServiceLink:BUS_9025020053126501_9025020053126601"/>
</ServiceLinkInJourneyPattern>
<ServiceLinkInJourneyPattern order="4" version="any" id="SE:020:ServiceLinkInJourneyPattern:BUS_37167">
    <ServiceLinkRef ref="SE:020:ServiceLink:BUS_9025020053126601_9025020053126701"/>
</ServiceLinkInJourneyPattern>
<ServiceLinkInJourneyPattern order="5" version="any" id="SE:020:ServiceLinkInJourneyPattern:BUS_37168">
    <ServiceLinkRef ref="SE:020:ServiceLink:BUS_9025020053126701_9025020053126801"/>
</ServiceLinkInJourneyPattern>
<ServiceLinkInJourneyPattern order="6" version="any" id="SE:020:ServiceLinkInJourneyPattern:BUS_37169">
    <ServiceLinkRef ref="SE:020:ServiceLink:BUS_9025020053126801_9025020053126901"/>
</ServiceLinkInJourneyPattern>
<ServiceLinkInJourneyPattern order="7" version="any" id="SE:020:ServiceLinkInJourneyPattern:BUS_37170">
    <ServiceLinkRef ref="SE:020:ServiceLink:BUS_9025020053126901_9025020053127002"/>
</ServiceLinkInJourneyPattern>
<ServiceLinkInJourneyPattern order="8" version="any" id="SE:020:ServiceLinkInJourneyPattern:BUS_37171">
    <ServiceLinkRef ref="SE:020:ServiceLink:BUS_9025020053127002_9025020053127101"/>
</ServiceLinkInJourneyPattern>
<ServiceLinkInJourneyPattern order="9" version="any" id="SE:020:ServiceLinkInJourneyPattern:BUS_37172">
    <ServiceLinkRef ref="SE:020:ServiceLink:BUS_9025020053127101_9025020053127001"/>
</ServiceLinkInJourneyPattern>
<ServiceLinkInJourneyPattern order="10" version="any" id="SE:020:ServiceLinkInJourneyPattern:BUS_37173">
    <ServiceLinkRef ref="SE:020:ServiceLink:BUS_9025020053127001_9025020053127201"/>
</ServiceLinkInJourneyPattern>
<ServiceLinkInJourneyPattern order="11" version="any" id="SE:020:ServiceLinkInJourneyPattern:BUS_37174">
    <ServiceLinkRef ref="SE:020:ServiceLink:BUS_9025020053127201_9025020053105701"/>
</ServiceLinkInJourneyPattern>
                            </linksInSequence>
                        </JourneyPattern>
                    </journeyPatterns>
                </ServiceFrame>
                <TimetableFrame version="20240902035740" id="SE:020:TimetableFrame:9011020075400000">
                    <vehicleJourneys>
                        <ServiceJourney version="any" id="SE:020:ServiceJourney:205330000113220214">
                            <TransportMode>bus</TransportMode>
                            <TransportSubmode>
<BusSubmode>unknown</BusSubmode>
                            </TransportSubmode>
                            <dayTypes>
<DayTypeRef ref="SE:020:DayType:othi1r1tpufluq1m5htckoa1qd29qaqr"/>
                            </dayTypes>
                            <JourneyPatternRef ref="SE:020:JourneyPattern:205339415000021130" version="any"/>
                            <OperatorRef ref="SE:020:Operator:9013020810000000"/>
                            <passingTimes>
<TimetabledPassingTime version="any" id="SE:020:TimetabledPassingTime:205330000113220200">
    <StopPointInJourneyPatternRef ref="SE:020:StopPointInJourneyPattern:205339415000021130_205330000087099168" version="any"/>
    <DepartureTime>06:15:00</DepartureTime>
</TimetabledPassingTime>
<TimetabledPassingTime version="any" id="SE:020:TimetabledPassingTime:205330000113220201">
    <StopPointInJourneyPatternRef ref="SE:020:StopPointInJourneyPattern:205339415000021130_205330000087099169" version="any"/>
    <ArrivalTime>06:22:00</ArrivalTime>
    <DepartureTime>06:22:00</DepartureTime>
</TimetabledPassingTime>
<TimetabledPassingTime version="any" id="SE:020:TimetabledPassingTime:205330000113220202">
    <StopPointInJourneyPatternRef ref="SE:020:StopPointInJourneyPattern:205339415000021130_205330000087099170" version="any"/>
    <ArrivalTime>06:22:25</ArrivalTime>
    <DepartureTime>06:22:25</DepartureTime>
</TimetabledPassingTime>
<TimetabledPassingTime version="any" id="SE:020:TimetabledPassingTime:205330000113220203">
    <StopPointInJourneyPatternRef ref="SE:020:StopPointInJourneyPattern:205339415000021130_205330000087099171" version="any"/>
    <ArrivalTime>06:26:29</ArrivalTime>
    <DepartureTime>06:26:29</DepartureTime>
</TimetabledPassingTime>
<TimetabledPassingTime version="any" id="SE:020:TimetabledPassingTime:205330000113220204">
    <StopPointInJourneyPatternRef ref="SE:020:StopPointInJourneyPattern:205339415000021130_205330000087099172" version="any"/>
    <ArrivalTime>06:29:22</ArrivalTime>
    <DepartureTime>06:29:22</DepartureTime>
</TimetabledPassingTime>
<TimetabledPassingTime version="any" id="SE:020:TimetabledPassingTime:205330000113220205">
    <StopPointInJourneyPatternRef ref="SE:020:StopPointInJourneyPattern:205339415000021130_205330000087099173" version="any"/>
    <ArrivalTime>06:34:00</ArrivalTime>
    <DepartureTime>06:34:00</DepartureTime>
</TimetabledPassingTime>
<TimetabledPassingTime version="any" id="SE:020:TimetabledPassingTime:205330000113220206">
    <StopPointInJourneyPatternRef ref="SE:020:StopPointInJourneyPattern:205339415000021130_205330000087099174" version="any"/>
    <ArrivalTime>06:35:21</ArrivalTime>
    <DepartureTime>06:35:21</DepartureTime>
</TimetabledPassingTime>
<TimetabledPassingTime version="any" id="SE:020:TimetabledPassingTime:205330000113220207">
    <StopPointInJourneyPatternRef ref="SE:020:StopPointInJourneyPattern:205339415000021130_205330000087099175" version="any"/>
    <ArrivalTime>06:43:17</ArrivalTime>
    <DepartureTime>06:43:17</DepartureTime>
</TimetabledPassingTime>
<TimetabledPassingTime version="any" id="SE:020:TimetabledPassingTime:205330000113220208">
    <StopPointInJourneyPatternRef ref="SE:020:StopPointInJourneyPattern:205339415000021130_205330000087099176" version="any"/>
    <ArrivalTime>06:46:00</ArrivalTime>
    <DepartureTime>06:46:00</DepartureTime>
</TimetabledPassingTime>
<TimetabledPassingTime version="any" id="SE:020:TimetabledPassingTime:205330000113220209">
    <StopPointInJourneyPatternRef ref="SE:020:StopPointInJourneyPattern:205339415000021130_205330000087099177" version="any"/>
    <ArrivalTime>06:47:11</ArrivalTime>
    <DepartureTime>06:47:11</DepartureTime>
</TimetabledPassingTime>
<TimetabledPassingTime version="any" id="SE:020:TimetabledPassingTime:205330000113220210">
    <StopPointInJourneyPatternRef ref="SE:020:StopPointInJourneyPattern:205339415000021130_205330000087099178" version="any"/>
    <ArrivalTime>06:52:00</ArrivalTime>
    <DepartureTime>06:52:00</DepartureTime>
</TimetabledPassingTime>
<TimetabledPassingTime version="any" id="SE:020:TimetabledPassingTime:205330000113220211">
    <StopPointInJourneyPatternRef ref="SE:020:StopPointInJourneyPattern:205339415000021130_205330000087099179" version="any"/>
    <ArrivalTime>06:59:00</ArrivalTime>
</TimetabledPassingTime>
                            </passingTimes>
                            <FlexibleServiceProperties>
<FlexibleServiceType>fixedPassingTimes</FlexibleServiceType>
<BookWhen>advanceOnly</BookWhen>
<BookingNote>Turen ska förbeställas senast klockan 18:00 dagen innan resa, gäller i vår app Dalatrafik eller via telefon 0774-44 00 00.</BookingNote>
                            </FlexibleServiceProperties>
                        </ServiceJourney>
                        <ServiceJourney version="any" id="SE:020:ServiceJourney:205330000113220239">
                            <TransportMode>bus</TransportMode>
                            <TransportSubmode>
<BusSubmode>unknown</BusSubmode>
                            </TransportSubmode>
                            <dayTypes>
<DayTypeRef ref="SE:020:DayType:9d3rvp04s2f1u6ev0agtoq5ifuvkuc8d"/>
                            </dayTypes>
                            <JourneyPatternRef ref="SE:020:JourneyPattern:205339415000021130" version="any"/>
                            <OperatorRef ref="SE:020:Operator:9013020810000000"/>
                            <passingTimes>
<TimetabledPassingTime version="any" id="SE:020:TimetabledPassingTime:205330000113220225">
    <StopPointInJourneyPatternRef ref="SE:020:StopPointInJourneyPattern:205339415000021130_205330000087099168" version="any"/>
    <DepartureTime>08:25:00</DepartureTime>
</TimetabledPassingTime>
<TimetabledPassingTime version="any" id="SE:020:TimetabledPassingTime:205330000113220226">
    <StopPointInJourneyPatternRef ref="SE:020:StopPointInJourneyPattern:205339415000021130_205330000087099169" version="any"/>
    <ArrivalTime>08:32:00</ArrivalTime>
    <DepartureTime>08:32:00</DepartureTime>
</TimetabledPassingTime>
<TimetabledPassingTime version="any" id="SE:020:TimetabledPassingTime:205330000113220227">
    <StopPointInJourneyPatternRef ref="SE:020:StopPointInJourneyPattern:205339415000021130_205330000087099170" version="any"/>
    <ArrivalTime>08:32:25</ArrivalTime>
    <DepartureTime>08:32:25</DepartureTime>
</TimetabledPassingTime>
<TimetabledPassingTime version="any" id="SE:020:TimetabledPassingTime:205330000113220228">
    <StopPointInJourneyPatternRef ref="SE:020:StopPointInJourneyPattern:205339415000021130_205330000087099171" version="any"/>
    <ArrivalTime>08:36:29</ArrivalTime>
    <DepartureTime>08:36:29</DepartureTime>
</TimetabledPassingTime>
<TimetabledPassingTime version="any" id="SE:020:TimetabledPassingTime:205330000113220229">
    <StopPointInJourneyPatternRef ref="SE:020:StopPointInJourneyPattern:205339415000021130_205330000087099172" version="any"/>
    <ArrivalTime>08:39:22</ArrivalTime>
    <DepartureTime>08:39:22</DepartureTime>
</TimetabledPassingTime>
<TimetabledPassingTime version="any" id="SE:020:TimetabledPassingTime:205330000113220230">
    <StopPointInJourneyPatternRef ref="SE:020:StopPointInJourneyPattern:205339415000021130_205330000087099173" version="any"/>
    <ArrivalTime>08:44:00</ArrivalTime>
    <DepartureTime>08:44:00</DepartureTime>
</TimetabledPassingTime>
<TimetabledPassingTime version="any" id="SE:020:TimetabledPassingTime:205330000113220231">
    <StopPointInJourneyPatternRef ref="SE:020:StopPointInJourneyPattern:205339415000021130_205330000087099174" version="any"/>
    <ArrivalTime>08:45:21</ArrivalTime>
    <DepartureTime>08:45:21</DepartureTime>
</TimetabledPassingTime>
<TimetabledPassingTime version="any" id="SE:020:TimetabledPassingTime:205330000113220232">
    <StopPointInJourneyPatternRef ref="SE:020:StopPointInJourneyPattern:205339415000021130_205330000087099175" version="any"/>
    <ArrivalTime>08:53:17</ArrivalTime>
    <DepartureTime>08:53:17</DepartureTime>
</TimetabledPassingTime>
<TimetabledPassingTime version="any" id="SE:020:TimetabledPassingTime:205330000113220233">
    <StopPointInJourneyPatternRef ref="SE:020:StopPointInJourneyPattern:205339415000021130_205330000087099176" version="any"/>
    <ArrivalTime>08:56:00</ArrivalTime>
    <DepartureTime>08:56:00</DepartureTime>
</TimetabledPassingTime>
<TimetabledPassingTime version="any" id="SE:020:TimetabledPassingTime:205330000113220234">
    <StopPointInJourneyPatternRef ref="SE:020:StopPointInJourneyPattern:205339415000021130_205330000087099177" version="any"/>
    <ArrivalTime>08:57:11</ArrivalTime>
    <DepartureTime>08:57:11</DepartureTime>
</TimetabledPassingTime>
<TimetabledPassingTime version="any" id="SE:020:TimetabledPassingTime:205330000113220235">
    <StopPointInJourneyPatternRef ref="SE:020:StopPointInJourneyPattern:205339415000021130_205330000087099178" version="any"/>
    <ArrivalTime>09:02:00</ArrivalTime>
    <DepartureTime>09:02:00</DepartureTime>
</TimetabledPassingTime>
<TimetabledPassingTime version="any" id="SE:020:TimetabledPassingTime:205330000113220236">
    <StopPointInJourneyPatternRef ref="SE:020:StopPointInJourneyPattern:205339415000021130_205330000087099179" version="any"/>
    <ArrivalTime>09:09:00</ArrivalTime>
</TimetabledPassingTime>
                            </passingTimes>
                            <FlexibleServiceProperties>
<FlexibleServiceType>fixedPassingTimes</FlexibleServiceType>
<BookWhen>advanceOnly</BookWhen>
<BookingNote>Turen ska förbeställas senast 2 timmar före bussens avgångstid, gäller i vår app Dalatrafik eller via telefon 0774-44 00 00.</BookingNote>
                            </FlexibleServiceProperties>
                        </ServiceJourney>
                        <ServiceJourney version="any" id="SE:020:ServiceJourney:205330000116445693">
                            <TransportMode>bus</TransportMode>
                            <TransportSubmode>
<BusSubmode>unknown</BusSubmode>
                            </TransportSubmode>
                            <dayTypes>
<DayTypeRef ref="SE:020:DayType:ttudpaml6eaa75t61t21fhvaalkaleq1"/>
                            </dayTypes>
                            <JourneyPatternRef ref="SE:020:JourneyPattern:205339415000024681" version="any"/>
                            <OperatorRef ref="SE:020:Operator:9013020810000000"/>
                            <passingTimes>
<TimetabledPassingTime version="any" id="SE:020:TimetabledPassingTime:205330000116445679">
    <StopPointInJourneyPatternRef ref="SE:020:StopPointInJourneyPattern:205339415000024681_205330000087099196" version="any"/>
    <DepartureTime>13:47:00</DepartureTime>
</TimetabledPassingTime>
<TimetabledPassingTime version="any" id="SE:020:TimetabledPassingTime:205330000116445680">
    <StopPointInJourneyPatternRef ref="SE:020:StopPointInJourneyPattern:205339415000024681_205330000087099197" version="any"/>
    <ArrivalTime>13:53:00</ArrivalTime>
    <DepartureTime>13:53:00</DepartureTime>
</TimetabledPassingTime>
<TimetabledPassingTime version="any" id="SE:020:TimetabledPassingTime:205330000116445681">
    <StopPointInJourneyPatternRef ref="SE:020:StopPointInJourneyPattern:205339415000024681_205330000087099198" version="any"/>
    <ArrivalTime>13:57:55</ArrivalTime>
    <DepartureTime>13:57:55</DepartureTime>
</TimetabledPassingTime>
<TimetabledPassingTime version="any" id="SE:020:TimetabledPassingTime:205330000116445682">
    <StopPointInJourneyPatternRef ref="SE:020:StopPointInJourneyPattern:205339415000024681_205330000087099199" version="any"/>
    <ArrivalTime>14:00:00</ArrivalTime>
    <DepartureTime>14:00:00</DepartureTime>
</TimetabledPassingTime>
<TimetabledPassingTime version="any" id="SE:020:TimetabledPassingTime:205330000116445683">
    <StopPointInJourneyPatternRef ref="SE:020:StopPointInJourneyPattern:205339415000024681_205330000087099200" version="any"/>
    <ArrivalTime>14:01:31</ArrivalTime>
    <DepartureTime>14:01:31</DepartureTime>
</TimetabledPassingTime>
<TimetabledPassingTime version="any" id="SE:020:TimetabledPassingTime:205330000116445684">
    <StopPointInJourneyPatternRef ref="SE:020:StopPointInJourneyPattern:205339415000024681_205330000087099201" version="any"/>
    <ArrivalTime>14:09:27</ArrivalTime>
    <DepartureTime>14:09:27</DepartureTime>
</TimetabledPassingTime>
<TimetabledPassingTime version="any" id="SE:020:TimetabledPassingTime:205330000116445685">
    <StopPointInJourneyPatternRef ref="SE:020:StopPointInJourneyPattern:205339415000024681_205330000087099202" version="any"/>
    <ArrivalTime>14:12:00</ArrivalTime>
    <DepartureTime>14:12:00</DepartureTime>
</TimetabledPassingTime>
<TimetabledPassingTime version="any" id="SE:020:TimetabledPassingTime:205330000116445686">
    <StopPointInJourneyPatternRef ref="SE:020:StopPointInJourneyPattern:205339415000024681_205330000087099203" version="any"/>
    <ArrivalTime>14:15:44</ArrivalTime>
    <DepartureTime>14:15:44</DepartureTime>
</TimetabledPassingTime>
<TimetabledPassingTime version="any" id="SE:020:TimetabledPassingTime:205330000116445687">
    <StopPointInJourneyPatternRef ref="SE:020:StopPointInJourneyPattern:205339415000024681_205330000087099204" version="any"/>
    <ArrivalTime>14:18:50</ArrivalTime>
    <DepartureTime>14:18:50</DepartureTime>
</TimetabledPassingTime>
<TimetabledPassingTime version="any" id="SE:020:TimetabledPassingTime:205330000116445688">
    <StopPointInJourneyPatternRef ref="SE:020:StopPointInJourneyPattern:205339415000024681_205330000087099205" version="any"/>
    <ArrivalTime>14:23:15</ArrivalTime>
    <DepartureTime>14:23:15</DepartureTime>
</TimetabledPassingTime>
<TimetabledPassingTime version="any" id="SE:020:TimetabledPassingTime:205330000116445689">
    <StopPointInJourneyPatternRef ref="SE:020:StopPointInJourneyPattern:205339415000024681_205330000087099206" version="any"/>
    <ArrivalTime>14:25:00</ArrivalTime>
    <DepartureTime>14:25:00</DepartureTime>
</TimetabledPassingTime>
<TimetabledPassingTime version="any" id="SE:020:TimetabledPassingTime:205330000116445690">
    <StopPointInJourneyPatternRef ref="SE:020:StopPointInJourneyPattern:205339415000024681_205330000087099207" version="any"/>
    <ArrivalTime>14:32:00</ArrivalTime>
</TimetabledPassingTime>
                            </passingTimes>
                            <FlexibleServiceProperties>
<FlexibleServiceType>fixedPassingTimes</FlexibleServiceType>
<BookWhen>advanceOnly</BookWhen>
<BookingNote>Turen ska förbeställas senast 2 timmar före bussens avgångstid, gäller i vår app Dalatrafik eller via telefon 0774-44 00 00.</BookingNote>
                            </FlexibleServiceProperties>
                        </ServiceJourney>
                    </vehicleJourneys>
                    <journeyInterchanges>
                        <ServiceJourneyInterchange version="any" id="SE:020:ServiceJourneyInterchange:205330000116445693_1">
                            <Priority>0</Priority>
                            <Guaranteed>false</Guaranteed>
                            <Advertised>true</Advertised>
                            <FromPointRef ref="SE:020:ScheduledStopPoint:9022020531057002"/>
                            <ToPointRef ref="SE:020:ScheduledStopPoint:9022020531057001"/>
                            <FromJourneyRef ref="SE:020:ServiceJourney:205330000116155563"/>
                            <ToJourneyRef ref="SE:020:ServiceJourney:205330000116445693" version="any"/>
                        </ServiceJourneyInterchange>
                    </journeyInterchanges>
                </TimetableFrame>
            </frames>
        </CompositeFrame>
    </dataObjects>
</PublicationDelivery>
