<?xml version="1.0" encoding="UTF-8" standalone="yes"?>
<PublicationDelivery xmlns="http://www.netex.org.uk/netex" xmlns:ns2="http://www.opengis.net/gml/3.2" xmlns:ns3="http://www.siri.org.uk/siri" version="1.11:NO-NeTEx-networktimetable:1.3">
    <PublicationTimestamp>2024-09-02T03:57:40</PublicationTimestamp>
    <ParticipantRef>SAM</ParticipantRef>
    <dataObjects>
        <CompositeFrame created="2024-09-02T03:57:40" version="20240902035740" id="SE:020:CompositeFrame:9011020022000000">
            <ValidBetween>
                <FromDate>1970-01-01T00:00:00</FromDate>
            </ValidBetween>
            <codespaces>
                <Codespace id="SE:020">
                    <Xmlns>SE:020</Xmlns>
                    <XmlnsUrl>http://www.samtrafiken.se/ns/dt</XmlnsUrl>
                </Codespace>
            </codespaces>
            <FrameDefaults>
                <DefaultLocale>
                    <TimeZone>Europe/Stockholm</TimeZone>
                    <DefaultLanguage>se</DefaultLanguage>
                </DefaultLocale>
                <DefaultLocationSystem>4326</DefaultLocationSystem>
            </FrameDefaults>
            <frames>
                <ServiceFrame version="20240902035740" id="SE:020:ServiceFrame:9011020022000000">
                    <routes>
                        <Route version="any" id="SE:020:Route:205330000101543456">
                            <Name>Ornäs skola</Name>
                            <LineRef ref="SE:020:Line:9011020022000000" version="210812"/>
                            <DirectionType>outbound</DirectionType>
                            <pointsInSequence>
<PointOnRoute order="1" version="any" id="SE:020:PointOnRoute:205330000101543461">
    <RoutePointRef ref="SE:020:RoutePoint:9022020581290002"/>
</PointOnRoute>
<PointOnRoute order="2" version="any" id="SE:020:PointOnRoute:205330000101543462">
    <RoutePointRef ref="SE:020:RoutePoint:9022020581263002"/>
</PointOnRoute>
<PointOnRoute order="3" version="any" id="SE:020:PointOnRoute:205330000101543463">
    <RoutePointRef ref="SE:020:RoutePoint:9022020581261002"/>
</PointOnRoute>
<PointOnRoute order="4" version="any" id="SE:020:PointOnRoute:205330000101543464">
    <RoutePointRef ref="SE:020:RoutePoint:9022020581393001"/>
</PointOnRoute>
<PointOnRoute order="5" version="any" id="SE:020:PointOnRoute:205330000101543465">
    <RoutePointRef ref="SE:020:RoutePoint:9022020581161003"/>
</PointOnRoute>
<PointOnRoute order="6" version="any" id="SE:020:PointOnRoute:205330000101543466">
    <RoutePointRef ref="SE:020:RoutePoint:9022020581254001"/>
</PointOnRoute>
<PointOnRoute order="7" version="any" id="SE:020:PointOnRoute:205330000101543467">
    <RoutePointRef ref="SE:020:RoutePoint:9022020581384001"/>
</PointOnRoute>
<PointOnRoute order="8" version="any" id="SE:020:PointOnRoute:205330000101543468">
    <RoutePointRef ref="SE:020:RoutePoint:9022020581239001"/>
</PointOnRoute>
<PointOnRoute order="9" version="any" id="SE:020:PointOnRoute:205330000101543469">
    <RoutePointRef ref="SE:020:RoutePoint:9022020581399001"/>
</PointOnRoute>
<PointOnRoute order="10" version="any" id="SE:020:PointOnRoute:205330000101543470">
    <RoutePointRef ref="SE:020:RoutePoint:9022020581428001"/>
</PointOnRoute>
                            </pointsInSequence>
                        </Route>
                        <Route version="any" id="SE:020:Route:205330000114111419">
                            <Name>Ornäs skola</Name>
                            <LineRef ref="SE:020:Line:9011020022000000" version="210812"/>
                            <DirectionType>outbound</DirectionType>
                            <pointsInSequence>
<PointOnRoute order="1" version="any" id="SE:020:PointOnRoute:205330000114111424">
    <RoutePointRef ref="SE:020:RoutePoint:9022020581254001"/>
</PointOnRoute>
<PointOnRoute order="2" version="any" id="SE:020:PointOnRoute:205330000114111425">
    <RoutePointRef ref="SE:020:RoutePoint:9022020581384001"/>
</PointOnRoute>
<PointOnRoute order="3" version="any" id="SE:020:PointOnRoute:205330000114111426">
    <RoutePointRef ref="SE:020:RoutePoint:9022020581239001"/>
</PointOnRoute>
<PointOnRoute order="4" version="any" id="SE:020:PointOnRoute:205330000114111427">
    <RoutePointRef ref="SE:020:RoutePoint:9022020581399001"/>
</PointOnRoute>
<PointOnRoute order="5" version="any" id="SE:020:PointOnRoute:205330000114111428">
    <RoutePointRef ref="SE:020:RoutePoint:9022020581428003"/>
</PointOnRoute>
                            </pointsInSequence>
                        </Route>
                        <Route version="any" id="SE:020:Route:205330000114111440">
                            <Name>Tjärna Ängar</Name>
                            <LineRef ref="SE:020:Line:9011020022000000" version="210812"/>
                            <DirectionType>inbound</DirectionType>
                            <pointsInSequence>
<PointOnRoute order="1" version="any" id="SE:020:PointOnRoute:205330000114111445">
    <RoutePointRef ref="SE:020:RoutePoint:9022020581428003"/>
</PointOnRoute>
<PointOnRoute order="2" version="any" id="SE:020:PointOnRoute:205330000114111446">
    <RoutePointRef ref="SE:020:RoutePoint:9022020581399002"/>
</PointOnRoute>
<PointOnRoute order="3" version="any" id="SE:020:PointOnRoute:205330000114111447">
    <RoutePointRef ref="SE:020:RoutePoint:9022020581238002"/>
</PointOnRoute>
<PointOnRoute order="4" version="any" id="SE:020:PointOnRoute:205330000114111448">
    <RoutePointRef ref="SE:020:RoutePoint:9022020581239002"/>
</PointOnRoute>
<PointOnRoute order="5" version="any" id="SE:020:PointOnRoute:205330000114111449">
    <RoutePointRef ref="SE:020:RoutePoint:9022020581254003"/>
</PointOnRoute>
<PointOnRoute order="6" version="any" id="SE:020:PointOnRoute:205330000114111450">
    <RoutePointRef ref="SE:020:RoutePoint:9022020581161002"/>
</PointOnRoute>
<PointOnRoute order="7" version="any" id="SE:020:PointOnRoute:205330000114111451">
    <RoutePointRef ref="SE:020:RoutePoint:9022020581393002"/>
</PointOnRoute>
<PointOnRoute order="8" version="any" id="SE:020:PointOnRoute:205330000114111452">
    <RoutePointRef ref="SE:020:RoutePoint:9022020581261001"/>
</PointOnRoute>
<PointOnRoute order="9" version="any" id="SE:020:PointOnRoute:205330000114111453">
    <RoutePointRef ref="SE:020:RoutePoint:9022020581263001"/>
</PointOnRoute>
<PointOnRoute order="10" version="any" id="SE:020:PointOnRoute:205330000114111454">
    <RoutePointRef ref="SE:020:RoutePoint:9022020581290001"/>
</PointOnRoute>
                            </pointsInSequence>
                        </Route>
                    </routes>
                    <lines>
                        <Line version="210812" id="SE:020:Line:9011020022000000">
                            <ValidBetween>
<FromDate>2021-08-12T00:00:00</FromDate>
                            </ValidBetween>
                            <Name>220</Name>
                            <TransportMode>bus</TransportMode>
                            <TransportSubmode>
<BusSubmode>unknown</BusSubmode>
                            </TransportSubmode>
                            <PublicCode>220</PublicCode>
                            <PrivateCode>220</PrivateCode>
                            <RepresentedByGroupRef ref="SE:020:Network:9010020000000000"/>
                        </Line>
                    </lines>
                    <journeyPatterns>
                        <JourneyPattern version="any" id="SE:020:JourneyPattern:205339415000022468">
                            <RouteRef ref="SE:020:Route:205330000101543456" version="any"/>
                            <pointsInSequence>
<StopPointInJourneyPattern order="1" version="any" id="SE:020:StopPointInJourneyPattern:205339415000022468_205330000101543461">
    <ScheduledStopPointRef ref="SE:020:ScheduledStopPoint:9022020581290002"/>
    <ForAlighting>false</ForAlighting>
    <ForBoarding>true</ForBoarding>
    <DestinationDisplayRef ref="SE:020:DestinationDisplay:205330000101543478"/>
    <RequestStop>true</RequestStop>
</StopPointInJourneyPattern>
<StopPointInJourneyPattern order="2" version="any" id="SE:020:StopPointInJourneyPattern:205339415000022468_205330000101543462">
    <ScheduledStopPointRef ref="SE:020:ScheduledStopPoint:9022020581263002"/>
    <ForAlighting>true</ForAlighting>
    <ForBoarding>true</ForBoarding>
    <RequestStop>true</RequestStop>
</StopPointInJourneyPattern>
<StopPointInJourneyPattern order="3" version="any" id="SE:020:StopPointInJourneyPattern:205339415000022468_205330000101543463">
    <ScheduledStopPointRef ref="SE:020:ScheduledStopPoint:9022020581261002"/>
    <ForAlighting>true</ForAlighting>
    <ForBoarding>true</ForBoarding>
    <RequestStop>true</RequestStop>
</StopPointInJourneyPattern>
<StopPointInJourneyPattern order="4" version="any" id="SE:020:StopPointInJourneyPattern:205339415000022468_205330000101543464">
    <ScheduledStopPointRef ref="SE:020:ScheduledStopPoint:9022020581393001"/>
    <ForAlighting>true</ForAlighting>
    <ForBoarding>true</ForBoarding>
    <RequestStop>true</RequestStop>
</StopPointInJourneyPattern>
<StopPointInJourneyPattern order="5" version="any" id="SE:020:StopPointInJourneyPattern:205339415000022468_205330000101543465">
    <ScheduledStopPointRef ref="SE:020:ScheduledStopPoint:9022020581161003"/>
    <ForAlighting>true</ForAlighting>
    <ForBoarding>true</ForBoarding>
    <RequestStop>true</RequestStop>
</StopPointInJourneyPattern>
<StopPointInJourneyPattern order="6" version="any" id="SE:020:StopPointInJourneyPattern:205339415000022468_205330000101543466">
    <ScheduledStopPointRef ref="SE:020:ScheduledStopPoint:9022020581254001"/>
    <ForAlighting>true</ForAlighting>
    <ForBoarding>true</ForBoarding>
    <RequestStop>true</RequestStop>
</StopPointInJourneyPattern>
<StopPointInJourneyPattern order="7" version="any" id="SE:020:StopPointInJourneyPattern:205339415000022468_205330000101543467">
    <ScheduledStopPointRef ref="SE:020:ScheduledStopPoint:9022020581384001"/>
    <ForAlighting>true</ForAlighting>
    <ForBoarding>true</ForBoarding>
    <RequestStop>true</RequestStop>
</StopPointInJourneyPattern>
<StopPointInJourneyPattern order="8" version="any" id="SE:020:StopPointInJourneyPattern:205339415000022468_205330000101543468">
    <ScheduledStopPointRef ref="SE:020:ScheduledStopPoint:9022020581239001"/>
    <ForAlighting>true</ForAlighting>
    <ForBoarding>true</ForBoarding>
    <RequestStop>true</RequestStop>
</StopPointInJourneyPattern>
<StopPointInJourneyPattern order="9" version="any" id="SE:020:StopPointInJourneyPattern:205339415000022468_205330000101543469">
    <ScheduledStopPointRef ref="SE:020:ScheduledStopPoint:9022020581399001"/>
    <ForAlighting>true</ForAlighting>
    <ForBoarding>true</ForBoarding>
    <RequestStop>true</RequestStop>
</StopPointInJourneyPattern>
<StopPointInJourneyPattern order="10" version="any" id="SE:020:StopPointInJourneyPattern:205339415000022468_205330000101543470">
    <ScheduledStopPointRef ref="SE:020:ScheduledStopPoint:9022020581428001"/>
    <ForAlighting>true</ForAlighting>
    <ForBoarding>false</ForBoarding>
    <RequestStop>true</RequestStop>
</StopPointInJourneyPattern>
                            </pointsInSequence>
                            <linksInSequence>
<ServiceLinkInJourneyPattern order="1" version="any" id="SE:020:ServiceLinkInJourneyPattern:BUS_43346">
    <ServiceLinkRef ref="SE:020:ServiceLink:BUS_9025020058129002_9025020058126302"/>
</ServiceLinkInJourneyPattern>
<ServiceLinkInJourneyPattern order="2" version="any" id="SE:020:ServiceLinkInJourneyPattern:BUS_43347">
    <ServiceLinkRef ref="SE:020:ServiceLink:BUS_9025020058126302_9025020058126102"/>
</ServiceLinkInJourneyPattern>
<ServiceLinkInJourneyPattern order="3" version="any" id="SE:020:ServiceLinkInJourneyPattern:BUS_43348">
    <ServiceLinkRef ref="SE:020:ServiceLink:BUS_9025020058126102_9025020058139301"/>
</ServiceLinkInJourneyPattern>
<ServiceLinkInJourneyPattern order="4" version="any" id="SE:020:ServiceLinkInJourneyPattern:BUS_43349">
    <ServiceLinkRef ref="SE:020:ServiceLink:BUS_9025020058139301_9025020058116103"/>
</ServiceLinkInJourneyPattern>
<ServiceLinkInJourneyPattern order="5" version="any" id="SE:020:ServiceLinkInJourneyPattern:BUS_43350">
    <ServiceLinkRef ref="SE:020:ServiceLink:BUS_9025020058116103_9025020058125401"/>
</ServiceLinkInJourneyPattern>
<ServiceLinkInJourneyPattern order="6" version="any" id="SE:020:ServiceLinkInJourneyPattern:BUS_43351">
    <ServiceLinkRef ref="SE:020:ServiceLink:BUS_9025020058125401_9025020058138401"/>
</ServiceLinkInJourneyPattern>
<ServiceLinkInJourneyPattern order="7" version="any" id="SE:020:ServiceLinkInJourneyPattern:BUS_43352">
    <ServiceLinkRef ref="SE:020:ServiceLink:BUS_9025020058138401_9025020058123901"/>
</ServiceLinkInJourneyPattern>
<ServiceLinkInJourneyPattern order="8" version="any" id="SE:020:ServiceLinkInJourneyPattern:BUS_43353">
    <ServiceLinkRef ref="SE:020:ServiceLink:BUS_9025020058123901_9025020058139901"/>
</ServiceLinkInJourneyPattern>
<ServiceLinkInJourneyPattern order="9" version="any" id="SE:020:ServiceLinkInJourneyPattern:BUS_43354">
    <ServiceLinkRef ref="SE:020:ServiceLink:BUS_9025020058139901_9025020058142801"/>
</ServiceLinkInJourneyPattern>
                            </linksInSequence>
                        </JourneyPattern>
                        <JourneyPattern version="any" id="SE:020:JourneyPattern:205339415000025372">
                            <RouteRef ref="SE:020:Route:205330000101543456" version="any"/>
                            <pointsInSequence>
<StopPointInJourneyPattern order="1" version="any" id="SE:020:StopPointInJourneyPattern:205339415000025372_205330000101543461">
    <ScheduledStopPointRef ref="SE:020:ScheduledStopPoint:9022020581290002"/>
    <ForAlighting>false</ForAlighting>
    <ForBoarding>true</ForBoarding>
    <DestinationDisplayRef ref="SE:020:DestinationDisplay:205330000114111415"/>
    <RequestStop>true</RequestStop>
</StopPointInJourneyPattern>
<StopPointInJourneyPattern order="2" version="any" id="SE:020:StopPointInJourneyPattern:205339415000025372_205330000101543462">
    <ScheduledStopPointRef ref="SE:020:ScheduledStopPoint:9022020581263002"/>
    <ForAlighting>true</ForAlighting>
    <ForBoarding>true</ForBoarding>
    <RequestStop>true</RequestStop>
</StopPointInJourneyPattern>
<StopPointInJourneyPattern order="3" version="any" id="SE:020:StopPointInJourneyPattern:205339415000025372_205330000101543463">
    <ScheduledStopPointRef ref="SE:020:ScheduledStopPoint:9022020581261002"/>
    <ForAlighting>true</ForAlighting>
    <ForBoarding>true</ForBoarding>
    <RequestStop>true</RequestStop>
</StopPointInJourneyPattern>
<StopPointInJourneyPattern order="4" version="any" id="SE:020:StopPointInJourneyPattern:205339415000025372_205330000101543464">
    <ScheduledStopPointRef ref="SE:020:ScheduledStopPoint:9022020581393001"/>
    <ForAlighting>true</ForAlighting>
    <ForBoarding>true</ForBoarding>
    <RequestStop>true</RequestStop>
</StopPointInJourneyPattern>
<StopPointInJourneyPattern order="5" version="any" id="SE:020:StopPointInJourneyPattern:205339415000025372_205330000101543465">
    <ScheduledStopPointRef ref="SE:020:ScheduledStopPoint:9022020581161003"/>
    <ForAlighting>true</ForAlighting>
    <ForBoarding>true</ForBoarding>
    <RequestStop>true</RequestStop>
</StopPointInJourneyPattern>
<StopPointInJourneyPattern order="6" version="any" id="SE:020:StopPointInJourneyPattern:205339415000025372_205330000101543466">
    <ScheduledStopPointRef ref="SE:020:ScheduledStopPoint:9022020581254001"/>
    <ForAlighting>true</ForAlighting>
    <ForBoarding>true</ForBoarding>
    <RequestStop>true</RequestStop>
</StopPointInJourneyPattern>
<StopPointInJourneyPattern order="7" version="any" id="SE:020:StopPointInJourneyPattern:205339415000025372_205330000101543467">
    <ScheduledStopPointRef ref="SE:020:ScheduledStopPoint:9022020581384001"/>
    <ForAlighting>true</ForAlighting>
    <ForBoarding>true</ForBoarding>
    <RequestStop>true</RequestStop>
</StopPointInJourneyPattern>
<StopPointInJourneyPattern order="8" version="any" id="SE:020:StopPointInJourneyPattern:205339415000025372_205330000101543468">
    <ScheduledStopPointRef ref="SE:020:ScheduledStopPoint:9022020581239001"/>
    <ForAlighting>true</ForAlighting>
    <ForBoarding>true</ForBoarding>
    <RequestStop>true</RequestStop>
</StopPointInJourneyPattern>
<StopPointInJourneyPattern order="9" version="any" id="SE:020:StopPointInJourneyPattern:205339415000025372_205330000101543469">
    <ScheduledStopPointRef ref="SE:020:ScheduledStopPoint:9022020581399001"/>
    <ForAlighting>true</ForAlighting>
    <ForBoarding>true</ForBoarding>
    <RequestStop>true</RequestStop>
</StopPointInJourneyPattern>
<StopPointInJourneyPattern order="10" version="any" id="SE:020:StopPointInJourneyPattern:205339415000025372_205330000101543470">
    <ScheduledStopPointRef ref="SE:020:ScheduledStopPoint:9022020581428001"/>
    <ForAlighting>true</ForAlighting>
    <ForBoarding>false</ForBoarding>
    <RequestStop>true</RequestStop>
</StopPointInJourneyPattern>
                            </pointsInSequence>
                            <linksInSequence>
<ServiceLinkInJourneyPattern order="1" version="any" id="SE:020:ServiceLinkInJourneyPattern:BUS_43355">
    <ServiceLinkRef ref="SE:020:ServiceLink:BUS_9025020058129002_9025020058126302"/>
</ServiceLinkInJourneyPattern>
<ServiceLinkInJourneyPattern order="2" version="any" id="SE:020:ServiceLinkInJourneyPattern:BUS_43356">
    <ServiceLinkRef ref="SE:020:ServiceLink:BUS_9025020058126302_9025020058126102"/>
</ServiceLinkInJourneyPattern>
<ServiceLinkInJourneyPattern order="3" version="any" id="SE:020:ServiceLinkInJourneyPattern:BUS_43357">
    <ServiceLinkRef ref="SE:020:ServiceLink:BUS_9025020058126102_9025020058139301"/>
</ServiceLinkInJourneyPattern>
<ServiceLinkInJourneyPattern order="4" version="any" id="SE:020:ServiceLinkInJourneyPattern:BUS_43358">
    <ServiceLinkRef ref="SE:020:ServiceLink:BUS_9025020058139301_9025020058116103"/>
</ServiceLinkInJourneyPattern>
<ServiceLinkInJourneyPattern order="5" version="any" id="SE:020:ServiceLinkInJourneyPattern:BUS_43359">
    <ServiceLinkRef ref="SE:020:ServiceLink:BUS_9025020058116103_9025020058125401"/>
</ServiceLinkInJourneyPattern>
<ServiceLinkInJourneyPattern order="6" version="any" id="SE:020:ServiceLinkInJourneyPattern:BUS_43360">
    <ServiceLinkRef ref="SE:020:ServiceLink:BUS_9025020058125401_9025020058138401"/>
</ServiceLinkInJourneyPattern>
<ServiceLinkInJourneyPattern order="7" version="any" id="SE:020:ServiceLinkInJourneyPattern:BUS_43361">
    <ServiceLinkRef ref="SE:020:ServiceLink:BUS_9025020058138401_9025020058123901"/>
</ServiceLinkInJourneyPattern>
<ServiceLinkInJourneyPattern order="8" version="any" id="SE:020:ServiceLinkInJourneyPattern:BUS_43362">
    <ServiceLinkRef ref="SE:020:ServiceLink:BUS_9025020058123901_9025020058139901"/>
</ServiceLinkInJourneyPattern>
<ServiceLinkInJourneyPattern order="9" version="any" id="SE:020:ServiceLinkInJourneyPattern:BUS_43363">
    <ServiceLinkRef ref="SE:020:ServiceLink:BUS_9025020058139901_9025020058142801"/>
</ServiceLinkInJourneyPattern>
                            </linksInSequence>
                        </JourneyPattern>
                        <JourneyPattern version="any" id="SE:020:JourneyPattern:205339415000025373">
                            <RouteRef ref="SE:020:Route:205330000114111419" version="any"/>
                            <pointsInSequence>
<StopPointInJourneyPattern order="1" version="any" id="SE:020:StopPointInJourneyPattern:205339415000025373_205330000114111424">
    <ScheduledStopPointRef ref="SE:020:ScheduledStopPoint:9022020581254001"/>
    <ForAlighting>false</ForAlighting>
    <ForBoarding>true</ForBoarding>
    <DestinationDisplayRef ref="SE:020:DestinationDisplay:205330000114111436"/>
    <RequestStop>true</RequestStop>
</StopPointInJourneyPattern>
<StopPointInJourneyPattern order="2" version="any" id="SE:020:StopPointInJourneyPattern:205339415000025373_205330000114111425">
    <ScheduledStopPointRef ref="SE:020:ScheduledStopPoint:9022020581384001"/>
    <ForAlighting>true</ForAlighting>
    <ForBoarding>true</ForBoarding>
    <RequestStop>true</RequestStop>
</StopPointInJourneyPattern>
<StopPointInJourneyPattern order="3" version="any" id="SE:020:StopPointInJourneyPattern:205339415000025373_205330000114111426">
    <ScheduledStopPointRef ref="SE:020:ScheduledStopPoint:9022020581239001"/>
    <ForAlighting>true</ForAlighting>
    <ForBoarding>true</ForBoarding>
    <RequestStop>true</RequestStop>
</StopPointInJourneyPattern>
<StopPointInJourneyPattern order="4" version="any" id="SE:020:StopPointInJourneyPattern:205339415000025373_205330000114111427">
    <ScheduledStopPointRef ref="SE:020:ScheduledStopPoint:9022020581399001"/>
    <ForAlighting>true</ForAlighting>
    <ForBoarding>true</ForBoarding>
    <RequestStop>true</RequestStop>
</StopPointInJourneyPattern>
<StopPointInJourneyPattern order="5" version="any" id="SE:020:StopPointInJourneyPattern:205339415000025373_205330000114111428">
    <ScheduledStopPointRef ref="SE:020:ScheduledStopPoint:9022020581428003"/>
    <ForAlighting>true</ForAlighting>
    <ForBoarding>false</ForBoarding>
    <RequestStop>true</RequestStop>
</StopPointInJourneyPattern>
                            </pointsInSequence>
                            <linksInSequence>
<ServiceLinkInJourneyPattern order="1" version="any" id="SE:020:ServiceLinkInJourneyPattern:BUS_43364">
    <ServiceLinkRef ref="SE:020:ServiceLink:BUS_9025020058125401_9025020058138401"/>
</ServiceLinkInJourneyPattern>
<ServiceLinkInJourneyPattern order="2" version="any" id="SE:020:ServiceLinkInJourneyPattern:BUS_43365">
    <ServiceLinkRef ref="SE:020:ServiceLink:BUS_9025020058138401_9025020058123901"/>
</ServiceLinkInJourneyPattern>
<ServiceLinkInJourneyPattern order="3" version="any" id="SE:020:ServiceLinkInJourneyPattern:BUS_43366">
    <ServiceLinkRef ref="SE:020:ServiceLink:BUS_9025020058123901_9025020058139901"/>
</ServiceLinkInJourneyPattern>
<ServiceLinkInJourneyPattern order="4" version="any" id="SE:020:ServiceLinkInJourneyPattern:BUS_43367">
    <ServiceLinkRef ref="SE:020:ServiceLink:BUS_9025020058139901_9025020058142803"/>
</ServiceLinkInJourneyPattern>
                            </linksInSequence>
                        </JourneyPattern>
                        <JourneyPattern version="any" id="SE:020:JourneyPattern:205339415000025374">
                            <RouteRef ref="SE:020:Route:205330000114111440" version="any"/>
                            <pointsInSequence>
<StopPointInJourneyPattern order="1" version="any" id="SE:020:StopPointInJourneyPattern:205339415000025374_205330000114111445">
    <ScheduledStopPointRef ref="SE:020:ScheduledStopPoint:9022020581428003"/>
    <ForAlighting>false</ForAlighting>
    <ForBoarding>true</ForBoarding>
    <DestinationDisplayRef ref="SE:020:DestinationDisplay:205330000114111462"/>
    <RequestStop>true</RequestStop>
</StopPointInJourneyPattern>
<StopPointInJourneyPattern order="2" version="any" id="SE:020:StopPointInJourneyPattern:205339415000025374_205330000114111446">
    <ScheduledStopPointRef ref="SE:020:ScheduledStopPoint:9022020581399002"/>
    <ForAlighting>true</ForAlighting>
    <ForBoarding>true</ForBoarding>
    <RequestStop>true</RequestStop>
</StopPointInJourneyPattern>
<StopPointInJourneyPattern order="3" version="any" id="SE:020:StopPointInJourneyPattern:205339415000025374_205330000114111447">
    <ScheduledStopPointRef ref="SE:020:ScheduledStopPoint:9022020581238002"/>
    <ForAlighting>true</ForAlighting>
    <ForBoarding>true</ForBoarding>
    <RequestStop>true</RequestStop>
</StopPointInJourneyPattern>
<StopPointInJourneyPattern order="4" version="any" id="SE:020:StopPointInJourneyPattern:205339415000025374_205330000114111448">
    <ScheduledStopPointRef ref="SE:020:ScheduledStopPoint:9022020581239002"/>
    <ForAlighting>true</ForAlighting>
    <ForBoarding>true</ForBoarding>
    <RequestStop>true</RequestStop>
</StopPointInJourneyPattern>
<StopPointInJourneyPattern order="5" version="any" id="SE:020:StopPointInJourneyPattern:205339415000025374_205330000114111449">
    <ScheduledStopPointRef ref="SE:020:ScheduledStopPoint:9022020581254003"/>
    <ForAlighting>true</ForAlighting>
    <ForBoarding>true</ForBoarding>
    <RequestStop>true</RequestStop>
</StopPointInJourneyPattern>
<StopPointInJourneyPattern order="6" version="any" id="SE:020:StopPointInJourneyPattern:205339415000025374_205330000114111450">
    <ScheduledStopPointRef ref="SE:020:ScheduledStopPoint:9022020581161002"/>
    <ForAlighting>true</ForAlighting>
    <ForBoarding>true</ForBoarding>
    <RequestStop>true</RequestStop>
</StopPointInJourneyPattern>
<StopPointInJourneyPattern order="7" version="any" id="SE:020:StopPointInJourneyPattern:205339415000025374_205330000114111451">
    <ScheduledStopPointRef ref="SE:020:ScheduledStopPoint:9022020581393002"/>
    <ForAlighting>true</ForAlighting>
    <ForBoarding>true</ForBoarding>
    <RequestStop>true</RequestStop>
</StopPointInJourneyPattern>
<StopPointInJourneyPattern order="8" version="any" id="SE:020:StopPointInJourneyPattern:205339415000025374_205330000114111452">
    <ScheduledStopPointRef ref="SE:020:ScheduledStopPoint:9022020581261001"/>
    <ForAlighting>true</ForAlighting>
    <ForBoarding>true</ForBoarding>
    <RequestStop>true</RequestStop>
</StopPointInJourneyPattern>
<StopPointInJourneyPattern order="9" version="any" id="SE:020:StopPointInJourneyPattern:205339415000025374_205330000114111453">
    <ScheduledStopPointRef ref="SE:020:ScheduledStopPoint:9022020581263001"/>
    <ForAlighting>true</ForAlighting>
    <ForBoarding>true</ForBoarding>
    <RequestStop>true</RequestStop>
</StopPointInJourneyPattern>
<StopPointInJourneyPattern order="10" version="any" id="SE:020:StopPointInJourneyPattern:205339415000025374_205330000114111454">
    <ScheduledStopPointRef ref="SE:020:ScheduledStopPoint:9022020581290001"/>
    <ForAlighting>true</ForAlighting>
    <ForBoarding>false</ForBoarding>
    <RequestStop>true</RequestStop>
</StopPointInJourneyPattern>
                            </pointsInSequence>
                            <linksInSequence>
<ServiceLinkInJourneyPattern order="1" version="any" id="SE:020:ServiceLinkInJourneyPattern:BUS_43368">
    <ServiceLinkRef ref="SE:020:ServiceLink:BUS_9025020058142803_9025020058139902"/>
</ServiceLinkInJourneyPattern>
<ServiceLinkInJourneyPattern order="2" version="any" id="SE:020:ServiceLinkInJourneyPattern:BUS_43369">
    <ServiceLinkRef ref="SE:020:ServiceLink:BUS_9025020058139902_9025020058123802"/>
</ServiceLinkInJourneyPattern>
<ServiceLinkInJourneyPattern order="3" version="any" id="SE:020:ServiceLinkInJourneyPattern:BUS_43370">
    <ServiceLinkRef ref="SE:020:ServiceLink:BUS_9025020058123802_9025020058123902"/>
</ServiceLinkInJourneyPattern>
<ServiceLinkInJourneyPattern order="4" version="any" id="SE:020:ServiceLinkInJourneyPattern:BUS_43371">
    <ServiceLinkRef ref="SE:020:ServiceLink:BUS_9025020058123902_9025020058125403"/>
</ServiceLinkInJourneyPattern>
<ServiceLinkInJourneyPattern order="5" version="any" id="SE:020:ServiceLinkInJourneyPattern:BUS_43372">
    <ServiceLinkRef ref="SE:020:ServiceLink:BUS_9025020058125403_9025020058116102"/>
</ServiceLinkInJourneyPattern>
<ServiceLinkInJourneyPattern order="6" version="any" id="SE:020:ServiceLinkInJourneyPattern:BUS_43373">
    <ServiceLinkRef ref="SE:020:ServiceLink:BUS_9025020058116102_9025020058139302"/>
</ServiceLinkInJourneyPattern>
<ServiceLinkInJourneyPattern order="7" version="any" id="SE:020:ServiceLinkInJourneyPattern:BUS_43374">
    <ServiceLinkRef ref="SE:020:ServiceLink:BUS_9025020058139302_9025020058126101"/>
</ServiceLinkInJourneyPattern>
<ServiceLinkInJourneyPattern order="8" version="any" id="SE:020:ServiceLinkInJourneyPattern:BUS_43375">
    <ServiceLinkRef ref="SE:020:ServiceLink:BUS_9025020058126101_9025020058126301"/>
</ServiceLinkInJourneyPattern>
<ServiceLinkInJourneyPattern order="9" version="any" id="SE:020:ServiceLinkInJourneyPattern:BUS_43376">
    <ServiceLinkRef ref="SE:020:ServiceLink:BUS_9025020058126301_9025020058129001"/>
</ServiceLinkInJourneyPattern>
                            </linksInSequence>
                        </JourneyPattern>
                    </journeyPatterns>
                </ServiceFrame>
                <TimetableFrame version="20240902035740" id="SE:020:TimetableFrame:9011020022000000">
                    <vehicleJourneys>
                        <ServiceJourney version="any" id="SE:020:ServiceJourney:205330000114111482">
                            <TransportMode>bus</TransportMode>
                            <TransportSubmode>
<BusSubmode>unknown</BusSubmode>
                            </TransportSubmode>
                            <dayTypes>
<DayTypeRef ref="SE:020:DayType:h05vum7jn71m52v7li4eqrlmspeivijh"/>
                            </dayTypes>
                            <JourneyPatternRef ref="SE:020:JourneyPattern:205339415000025372" version="any"/>
                            <OperatorRef ref="SE:020:Operator:9013020140800000"/>
                            <passingTimes>
<TimetabledPassingTime version="any" id="SE:020:TimetabledPassingTime:205330000114111470">
    <StopPointInJourneyPatternRef ref="SE:020:StopPointInJourneyPattern:205339415000025372_205330000101543461" version="any"/>
    <DepartureTime>07:32:00</DepartureTime>
</TimetabledPassingTime>
<TimetabledPassingTime version="any" id="SE:020:TimetabledPassingTime:205330000114111471">
    <StopPointInJourneyPatternRef ref="SE:020:StopPointInJourneyPattern:205339415000025372_205330000101543462" version="any"/>
    <ArrivalTime>07:32:48</ArrivalTime>
    <DepartureTime>07:32:48</DepartureTime>
</TimetabledPassingTime>
<TimetabledPassingTime version="any" id="SE:020:TimetabledPassingTime:205330000114111472">
    <StopPointInJourneyPatternRef ref="SE:020:StopPointInJourneyPattern:205339415000025372_205330000101543463" version="any"/>
    <ArrivalTime>07:34:09</ArrivalTime>
    <DepartureTime>07:34:09</DepartureTime>
</TimetabledPassingTime>
<TimetabledPassingTime version="any" id="SE:020:TimetabledPassingTime:205330000114111473">
    <StopPointInJourneyPatternRef ref="SE:020:StopPointInJourneyPattern:205339415000025372_205330000101543464" version="any"/>
    <ArrivalTime>07:35:00</ArrivalTime>
    <DepartureTime>07:35:00</DepartureTime>
</TimetabledPassingTime>
<TimetabledPassingTime version="any" id="SE:020:TimetabledPassingTime:205330000114111474">
    <StopPointInJourneyPatternRef ref="SE:020:StopPointInJourneyPattern:205339415000025372_205330000101543465" version="any"/>
    <ArrivalTime>07:36:21</ArrivalTime>
    <DepartureTime>07:36:21</DepartureTime>
</TimetabledPassingTime>
<TimetabledPassingTime version="any" id="SE:020:TimetabledPassingTime:205330000114111475">
    <StopPointInJourneyPatternRef ref="SE:020:StopPointInJourneyPattern:205339415000025372_205330000101543466" version="any"/>
    <ArrivalTime>07:38:00</ArrivalTime>
    <DepartureTime>07:38:00</DepartureTime>
</TimetabledPassingTime>
<TimetabledPassingTime version="any" id="SE:020:TimetabledPassingTime:205330000114111476">
    <StopPointInJourneyPatternRef ref="SE:020:StopPointInJourneyPattern:205339415000025372_205330000101543467" version="any"/>
    <ArrivalTime>07:38:35</ArrivalTime>
    <DepartureTime>07:38:35</DepartureTime>
</TimetabledPassingTime>
<TimetabledPassingTime version="any" id="SE:020:TimetabledPassingTime:205330000114111477">
    <StopPointInJourneyPatternRef ref="SE:020:StopPointInJourneyPattern:205339415000025372_205330000101543468" version="any"/>
    <ArrivalTime>07:39:16</ArrivalTime>
    <DepartureTime>07:39:16</DepartureTime>
</TimetabledPassingTime>
<TimetabledPassingTime version="any" id="SE:020:TimetabledPassingTime:205330000114111478">
    <StopPointInJourneyPatternRef ref="SE:020:StopPointInJourneyPattern:205339415000025372_205330000101543469" version="any"/>
    <ArrivalTime>07:50:14</ArrivalTime>
    <DepartureTime>07:50:14</DepartureTime>
</TimetabledPassingTime>
<TimetabledPassingTime version="any" id="SE:020:TimetabledPassingTime:205330000114111479">
    <StopPointInJourneyPatternRef ref="SE:020:StopPointInJourneyPattern:205339415000025372_205330000101543470" version="any"/>
    <ArrivalTime>07:53:00</ArrivalTime>
</TimetabledPassingTime>
                            </passingTimes>
                        </ServiceJourney>
                        <ServiceJourney version="any" id="SE:020:ServiceJourney:205330000114111499">
                            <TransportMode>bus</TransportMode>
                            <TransportSubmode>
<BusSubmode>unknown</BusSubmode>
                            </TransportSubmode>
                            <dayTypes>
<DayTypeRef ref="SE:020:DayType:h05vum7jn71m52v7li4eqrlmspeivijh"/>
                            </dayTypes>
                            <JourneyPatternRef ref="SE:020:JourneyPattern:205339415000025373" version="any"/>
                            <OperatorRef ref="SE:020:Operator:9013020140800000"/>
                            <passingTimes>
<TimetabledPassingTime version="any" id="SE:020:TimetabledPassingTime:205330000114111491">
    <StopPointInJourneyPatternRef ref="SE:020:StopPointInJourneyPattern:205339415000025373_205330000114111424" version="any"/>
    <DepartureTime>13:40:00</DepartureTime>
</TimetabledPassingTime>
<TimetabledPassingTime version="any" id="SE:020:TimetabledPassingTime:205330000114111492">
    <StopPointInJourneyPatternRef ref="SE:020:StopPointInJourneyPattern:205339415000025373_205330000114111425" version="any"/>
    <ArrivalTime>13:40:30</ArrivalTime>
    <DepartureTime>13:40:30</DepartureTime>
</TimetabledPassingTime>
<TimetabledPassingTime version="any" id="SE:020:TimetabledPassingTime:205330000114111493">
    <StopPointInJourneyPatternRef ref="SE:020:StopPointInJourneyPattern:205339415000025373_205330000114111426" version="any"/>
    <ArrivalTime>13:41:06</ArrivalTime>
    <DepartureTime>13:41:06</DepartureTime>
</TimetabledPassingTime>
<TimetabledPassingTime version="any" id="SE:020:TimetabledPassingTime:205330000114111494">
    <StopPointInJourneyPatternRef ref="SE:020:StopPointInJourneyPattern:205339415000025373_205330000114111427" version="any"/>
    <ArrivalTime>13:50:40</ArrivalTime>
    <DepartureTime>13:50:40</DepartureTime>
</TimetabledPassingTime>
<TimetabledPassingTime version="any" id="SE:020:TimetabledPassingTime:205330000114111495">
    <StopPointInJourneyPatternRef ref="SE:020:StopPointInJourneyPattern:205339415000025373_205330000114111428" version="any"/>
    <ArrivalTime>13:53:00</ArrivalTime>
</TimetabledPassingTime>
                            </passingTimes>
                        </ServiceJourney>
                        <ServiceJourney version="any" id="SE:020:ServiceJourney:205330000114111521">
                            <TransportMode>bus</TransportMode>
                            <TransportSubmode>
<BusSubmode>unknown</BusSubmode>
                            </TransportSubmode>
                            <dayTypes>
<DayTypeRef ref="SE:020:DayType:h05vum7jn71m52v7li4eqrlmspeivijh"/>
                            </dayTypes>
                            <JourneyPatternRef ref="SE:020:JourneyPattern:205339415000025374" version="any"/>
                            <OperatorRef ref="SE:020:Operator:9013020140800000"/>
                            <passingTimes>
<TimetabledPassingTime version="any" id="SE:020:TimetabledPassingTime:205330000114111508">
    <StopPointInJourneyPatternRef ref="SE:020:StopPointInJourneyPattern:205339415000025374_205330000114111445" version="any"/>
    <DepartureTime>13:55:00</DepartureTime>
</TimetabledPassingTime>
<TimetabledPassingTime version="any" id="SE:020:TimetabledPassingTime:205330000114111509">
    <StopPointInJourneyPatternRef ref="SE:020:StopPointInJourneyPattern:205339415000025374_205330000114111446" version="any"/>
    <ArrivalTime>13:56:52</ArrivalTime>
    <DepartureTime>13:56:52</DepartureTime>
</TimetabledPassingTime>
<TimetabledPassingTime version="any" id="SE:020:TimetabledPassingTime:205330000114111510">
    <StopPointInJourneyPatternRef ref="SE:020:StopPointInJourneyPattern:205339415000025374_205330000114111447" version="any"/>
    <ArrivalTime>14:02:02</ArrivalTime>
    <DepartureTime>14:02:02</DepartureTime>
</TimetabledPassingTime>
<TimetabledPassingTime version="any" id="SE:020:TimetabledPassingTime:205330000114111511">
    <StopPointInJourneyPatternRef ref="SE:020:StopPointInJourneyPattern:205339415000025374_205330000114111448" version="any"/>
    <ArrivalTime>14:02:24</ArrivalTime>
    <DepartureTime>14:02:24</DepartureTime>
</TimetabledPassingTime>
<TimetabledPassingTime version="any" id="SE:020:TimetabledPassingTime:205330000114111512">
    <StopPointInJourneyPatternRef ref="SE:020:StopPointInJourneyPattern:205339415000025374_205330000114111449" version="any"/>
    <ArrivalTime>14:05:00</ArrivalTime>
    <DepartureTime>14:05:00</DepartureTime>
</TimetabledPassingTime>
<TimetabledPassingTime version="any" id="SE:020:TimetabledPassingTime:205330000114111513">
    <StopPointInJourneyPatternRef ref="SE:020:StopPointInJourneyPattern:205339415000025374_205330000114111450" version="any"/>
    <ArrivalTime>14:07:30</ArrivalTime>
    <DepartureTime>14:07:30</DepartureTime>
</TimetabledPassingTime>
<TimetabledPassingTime version="any" id="SE:020:TimetabledPassingTime:205330000114111514">
    <StopPointInJourneyPatternRef ref="SE:020:StopPointInJourneyPattern:205339415000025374_205330000114111451" version="any"/>
    <ArrivalTime>14:09:25</ArrivalTime>
    <DepartureTime>14:09:25</DepartureTime>
</TimetabledPassingTime>
<TimetabledPassingTime version="any" id="SE:020:TimetabledPassingTime:205330000114111515">
    <StopPointInJourneyPatternRef ref="SE:020:StopPointInJourneyPattern:205339415000025374_205330000114111452" version="any"/>
    <ArrivalTime>14:10:27</ArrivalTime>
    <DepartureTime>14:10:27</DepartureTime>
</TimetabledPassingTime>
<TimetabledPassingTime version="any" id="SE:020:TimetabledPassingTime:205330000114111516">
    <StopPointInJourneyPatternRef ref="SE:020:StopPointInJourneyPattern:205339415000025374_205330000114111453" version="any"/>
    <ArrivalTime>14:12:39</ArrivalTime>
    <DepartureTime>14:12:39</DepartureTime>
</TimetabledPassingTime>
<TimetabledPassingTime version="any" id="SE:020:TimetabledPassingTime:205330000114111517">
    <StopPointInJourneyPatternRef ref="SE:020:StopPointInJourneyPattern:205339415000025374_205330000114111454" version="any"/>
    <ArrivalTime>14:15:00</ArrivalTime>
</TimetabledPassingTime>
                            </passingTimes>
                        </ServiceJourney>
                    </vehicleJourneys>
                </TimetableFrame>
            </frames>
        </CompositeFrame>
    </dataObjects>
</PublicationDelivery>
