<?xml version="1.0" encoding="UTF-8" standalone="yes"?>
<PublicationDelivery xmlns="http://www.netex.org.uk/netex" xmlns:ns2="http://www.opengis.net/gml/3.2" xmlns:ns3="http://www.siri.org.uk/siri" version="1.11:NO-NeTEx-networktimetable:1.3">
    <PublicationTimestamp>2024-09-02T03:57:40</PublicationTimestamp>
    <ParticipantRef>SAM</ParticipantRef>
    <dataObjects>
        <CompositeFrame created="2024-09-02T03:57:40" version="20240902035740" id="SE:020:CompositeFrame:9011020052600000">
            <ValidBetween>
                <FromDate>1970-01-01T00:00:00</FromDate>
            </ValidBetween>
            <codespaces>
                <Codespace id="SE:020">
                    <Xmlns>SE:020</Xmlns>
                    <XmlnsUrl>http://www.samtrafiken.se/ns/dt</XmlnsUrl>
                </Codespace>
            </codespaces>
            <FrameDefaults>
                <DefaultLocale>
                    <TimeZone>Europe/Stockholm</TimeZone>
                    <DefaultLanguage>se</DefaultLanguage>
                </DefaultLocale>
                <DefaultLocationSystem>4326</DefaultLocationSystem>
            </FrameDefaults>
            <frames>
                <ServiceFrame version="20240902035740" id="SE:020:ServiceFrame:9011020052600000">
                    <routes>
                        <Route version="any" id="SE:020:Route:205330000091745264">
                            <Name>Flexområde Västra Sunnansjö</Name>
                            <LineRef ref="SE:020:Line:9011020052600000" version="190605"/>
                            <DirectionType>outbound</DirectionType>
                            <pointsInSequence>
<PointOnRoute order="1" version="any" id="SE:020:PointOnRoute:205330000091745269">
    <RoutePointRef ref="SE:020:RoutePoint:9022020585939001"/>
</PointOnRoute>
<PointOnRoute order="2" version="any" id="SE:020:PointOnRoute:205330000091745270">
    <RoutePointRef ref="SE:020:RoutePoint:9022020585966001"/>
</PointOnRoute>
<PointOnRoute order="3" version="any" id="SE:020:PointOnRoute:205330000091745271">
    <RoutePointRef ref="SE:020:RoutePoint:9022020585014001"/>
</PointOnRoute>
<PointOnRoute order="4" version="any" id="SE:020:PointOnRoute:205330000091745272">
    <RoutePointRef ref="SE:020:RoutePoint:9022020585051001"/>
</PointOnRoute>
<PointOnRoute order="5" version="any" id="SE:020:PointOnRoute:205330000091745273">
    <RoutePointRef ref="SE:020:RoutePoint:9022020585066002"/>
</PointOnRoute>
                            </pointsInSequence>
                        </Route>
                        <Route version="any" id="SE:020:Route:205330000091745243">
                            <Name>Flexområde Västra Sunnansjö</Name>
                            <LineRef ref="SE:020:Line:9011020052600000" version="190605"/>
                            <DirectionType>outbound</DirectionType>
                            <pointsInSequence>
<PointOnRoute order="1" version="any" id="SE:020:PointOnRoute:205330000091745248">
    <RoutePointRef ref="SE:020:RoutePoint:9022020585066002"/>
</PointOnRoute>
<PointOnRoute order="2" version="any" id="SE:020:PointOnRoute:205330000091745249">
    <RoutePointRef ref="SE:020:RoutePoint:9022020585051001"/>
</PointOnRoute>
<PointOnRoute order="3" version="any" id="SE:020:PointOnRoute:205330000091745250">
    <RoutePointRef ref="SE:020:RoutePoint:9022020585966001"/>
</PointOnRoute>
<PointOnRoute order="4" version="any" id="SE:020:PointOnRoute:205330000091745251">
    <RoutePointRef ref="SE:020:RoutePoint:9022020585014001"/>
</PointOnRoute>
<PointOnRoute order="5" version="any" id="SE:020:PointOnRoute:205330000091745252">
    <RoutePointRef ref="SE:020:RoutePoint:9022020585939001"/>
</PointOnRoute>
                            </pointsInSequence>
                        </Route>
                    </routes>
                    <lines>
                        <Line version="190605" id="SE:020:Line:9011020052600000">
                            <ValidBetween>
<FromDate>2019-06-05T00:00:00</FromDate>
                            </ValidBetween>
                            <Name>526</Name>
                            <TransportMode>bus</TransportMode>
                            <TransportSubmode>
<BusSubmode>unknown</BusSubmode>
                            </TransportSubmode>
                            <PublicCode>526</PublicCode>
                            <PrivateCode>526</PrivateCode>
                            <RepresentedByGroupRef ref="SE:020:Network:9010020000000000"/>
                        </Line>
                    </lines>
                    <journeyPatterns>
                        <JourneyPattern version="any" id="SE:020:JourneyPattern:205339415000020093">
                            <RouteRef ref="SE:020:Route:205330000091745264" version="any"/>
                            <pointsInSequence>
<StopPointInJourneyPattern order="1" version="any" id="SE:020:StopPointInJourneyPattern:205339415000020093_205330000091745269">
    <ScheduledStopPointRef ref="SE:020:ScheduledStopPoint:9022020585939001"/>
    <ForAlighting>false</ForAlighting>
    <ForBoarding>true</ForBoarding>
    <DestinationDisplayRef ref="SE:020:DestinationDisplay:205330000091745281"/>
    <RequestStop>true</RequestStop>
</StopPointInJourneyPattern>
<StopPointInJourneyPattern order="2" version="any" id="SE:020:StopPointInJourneyPattern:205339415000020093_205330000091745270">
    <ScheduledStopPointRef ref="SE:020:ScheduledStopPoint:9022020585966001"/>
    <ForAlighting>true</ForAlighting>
    <ForBoarding>true</ForBoarding>
    <RequestStop>true</RequestStop>
</StopPointInJourneyPattern>
<StopPointInJourneyPattern order="3" version="any" id="SE:020:StopPointInJourneyPattern:205339415000020093_205330000091745271">
    <ScheduledStopPointRef ref="SE:020:ScheduledStopPoint:9022020585014001"/>
    <ForAlighting>true</ForAlighting>
    <ForBoarding>true</ForBoarding>
    <RequestStop>true</RequestStop>
</StopPointInJourneyPattern>
<StopPointInJourneyPattern order="4" version="any" id="SE:020:StopPointInJourneyPattern:205339415000020093_205330000091745272">
    <ScheduledStopPointRef ref="SE:020:ScheduledStopPoint:9022020585051001"/>
    <ForAlighting>true</ForAlighting>
    <ForBoarding>true</ForBoarding>
    <RequestStop>true</RequestStop>
</StopPointInJourneyPattern>
<StopPointInJourneyPattern order="5" version="any" id="SE:020:StopPointInJourneyPattern:205339415000020093_205330000091745273">
    <ScheduledStopPointRef ref="SE:020:ScheduledStopPoint:9022020585066002"/>
    <ForAlighting>true</ForAlighting>
    <ForBoarding>false</ForBoarding>
    <RequestStop>true</RequestStop>
</StopPointInJourneyPattern>
                            </pointsInSequence>
                            <linksInSequence>
<ServiceLinkInJourneyPattern order="1" version="any" id="SE:020:ServiceLinkInJourneyPattern:BUS_38901">
    <ServiceLinkRef ref="SE:020:ServiceLink:BUS_9025020058593901_9025020058596601"/>
</ServiceLinkInJourneyPattern>
<ServiceLinkInJourneyPattern order="2" version="any" id="SE:020:ServiceLinkInJourneyPattern:BUS_38902">
    <ServiceLinkRef ref="SE:020:ServiceLink:BUS_9025020058596601_9025020058501401"/>
</ServiceLinkInJourneyPattern>
<ServiceLinkInJourneyPattern order="3" version="any" id="SE:020:ServiceLinkInJourneyPattern:BUS_38903">
    <ServiceLinkRef ref="SE:020:ServiceLink:BUS_9025020058501401_9025020058505101"/>
</ServiceLinkInJourneyPattern>
<ServiceLinkInJourneyPattern order="4" version="any" id="SE:020:ServiceLinkInJourneyPattern:BUS_38904">
    <ServiceLinkRef ref="SE:020:ServiceLink:BUS_9025020058505101_9025020058506602"/>
</ServiceLinkInJourneyPattern>
                            </linksInSequence>
                        </JourneyPattern>
                        <JourneyPattern version="any" id="SE:020:JourneyPattern:205339415000024669">
                            <RouteRef ref="SE:020:Route:205330000091745264" version="any"/>
                            <pointsInSequence>
<StopPointInJourneyPattern order="1" version="any" id="SE:020:StopPointInJourneyPattern:205339415000024669_205330000091745269">
    <ScheduledStopPointRef ref="SE:020:ScheduledStopPoint:9022020585939001"/>
    <ForAlighting>false</ForAlighting>
    <ForBoarding>true</ForBoarding>
    <DestinationDisplayRef ref="SE:020:DestinationDisplay:205330000113218486"/>
    <RequestStop>true</RequestStop>
</StopPointInJourneyPattern>
<StopPointInJourneyPattern order="2" version="any" id="SE:020:StopPointInJourneyPattern:205339415000024669_205330000091745270">
    <ScheduledStopPointRef ref="SE:020:ScheduledStopPoint:9022020585966001"/>
    <ForAlighting>true</ForAlighting>
    <ForBoarding>true</ForBoarding>
    <RequestStop>true</RequestStop>
</StopPointInJourneyPattern>
<StopPointInJourneyPattern order="3" version="any" id="SE:020:StopPointInJourneyPattern:205339415000024669_205330000091745271">
    <ScheduledStopPointRef ref="SE:020:ScheduledStopPoint:9022020585014001"/>
    <ForAlighting>true</ForAlighting>
    <ForBoarding>true</ForBoarding>
    <RequestStop>true</RequestStop>
</StopPointInJourneyPattern>
<StopPointInJourneyPattern order="4" version="any" id="SE:020:StopPointInJourneyPattern:205339415000024669_205330000091745272">
    <ScheduledStopPointRef ref="SE:020:ScheduledStopPoint:9022020585051001"/>
    <ForAlighting>true</ForAlighting>
    <ForBoarding>true</ForBoarding>
    <RequestStop>true</RequestStop>
</StopPointInJourneyPattern>
<StopPointInJourneyPattern order="5" version="any" id="SE:020:StopPointInJourneyPattern:205339415000024669_205330000091745273">
    <ScheduledStopPointRef ref="SE:020:ScheduledStopPoint:9022020585066002"/>
    <ForAlighting>true</ForAlighting>
    <ForBoarding>false</ForBoarding>
    <RequestStop>true</RequestStop>
</StopPointInJourneyPattern>
                            </pointsInSequence>
                            <linksInSequence>
<ServiceLinkInJourneyPattern order="1" version="any" id="SE:020:ServiceLinkInJourneyPattern:BUS_38905">
    <ServiceLinkRef ref="SE:020:ServiceLink:BUS_9025020058593901_9025020058596601"/>
</ServiceLinkInJourneyPattern>
<ServiceLinkInJourneyPattern order="2" version="any" id="SE:020:ServiceLinkInJourneyPattern:BUS_38906">
    <ServiceLinkRef ref="SE:020:ServiceLink:BUS_9025020058596601_9025020058501401"/>
</ServiceLinkInJourneyPattern>
<ServiceLinkInJourneyPattern order="3" version="any" id="SE:020:ServiceLinkInJourneyPattern:BUS_38907">
    <ServiceLinkRef ref="SE:020:ServiceLink:BUS_9025020058501401_9025020058505101"/>
</ServiceLinkInJourneyPattern>
<ServiceLinkInJourneyPattern order="4" version="any" id="SE:020:ServiceLinkInJourneyPattern:BUS_38908">
    <ServiceLinkRef ref="SE:020:ServiceLink:BUS_9025020058505101_9025020058506602"/>
</ServiceLinkInJourneyPattern>
                            </linksInSequence>
                        </JourneyPattern>
                        <JourneyPattern version="any" id="SE:020:JourneyPattern:205339415000020092">
                            <RouteRef ref="SE:020:Route:205330000091745243" version="any"/>
                            <pointsInSequence>
<StopPointInJourneyPattern order="1" version="any" id="SE:020:StopPointInJourneyPattern:205339415000020092_205330000091745248">
    <ScheduledStopPointRef ref="SE:020:ScheduledStopPoint:9022020585066002"/>
    <ForAlighting>false</ForAlighting>
    <ForBoarding>true</ForBoarding>
    <DestinationDisplayRef ref="SE:020:DestinationDisplay:205330000091745260"/>
    <RequestStop>true</RequestStop>
</StopPointInJourneyPattern>
<StopPointInJourneyPattern order="2" version="any" id="SE:020:StopPointInJourneyPattern:205339415000020092_205330000091745249">
    <ScheduledStopPointRef ref="SE:020:ScheduledStopPoint:9022020585051001"/>
    <ForAlighting>true</ForAlighting>
    <ForBoarding>true</ForBoarding>
    <RequestStop>true</RequestStop>
</StopPointInJourneyPattern>
<StopPointInJourneyPattern order="3" version="any" id="SE:020:StopPointInJourneyPattern:205339415000020092_205330000091745250">
    <ScheduledStopPointRef ref="SE:020:ScheduledStopPoint:9022020585966001"/>
    <ForAlighting>true</ForAlighting>
    <ForBoarding>true</ForBoarding>
    <RequestStop>true</RequestStop>
</StopPointInJourneyPattern>
<StopPointInJourneyPattern order="4" version="any" id="SE:020:StopPointInJourneyPattern:205339415000020092_205330000091745251">
    <ScheduledStopPointRef ref="SE:020:ScheduledStopPoint:9022020585014001"/>
    <ForAlighting>true</ForAlighting>
    <ForBoarding>true</ForBoarding>
    <RequestStop>true</RequestStop>
</StopPointInJourneyPattern>
<StopPointInJourneyPattern order="5" version="any" id="SE:020:StopPointInJourneyPattern:205339415000020092_205330000091745252">
    <ScheduledStopPointRef ref="SE:020:ScheduledStopPoint:9022020585939001"/>
    <ForAlighting>true</ForAlighting>
    <ForBoarding>false</ForBoarding>
    <RequestStop>true</RequestStop>
</StopPointInJourneyPattern>
                            </pointsInSequence>
                            <linksInSequence>
<ServiceLinkInJourneyPattern order="1" version="any" id="SE:020:ServiceLinkInJourneyPattern:BUS_38909">
    <ServiceLinkRef ref="SE:020:ServiceLink:BUS_9025020058506602_9025020058505101"/>
</ServiceLinkInJourneyPattern>
<ServiceLinkInJourneyPattern order="2" version="any" id="SE:020:ServiceLinkInJourneyPattern:BUS_38910">
    <ServiceLinkRef ref="SE:020:ServiceLink:BUS_9025020058505101_9025020058596601"/>
</ServiceLinkInJourneyPattern>
<ServiceLinkInJourneyPattern order="3" version="any" id="SE:020:ServiceLinkInJourneyPattern:BUS_38911">
    <ServiceLinkRef ref="SE:020:ServiceLink:BUS_9025020058596601_9025020058501401"/>
</ServiceLinkInJourneyPattern>
<ServiceLinkInJourneyPattern order="4" version="any" id="SE:020:ServiceLinkInJourneyPattern:BUS_38912">
    <ServiceLinkRef ref="SE:020:ServiceLink:BUS_9025020058501401_9025020058593901"/>
</ServiceLinkInJourneyPattern>
                            </linksInSequence>
                        </JourneyPattern>
                        <JourneyPattern version="any" id="SE:020:JourneyPattern:205339415000024668">
                            <RouteRef ref="SE:020:Route:205330000091745243" version="any"/>
                            <pointsInSequence>
<StopPointInJourneyPattern order="1" version="any" id="SE:020:StopPointInJourneyPattern:205339415000024668_205330000091745248">
    <ScheduledStopPointRef ref="SE:020:ScheduledStopPoint:9022020585066002"/>
    <ForAlighting>false</ForAlighting>
    <ForBoarding>true</ForBoarding>
    <DestinationDisplayRef ref="SE:020:DestinationDisplay:205330000113218472"/>
    <RequestStop>true</RequestStop>
</StopPointInJourneyPattern>
<StopPointInJourneyPattern order="2" version="any" id="SE:020:StopPointInJourneyPattern:205339415000024668_205330000091745249">
    <ScheduledStopPointRef ref="SE:020:ScheduledStopPoint:9022020585051001"/>
    <ForAlighting>true</ForAlighting>
    <ForBoarding>true</ForBoarding>
    <RequestStop>true</RequestStop>
</StopPointInJourneyPattern>
<StopPointInJourneyPattern order="3" version="any" id="SE:020:StopPointInJourneyPattern:205339415000024668_205330000091745250">
    <ScheduledStopPointRef ref="SE:020:ScheduledStopPoint:9022020585966001"/>
    <ForAlighting>true</ForAlighting>
    <ForBoarding>true</ForBoarding>
    <RequestStop>true</RequestStop>
</StopPointInJourneyPattern>
<StopPointInJourneyPattern order="4" version="any" id="SE:020:StopPointInJourneyPattern:205339415000024668_205330000091745251">
    <ScheduledStopPointRef ref="SE:020:ScheduledStopPoint:9022020585014001"/>
    <ForAlighting>true</ForAlighting>
    <ForBoarding>true</ForBoarding>
    <RequestStop>true</RequestStop>
</StopPointInJourneyPattern>
<StopPointInJourneyPattern order="5" version="any" id="SE:020:StopPointInJourneyPattern:205339415000024668_205330000091745252">
    <ScheduledStopPointRef ref="SE:020:ScheduledStopPoint:9022020585939001"/>
    <ForAlighting>true</ForAlighting>
    <ForBoarding>false</ForBoarding>
    <RequestStop>true</RequestStop>
</StopPointInJourneyPattern>
                            </pointsInSequence>
                            <linksInSequence>
<ServiceLinkInJourneyPattern order="1" version="any" id="SE:020:ServiceLinkInJourneyPattern:BUS_38913">
    <ServiceLinkRef ref="SE:020:ServiceLink:BUS_9025020058506602_9025020058505101"/>
</ServiceLinkInJourneyPattern>
<ServiceLinkInJourneyPattern order="2" version="any" id="SE:020:ServiceLinkInJourneyPattern:BUS_38914">
    <ServiceLinkRef ref="SE:020:ServiceLink:BUS_9025020058505101_9025020058596601"/>
</ServiceLinkInJourneyPattern>
<ServiceLinkInJourneyPattern order="3" version="any" id="SE:020:ServiceLinkInJourneyPattern:BUS_38915">
    <ServiceLinkRef ref="SE:020:ServiceLink:BUS_9025020058596601_9025020058501401"/>
</ServiceLinkInJourneyPattern>
<ServiceLinkInJourneyPattern order="4" version="any" id="SE:020:ServiceLinkInJourneyPattern:BUS_38916">
    <ServiceLinkRef ref="SE:020:ServiceLink:BUS_9025020058501401_9025020058593901"/>
</ServiceLinkInJourneyPattern>
                            </linksInSequence>
                        </JourneyPattern>
                    </journeyPatterns>
                </ServiceFrame>
                <TimetableFrame version="20240902035740" id="SE:020:TimetableFrame:9011020052600000">
                    <vehicleJourneys>
                        <ServiceJourney version="any" id="SE:020:ServiceJourney:205330000116444343">
                            <TransportMode>bus</TransportMode>
                            <TransportSubmode>
<BusSubmode>unknown</BusSubmode>
                            </TransportSubmode>
                            <dayTypes>
<DayTypeRef ref="SE:020:DayType:8su9ufe0mv3r6qs3qp22r5bn32a4v1jo"/>
                            </dayTypes>
                            <JourneyPatternRef ref="SE:020:JourneyPattern:205339415000024669" version="any"/>
                            <OperatorRef ref="SE:020:Operator:9013020810000000"/>
                            <passingTimes>
<TimetabledPassingTime version="any" id="SE:020:TimetabledPassingTime:205330000116444336">
    <StopPointInJourneyPatternRef ref="SE:020:StopPointInJourneyPattern:205339415000024669_205330000091745269" version="any"/>
    <DepartureTime>09:25:00</DepartureTime>
</TimetabledPassingTime>
<TimetabledPassingTime version="any" id="SE:020:TimetabledPassingTime:205330000116444337">
    <StopPointInJourneyPatternRef ref="SE:020:StopPointInJourneyPattern:205339415000024669_205330000091745270" version="any"/>
    <ArrivalTime>10:25:00</ArrivalTime>
    <DepartureTime>10:25:00</DepartureTime>
</TimetabledPassingTime>
<TimetabledPassingTime version="any" id="SE:020:TimetabledPassingTime:205330000116444338">
    <StopPointInJourneyPatternRef ref="SE:020:StopPointInJourneyPattern:205339415000024669_205330000091745271" version="any"/>
    <ArrivalTime>10:28:00</ArrivalTime>
    <DepartureTime>10:28:00</DepartureTime>
</TimetabledPassingTime>
<TimetabledPassingTime version="any" id="SE:020:TimetabledPassingTime:205330000116444339">
    <StopPointInJourneyPatternRef ref="SE:020:StopPointInJourneyPattern:205339415000024669_205330000091745272" version="any"/>
    <ArrivalTime>10:35:00</ArrivalTime>
    <DepartureTime>10:35:00</DepartureTime>
</TimetabledPassingTime>
<TimetabledPassingTime version="any" id="SE:020:TimetabledPassingTime:205330000116444340">
    <StopPointInJourneyPatternRef ref="SE:020:StopPointInJourneyPattern:205339415000024669_205330000091745273" version="any"/>
    <ArrivalTime>10:45:00</ArrivalTime>
</TimetabledPassingTime>
                            </passingTimes>
                            <FlexibleServiceProperties>
<FlexibleServiceType>fixedPassingTimes</FlexibleServiceType>
<BookWhen>advanceOnly</BookWhen>
<BookingNote>Turen ska förbeställas senast 2 timmar före bussens avgångstid via telefon 0774-44 00 00.</BookingNote>
                            </FlexibleServiceProperties>
                        </ServiceJourney>
                        <ServiceJourney version="any" id="SE:020:ServiceJourney:205330000116444327">
                            <TransportMode>bus</TransportMode>
                            <TransportSubmode>
<BusSubmode>unknown</BusSubmode>
                            </TransportSubmode>
                            <dayTypes>
<DayTypeRef ref="SE:020:DayType:8su9ufe0mv3r6qs3qp22r5bn32a4v1jo"/>
                            </dayTypes>
                            <JourneyPatternRef ref="SE:020:JourneyPattern:205339415000024668" version="any"/>
                            <OperatorRef ref="SE:020:Operator:9013020810000000"/>
                            <passingTimes>
<TimetabledPassingTime version="any" id="SE:020:TimetabledPassingTime:205330000116444320">
    <StopPointInJourneyPatternRef ref="SE:020:StopPointInJourneyPattern:205339415000024668_205330000091745248" version="any"/>
    <DepartureTime>12:30:00</DepartureTime>
</TimetabledPassingTime>
<TimetabledPassingTime version="any" id="SE:020:TimetabledPassingTime:205330000116444321">
    <StopPointInJourneyPatternRef ref="SE:020:StopPointInJourneyPattern:205339415000024668_205330000091745249" version="any"/>
    <ArrivalTime>12:38:00</ArrivalTime>
    <DepartureTime>12:38:00</DepartureTime>
</TimetabledPassingTime>
<TimetabledPassingTime version="any" id="SE:020:TimetabledPassingTime:205330000116444322">
    <StopPointInJourneyPatternRef ref="SE:020:StopPointInJourneyPattern:205339415000024668_205330000091745250" version="any"/>
    <ArrivalTime>12:45:00</ArrivalTime>
    <DepartureTime>12:45:00</DepartureTime>
</TimetabledPassingTime>
<TimetabledPassingTime version="any" id="SE:020:TimetabledPassingTime:205330000116444323">
    <StopPointInJourneyPatternRef ref="SE:020:StopPointInJourneyPattern:205339415000024668_205330000091745251" version="any"/>
    <ArrivalTime>12:48:00</ArrivalTime>
    <DepartureTime>12:48:00</DepartureTime>
</TimetabledPassingTime>
<TimetabledPassingTime version="any" id="SE:020:TimetabledPassingTime:205330000116444324">
    <StopPointInJourneyPatternRef ref="SE:020:StopPointInJourneyPattern:205339415000024668_205330000091745252" version="any"/>
    <ArrivalTime>13:45:00</ArrivalTime>
</TimetabledPassingTime>
                            </passingTimes>
                            <FlexibleServiceProperties>
<FlexibleServiceType>fixedPassingTimes</FlexibleServiceType>
<BookWhen>advanceOnly</BookWhen>
<BookingNote>Turen ska förbeställas senast 2 timmar före bussens avgångstid via telefon 0774-44 00 00.</BookingNote>
                            </FlexibleServiceProperties>
                        </ServiceJourney>
                    </vehicleJourneys>
                </TimetableFrame>
            </frames>
        </CompositeFrame>
    </dataObjects>
</PublicationDelivery>
