<?xml version="1.0" encoding="UTF-8" standalone="yes"?>
<PublicationDelivery xmlns="http://www.netex.org.uk/netex" xmlns:ns2="http://www.opengis.net/gml/3.2" xmlns:ns3="http://www.siri.org.uk/siri" xmlns:ns4="http://www.samtrafiken.se/netex" version="1.11:NO-NeTEx-networktimetable:1.3">
    <PublicationTimestamp>2024-10-09T02:57:23</PublicationTimestamp>
    <ParticipantRef>SAM</ParticipantRef>
    <dataObjects>
        <CompositeFrame created="2024-10-09T02:57:23" version="20241009025723" id="SE:020:CompositeFrame:9011020079300000">
            <ValidBetween>
                <FromDate>1970-01-01T00:00:00</FromDate>
            </ValidBetween>
            <codespaces>
                <Codespace id="SE:020">
                    <Xmlns>SE:020</Xmlns>
                    <XmlnsUrl>http://www.samtrafiken.se/ns/dt</XmlnsUrl>
                </Codespace>
            </codespaces>
            <FrameDefaults>
                <DefaultLocale>
                    <TimeZone>Europe/Stockholm</TimeZone>
                    <DefaultLanguage>se</DefaultLanguage>
                </DefaultLocale>
                <DefaultLocationSystem>4326</DefaultLocationSystem>
            </FrameDefaults>
            <frames>
                <ServiceFrame version="20241009025723" id="SE:020:ServiceFrame:9011020079300000">
                    <routes>
                        <Route version="any" id="SE:020:Route:205330000090041169">
                            <Name>Flextrafik</Name>
                            <LineRef ref="SE:020:Line:9011020079300000" version="190529"/>
                            <DirectionType>outbound</DirectionType>
                            <pointsInSequence>
<PointOnRoute order="1" version="any" id="SE:020:PointOnRoute:205330000090041174">
    <RoutePointRef ref="SE:020:RoutePoint:9022020539989001"/>
</PointOnRoute>
<PointOnRoute order="2" version="any" id="SE:020:PointOnRoute:205330000090041175">
    <RoutePointRef ref="SE:020:RoutePoint:9022020539162004"/>
</PointOnRoute>
<PointOnRoute order="3" version="any" id="SE:020:PointOnRoute:205330000090041176">
    <RoutePointRef ref="SE:020:RoutePoint:9022020539115001"/>
</PointOnRoute>
<PointOnRoute order="4" version="any" id="SE:020:PointOnRoute:205330000090041177">
    <RoutePointRef ref="SE:020:RoutePoint:9022020539192001"/>
</PointOnRoute>
<PointOnRoute order="5" version="any" id="SE:020:PointOnRoute:205330000090041178">
    <RoutePointRef ref="SE:020:RoutePoint:9022020539196001"/>
</PointOnRoute>
<PointOnRoute order="6" version="any" id="SE:020:PointOnRoute:205330000090041179">
    <RoutePointRef ref="SE:020:RoutePoint:9022020539194001"/>
</PointOnRoute>
<PointOnRoute order="7" version="any" id="SE:020:PointOnRoute:205330000090041180">
    <RoutePointRef ref="SE:020:RoutePoint:9022020539147001"/>
</PointOnRoute>
<PointOnRoute order="8" version="any" id="SE:020:PointOnRoute:205330000090041181">
    <RoutePointRef ref="SE:020:RoutePoint:9022020539195001"/>
</PointOnRoute>
<PointOnRoute order="9" version="any" id="SE:020:PointOnRoute:205330000090041182">
    <RoutePointRef ref="SE:020:RoutePoint:9022020539193001"/>
</PointOnRoute>
                            </pointsInSequence>
                        </Route>
                        <Route version="any" id="SE:020:Route:205330000090041194">
                            <Name>Flextrafik</Name>
                            <LineRef ref="SE:020:Line:9011020079300000" version="190529"/>
                            <DirectionType>outbound</DirectionType>
                            <pointsInSequence>
<PointOnRoute order="1" version="any" id="SE:020:PointOnRoute:205330000090041199">
    <RoutePointRef ref="SE:020:RoutePoint:9022020539115001"/>
</PointOnRoute>
<PointOnRoute order="2" version="any" id="SE:020:PointOnRoute:205330000090041200">
    <RoutePointRef ref="SE:020:RoutePoint:9022020539192001"/>
</PointOnRoute>
<PointOnRoute order="3" version="any" id="SE:020:PointOnRoute:205330000090041201">
    <RoutePointRef ref="SE:020:RoutePoint:9022020539196001"/>
</PointOnRoute>
<PointOnRoute order="4" version="any" id="SE:020:PointOnRoute:205330000090041202">
    <RoutePointRef ref="SE:020:RoutePoint:9022020539194001"/>
</PointOnRoute>
<PointOnRoute order="5" version="any" id="SE:020:PointOnRoute:205330000090041203">
    <RoutePointRef ref="SE:020:RoutePoint:9022020539147001"/>
</PointOnRoute>
<PointOnRoute order="6" version="any" id="SE:020:PointOnRoute:205330000090041204">
    <RoutePointRef ref="SE:020:RoutePoint:9022020539195001"/>
</PointOnRoute>
<PointOnRoute order="7" version="any" id="SE:020:PointOnRoute:205330000090041205">
    <RoutePointRef ref="SE:020:RoutePoint:9022020539193001"/>
</PointOnRoute>
<PointOnRoute order="8" version="any" id="SE:020:PointOnRoute:205330000090041206">
    <RoutePointRef ref="SE:020:RoutePoint:9022020539162004"/>
</PointOnRoute>
<PointOnRoute order="9" version="any" id="SE:020:PointOnRoute:205330000090041207">
    <RoutePointRef ref="SE:020:RoutePoint:9022020539989001"/>
</PointOnRoute>
                            </pointsInSequence>
                        </Route>
                    </routes>
                    <lines>
                        <Line version="190529" id="SE:020:Line:9011020079300000">
                            <ValidBetween>
<FromDate>2019-05-29T00:00:00</FromDate>
                            </ValidBetween>
                            <Name>793</Name>
                            <TransportMode>taxi</TransportMode>
                            <PublicCode>793</PublicCode>
                            <PrivateCode>793</PrivateCode>
                            <RepresentedByGroupRef ref="SE:020:Network:9010020000000000"/>
                        </Line>
                    </lines>
                    <journeyPatterns>
                        <JourneyPattern version="any" id="SE:020:JourneyPattern:205339415000019318">
                            <RouteRef ref="SE:020:Route:205330000090041169" version="any"/>
                            <pointsInSequence>
<StopPointInJourneyPattern order="1" version="any" id="SE:020:StopPointInJourneyPattern:205339415000019318_205330000090041174">
    <ScheduledStopPointRef ref="SE:020:ScheduledStopPoint:9022020539989001"/>
    <ForAlighting>false</ForAlighting>
    <ForBoarding>true</ForBoarding>
    <DestinationDisplayRef ref="SE:020:DestinationDisplay:205330000090041190"/>
    <RequestStop>true</RequestStop>
</StopPointInJourneyPattern>
<StopPointInJourneyPattern order="2" version="any" id="SE:020:StopPointInJourneyPattern:205339415000019318_205330000090041175">
    <ScheduledStopPointRef ref="SE:020:ScheduledStopPoint:9022020539162004"/>
    <ForAlighting>true</ForAlighting>
    <ForBoarding>true</ForBoarding>
    <RequestStop>true</RequestStop>
</StopPointInJourneyPattern>
<StopPointInJourneyPattern order="3" version="any" id="SE:020:StopPointInJourneyPattern:205339415000019318_205330000090041176">
    <ScheduledStopPointRef ref="SE:020:ScheduledStopPoint:9022020539115001"/>
    <ForAlighting>true</ForAlighting>
    <ForBoarding>true</ForBoarding>
    <RequestStop>true</RequestStop>
</StopPointInJourneyPattern>
<StopPointInJourneyPattern order="4" version="any" id="SE:020:StopPointInJourneyPattern:205339415000019318_205330000090041177">
    <ScheduledStopPointRef ref="SE:020:ScheduledStopPoint:9022020539192001"/>
    <ForAlighting>true</ForAlighting>
    <ForBoarding>true</ForBoarding>
    <RequestStop>true</RequestStop>
</StopPointInJourneyPattern>
<StopPointInJourneyPattern order="5" version="any" id="SE:020:StopPointInJourneyPattern:205339415000019318_205330000090041178">
    <ScheduledStopPointRef ref="SE:020:ScheduledStopPoint:9022020539196001"/>
    <ForAlighting>true</ForAlighting>
    <ForBoarding>true</ForBoarding>
    <RequestStop>true</RequestStop>
</StopPointInJourneyPattern>
<StopPointInJourneyPattern order="6" version="any" id="SE:020:StopPointInJourneyPattern:205339415000019318_205330000090041179">
    <ScheduledStopPointRef ref="SE:020:ScheduledStopPoint:9022020539194001"/>
    <ForAlighting>true</ForAlighting>
    <ForBoarding>true</ForBoarding>
    <RequestStop>true</RequestStop>
</StopPointInJourneyPattern>
<StopPointInJourneyPattern order="7" version="any" id="SE:020:StopPointInJourneyPattern:205339415000019318_205330000090041180">
    <ScheduledStopPointRef ref="SE:020:ScheduledStopPoint:9022020539147001"/>
    <ForAlighting>true</ForAlighting>
    <ForBoarding>true</ForBoarding>
    <RequestStop>true</RequestStop>
</StopPointInJourneyPattern>
<StopPointInJourneyPattern order="8" version="any" id="SE:020:StopPointInJourneyPattern:205339415000019318_205330000090041181">
    <ScheduledStopPointRef ref="SE:020:ScheduledStopPoint:9022020539195001"/>
    <ForAlighting>true</ForAlighting>
    <ForBoarding>true</ForBoarding>
    <RequestStop>true</RequestStop>
</StopPointInJourneyPattern>
<StopPointInJourneyPattern order="9" version="any" id="SE:020:StopPointInJourneyPattern:205339415000019318_205330000090041182">
    <ScheduledStopPointRef ref="SE:020:ScheduledStopPoint:9022020539193001"/>
    <ForAlighting>true</ForAlighting>
    <ForBoarding>false</ForBoarding>
    <RequestStop>true</RequestStop>
</StopPointInJourneyPattern>
                            </pointsInSequence>
                            <linksInSequence>
<ServiceLinkInJourneyPattern order="1" version="any" id="SE:020:ServiceLinkInJourneyPattern:TAXI_38367">
    <ServiceLinkRef ref="SE:020:ServiceLink:TAXI_9025020053998901_9025020053916204"/>
</ServiceLinkInJourneyPattern>
<ServiceLinkInJourneyPattern order="2" version="any" id="SE:020:ServiceLinkInJourneyPattern:TAXI_38368">
    <ServiceLinkRef ref="SE:020:ServiceLink:TAXI_9025020053916204_9025020053911501"/>
</ServiceLinkInJourneyPattern>
<ServiceLinkInJourneyPattern order="3" version="any" id="SE:020:ServiceLinkInJourneyPattern:TAXI_38369">
    <ServiceLinkRef ref="SE:020:ServiceLink:TAXI_9025020053911501_9025020053919201"/>
</ServiceLinkInJourneyPattern>
<ServiceLinkInJourneyPattern order="4" version="any" id="SE:020:ServiceLinkInJourneyPattern:TAXI_38370">
    <ServiceLinkRef ref="SE:020:ServiceLink:TAXI_9025020053919201_9025020053919601"/>
</ServiceLinkInJourneyPattern>
<ServiceLinkInJourneyPattern order="5" version="any" id="SE:020:ServiceLinkInJourneyPattern:TAXI_38371">
    <ServiceLinkRef ref="SE:020:ServiceLink:TAXI_9025020053919601_9025020053919401"/>
</ServiceLinkInJourneyPattern>
<ServiceLinkInJourneyPattern order="6" version="any" id="SE:020:ServiceLinkInJourneyPattern:TAXI_38372">
    <ServiceLinkRef ref="SE:020:ServiceLink:TAXI_9025020053919401_9025020053914701"/>
</ServiceLinkInJourneyPattern>
<ServiceLinkInJourneyPattern order="7" version="any" id="SE:020:ServiceLinkInJourneyPattern:TAXI_38373">
    <ServiceLinkRef ref="SE:020:ServiceLink:TAXI_9025020053914701_9025020053919501"/>
</ServiceLinkInJourneyPattern>
<ServiceLinkInJourneyPattern order="8" version="any" id="SE:020:ServiceLinkInJourneyPattern:TAXI_38374">
    <ServiceLinkRef ref="SE:020:ServiceLink:TAXI_9025020053919501_9025020053919301"/>
</ServiceLinkInJourneyPattern>
                            </linksInSequence>
                        </JourneyPattern>
                        <JourneyPattern version="any" id="SE:020:JourneyPattern:205339415000019319">
                            <RouteRef ref="SE:020:Route:205330000090041194" version="any"/>
                            <pointsInSequence>
<StopPointInJourneyPattern order="1" version="any" id="SE:020:StopPointInJourneyPattern:205339415000019319_205330000090041199">
    <ScheduledStopPointRef ref="SE:020:ScheduledStopPoint:9022020539115001"/>
    <ForAlighting>false</ForAlighting>
    <ForBoarding>true</ForBoarding>
    <DestinationDisplayRef ref="SE:020:DestinationDisplay:205330000090041215"/>
    <RequestStop>true</RequestStop>
</StopPointInJourneyPattern>
<StopPointInJourneyPattern order="2" version="any" id="SE:020:StopPointInJourneyPattern:205339415000019319_205330000090041200">
    <ScheduledStopPointRef ref="SE:020:ScheduledStopPoint:9022020539192001"/>
    <ForAlighting>true</ForAlighting>
    <ForBoarding>true</ForBoarding>
    <RequestStop>true</RequestStop>
</StopPointInJourneyPattern>
<StopPointInJourneyPattern order="3" version="any" id="SE:020:StopPointInJourneyPattern:205339415000019319_205330000090041201">
    <ScheduledStopPointRef ref="SE:020:ScheduledStopPoint:9022020539196001"/>
    <ForAlighting>true</ForAlighting>
    <ForBoarding>true</ForBoarding>
    <RequestStop>true</RequestStop>
</StopPointInJourneyPattern>
<StopPointInJourneyPattern order="4" version="any" id="SE:020:StopPointInJourneyPattern:205339415000019319_205330000090041202">
    <ScheduledStopPointRef ref="SE:020:ScheduledStopPoint:9022020539194001"/>
    <ForAlighting>true</ForAlighting>
    <ForBoarding>true</ForBoarding>
    <RequestStop>true</RequestStop>
</StopPointInJourneyPattern>
<StopPointInJourneyPattern order="5" version="any" id="SE:020:StopPointInJourneyPattern:205339415000019319_205330000090041203">
    <ScheduledStopPointRef ref="SE:020:ScheduledStopPoint:9022020539147001"/>
    <ForAlighting>true</ForAlighting>
    <ForBoarding>true</ForBoarding>
    <RequestStop>true</RequestStop>
</StopPointInJourneyPattern>
<StopPointInJourneyPattern order="6" version="any" id="SE:020:StopPointInJourneyPattern:205339415000019319_205330000090041204">
    <ScheduledStopPointRef ref="SE:020:ScheduledStopPoint:9022020539195001"/>
    <ForAlighting>true</ForAlighting>
    <ForBoarding>true</ForBoarding>
    <RequestStop>true</RequestStop>
</StopPointInJourneyPattern>
<StopPointInJourneyPattern order="7" version="any" id="SE:020:StopPointInJourneyPattern:205339415000019319_205330000090041205">
    <ScheduledStopPointRef ref="SE:020:ScheduledStopPoint:9022020539193001"/>
    <ForAlighting>true</ForAlighting>
    <ForBoarding>true</ForBoarding>
    <RequestStop>true</RequestStop>
</StopPointInJourneyPattern>
<StopPointInJourneyPattern order="8" version="any" id="SE:020:StopPointInJourneyPattern:205339415000019319_205330000090041206">
    <ScheduledStopPointRef ref="SE:020:ScheduledStopPoint:9022020539162004"/>
    <ForAlighting>true</ForAlighting>
    <ForBoarding>true</ForBoarding>
    <RequestStop>true</RequestStop>
</StopPointInJourneyPattern>
<StopPointInJourneyPattern order="9" version="any" id="SE:020:StopPointInJourneyPattern:205339415000019319_205330000090041207">
    <ScheduledStopPointRef ref="SE:020:ScheduledStopPoint:9022020539989001"/>
    <ForAlighting>true</ForAlighting>
    <ForBoarding>false</ForBoarding>
    <RequestStop>true</RequestStop>
</StopPointInJourneyPattern>
                            </pointsInSequence>
                            <linksInSequence>
<ServiceLinkInJourneyPattern order="1" version="any" id="SE:020:ServiceLinkInJourneyPattern:TAXI_38375">
    <ServiceLinkRef ref="SE:020:ServiceLink:TAXI_9025020053911501_9025020053919201"/>
</ServiceLinkInJourneyPattern>
<ServiceLinkInJourneyPattern order="2" version="any" id="SE:020:ServiceLinkInJourneyPattern:TAXI_38376">
    <ServiceLinkRef ref="SE:020:ServiceLink:TAXI_9025020053919201_9025020053919601"/>
</ServiceLinkInJourneyPattern>
<ServiceLinkInJourneyPattern order="3" version="any" id="SE:020:ServiceLinkInJourneyPattern:TAXI_38377">
    <ServiceLinkRef ref="SE:020:ServiceLink:TAXI_9025020053919601_9025020053919401"/>
</ServiceLinkInJourneyPattern>
<ServiceLinkInJourneyPattern order="4" version="any" id="SE:020:ServiceLinkInJourneyPattern:TAXI_38378">
    <ServiceLinkRef ref="SE:020:ServiceLink:TAXI_9025020053919401_9025020053914701"/>
</ServiceLinkInJourneyPattern>
<ServiceLinkInJourneyPattern order="5" version="any" id="SE:020:ServiceLinkInJourneyPattern:TAXI_38379">
    <ServiceLinkRef ref="SE:020:ServiceLink:TAXI_9025020053914701_9025020053919501"/>
</ServiceLinkInJourneyPattern>
<ServiceLinkInJourneyPattern order="6" version="any" id="SE:020:ServiceLinkInJourneyPattern:TAXI_38380">
    <ServiceLinkRef ref="SE:020:ServiceLink:TAXI_9025020053919501_9025020053919301"/>
</ServiceLinkInJourneyPattern>
<ServiceLinkInJourneyPattern order="7" version="any" id="SE:020:ServiceLinkInJourneyPattern:TAXI_38381">
    <ServiceLinkRef ref="SE:020:ServiceLink:TAXI_9025020053919301_9025020053916204"/>
</ServiceLinkInJourneyPattern>
<ServiceLinkInJourneyPattern order="8" version="any" id="SE:020:ServiceLinkInJourneyPattern:TAXI_38382">
    <ServiceLinkRef ref="SE:020:ServiceLink:TAXI_9025020053916204_9025020053998901"/>
</ServiceLinkInJourneyPattern>
                            </linksInSequence>
                        </JourneyPattern>
                    </journeyPatterns>
                </ServiceFrame>
                <TimetableFrame version="20241009025723" id="SE:020:TimetableFrame:9011020079300000">
                    <vehicleJourneys>
                        <ServiceJourney version="any" id="SE:020:ServiceJourney:205330000113221067">
                            <TransportMode>bus</TransportMode>
                            <TransportSubmode>
<BusSubmode>unknown</BusSubmode>
                            </TransportSubmode>
                            <dayTypes>
<DayTypeRef ref="SE:020:DayType:aq2cp0rsqg9oqp1pre8917h9m5u382a4"/>
                            </dayTypes>
                            <JourneyPatternRef ref="SE:020:JourneyPattern:205339415000019319" version="any"/>
                            <OperatorRef ref="SE:020:Operator:9013020810000000"/>
                            <passingTimes>
<TimetabledPassingTime version="any" id="SE:020:TimetabledPassingTime:205330000113221056">
    <StopPointInJourneyPatternRef ref="SE:020:StopPointInJourneyPattern:205339415000019319_205330000090041199" version="any"/>
    <DepartureTime>16:36:00</DepartureTime>
</TimetabledPassingTime>
<TimetabledPassingTime version="any" id="SE:020:TimetabledPassingTime:205330000113221057">
    <StopPointInJourneyPatternRef ref="SE:020:StopPointInJourneyPattern:205339415000019319_205330000090041200" version="any"/>
    <ArrivalTime>16:37:00</ArrivalTime>
    <DepartureTime>16:37:00</DepartureTime>
</TimetabledPassingTime>
<TimetabledPassingTime version="any" id="SE:020:TimetabledPassingTime:205330000113221058">
    <StopPointInJourneyPatternRef ref="SE:020:StopPointInJourneyPattern:205339415000019319_205330000090041201" version="any"/>
    <ArrivalTime>16:39:00</ArrivalTime>
    <DepartureTime>16:39:00</DepartureTime>
</TimetabledPassingTime>
<TimetabledPassingTime version="any" id="SE:020:TimetabledPassingTime:205330000113221059">
    <StopPointInJourneyPatternRef ref="SE:020:StopPointInJourneyPattern:205339415000019319_205330000090041202" version="any"/>
    <ArrivalTime>16:42:00</ArrivalTime>
    <DepartureTime>16:42:00</DepartureTime>
</TimetabledPassingTime>
<TimetabledPassingTime version="any" id="SE:020:TimetabledPassingTime:205330000113221060">
    <StopPointInJourneyPatternRef ref="SE:020:StopPointInJourneyPattern:205339415000019319_205330000090041203" version="any"/>
    <ArrivalTime>16:44:00</ArrivalTime>
    <DepartureTime>16:44:00</DepartureTime>
</TimetabledPassingTime>
<TimetabledPassingTime version="any" id="SE:020:TimetabledPassingTime:205330000113221061">
    <StopPointInJourneyPatternRef ref="SE:020:StopPointInJourneyPattern:205339415000019319_205330000090041204" version="any"/>
    <ArrivalTime>16:45:00</ArrivalTime>
    <DepartureTime>16:45:00</DepartureTime>
</TimetabledPassingTime>
<TimetabledPassingTime version="any" id="SE:020:TimetabledPassingTime:205330000113221062">
    <StopPointInJourneyPatternRef ref="SE:020:StopPointInJourneyPattern:205339415000019319_205330000090041205" version="any"/>
    <ArrivalTime>16:47:00</ArrivalTime>
    <DepartureTime>16:47:00</DepartureTime>
</TimetabledPassingTime>
<TimetabledPassingTime version="any" id="SE:020:TimetabledPassingTime:205330000113221063">
    <StopPointInJourneyPatternRef ref="SE:020:StopPointInJourneyPattern:205339415000019319_205330000090041206" version="any"/>
    <ArrivalTime>16:49:00</ArrivalTime>
    <DepartureTime>16:49:00</DepartureTime>
</TimetabledPassingTime>
<TimetabledPassingTime version="any" id="SE:020:TimetabledPassingTime:205330000113221064">
    <StopPointInJourneyPatternRef ref="SE:020:StopPointInJourneyPattern:205339415000019319_205330000090041207" version="any"/>
    <ArrivalTime>17:15:00</ArrivalTime>
</TimetabledPassingTime>
                            </passingTimes>
                            <FlexibleServiceProperties>
<FlexibleServiceType>fixedPassingTimes</FlexibleServiceType>
<BookWhen>advanceOnly</BookWhen>
<BookingNote>Turen ska förbeställas senast 3 timmar före bussens avgångstid via telefon 0774-44 00 00.</BookingNote>
                            </FlexibleServiceProperties>
                        </ServiceJourney>
                        <ServiceJourney version="any" id="SE:020:ServiceJourney:205330000113221049">
                            <TransportMode>bus</TransportMode>
                            <TransportSubmode>
<BusSubmode>unknown</BusSubmode>
                            </TransportSubmode>
                            <dayTypes>
<DayTypeRef ref="SE:020:DayType:aq2cp0rsqg9oqp1pre8917h9m5u382a4"/>
                            </dayTypes>
                            <JourneyPatternRef ref="SE:020:JourneyPattern:205339415000019318" version="any"/>
                            <OperatorRef ref="SE:020:Operator:9013020810000000"/>
                            <passingTimes>
<TimetabledPassingTime version="any" id="SE:020:TimetabledPassingTime:205330000113221038">
    <StopPointInJourneyPatternRef ref="SE:020:StopPointInJourneyPattern:205339415000019318_205330000090041174" version="any"/>
    <DepartureTime>14:00:00</DepartureTime>
</TimetabledPassingTime>
<TimetabledPassingTime version="any" id="SE:020:TimetabledPassingTime:205330000113221039">
    <StopPointInJourneyPatternRef ref="SE:020:StopPointInJourneyPattern:205339415000019318_205330000090041175" version="any"/>
    <ArrivalTime>14:25:00</ArrivalTime>
    <DepartureTime>14:25:00</DepartureTime>
</TimetabledPassingTime>
<TimetabledPassingTime version="any" id="SE:020:TimetabledPassingTime:205330000113221040">
    <StopPointInJourneyPatternRef ref="SE:020:StopPointInJourneyPattern:205339415000019318_205330000090041176" version="any"/>
    <ArrivalTime>14:26:00</ArrivalTime>
    <DepartureTime>14:26:00</DepartureTime>
</TimetabledPassingTime>
<TimetabledPassingTime version="any" id="SE:020:TimetabledPassingTime:205330000113221041">
    <StopPointInJourneyPatternRef ref="SE:020:StopPointInJourneyPattern:205339415000019318_205330000090041177" version="any"/>
    <ArrivalTime>14:27:00</ArrivalTime>
    <DepartureTime>14:27:00</DepartureTime>
</TimetabledPassingTime>
<TimetabledPassingTime version="any" id="SE:020:TimetabledPassingTime:205330000113221042">
    <StopPointInJourneyPatternRef ref="SE:020:StopPointInJourneyPattern:205339415000019318_205330000090041178" version="any"/>
    <ArrivalTime>14:29:00</ArrivalTime>
    <DepartureTime>14:29:00</DepartureTime>
</TimetabledPassingTime>
<TimetabledPassingTime version="any" id="SE:020:TimetabledPassingTime:205330000113221043">
    <StopPointInJourneyPatternRef ref="SE:020:StopPointInJourneyPattern:205339415000019318_205330000090041179" version="any"/>
    <ArrivalTime>14:32:00</ArrivalTime>
    <DepartureTime>14:32:00</DepartureTime>
</TimetabledPassingTime>
<TimetabledPassingTime version="any" id="SE:020:TimetabledPassingTime:205330000113221044">
    <StopPointInJourneyPatternRef ref="SE:020:StopPointInJourneyPattern:205339415000019318_205330000090041180" version="any"/>
    <ArrivalTime>14:34:00</ArrivalTime>
    <DepartureTime>14:34:00</DepartureTime>
</TimetabledPassingTime>
<TimetabledPassingTime version="any" id="SE:020:TimetabledPassingTime:205330000113221045">
    <StopPointInJourneyPatternRef ref="SE:020:StopPointInJourneyPattern:205339415000019318_205330000090041181" version="any"/>
    <ArrivalTime>14:35:00</ArrivalTime>
    <DepartureTime>14:35:00</DepartureTime>
</TimetabledPassingTime>
<TimetabledPassingTime version="any" id="SE:020:TimetabledPassingTime:205330000113221046">
    <StopPointInJourneyPatternRef ref="SE:020:StopPointInJourneyPattern:205339415000019318_205330000090041182" version="any"/>
    <ArrivalTime>14:37:00</ArrivalTime>
</TimetabledPassingTime>
                            </passingTimes>
                            <FlexibleServiceProperties>
<FlexibleServiceType>fixedPassingTimes</FlexibleServiceType>
<BookWhen>advanceOnly</BookWhen>
<BookingNote>Turen ska förbeställas senast 3 timmar före bussens avgångstid via telefon 0774-44 00 00.</BookingNote>
                            </FlexibleServiceProperties>
                        </ServiceJourney>
                    </vehicleJourneys>
                </TimetableFrame>
            </frames>
        </CompositeFrame>
    </dataObjects>
</PublicationDelivery>
