<?xml version="1.0" encoding="UTF-8" standalone="yes"?>
<PublicationDelivery xmlns="http://www.netex.org.uk/netex" xmlns:ns2="http://www.opengis.net/gml/3.2" xmlns:ns3="http://www.siri.org.uk/siri" xmlns:ns4="http://www.samtrafiken.se/netex" version="1.11:NO-NeTEx-networktimetable:1.3">
    <PublicationTimestamp>2024-10-09T02:57:23</PublicationTimestamp>
    <ParticipantRef>SAM</ParticipantRef>
    <dataObjects>
        <CompositeFrame created="2024-10-09T02:57:23" version="20241009025723" id="SE:020:CompositeFrame:9011020039500000">
            <ValidBetween>
                <FromDate>1970-01-01T00:00:00</FromDate>
            </ValidBetween>
            <codespaces>
                <Codespace id="SE:020">
                    <Xmlns>SE:020</Xmlns>
                    <XmlnsUrl>http://www.samtrafiken.se/ns/dt</XmlnsUrl>
                </Codespace>
            </codespaces>
            <FrameDefaults>
                <DefaultLocale>
                    <TimeZone>Europe/Stockholm</TimeZone>
                    <DefaultLanguage>se</DefaultLanguage>
                </DefaultLocale>
                <DefaultLocationSystem>4326</DefaultLocationSystem>
            </FrameDefaults>
            <frames>
                <ServiceFrame version="20241009025723" id="SE:020:ServiceFrame:9011020039500000">
                    <routes>
                        <Route version="any" id="SE:020:Route:205330000088786364">
                            <Name>Idre</Name>
                            <LineRef ref="SE:020:Line:9011020039500000" version="140809"/>
                            <DirectionType>outbound</DirectionType>
                            <pointsInSequence>
<PointOnRoute order="1" version="any" id="SE:020:PointOnRoute:205330000088786369">
    <RoutePointRef ref="SE:020:RoutePoint:9022020539017002"/>
</PointOnRoute>
<PointOnRoute order="2" version="any" id="SE:020:PointOnRoute:205330000088786370">
    <RoutePointRef ref="SE:020:RoutePoint:9022020539031002"/>
</PointOnRoute>
<PointOnRoute order="3" version="any" id="SE:020:PointOnRoute:205330000088786371">
    <RoutePointRef ref="SE:020:RoutePoint:9022020539035002"/>
</PointOnRoute>
<PointOnRoute order="4" version="any" id="SE:020:PointOnRoute:205330000088786372">
    <RoutePointRef ref="SE:020:RoutePoint:9022020539032001"/>
</PointOnRoute>
<PointOnRoute order="5" version="any" id="SE:020:PointOnRoute:205330000088786373">
    <RoutePointRef ref="SE:020:RoutePoint:9022020539033002"/>
</PointOnRoute>
<PointOnRoute order="6" version="any" id="SE:020:PointOnRoute:205330000088786374">
    <RoutePointRef ref="SE:020:RoutePoint:9022020539034001"/>
</PointOnRoute>
<PointOnRoute order="7" version="any" id="SE:020:PointOnRoute:205330000088786375">
    <RoutePointRef ref="SE:020:RoutePoint:9022020539186001"/>
</PointOnRoute>
<PointOnRoute order="8" version="any" id="SE:020:PointOnRoute:205330000088786376">
    <RoutePointRef ref="SE:020:RoutePoint:9022020539016002"/>
</PointOnRoute>
<PointOnRoute order="9" version="any" id="SE:020:PointOnRoute:205330000088786377">
    <RoutePointRef ref="SE:020:RoutePoint:9022020539036002"/>
</PointOnRoute>
<PointOnRoute order="10" version="any" id="SE:020:PointOnRoute:205330000088786378">
    <RoutePointRef ref="SE:020:RoutePoint:9022020539038002"/>
</PointOnRoute>
<PointOnRoute order="11" version="any" id="SE:020:PointOnRoute:205330000088786379">
    <RoutePointRef ref="SE:020:RoutePoint:9022020539185002"/>
</PointOnRoute>
<PointOnRoute order="12" version="any" id="SE:020:PointOnRoute:205330000088786380">
    <RoutePointRef ref="SE:020:RoutePoint:9022020539023001"/>
</PointOnRoute>
<PointOnRoute order="13" version="any" id="SE:020:PointOnRoute:205330000088786381">
    <RoutePointRef ref="SE:020:RoutePoint:9022020539041002"/>
</PointOnRoute>
                            </pointsInSequence>
                        </Route>
                        <Route version="any" id="SE:020:Route:205330000088786393">
                            <Name>Flötningen</Name>
                            <LineRef ref="SE:020:Line:9011020039500000" version="140809"/>
                            <DirectionType>inbound</DirectionType>
                            <pointsInSequence>
<PointOnRoute order="1" version="any" id="SE:020:PointOnRoute:205330000088786398">
    <RoutePointRef ref="SE:020:RoutePoint:9022020539023001"/>
</PointOnRoute>
<PointOnRoute order="2" version="any" id="SE:020:PointOnRoute:205330000088786399">
    <RoutePointRef ref="SE:020:RoutePoint:9022020539021001"/>
</PointOnRoute>
<PointOnRoute order="3" version="any" id="SE:020:PointOnRoute:205330000088786400">
    <RoutePointRef ref="SE:020:RoutePoint:9022020539185001"/>
</PointOnRoute>
<PointOnRoute order="4" version="any" id="SE:020:PointOnRoute:205330000088786401">
    <RoutePointRef ref="SE:020:RoutePoint:9022020539038001"/>
</PointOnRoute>
<PointOnRoute order="5" version="any" id="SE:020:PointOnRoute:205330000088786402">
    <RoutePointRef ref="SE:020:RoutePoint:9022020539036001"/>
</PointOnRoute>
<PointOnRoute order="6" version="any" id="SE:020:PointOnRoute:205330000088786403">
    <RoutePointRef ref="SE:020:RoutePoint:9022020539016001"/>
</PointOnRoute>
<PointOnRoute order="7" version="any" id="SE:020:PointOnRoute:205330000088786404">
    <RoutePointRef ref="SE:020:RoutePoint:9022020539034001"/>
</PointOnRoute>
<PointOnRoute order="8" version="any" id="SE:020:PointOnRoute:205330000088786405">
    <RoutePointRef ref="SE:020:RoutePoint:9022020539186001"/>
</PointOnRoute>
<PointOnRoute order="9" version="any" id="SE:020:PointOnRoute:205330000088786406">
    <RoutePointRef ref="SE:020:RoutePoint:9022020539033001"/>
</PointOnRoute>
<PointOnRoute order="10" version="any" id="SE:020:PointOnRoute:205330000088786407">
    <RoutePointRef ref="SE:020:RoutePoint:9022020539032001"/>
</PointOnRoute>
<PointOnRoute order="11" version="any" id="SE:020:PointOnRoute:205330000088786408">
    <RoutePointRef ref="SE:020:RoutePoint:9022020539035001"/>
</PointOnRoute>
<PointOnRoute order="12" version="any" id="SE:020:PointOnRoute:205330000088786409">
    <RoutePointRef ref="SE:020:RoutePoint:9022020539031001"/>
</PointOnRoute>
<PointOnRoute order="13" version="any" id="SE:020:PointOnRoute:205330000088786410">
    <RoutePointRef ref="SE:020:RoutePoint:9022020539017001"/>
</PointOnRoute>
                            </pointsInSequence>
                        </Route>
                    </routes>
                    <lines>
                        <Line version="140809" id="SE:020:Line:9011020039500000">
                            <ValidBetween>
<FromDate>2014-08-09T00:00:00</FromDate>
                            </ValidBetween>
                            <Name>395</Name>
                            <TransportMode>bus</TransportMode>
                            <TransportSubmode>
<BusSubmode>unknown</BusSubmode>
                            </TransportSubmode>
                            <PublicCode>395</PublicCode>
                            <PrivateCode>395</PrivateCode>
                            <RepresentedByGroupRef ref="SE:020:Network:9010020000000000"/>
                        </Line>
                    </lines>
                    <journeyPatterns>
                        <JourneyPattern version="any" id="SE:020:JourneyPattern:205339415000018893">
                            <RouteRef ref="SE:020:Route:205330000088786364" version="any"/>
                            <pointsInSequence>
<StopPointInJourneyPattern order="1" version="any" id="SE:020:StopPointInJourneyPattern:205339415000018893_205330000088786369">
    <ScheduledStopPointRef ref="SE:020:ScheduledStopPoint:9022020539017002"/>
    <ForAlighting>false</ForAlighting>
    <ForBoarding>true</ForBoarding>
    <DestinationDisplayRef ref="SE:020:DestinationDisplay:205330000088786389"/>
    <RequestStop>true</RequestStop>
</StopPointInJourneyPattern>
<StopPointInJourneyPattern order="2" version="any" id="SE:020:StopPointInJourneyPattern:205339415000018893_205330000088786370">
    <ScheduledStopPointRef ref="SE:020:ScheduledStopPoint:9022020539031002"/>
    <ForAlighting>true</ForAlighting>
    <ForBoarding>true</ForBoarding>
    <RequestStop>true</RequestStop>
</StopPointInJourneyPattern>
<StopPointInJourneyPattern order="3" version="any" id="SE:020:StopPointInJourneyPattern:205339415000018893_205330000088786371">
    <ScheduledStopPointRef ref="SE:020:ScheduledStopPoint:9022020539035002"/>
    <ForAlighting>true</ForAlighting>
    <ForBoarding>true</ForBoarding>
    <RequestStop>true</RequestStop>
</StopPointInJourneyPattern>
<StopPointInJourneyPattern order="4" version="any" id="SE:020:StopPointInJourneyPattern:205339415000018893_205330000088786372">
    <ScheduledStopPointRef ref="SE:020:ScheduledStopPoint:9022020539032001"/>
    <ForAlighting>true</ForAlighting>
    <ForBoarding>true</ForBoarding>
    <RequestStop>true</RequestStop>
</StopPointInJourneyPattern>
<StopPointInJourneyPattern order="5" version="any" id="SE:020:StopPointInJourneyPattern:205339415000018893_205330000088786373">
    <ScheduledStopPointRef ref="SE:020:ScheduledStopPoint:9022020539033002"/>
    <ForAlighting>true</ForAlighting>
    <ForBoarding>true</ForBoarding>
    <RequestStop>true</RequestStop>
</StopPointInJourneyPattern>
<StopPointInJourneyPattern order="6" version="any" id="SE:020:StopPointInJourneyPattern:205339415000018893_205330000088786374">
    <ScheduledStopPointRef ref="SE:020:ScheduledStopPoint:9022020539034001"/>
    <ForAlighting>true</ForAlighting>
    <ForBoarding>true</ForBoarding>
    <RequestStop>true</RequestStop>
</StopPointInJourneyPattern>
<StopPointInJourneyPattern order="7" version="any" id="SE:020:StopPointInJourneyPattern:205339415000018893_205330000088786375">
    <ScheduledStopPointRef ref="SE:020:ScheduledStopPoint:9022020539186001"/>
    <ForAlighting>true</ForAlighting>
    <ForBoarding>true</ForBoarding>
    <RequestStop>true</RequestStop>
</StopPointInJourneyPattern>
<StopPointInJourneyPattern order="8" version="any" id="SE:020:StopPointInJourneyPattern:205339415000018893_205330000088786376">
    <ScheduledStopPointRef ref="SE:020:ScheduledStopPoint:9022020539016002"/>
    <ForAlighting>true</ForAlighting>
    <ForBoarding>true</ForBoarding>
    <RequestStop>true</RequestStop>
</StopPointInJourneyPattern>
<StopPointInJourneyPattern order="9" version="any" id="SE:020:StopPointInJourneyPattern:205339415000018893_205330000088786377">
    <ScheduledStopPointRef ref="SE:020:ScheduledStopPoint:9022020539036002"/>
    <ForAlighting>true</ForAlighting>
    <ForBoarding>true</ForBoarding>
    <RequestStop>true</RequestStop>
</StopPointInJourneyPattern>
<StopPointInJourneyPattern order="10" version="any" id="SE:020:StopPointInJourneyPattern:205339415000018893_205330000088786378">
    <ScheduledStopPointRef ref="SE:020:ScheduledStopPoint:9022020539038002"/>
    <ForAlighting>true</ForAlighting>
    <ForBoarding>true</ForBoarding>
    <RequestStop>true</RequestStop>
</StopPointInJourneyPattern>
<StopPointInJourneyPattern order="11" version="any" id="SE:020:StopPointInJourneyPattern:205339415000018893_205330000088786379">
    <ScheduledStopPointRef ref="SE:020:ScheduledStopPoint:9022020539185002"/>
    <ForAlighting>true</ForAlighting>
    <ForBoarding>true</ForBoarding>
    <RequestStop>true</RequestStop>
</StopPointInJourneyPattern>
<StopPointInJourneyPattern order="12" version="any" id="SE:020:StopPointInJourneyPattern:205339415000018893_205330000088786380">
    <ScheduledStopPointRef ref="SE:020:ScheduledStopPoint:9022020539023001"/>
    <ForAlighting>true</ForAlighting>
    <ForBoarding>true</ForBoarding>
    <RequestStop>true</RequestStop>
</StopPointInJourneyPattern>
<StopPointInJourneyPattern order="13" version="any" id="SE:020:StopPointInJourneyPattern:205339415000018893_205330000088786381">
    <ScheduledStopPointRef ref="SE:020:ScheduledStopPoint:9022020539041002"/>
    <ForAlighting>true</ForAlighting>
    <ForBoarding>false</ForBoarding>
    <RequestStop>true</RequestStop>
</StopPointInJourneyPattern>
                            </pointsInSequence>
                            <linksInSequence>
<ServiceLinkInJourneyPattern order="1" version="any" id="SE:020:ServiceLinkInJourneyPattern:BUS_15905">
    <ServiceLinkRef ref="SE:020:ServiceLink:BUS_9025020053901702_9025020053903102"/>
</ServiceLinkInJourneyPattern>
<ServiceLinkInJourneyPattern order="2" version="any" id="SE:020:ServiceLinkInJourneyPattern:BUS_15906">
    <ServiceLinkRef ref="SE:020:ServiceLink:BUS_9025020053903102_9025020053903502"/>
</ServiceLinkInJourneyPattern>
<ServiceLinkInJourneyPattern order="3" version="any" id="SE:020:ServiceLinkInJourneyPattern:BUS_15907">
    <ServiceLinkRef ref="SE:020:ServiceLink:BUS_9025020053903502_9025020053903201"/>
</ServiceLinkInJourneyPattern>
<ServiceLinkInJourneyPattern order="4" version="any" id="SE:020:ServiceLinkInJourneyPattern:BUS_15908">
    <ServiceLinkRef ref="SE:020:ServiceLink:BUS_9025020053903201_9025020053903302"/>
</ServiceLinkInJourneyPattern>
<ServiceLinkInJourneyPattern order="5" version="any" id="SE:020:ServiceLinkInJourneyPattern:BUS_15909">
    <ServiceLinkRef ref="SE:020:ServiceLink:BUS_9025020053903302_9025020053903401"/>
</ServiceLinkInJourneyPattern>
<ServiceLinkInJourneyPattern order="6" version="any" id="SE:020:ServiceLinkInJourneyPattern:BUS_15910">
    <ServiceLinkRef ref="SE:020:ServiceLink:BUS_9025020053903401_9025020053918601"/>
</ServiceLinkInJourneyPattern>
<ServiceLinkInJourneyPattern order="7" version="any" id="SE:020:ServiceLinkInJourneyPattern:BUS_15911">
    <ServiceLinkRef ref="SE:020:ServiceLink:BUS_9025020053918601_9025020053901602"/>
</ServiceLinkInJourneyPattern>
<ServiceLinkInJourneyPattern order="8" version="any" id="SE:020:ServiceLinkInJourneyPattern:BUS_15912">
    <ServiceLinkRef ref="SE:020:ServiceLink:BUS_9025020053901602_9025020053903602"/>
</ServiceLinkInJourneyPattern>
<ServiceLinkInJourneyPattern order="9" version="any" id="SE:020:ServiceLinkInJourneyPattern:BUS_15913">
    <ServiceLinkRef ref="SE:020:ServiceLink:BUS_9025020053903602_9025020053903802"/>
</ServiceLinkInJourneyPattern>
<ServiceLinkInJourneyPattern order="10" version="any" id="SE:020:ServiceLinkInJourneyPattern:BUS_15914">
    <ServiceLinkRef ref="SE:020:ServiceLink:BUS_9025020053903802_9025020053918502"/>
</ServiceLinkInJourneyPattern>
<ServiceLinkInJourneyPattern order="11" version="any" id="SE:020:ServiceLinkInJourneyPattern:BUS_15915">
    <ServiceLinkRef ref="SE:020:ServiceLink:BUS_9025020053918502_9025020053902301"/>
</ServiceLinkInJourneyPattern>
<ServiceLinkInJourneyPattern order="12" version="any" id="SE:020:ServiceLinkInJourneyPattern:BUS_15916">
    <ServiceLinkRef ref="SE:020:ServiceLink:BUS_9025020053902301_9025020053904102"/>
</ServiceLinkInJourneyPattern>
                            </linksInSequence>
                        </JourneyPattern>
                        <JourneyPattern version="any" id="SE:020:JourneyPattern:205339415000018894">
                            <RouteRef ref="SE:020:Route:205330000088786393" version="any"/>
                            <pointsInSequence>
<StopPointInJourneyPattern order="1" version="any" id="SE:020:StopPointInJourneyPattern:205339415000018894_205330000088786398">
    <ScheduledStopPointRef ref="SE:020:ScheduledStopPoint:9022020539023001"/>
    <ForAlighting>false</ForAlighting>
    <ForBoarding>true</ForBoarding>
    <DestinationDisplayRef ref="SE:020:DestinationDisplay:205330000088786418"/>
    <RequestStop>true</RequestStop>
</StopPointInJourneyPattern>
<StopPointInJourneyPattern order="2" version="any" id="SE:020:StopPointInJourneyPattern:205339415000018894_205330000088786399">
    <ScheduledStopPointRef ref="SE:020:ScheduledStopPoint:9022020539021001"/>
    <ForAlighting>true</ForAlighting>
    <ForBoarding>true</ForBoarding>
    <RequestStop>true</RequestStop>
</StopPointInJourneyPattern>
<StopPointInJourneyPattern order="3" version="any" id="SE:020:StopPointInJourneyPattern:205339415000018894_205330000088786400">
    <ScheduledStopPointRef ref="SE:020:ScheduledStopPoint:9022020539185001"/>
    <ForAlighting>true</ForAlighting>
    <ForBoarding>true</ForBoarding>
    <RequestStop>true</RequestStop>
</StopPointInJourneyPattern>
<StopPointInJourneyPattern order="4" version="any" id="SE:020:StopPointInJourneyPattern:205339415000018894_205330000088786401">
    <ScheduledStopPointRef ref="SE:020:ScheduledStopPoint:9022020539038001"/>
    <ForAlighting>true</ForAlighting>
    <ForBoarding>true</ForBoarding>
    <RequestStop>true</RequestStop>
</StopPointInJourneyPattern>
<StopPointInJourneyPattern order="5" version="any" id="SE:020:StopPointInJourneyPattern:205339415000018894_205330000088786402">
    <ScheduledStopPointRef ref="SE:020:ScheduledStopPoint:9022020539036001"/>
    <ForAlighting>true</ForAlighting>
    <ForBoarding>true</ForBoarding>
    <RequestStop>true</RequestStop>
</StopPointInJourneyPattern>
<StopPointInJourneyPattern order="6" version="any" id="SE:020:StopPointInJourneyPattern:205339415000018894_205330000088786403">
    <ScheduledStopPointRef ref="SE:020:ScheduledStopPoint:9022020539016001"/>
    <ForAlighting>true</ForAlighting>
    <ForBoarding>true</ForBoarding>
    <RequestStop>true</RequestStop>
</StopPointInJourneyPattern>
<StopPointInJourneyPattern order="7" version="any" id="SE:020:StopPointInJourneyPattern:205339415000018894_205330000088786404">
    <ScheduledStopPointRef ref="SE:020:ScheduledStopPoint:9022020539034001"/>
    <ForAlighting>true</ForAlighting>
    <ForBoarding>true</ForBoarding>
    <RequestStop>true</RequestStop>
</StopPointInJourneyPattern>
<StopPointInJourneyPattern order="8" version="any" id="SE:020:StopPointInJourneyPattern:205339415000018894_205330000088786405">
    <ScheduledStopPointRef ref="SE:020:ScheduledStopPoint:9022020539186001"/>
    <ForAlighting>true</ForAlighting>
    <ForBoarding>true</ForBoarding>
    <RequestStop>true</RequestStop>
</StopPointInJourneyPattern>
<StopPointInJourneyPattern order="9" version="any" id="SE:020:StopPointInJourneyPattern:205339415000018894_205330000088786406">
    <ScheduledStopPointRef ref="SE:020:ScheduledStopPoint:9022020539033001"/>
    <ForAlighting>true</ForAlighting>
    <ForBoarding>true</ForBoarding>
    <RequestStop>true</RequestStop>
</StopPointInJourneyPattern>
<StopPointInJourneyPattern order="10" version="any" id="SE:020:StopPointInJourneyPattern:205339415000018894_205330000088786407">
    <ScheduledStopPointRef ref="SE:020:ScheduledStopPoint:9022020539032001"/>
    <ForAlighting>true</ForAlighting>
    <ForBoarding>true</ForBoarding>
    <RequestStop>true</RequestStop>
</StopPointInJourneyPattern>
<StopPointInJourneyPattern order="11" version="any" id="SE:020:StopPointInJourneyPattern:205339415000018894_205330000088786408">
    <ScheduledStopPointRef ref="SE:020:ScheduledStopPoint:9022020539035001"/>
    <ForAlighting>true</ForAlighting>
    <ForBoarding>true</ForBoarding>
    <RequestStop>true</RequestStop>
</StopPointInJourneyPattern>
<StopPointInJourneyPattern order="12" version="any" id="SE:020:StopPointInJourneyPattern:205339415000018894_205330000088786409">
    <ScheduledStopPointRef ref="SE:020:ScheduledStopPoint:9022020539031001"/>
    <ForAlighting>true</ForAlighting>
    <ForBoarding>true</ForBoarding>
    <RequestStop>true</RequestStop>
</StopPointInJourneyPattern>
<StopPointInJourneyPattern order="13" version="any" id="SE:020:StopPointInJourneyPattern:205339415000018894_205330000088786410">
    <ScheduledStopPointRef ref="SE:020:ScheduledStopPoint:9022020539017001"/>
    <ForAlighting>true</ForAlighting>
    <ForBoarding>false</ForBoarding>
    <RequestStop>true</RequestStop>
</StopPointInJourneyPattern>
                            </pointsInSequence>
                            <linksInSequence>
<ServiceLinkInJourneyPattern order="1" version="any" id="SE:020:ServiceLinkInJourneyPattern:BUS_15917">
    <ServiceLinkRef ref="SE:020:ServiceLink:BUS_9025020053902301_9025020053902101"/>
</ServiceLinkInJourneyPattern>
<ServiceLinkInJourneyPattern order="2" version="any" id="SE:020:ServiceLinkInJourneyPattern:BUS_15918">
    <ServiceLinkRef ref="SE:020:ServiceLink:BUS_9025020053902101_9025020053918501"/>
</ServiceLinkInJourneyPattern>
<ServiceLinkInJourneyPattern order="3" version="any" id="SE:020:ServiceLinkInJourneyPattern:BUS_15919">
    <ServiceLinkRef ref="SE:020:ServiceLink:BUS_9025020053918501_9025020053903801"/>
</ServiceLinkInJourneyPattern>
<ServiceLinkInJourneyPattern order="4" version="any" id="SE:020:ServiceLinkInJourneyPattern:BUS_15920">
    <ServiceLinkRef ref="SE:020:ServiceLink:BUS_9025020053903801_9025020053903601"/>
</ServiceLinkInJourneyPattern>
<ServiceLinkInJourneyPattern order="5" version="any" id="SE:020:ServiceLinkInJourneyPattern:BUS_15921">
    <ServiceLinkRef ref="SE:020:ServiceLink:BUS_9025020053903601_9025020053901601"/>
</ServiceLinkInJourneyPattern>
<ServiceLinkInJourneyPattern order="6" version="any" id="SE:020:ServiceLinkInJourneyPattern:BUS_15922">
    <ServiceLinkRef ref="SE:020:ServiceLink:BUS_9025020053901601_9025020053903401"/>
</ServiceLinkInJourneyPattern>
<ServiceLinkInJourneyPattern order="7" version="any" id="SE:020:ServiceLinkInJourneyPattern:BUS_15923">
    <ServiceLinkRef ref="SE:020:ServiceLink:BUS_9025020053903401_9025020053918601"/>
</ServiceLinkInJourneyPattern>
<ServiceLinkInJourneyPattern order="8" version="any" id="SE:020:ServiceLinkInJourneyPattern:BUS_15924">
    <ServiceLinkRef ref="SE:020:ServiceLink:BUS_9025020053918601_9025020053903301"/>
</ServiceLinkInJourneyPattern>
<ServiceLinkInJourneyPattern order="9" version="any" id="SE:020:ServiceLinkInJourneyPattern:BUS_15925">
    <ServiceLinkRef ref="SE:020:ServiceLink:BUS_9025020053903301_9025020053903201"/>
</ServiceLinkInJourneyPattern>
<ServiceLinkInJourneyPattern order="10" version="any" id="SE:020:ServiceLinkInJourneyPattern:BUS_15926">
    <ServiceLinkRef ref="SE:020:ServiceLink:BUS_9025020053903201_9025020053903501"/>
</ServiceLinkInJourneyPattern>
<ServiceLinkInJourneyPattern order="11" version="any" id="SE:020:ServiceLinkInJourneyPattern:BUS_15927">
    <ServiceLinkRef ref="SE:020:ServiceLink:BUS_9025020053903501_9025020053903101"/>
</ServiceLinkInJourneyPattern>
<ServiceLinkInJourneyPattern order="12" version="any" id="SE:020:ServiceLinkInJourneyPattern:BUS_15928">
    <ServiceLinkRef ref="SE:020:ServiceLink:BUS_9025020053903101_9025020053901701"/>
</ServiceLinkInJourneyPattern>
                            </linksInSequence>
                        </JourneyPattern>
                        <JourneyPattern version="any" id="SE:020:JourneyPattern:205339415000025081">
                            <RouteRef ref="SE:020:Route:205330000088786393" version="any"/>
                            <pointsInSequence>
<StopPointInJourneyPattern order="1" version="any" id="SE:020:StopPointInJourneyPattern:205339415000025081_205330000088786398">
    <ScheduledStopPointRef ref="SE:020:ScheduledStopPoint:9022020539023001"/>
    <ForAlighting>false</ForAlighting>
    <ForBoarding>true</ForBoarding>
    <DestinationDisplayRef ref="SE:020:DestinationDisplay:205330000113938287"/>
    <RequestStop>true</RequestStop>
</StopPointInJourneyPattern>
<StopPointInJourneyPattern order="2" version="any" id="SE:020:StopPointInJourneyPattern:205339415000025081_205330000088786399">
    <ScheduledStopPointRef ref="SE:020:ScheduledStopPoint:9022020539021001"/>
    <ForAlighting>true</ForAlighting>
    <ForBoarding>true</ForBoarding>
    <RequestStop>true</RequestStop>
</StopPointInJourneyPattern>
<StopPointInJourneyPattern order="3" version="any" id="SE:020:StopPointInJourneyPattern:205339415000025081_205330000088786400">
    <ScheduledStopPointRef ref="SE:020:ScheduledStopPoint:9022020539185001"/>
    <ForAlighting>true</ForAlighting>
    <ForBoarding>true</ForBoarding>
    <RequestStop>true</RequestStop>
</StopPointInJourneyPattern>
<StopPointInJourneyPattern order="4" version="any" id="SE:020:StopPointInJourneyPattern:205339415000025081_205330000088786401">
    <ScheduledStopPointRef ref="SE:020:ScheduledStopPoint:9022020539038001"/>
    <ForAlighting>true</ForAlighting>
    <ForBoarding>true</ForBoarding>
    <RequestStop>true</RequestStop>
</StopPointInJourneyPattern>
<StopPointInJourneyPattern order="5" version="any" id="SE:020:StopPointInJourneyPattern:205339415000025081_205330000088786402">
    <ScheduledStopPointRef ref="SE:020:ScheduledStopPoint:9022020539036001"/>
    <ForAlighting>true</ForAlighting>
    <ForBoarding>true</ForBoarding>
    <RequestStop>true</RequestStop>
</StopPointInJourneyPattern>
<StopPointInJourneyPattern order="6" version="any" id="SE:020:StopPointInJourneyPattern:205339415000025081_205330000088786403">
    <ScheduledStopPointRef ref="SE:020:ScheduledStopPoint:9022020539016001"/>
    <ForAlighting>true</ForAlighting>
    <ForBoarding>true</ForBoarding>
    <RequestStop>true</RequestStop>
</StopPointInJourneyPattern>
<StopPointInJourneyPattern order="7" version="any" id="SE:020:StopPointInJourneyPattern:205339415000025081_205330000088786404">
    <ScheduledStopPointRef ref="SE:020:ScheduledStopPoint:9022020539034001"/>
    <ForAlighting>true</ForAlighting>
    <ForBoarding>true</ForBoarding>
    <RequestStop>true</RequestStop>
</StopPointInJourneyPattern>
<StopPointInJourneyPattern order="8" version="any" id="SE:020:StopPointInJourneyPattern:205339415000025081_205330000088786405">
    <ScheduledStopPointRef ref="SE:020:ScheduledStopPoint:9022020539186001"/>
    <ForAlighting>true</ForAlighting>
    <ForBoarding>true</ForBoarding>
    <RequestStop>true</RequestStop>
</StopPointInJourneyPattern>
<StopPointInJourneyPattern order="9" version="any" id="SE:020:StopPointInJourneyPattern:205339415000025081_205330000088786406">
    <ScheduledStopPointRef ref="SE:020:ScheduledStopPoint:9022020539033001"/>
    <ForAlighting>true</ForAlighting>
    <ForBoarding>true</ForBoarding>
    <RequestStop>true</RequestStop>
</StopPointInJourneyPattern>
<StopPointInJourneyPattern order="10" version="any" id="SE:020:StopPointInJourneyPattern:205339415000025081_205330000088786407">
    <ScheduledStopPointRef ref="SE:020:ScheduledStopPoint:9022020539032001"/>
    <ForAlighting>true</ForAlighting>
    <ForBoarding>true</ForBoarding>
    <RequestStop>true</RequestStop>
</StopPointInJourneyPattern>
<StopPointInJourneyPattern order="11" version="any" id="SE:020:StopPointInJourneyPattern:205339415000025081_205330000088786408">
    <ScheduledStopPointRef ref="SE:020:ScheduledStopPoint:9022020539035001"/>
    <ForAlighting>true</ForAlighting>
    <ForBoarding>true</ForBoarding>
    <RequestStop>true</RequestStop>
</StopPointInJourneyPattern>
<StopPointInJourneyPattern order="12" version="any" id="SE:020:StopPointInJourneyPattern:205339415000025081_205330000088786409">
    <ScheduledStopPointRef ref="SE:020:ScheduledStopPoint:9022020539031001"/>
    <ForAlighting>true</ForAlighting>
    <ForBoarding>true</ForBoarding>
    <RequestStop>true</RequestStop>
</StopPointInJourneyPattern>
<StopPointInJourneyPattern order="13" version="any" id="SE:020:StopPointInJourneyPattern:205339415000025081_205330000088786410">
    <ScheduledStopPointRef ref="SE:020:ScheduledStopPoint:9022020539017001"/>
    <ForAlighting>true</ForAlighting>
    <ForBoarding>false</ForBoarding>
    <RequestStop>true</RequestStop>
</StopPointInJourneyPattern>
                            </pointsInSequence>
                            <linksInSequence>
<ServiceLinkInJourneyPattern order="1" version="any" id="SE:020:ServiceLinkInJourneyPattern:BUS_15929">
    <ServiceLinkRef ref="SE:020:ServiceLink:BUS_9025020053902301_9025020053902101"/>
</ServiceLinkInJourneyPattern>
<ServiceLinkInJourneyPattern order="2" version="any" id="SE:020:ServiceLinkInJourneyPattern:BUS_15930">
    <ServiceLinkRef ref="SE:020:ServiceLink:BUS_9025020053902101_9025020053918501"/>
</ServiceLinkInJourneyPattern>
<ServiceLinkInJourneyPattern order="3" version="any" id="SE:020:ServiceLinkInJourneyPattern:BUS_15931">
    <ServiceLinkRef ref="SE:020:ServiceLink:BUS_9025020053918501_9025020053903801"/>
</ServiceLinkInJourneyPattern>
<ServiceLinkInJourneyPattern order="4" version="any" id="SE:020:ServiceLinkInJourneyPattern:BUS_15932">
    <ServiceLinkRef ref="SE:020:ServiceLink:BUS_9025020053903801_9025020053903601"/>
</ServiceLinkInJourneyPattern>
<ServiceLinkInJourneyPattern order="5" version="any" id="SE:020:ServiceLinkInJourneyPattern:BUS_15933">
    <ServiceLinkRef ref="SE:020:ServiceLink:BUS_9025020053903601_9025020053901601"/>
</ServiceLinkInJourneyPattern>
<ServiceLinkInJourneyPattern order="6" version="any" id="SE:020:ServiceLinkInJourneyPattern:BUS_15934">
    <ServiceLinkRef ref="SE:020:ServiceLink:BUS_9025020053901601_9025020053903401"/>
</ServiceLinkInJourneyPattern>
<ServiceLinkInJourneyPattern order="7" version="any" id="SE:020:ServiceLinkInJourneyPattern:BUS_15935">
    <ServiceLinkRef ref="SE:020:ServiceLink:BUS_9025020053903401_9025020053918601"/>
</ServiceLinkInJourneyPattern>
<ServiceLinkInJourneyPattern order="8" version="any" id="SE:020:ServiceLinkInJourneyPattern:BUS_15936">
    <ServiceLinkRef ref="SE:020:ServiceLink:BUS_9025020053918601_9025020053903301"/>
</ServiceLinkInJourneyPattern>
<ServiceLinkInJourneyPattern order="9" version="any" id="SE:020:ServiceLinkInJourneyPattern:BUS_15937">
    <ServiceLinkRef ref="SE:020:ServiceLink:BUS_9025020053903301_9025020053903201"/>
</ServiceLinkInJourneyPattern>
<ServiceLinkInJourneyPattern order="10" version="any" id="SE:020:ServiceLinkInJourneyPattern:BUS_15938">
    <ServiceLinkRef ref="SE:020:ServiceLink:BUS_9025020053903201_9025020053903501"/>
</ServiceLinkInJourneyPattern>
<ServiceLinkInJourneyPattern order="11" version="any" id="SE:020:ServiceLinkInJourneyPattern:BUS_15939">
    <ServiceLinkRef ref="SE:020:ServiceLink:BUS_9025020053903501_9025020053903101"/>
</ServiceLinkInJourneyPattern>
<ServiceLinkInJourneyPattern order="12" version="any" id="SE:020:ServiceLinkInJourneyPattern:BUS_15940">
    <ServiceLinkRef ref="SE:020:ServiceLink:BUS_9025020053903101_9025020053901701"/>
</ServiceLinkInJourneyPattern>
                            </linksInSequence>
                        </JourneyPattern>
                    </journeyPatterns>
                </ServiceFrame>
                <TimetableFrame version="20241009025723" id="SE:020:TimetableFrame:9011020039500000">
                    <vehicleJourneys>
                        <ServiceJourney version="any" id="SE:020:ServiceJourney:205330000113938310">
                            <TransportMode>bus</TransportMode>
                            <TransportSubmode>
<BusSubmode>unknown</BusSubmode>
                            </TransportSubmode>
                            <dayTypes>
<DayTypeRef ref="SE:020:DayType:33jmpmbc08dk2d8au9u7ffjuoo36fro1"/>
                            </dayTypes>
                            <JourneyPatternRef ref="SE:020:JourneyPattern:205339415000018893" version="any"/>
                            <OperatorRef ref="SE:020:Operator:9013020140700000"/>
                            <passingTimes>
<TimetabledPassingTime version="any" id="SE:020:TimetabledPassingTime:205330000113938295">
    <StopPointInJourneyPatternRef ref="SE:020:StopPointInJourneyPattern:205339415000018893_205330000088786369" version="any"/>
    <DepartureTime>06:40:00</DepartureTime>
</TimetabledPassingTime>
<TimetabledPassingTime version="any" id="SE:020:TimetabledPassingTime:205330000113938296">
    <StopPointInJourneyPatternRef ref="SE:020:StopPointInJourneyPattern:205339415000018893_205330000088786370" version="any"/>
    <ArrivalTime>06:40:43</ArrivalTime>
    <DepartureTime>06:40:43</DepartureTime>
</TimetabledPassingTime>
<TimetabledPassingTime version="any" id="SE:020:TimetabledPassingTime:205330000113938297">
    <StopPointInJourneyPatternRef ref="SE:020:StopPointInJourneyPattern:205339415000018893_205330000088786371" version="any"/>
    <ArrivalTime>06:45:00</ArrivalTime>
    <DepartureTime>06:45:00</DepartureTime>
</TimetabledPassingTime>
<TimetabledPassingTime version="any" id="SE:020:TimetabledPassingTime:205330000113938298">
    <StopPointInJourneyPatternRef ref="SE:020:StopPointInJourneyPattern:205339415000018893_205330000088786372" version="any"/>
    <ArrivalTime>06:45:16</ArrivalTime>
    <DepartureTime>06:45:16</DepartureTime>
</TimetabledPassingTime>
<TimetabledPassingTime version="any" id="SE:020:TimetabledPassingTime:205330000113938299">
    <StopPointInJourneyPatternRef ref="SE:020:StopPointInJourneyPattern:205339415000018893_205330000088786373" version="any"/>
    <ArrivalTime>06:51:04</ArrivalTime>
    <DepartureTime>06:51:04</DepartureTime>
</TimetabledPassingTime>
<TimetabledPassingTime version="any" id="SE:020:TimetabledPassingTime:205330000113938300">
    <StopPointInJourneyPatternRef ref="SE:020:StopPointInJourneyPattern:205339415000018893_205330000088786374" version="any"/>
    <ArrivalTime>06:58:00</ArrivalTime>
    <DepartureTime>06:58:00</DepartureTime>
</TimetabledPassingTime>
<TimetabledPassingTime version="any" id="SE:020:TimetabledPassingTime:205330000113938301">
    <StopPointInJourneyPatternRef ref="SE:020:StopPointInJourneyPattern:205339415000018893_205330000088786375" version="any"/>
    <ArrivalTime>06:58:55</ArrivalTime>
    <DepartureTime>06:58:55</DepartureTime>
</TimetabledPassingTime>
<TimetabledPassingTime version="any" id="SE:020:TimetabledPassingTime:205330000113938302">
    <StopPointInJourneyPatternRef ref="SE:020:StopPointInJourneyPattern:205339415000018893_205330000088786376" version="any"/>
    <ArrivalTime>07:06:35</ArrivalTime>
    <DepartureTime>07:06:35</DepartureTime>
</TimetabledPassingTime>
<TimetabledPassingTime version="any" id="SE:020:TimetabledPassingTime:205330000113938303">
    <StopPointInJourneyPatternRef ref="SE:020:StopPointInJourneyPattern:205339415000018893_205330000088786377" version="any"/>
    <ArrivalTime>07:09:00</ArrivalTime>
    <DepartureTime>07:09:00</DepartureTime>
</TimetabledPassingTime>
<TimetabledPassingTime version="any" id="SE:020:TimetabledPassingTime:205330000113938304">
    <StopPointInJourneyPatternRef ref="SE:020:StopPointInJourneyPattern:205339415000018893_205330000088786378" version="any"/>
    <ArrivalTime>07:14:25</ArrivalTime>
    <DepartureTime>07:14:25</DepartureTime>
</TimetabledPassingTime>
<TimetabledPassingTime version="any" id="SE:020:TimetabledPassingTime:205330000113938305">
    <StopPointInJourneyPatternRef ref="SE:020:StopPointInJourneyPattern:205339415000018893_205330000088786379" version="any"/>
    <ArrivalTime>07:19:53</ArrivalTime>
    <DepartureTime>07:19:53</DepartureTime>
</TimetabledPassingTime>
<TimetabledPassingTime version="any" id="SE:020:TimetabledPassingTime:205330000113938306">
    <StopPointInJourneyPatternRef ref="SE:020:StopPointInJourneyPattern:205339415000018893_205330000088786380" version="any"/>
    <ArrivalTime>07:22:00</ArrivalTime>
    <DepartureTime>07:22:00</DepartureTime>
</TimetabledPassingTime>
<TimetabledPassingTime version="any" id="SE:020:TimetabledPassingTime:205330000113938307">
    <StopPointInJourneyPatternRef ref="SE:020:StopPointInJourneyPattern:205339415000018893_205330000088786381" version="any"/>
    <ArrivalTime>07:25:00</ArrivalTime>
</TimetabledPassingTime>
                            </passingTimes>
                        </ServiceJourney>
                        <ServiceJourney version="any" id="SE:020:ServiceJourney:205330000116166689">
                            <TransportMode>bus</TransportMode>
                            <TransportSubmode>
<BusSubmode>unknown</BusSubmode>
                            </TransportSubmode>
                            <dayTypes>
<DayTypeRef ref="SE:020:DayType:33jmpmbc08dk2d8au9u7ffjuoo36fro1"/>
                            </dayTypes>
                            <JourneyPatternRef ref="SE:020:JourneyPattern:205339415000025081" version="any"/>
                            <OperatorRef ref="SE:020:Operator:9013020140700000"/>
                            <passingTimes>
<TimetabledPassingTime version="any" id="SE:020:TimetabledPassingTime:205330000116166674">
    <StopPointInJourneyPatternRef ref="SE:020:StopPointInJourneyPattern:205339415000025081_205330000088786398" version="any"/>
    <DepartureTime>15:18:00</DepartureTime>
</TimetabledPassingTime>
<TimetabledPassingTime version="any" id="SE:020:TimetabledPassingTime:205330000116166675">
    <StopPointInJourneyPatternRef ref="SE:020:StopPointInJourneyPattern:205339415000025081_205330000088786399" version="any"/>
    <ArrivalTime>15:19:00</ArrivalTime>
    <DepartureTime>15:19:00</DepartureTime>
</TimetabledPassingTime>
<TimetabledPassingTime version="any" id="SE:020:TimetabledPassingTime:205330000116166676">
    <StopPointInJourneyPatternRef ref="SE:020:StopPointInJourneyPattern:205339415000025081_205330000088786400" version="any"/>
    <ArrivalTime>15:20:29</ArrivalTime>
    <DepartureTime>15:20:29</DepartureTime>
</TimetabledPassingTime>
<TimetabledPassingTime version="any" id="SE:020:TimetabledPassingTime:205330000116166677">
    <StopPointInJourneyPatternRef ref="SE:020:StopPointInJourneyPattern:205339415000025081_205330000088786401" version="any"/>
    <ArrivalTime>15:26:38</ArrivalTime>
    <DepartureTime>15:26:38</DepartureTime>
</TimetabledPassingTime>
<TimetabledPassingTime version="any" id="SE:020:TimetabledPassingTime:205330000116166678">
    <StopPointInJourneyPatternRef ref="SE:020:StopPointInJourneyPattern:205339415000025081_205330000088786402" version="any"/>
    <ArrivalTime>15:34:00</ArrivalTime>
    <DepartureTime>15:34:00</DepartureTime>
</TimetabledPassingTime>
<TimetabledPassingTime version="any" id="SE:020:TimetabledPassingTime:205330000116166679">
    <StopPointInJourneyPatternRef ref="SE:020:StopPointInJourneyPattern:205339415000025081_205330000088786403" version="any"/>
    <ArrivalTime>15:35:02</ArrivalTime>
    <DepartureTime>15:35:02</DepartureTime>
</TimetabledPassingTime>
<TimetabledPassingTime version="any" id="SE:020:TimetabledPassingTime:205330000116166680">
    <StopPointInJourneyPatternRef ref="SE:020:StopPointInJourneyPattern:205339415000025081_205330000088786404" version="any"/>
    <ArrivalTime>15:42:00</ArrivalTime>
    <DepartureTime>15:42:00</DepartureTime>
</TimetabledPassingTime>
<TimetabledPassingTime version="any" id="SE:020:TimetabledPassingTime:205330000116166681">
    <StopPointInJourneyPatternRef ref="SE:020:StopPointInJourneyPattern:205339415000025081_205330000088786405" version="any"/>
    <ArrivalTime>15:42:49</ArrivalTime>
    <DepartureTime>15:42:49</DepartureTime>
</TimetabledPassingTime>
<TimetabledPassingTime version="any" id="SE:020:TimetabledPassingTime:205330000116166682">
    <StopPointInJourneyPatternRef ref="SE:020:StopPointInJourneyPattern:205339415000025081_205330000088786406" version="any"/>
    <ArrivalTime>15:48:41</ArrivalTime>
    <DepartureTime>15:48:41</DepartureTime>
</TimetabledPassingTime>
<TimetabledPassingTime version="any" id="SE:020:TimetabledPassingTime:205330000116166683">
    <StopPointInJourneyPatternRef ref="SE:020:StopPointInJourneyPattern:205339415000025081_205330000088786407" version="any"/>
    <ArrivalTime>15:57:00</ArrivalTime>
    <DepartureTime>15:57:00</DepartureTime>
</TimetabledPassingTime>
<TimetabledPassingTime version="any" id="SE:020:TimetabledPassingTime:205330000116166684">
    <StopPointInJourneyPatternRef ref="SE:020:StopPointInJourneyPattern:205339415000025081_205330000088786408" version="any"/>
    <ArrivalTime>15:57:29</ArrivalTime>
    <DepartureTime>15:57:29</DepartureTime>
</TimetabledPassingTime>
<TimetabledPassingTime version="any" id="SE:020:TimetabledPassingTime:205330000116166685">
    <StopPointInJourneyPatternRef ref="SE:020:StopPointInJourneyPattern:205339415000025081_205330000088786409" version="any"/>
    <ArrivalTime>16:01:39</ArrivalTime>
    <DepartureTime>16:01:39</DepartureTime>
</TimetabledPassingTime>
<TimetabledPassingTime version="any" id="SE:020:TimetabledPassingTime:205330000116166686">
    <StopPointInJourneyPatternRef ref="SE:020:StopPointInJourneyPattern:205339415000025081_205330000088786410" version="any"/>
    <ArrivalTime>16:03:00</ArrivalTime>
</TimetabledPassingTime>
                            </passingTimes>
                        </ServiceJourney>
                    </vehicleJourneys>
                    <journeyInterchanges>
                        <ServiceJourneyInterchange version="any" id="SE:020:ServiceJourneyInterchange:205330000116166689_1">
                            <Priority>0</Priority>
                            <Guaranteed>false</Guaranteed>
                            <Advertised>true</Advertised>
                            <FromPointRef ref="SE:020:ScheduledStopPoint:9022020539023001"/>
                            <ToPointRef ref="SE:020:ScheduledStopPoint:9022020539023001"/>
                            <FromJourneyRef ref="SE:020:ServiceJourney:205330000122490445"/>
                            <ToJourneyRef ref="SE:020:ServiceJourney:205330000116166689" version="any"/>
                        </ServiceJourneyInterchange>
                    </journeyInterchanges>
                </TimetableFrame>
            </frames>
        </CompositeFrame>
    </dataObjects>
</PublicationDelivery>
