<?xml version="1.0" encoding="UTF-8" standalone="yes"?>
<PublicationDelivery xmlns="http://www.netex.org.uk/netex" xmlns:ns2="http://www.opengis.net/gml/3.2" xmlns:ns3="http://www.siri.org.uk/siri" xmlns:ns4="http://www.samtrafiken.se/netex" version="1.11:NO-NeTEx-networktimetable:1.3">
    <PublicationTimestamp>2024-10-09T02:57:23</PublicationTimestamp>
    <ParticipantRef>SAM</ParticipantRef>
    <dataObjects>
        <CompositeFrame created="2024-10-09T02:57:23" version="20241009025723" id="SE:020:CompositeFrame:9011020091300000">
            <ValidBetween>
                <FromDate>1970-01-01T00:00:00</FromDate>
            </ValidBetween>
            <codespaces>
                <Codespace id="SE:020">
                    <Xmlns>SE:020</Xmlns>
                    <XmlnsUrl>http://www.samtrafiken.se/ns/dt</XmlnsUrl>
                </Codespace>
            </codespaces>
            <FrameDefaults>
                <DefaultLocale>
                    <TimeZone>Europe/Stockholm</TimeZone>
                    <DefaultLanguage>se</DefaultLanguage>
                </DefaultLocale>
                <DefaultLocationSystem>4326</DefaultLocationSystem>
            </FrameDefaults>
            <frames>
                <ServiceFrame version="20241009025723" id="SE:020:ServiceFrame:9011020091300000">
                    <routes>
                        <Route version="any" id="SE:020:Route:205330000104726076">
                            <Name>Skolbuss</Name>
                            <LineRef ref="SE:020:Line:9011020091300000" version="190809"/>
                            <DirectionType>outbound</DirectionType>
                            <pointsInSequence>
<PointOnRoute order="1" version="any" id="SE:020:PointOnRoute:205330000104726081">
    <RoutePointRef ref="SE:020:RoutePoint:9022020585182002"/>
</PointOnRoute>
<PointOnRoute order="2" version="any" id="SE:020:PointOnRoute:205330000104726082">
    <RoutePointRef ref="SE:020:RoutePoint:9022020585183002"/>
</PointOnRoute>
<PointOnRoute order="3" version="any" id="SE:020:PointOnRoute:205330000104726083">
    <RoutePointRef ref="SE:020:RoutePoint:9022020585184002"/>
</PointOnRoute>
<PointOnRoute order="4" version="any" id="SE:020:PointOnRoute:205330000104726084">
    <RoutePointRef ref="SE:020:RoutePoint:9022020585347001"/>
</PointOnRoute>
<PointOnRoute order="5" version="any" id="SE:020:PointOnRoute:205330000104726085">
    <RoutePointRef ref="SE:020:RoutePoint:9022020585185002"/>
</PointOnRoute>
<PointOnRoute order="6" version="any" id="SE:020:PointOnRoute:205330000104726086">
    <RoutePointRef ref="SE:020:RoutePoint:9022020585226002"/>
</PointOnRoute>
<PointOnRoute order="7" version="any" id="SE:020:PointOnRoute:205330000104726087">
    <RoutePointRef ref="SE:020:RoutePoint:9022020585246001"/>
</PointOnRoute>
<PointOnRoute order="8" version="any" id="SE:020:PointOnRoute:205330000104726088">
    <RoutePointRef ref="SE:020:RoutePoint:9022020585933001"/>
</PointOnRoute>
                            </pointsInSequence>
                        </Route>
                        <Route version="any" id="SE:020:Route:205330000093236165">
                            <Name>Skolbuss</Name>
                            <LineRef ref="SE:020:Line:9011020091300000" version="190809"/>
                            <DirectionType>inbound</DirectionType>
                            <pointsInSequence>
<PointOnRoute order="1" version="any" id="SE:020:PointOnRoute:205330000093236170">
    <RoutePointRef ref="SE:020:RoutePoint:9022020585933001"/>
</PointOnRoute>
<PointOnRoute order="2" version="any" id="SE:020:PointOnRoute:205330000093236171">
    <RoutePointRef ref="SE:020:RoutePoint:9022020585246001"/>
</PointOnRoute>
<PointOnRoute order="3" version="any" id="SE:020:PointOnRoute:205330000093236172">
    <RoutePointRef ref="SE:020:RoutePoint:9022020585226001"/>
</PointOnRoute>
<PointOnRoute order="4" version="any" id="SE:020:PointOnRoute:205330000093236173">
    <RoutePointRef ref="SE:020:RoutePoint:9022020585185001"/>
</PointOnRoute>
<PointOnRoute order="5" version="any" id="SE:020:PointOnRoute:205330000093236174">
    <RoutePointRef ref="SE:020:RoutePoint:9022020585347001"/>
</PointOnRoute>
<PointOnRoute order="6" version="any" id="SE:020:PointOnRoute:205330000093236175">
    <RoutePointRef ref="SE:020:RoutePoint:9022020585184001"/>
</PointOnRoute>
<PointOnRoute order="7" version="any" id="SE:020:PointOnRoute:205330000093236176">
    <RoutePointRef ref="SE:020:RoutePoint:9022020585183001"/>
</PointOnRoute>
<PointOnRoute order="8" version="any" id="SE:020:PointOnRoute:205330000093236177">
    <RoutePointRef ref="SE:020:RoutePoint:9022020585346001"/>
</PointOnRoute>
                            </pointsInSequence>
                        </Route>
                    </routes>
                    <lines>
                        <Line version="190809" id="SE:020:Line:9011020091300000">
                            <ValidBetween>
<FromDate>2019-08-09T00:00:00</FromDate>
                            </ValidBetween>
                            <Name>913</Name>
                            <TransportMode>bus</TransportMode>
                            <TransportSubmode>
<BusSubmode>unknown</BusSubmode>
                            </TransportSubmode>
                            <PublicCode>913</PublicCode>
                            <PrivateCode>913</PrivateCode>
                            <RepresentedByGroupRef ref="SE:020:Network:9010020000000000"/>
                        </Line>
                    </lines>
                    <journeyPatterns>
                        <JourneyPattern version="any" id="SE:020:JourneyPattern:205339415000023381">
                            <RouteRef ref="SE:020:Route:205330000104726076" version="any"/>
                            <pointsInSequence>
<StopPointInJourneyPattern order="1" version="any" id="SE:020:StopPointInJourneyPattern:205339415000023381_205330000104726081">
    <ScheduledStopPointRef ref="SE:020:ScheduledStopPoint:9022020585182002"/>
    <ForAlighting>false</ForAlighting>
    <ForBoarding>true</ForBoarding>
    <DestinationDisplayRef ref="SE:020:DestinationDisplay:205330000104726096"/>
    <RequestStop>true</RequestStop>
</StopPointInJourneyPattern>
<StopPointInJourneyPattern order="2" version="any" id="SE:020:StopPointInJourneyPattern:205339415000023381_205330000104726082">
    <ScheduledStopPointRef ref="SE:020:ScheduledStopPoint:9022020585183002"/>
    <ForAlighting>true</ForAlighting>
    <ForBoarding>true</ForBoarding>
    <RequestStop>true</RequestStop>
</StopPointInJourneyPattern>
<StopPointInJourneyPattern order="3" version="any" id="SE:020:StopPointInJourneyPattern:205339415000023381_205330000104726083">
    <ScheduledStopPointRef ref="SE:020:ScheduledStopPoint:9022020585184002"/>
    <ForAlighting>true</ForAlighting>
    <ForBoarding>true</ForBoarding>
    <RequestStop>true</RequestStop>
</StopPointInJourneyPattern>
<StopPointInJourneyPattern order="4" version="any" id="SE:020:StopPointInJourneyPattern:205339415000023381_205330000104726084">
    <ScheduledStopPointRef ref="SE:020:ScheduledStopPoint:9022020585347001"/>
    <ForAlighting>true</ForAlighting>
    <ForBoarding>true</ForBoarding>
    <RequestStop>true</RequestStop>
</StopPointInJourneyPattern>
<StopPointInJourneyPattern order="5" version="any" id="SE:020:StopPointInJourneyPattern:205339415000023381_205330000104726085">
    <ScheduledStopPointRef ref="SE:020:ScheduledStopPoint:9022020585185002"/>
    <ForAlighting>true</ForAlighting>
    <ForBoarding>true</ForBoarding>
    <RequestStop>true</RequestStop>
</StopPointInJourneyPattern>
<StopPointInJourneyPattern order="6" version="any" id="SE:020:StopPointInJourneyPattern:205339415000023381_205330000104726086">
    <ScheduledStopPointRef ref="SE:020:ScheduledStopPoint:9022020585226002"/>
    <ForAlighting>true</ForAlighting>
    <ForBoarding>true</ForBoarding>
    <RequestStop>true</RequestStop>
</StopPointInJourneyPattern>
<StopPointInJourneyPattern order="7" version="any" id="SE:020:StopPointInJourneyPattern:205339415000023381_205330000104726087">
    <ScheduledStopPointRef ref="SE:020:ScheduledStopPoint:9022020585246001"/>
    <ForAlighting>true</ForAlighting>
    <ForBoarding>true</ForBoarding>
    <RequestStop>true</RequestStop>
</StopPointInJourneyPattern>
<StopPointInJourneyPattern order="8" version="any" id="SE:020:StopPointInJourneyPattern:205339415000023381_205330000104726088">
    <ScheduledStopPointRef ref="SE:020:ScheduledStopPoint:9022020585933001"/>
    <ForAlighting>true</ForAlighting>
    <ForBoarding>false</ForBoarding>
    <RequestStop>true</RequestStop>
</StopPointInJourneyPattern>
                            </pointsInSequence>
                            <linksInSequence>
<ServiceLinkInJourneyPattern order="1" version="any" id="SE:020:ServiceLinkInJourneyPattern:BUS_39983">
    <ServiceLinkRef ref="SE:020:ServiceLink:BUS_9025020058518202_9025020058518302"/>
</ServiceLinkInJourneyPattern>
<ServiceLinkInJourneyPattern order="2" version="any" id="SE:020:ServiceLinkInJourneyPattern:BUS_39984">
    <ServiceLinkRef ref="SE:020:ServiceLink:BUS_9025020058518302_9025020058518402"/>
</ServiceLinkInJourneyPattern>
<ServiceLinkInJourneyPattern order="3" version="any" id="SE:020:ServiceLinkInJourneyPattern:BUS_39985">
    <ServiceLinkRef ref="SE:020:ServiceLink:BUS_9025020058518402_9025020058534701"/>
</ServiceLinkInJourneyPattern>
<ServiceLinkInJourneyPattern order="4" version="any" id="SE:020:ServiceLinkInJourneyPattern:BUS_39986">
    <ServiceLinkRef ref="SE:020:ServiceLink:BUS_9025020058534701_9025020058518502"/>
</ServiceLinkInJourneyPattern>
<ServiceLinkInJourneyPattern order="5" version="any" id="SE:020:ServiceLinkInJourneyPattern:BUS_39987">
    <ServiceLinkRef ref="SE:020:ServiceLink:BUS_9025020058518502_9025020058522602"/>
</ServiceLinkInJourneyPattern>
<ServiceLinkInJourneyPattern order="6" version="any" id="SE:020:ServiceLinkInJourneyPattern:BUS_39988">
    <ServiceLinkRef ref="SE:020:ServiceLink:BUS_9025020058522602_9025020058524601"/>
</ServiceLinkInJourneyPattern>
<ServiceLinkInJourneyPattern order="7" version="any" id="SE:020:ServiceLinkInJourneyPattern:BUS_39989">
    <ServiceLinkRef ref="SE:020:ServiceLink:BUS_9025020058524601_9025020058593301"/>
</ServiceLinkInJourneyPattern>
                            </linksInSequence>
                        </JourneyPattern>
                        <JourneyPattern version="any" id="SE:020:JourneyPattern:205339415000025149">
                            <RouteRef ref="SE:020:Route:205330000104726076" version="any"/>
                            <pointsInSequence>
<StopPointInJourneyPattern order="1" version="any" id="SE:020:StopPointInJourneyPattern:205339415000025149_205330000104726081">
    <ScheduledStopPointRef ref="SE:020:ScheduledStopPoint:9022020585182002"/>
    <ForAlighting>false</ForAlighting>
    <ForBoarding>true</ForBoarding>
    <DestinationDisplayRef ref="SE:020:DestinationDisplay:205330000113946680"/>
    <RequestStop>true</RequestStop>
</StopPointInJourneyPattern>
<StopPointInJourneyPattern order="2" version="any" id="SE:020:StopPointInJourneyPattern:205339415000025149_205330000104726082">
    <ScheduledStopPointRef ref="SE:020:ScheduledStopPoint:9022020585183002"/>
    <ForAlighting>true</ForAlighting>
    <ForBoarding>true</ForBoarding>
    <RequestStop>true</RequestStop>
</StopPointInJourneyPattern>
<StopPointInJourneyPattern order="3" version="any" id="SE:020:StopPointInJourneyPattern:205339415000025149_205330000104726083">
    <ScheduledStopPointRef ref="SE:020:ScheduledStopPoint:9022020585184002"/>
    <ForAlighting>true</ForAlighting>
    <ForBoarding>true</ForBoarding>
    <RequestStop>true</RequestStop>
</StopPointInJourneyPattern>
<StopPointInJourneyPattern order="4" version="any" id="SE:020:StopPointInJourneyPattern:205339415000025149_205330000104726084">
    <ScheduledStopPointRef ref="SE:020:ScheduledStopPoint:9022020585347001"/>
    <ForAlighting>true</ForAlighting>
    <ForBoarding>true</ForBoarding>
    <RequestStop>true</RequestStop>
</StopPointInJourneyPattern>
<StopPointInJourneyPattern order="5" version="any" id="SE:020:StopPointInJourneyPattern:205339415000025149_205330000104726085">
    <ScheduledStopPointRef ref="SE:020:ScheduledStopPoint:9022020585185002"/>
    <ForAlighting>true</ForAlighting>
    <ForBoarding>true</ForBoarding>
    <RequestStop>true</RequestStop>
</StopPointInJourneyPattern>
<StopPointInJourneyPattern order="6" version="any" id="SE:020:StopPointInJourneyPattern:205339415000025149_205330000104726086">
    <ScheduledStopPointRef ref="SE:020:ScheduledStopPoint:9022020585226002"/>
    <ForAlighting>true</ForAlighting>
    <ForBoarding>true</ForBoarding>
    <RequestStop>true</RequestStop>
</StopPointInJourneyPattern>
<StopPointInJourneyPattern order="7" version="any" id="SE:020:StopPointInJourneyPattern:205339415000025149_205330000104726087">
    <ScheduledStopPointRef ref="SE:020:ScheduledStopPoint:9022020585246001"/>
    <ForAlighting>true</ForAlighting>
    <ForBoarding>true</ForBoarding>
    <RequestStop>true</RequestStop>
</StopPointInJourneyPattern>
<StopPointInJourneyPattern order="8" version="any" id="SE:020:StopPointInJourneyPattern:205339415000025149_205330000104726088">
    <ScheduledStopPointRef ref="SE:020:ScheduledStopPoint:9022020585933001"/>
    <ForAlighting>true</ForAlighting>
    <ForBoarding>false</ForBoarding>
    <RequestStop>true</RequestStop>
</StopPointInJourneyPattern>
                            </pointsInSequence>
                            <linksInSequence>
<ServiceLinkInJourneyPattern order="1" version="any" id="SE:020:ServiceLinkInJourneyPattern:BUS_39990">
    <ServiceLinkRef ref="SE:020:ServiceLink:BUS_9025020058518202_9025020058518302"/>
</ServiceLinkInJourneyPattern>
<ServiceLinkInJourneyPattern order="2" version="any" id="SE:020:ServiceLinkInJourneyPattern:BUS_39991">
    <ServiceLinkRef ref="SE:020:ServiceLink:BUS_9025020058518302_9025020058518402"/>
</ServiceLinkInJourneyPattern>
<ServiceLinkInJourneyPattern order="3" version="any" id="SE:020:ServiceLinkInJourneyPattern:BUS_39992">
    <ServiceLinkRef ref="SE:020:ServiceLink:BUS_9025020058518402_9025020058534701"/>
</ServiceLinkInJourneyPattern>
<ServiceLinkInJourneyPattern order="4" version="any" id="SE:020:ServiceLinkInJourneyPattern:BUS_39993">
    <ServiceLinkRef ref="SE:020:ServiceLink:BUS_9025020058534701_9025020058518502"/>
</ServiceLinkInJourneyPattern>
<ServiceLinkInJourneyPattern order="5" version="any" id="SE:020:ServiceLinkInJourneyPattern:BUS_39994">
    <ServiceLinkRef ref="SE:020:ServiceLink:BUS_9025020058518502_9025020058522602"/>
</ServiceLinkInJourneyPattern>
<ServiceLinkInJourneyPattern order="6" version="any" id="SE:020:ServiceLinkInJourneyPattern:BUS_39995">
    <ServiceLinkRef ref="SE:020:ServiceLink:BUS_9025020058522602_9025020058524601"/>
</ServiceLinkInJourneyPattern>
<ServiceLinkInJourneyPattern order="7" version="any" id="SE:020:ServiceLinkInJourneyPattern:BUS_39996">
    <ServiceLinkRef ref="SE:020:ServiceLink:BUS_9025020058524601_9025020058593301"/>
</ServiceLinkInJourneyPattern>
                            </linksInSequence>
                        </JourneyPattern>
                        <JourneyPattern version="any" id="SE:020:JourneyPattern:205339415000020632">
                            <RouteRef ref="SE:020:Route:205330000093236165" version="any"/>
                            <pointsInSequence>
<StopPointInJourneyPattern order="1" version="any" id="SE:020:StopPointInJourneyPattern:205339415000020632_205330000093236170">
    <ScheduledStopPointRef ref="SE:020:ScheduledStopPoint:9022020585933001"/>
    <ForAlighting>false</ForAlighting>
    <ForBoarding>true</ForBoarding>
    <DestinationDisplayRef ref="SE:020:DestinationDisplay:205330000093236185"/>
    <RequestStop>true</RequestStop>
</StopPointInJourneyPattern>
<StopPointInJourneyPattern order="2" version="any" id="SE:020:StopPointInJourneyPattern:205339415000020632_205330000093236171">
    <ScheduledStopPointRef ref="SE:020:ScheduledStopPoint:9022020585246001"/>
    <ForAlighting>true</ForAlighting>
    <ForBoarding>true</ForBoarding>
    <RequestStop>true</RequestStop>
</StopPointInJourneyPattern>
<StopPointInJourneyPattern order="3" version="any" id="SE:020:StopPointInJourneyPattern:205339415000020632_205330000093236172">
    <ScheduledStopPointRef ref="SE:020:ScheduledStopPoint:9022020585226001"/>
    <ForAlighting>true</ForAlighting>
    <ForBoarding>true</ForBoarding>
    <RequestStop>true</RequestStop>
</StopPointInJourneyPattern>
<StopPointInJourneyPattern order="4" version="any" id="SE:020:StopPointInJourneyPattern:205339415000020632_205330000093236173">
    <ScheduledStopPointRef ref="SE:020:ScheduledStopPoint:9022020585185001"/>
    <ForAlighting>true</ForAlighting>
    <ForBoarding>true</ForBoarding>
    <RequestStop>true</RequestStop>
</StopPointInJourneyPattern>
<StopPointInJourneyPattern order="5" version="any" id="SE:020:StopPointInJourneyPattern:205339415000020632_205330000093236174">
    <ScheduledStopPointRef ref="SE:020:ScheduledStopPoint:9022020585347001"/>
    <ForAlighting>true</ForAlighting>
    <ForBoarding>true</ForBoarding>
    <RequestStop>true</RequestStop>
</StopPointInJourneyPattern>
<StopPointInJourneyPattern order="6" version="any" id="SE:020:StopPointInJourneyPattern:205339415000020632_205330000093236175">
    <ScheduledStopPointRef ref="SE:020:ScheduledStopPoint:9022020585184001"/>
    <ForAlighting>true</ForAlighting>
    <ForBoarding>true</ForBoarding>
    <RequestStop>true</RequestStop>
</StopPointInJourneyPattern>
<StopPointInJourneyPattern order="7" version="any" id="SE:020:StopPointInJourneyPattern:205339415000020632_205330000093236176">
    <ScheduledStopPointRef ref="SE:020:ScheduledStopPoint:9022020585183001"/>
    <ForAlighting>true</ForAlighting>
    <ForBoarding>true</ForBoarding>
    <RequestStop>true</RequestStop>
</StopPointInJourneyPattern>
<StopPointInJourneyPattern order="8" version="any" id="SE:020:StopPointInJourneyPattern:205339415000020632_205330000093236177">
    <ScheduledStopPointRef ref="SE:020:ScheduledStopPoint:9022020585346001"/>
    <ForAlighting>true</ForAlighting>
    <ForBoarding>false</ForBoarding>
    <RequestStop>true</RequestStop>
</StopPointInJourneyPattern>
                            </pointsInSequence>
                            <linksInSequence>
<ServiceLinkInJourneyPattern order="1" version="any" id="SE:020:ServiceLinkInJourneyPattern:BUS_39997">
    <ServiceLinkRef ref="SE:020:ServiceLink:BUS_9025020058593301_9025020058524601"/>
</ServiceLinkInJourneyPattern>
<ServiceLinkInJourneyPattern order="2" version="any" id="SE:020:ServiceLinkInJourneyPattern:BUS_39998">
    <ServiceLinkRef ref="SE:020:ServiceLink:BUS_9025020058524601_9025020058522601"/>
</ServiceLinkInJourneyPattern>
<ServiceLinkInJourneyPattern order="3" version="any" id="SE:020:ServiceLinkInJourneyPattern:BUS_39999">
    <ServiceLinkRef ref="SE:020:ServiceLink:BUS_9025020058522601_9025020058518501"/>
</ServiceLinkInJourneyPattern>
<ServiceLinkInJourneyPattern order="4" version="any" id="SE:020:ServiceLinkInJourneyPattern:BUS_40000">
    <ServiceLinkRef ref="SE:020:ServiceLink:BUS_9025020058518501_9025020058534701"/>
</ServiceLinkInJourneyPattern>
<ServiceLinkInJourneyPattern order="5" version="any" id="SE:020:ServiceLinkInJourneyPattern:BUS_40001">
    <ServiceLinkRef ref="SE:020:ServiceLink:BUS_9025020058534701_9025020058518401"/>
</ServiceLinkInJourneyPattern>
<ServiceLinkInJourneyPattern order="6" version="any" id="SE:020:ServiceLinkInJourneyPattern:BUS_40002">
    <ServiceLinkRef ref="SE:020:ServiceLink:BUS_9025020058518401_9025020058518301"/>
</ServiceLinkInJourneyPattern>
<ServiceLinkInJourneyPattern order="7" version="any" id="SE:020:ServiceLinkInJourneyPattern:BUS_40003">
    <ServiceLinkRef ref="SE:020:ServiceLink:BUS_9025020058518301_9025020058534601"/>
</ServiceLinkInJourneyPattern>
                            </linksInSequence>
                        </JourneyPattern>
                        <JourneyPattern version="any" id="SE:020:JourneyPattern:205339415000025150">
                            <RouteRef ref="SE:020:Route:205330000093236165" version="any"/>
                            <pointsInSequence>
<StopPointInJourneyPattern order="1" version="any" id="SE:020:StopPointInJourneyPattern:205339415000025150_205330000093236170">
    <ScheduledStopPointRef ref="SE:020:ScheduledStopPoint:9022020585933001"/>
    <ForAlighting>false</ForAlighting>
    <ForBoarding>true</ForBoarding>
    <DestinationDisplayRef ref="SE:020:DestinationDisplay:205330000113946694"/>
    <RequestStop>true</RequestStop>
</StopPointInJourneyPattern>
<StopPointInJourneyPattern order="2" version="any" id="SE:020:StopPointInJourneyPattern:205339415000025150_205330000093236171">
    <ScheduledStopPointRef ref="SE:020:ScheduledStopPoint:9022020585246001"/>
    <ForAlighting>true</ForAlighting>
    <ForBoarding>true</ForBoarding>
    <RequestStop>true</RequestStop>
</StopPointInJourneyPattern>
<StopPointInJourneyPattern order="3" version="any" id="SE:020:StopPointInJourneyPattern:205339415000025150_205330000093236172">
    <ScheduledStopPointRef ref="SE:020:ScheduledStopPoint:9022020585226001"/>
    <ForAlighting>true</ForAlighting>
    <ForBoarding>true</ForBoarding>
    <RequestStop>true</RequestStop>
</StopPointInJourneyPattern>
<StopPointInJourneyPattern order="4" version="any" id="SE:020:StopPointInJourneyPattern:205339415000025150_205330000093236173">
    <ScheduledStopPointRef ref="SE:020:ScheduledStopPoint:9022020585185001"/>
    <ForAlighting>true</ForAlighting>
    <ForBoarding>true</ForBoarding>
    <RequestStop>true</RequestStop>
</StopPointInJourneyPattern>
<StopPointInJourneyPattern order="5" version="any" id="SE:020:StopPointInJourneyPattern:205339415000025150_205330000093236174">
    <ScheduledStopPointRef ref="SE:020:ScheduledStopPoint:9022020585347001"/>
    <ForAlighting>true</ForAlighting>
    <ForBoarding>true</ForBoarding>
    <RequestStop>true</RequestStop>
</StopPointInJourneyPattern>
<StopPointInJourneyPattern order="6" version="any" id="SE:020:StopPointInJourneyPattern:205339415000025150_205330000093236175">
    <ScheduledStopPointRef ref="SE:020:ScheduledStopPoint:9022020585184001"/>
    <ForAlighting>true</ForAlighting>
    <ForBoarding>true</ForBoarding>
    <RequestStop>true</RequestStop>
</StopPointInJourneyPattern>
<StopPointInJourneyPattern order="7" version="any" id="SE:020:StopPointInJourneyPattern:205339415000025150_205330000093236176">
    <ScheduledStopPointRef ref="SE:020:ScheduledStopPoint:9022020585183001"/>
    <ForAlighting>true</ForAlighting>
    <ForBoarding>true</ForBoarding>
    <RequestStop>true</RequestStop>
</StopPointInJourneyPattern>
<StopPointInJourneyPattern order="8" version="any" id="SE:020:StopPointInJourneyPattern:205339415000025150_205330000093236177">
    <ScheduledStopPointRef ref="SE:020:ScheduledStopPoint:9022020585346001"/>
    <ForAlighting>true</ForAlighting>
    <ForBoarding>false</ForBoarding>
    <RequestStop>true</RequestStop>
</StopPointInJourneyPattern>
                            </pointsInSequence>
                            <linksInSequence>
<ServiceLinkInJourneyPattern order="1" version="any" id="SE:020:ServiceLinkInJourneyPattern:BUS_40004">
    <ServiceLinkRef ref="SE:020:ServiceLink:BUS_9025020058593301_9025020058524601"/>
</ServiceLinkInJourneyPattern>
<ServiceLinkInJourneyPattern order="2" version="any" id="SE:020:ServiceLinkInJourneyPattern:BUS_40005">
    <ServiceLinkRef ref="SE:020:ServiceLink:BUS_9025020058524601_9025020058522601"/>
</ServiceLinkInJourneyPattern>
<ServiceLinkInJourneyPattern order="3" version="any" id="SE:020:ServiceLinkInJourneyPattern:BUS_40006">
    <ServiceLinkRef ref="SE:020:ServiceLink:BUS_9025020058522601_9025020058518501"/>
</ServiceLinkInJourneyPattern>
<ServiceLinkInJourneyPattern order="4" version="any" id="SE:020:ServiceLinkInJourneyPattern:BUS_40007">
    <ServiceLinkRef ref="SE:020:ServiceLink:BUS_9025020058518501_9025020058534701"/>
</ServiceLinkInJourneyPattern>
<ServiceLinkInJourneyPattern order="5" version="any" id="SE:020:ServiceLinkInJourneyPattern:BUS_40008">
    <ServiceLinkRef ref="SE:020:ServiceLink:BUS_9025020058534701_9025020058518401"/>
</ServiceLinkInJourneyPattern>
<ServiceLinkInJourneyPattern order="6" version="any" id="SE:020:ServiceLinkInJourneyPattern:BUS_40009">
    <ServiceLinkRef ref="SE:020:ServiceLink:BUS_9025020058518401_9025020058518301"/>
</ServiceLinkInJourneyPattern>
<ServiceLinkInJourneyPattern order="7" version="any" id="SE:020:ServiceLinkInJourneyPattern:BUS_40010">
    <ServiceLinkRef ref="SE:020:ServiceLink:BUS_9025020058518301_9025020058534601"/>
</ServiceLinkInJourneyPattern>
                            </linksInSequence>
                        </JourneyPattern>
                    </journeyPatterns>
                </ServiceFrame>
                <TimetableFrame version="20241009025723" id="SE:020:TimetableFrame:9011020091300000">
                    <vehicleJourneys>
                        <ServiceJourney version="any" id="SE:020:ServiceJourney:205330000113946712">
                            <TransportMode>bus</TransportMode>
                            <TransportSubmode>
<BusSubmode>unknown</BusSubmode>
                            </TransportSubmode>
                            <dayTypes>
<DayTypeRef ref="SE:020:DayType:33jmpmbc08dk2d8au9u7ffjuoo36fro1"/>
                            </dayTypes>
                            <JourneyPatternRef ref="SE:020:JourneyPattern:205339415000025149" version="any"/>
                            <OperatorRef ref="SE:020:Operator:9013020140700000"/>
                            <passingTimes>
<TimetabledPassingTime version="any" id="SE:020:TimetabledPassingTime:205330000113946702">
    <StopPointInJourneyPatternRef ref="SE:020:StopPointInJourneyPattern:205339415000025149_205330000104726081" version="any"/>
    <DepartureTime>07:58:00</DepartureTime>
</TimetabledPassingTime>
<TimetabledPassingTime version="any" id="SE:020:TimetabledPassingTime:205330000113946703">
    <StopPointInJourneyPatternRef ref="SE:020:StopPointInJourneyPattern:205339415000025149_205330000104726082" version="any"/>
    <ArrivalTime>07:59:27</ArrivalTime>
    <DepartureTime>07:59:27</DepartureTime>
</TimetabledPassingTime>
<TimetabledPassingTime version="any" id="SE:020:TimetabledPassingTime:205330000113946704">
    <StopPointInJourneyPatternRef ref="SE:020:StopPointInJourneyPattern:205339415000025149_205330000104726083" version="any"/>
    <ArrivalTime>08:00:03</ArrivalTime>
    <DepartureTime>08:00:03</DepartureTime>
</TimetabledPassingTime>
<TimetabledPassingTime version="any" id="SE:020:TimetabledPassingTime:205330000113946705">
    <StopPointInJourneyPatternRef ref="SE:020:StopPointInJourneyPattern:205339415000025149_205330000104726084" version="any"/>
    <ArrivalTime>08:01:00</ArrivalTime>
    <DepartureTime>08:01:00</DepartureTime>
</TimetabledPassingTime>
<TimetabledPassingTime version="any" id="SE:020:TimetabledPassingTime:205330000113946706">
    <StopPointInJourneyPatternRef ref="SE:020:StopPointInJourneyPattern:205339415000025149_205330000104726085" version="any"/>
    <ArrivalTime>08:01:10</ArrivalTime>
    <DepartureTime>08:01:10</DepartureTime>
</TimetabledPassingTime>
<TimetabledPassingTime version="any" id="SE:020:TimetabledPassingTime:205330000113946707">
    <StopPointInJourneyPatternRef ref="SE:020:StopPointInJourneyPattern:205339415000025149_205330000104726086" version="any"/>
    <ArrivalTime>08:03:07</ArrivalTime>
    <DepartureTime>08:03:07</DepartureTime>
</TimetabledPassingTime>
<TimetabledPassingTime version="any" id="SE:020:TimetabledPassingTime:205330000113946708">
    <StopPointInJourneyPatternRef ref="SE:020:StopPointInJourneyPattern:205339415000025149_205330000104726087" version="any"/>
    <ArrivalTime>08:07:42</ArrivalTime>
    <DepartureTime>08:07:42</DepartureTime>
</TimetabledPassingTime>
<TimetabledPassingTime version="any" id="SE:020:TimetabledPassingTime:205330000113946709">
    <StopPointInJourneyPatternRef ref="SE:020:StopPointInJourneyPattern:205339415000025149_205330000104726088" version="any"/>
    <ArrivalTime>08:11:00</ArrivalTime>
</TimetabledPassingTime>
                            </passingTimes>
                        </ServiceJourney>
                        <ServiceJourney version="any" id="SE:020:ServiceJourney:205330000113946730">
                            <TransportMode>bus</TransportMode>
                            <TransportSubmode>
<BusSubmode>unknown</BusSubmode>
                            </TransportSubmode>
                            <dayTypes>
<DayTypeRef ref="SE:020:DayType:33jmpmbc08dk2d8au9u7ffjuoo36fro1"/>
                            </dayTypes>
                            <JourneyPatternRef ref="SE:020:JourneyPattern:205339415000025150" version="any"/>
                            <OperatorRef ref="SE:020:Operator:9013020140700000"/>
                            <passingTimes>
<TimetabledPassingTime version="any" id="SE:020:TimetabledPassingTime:205330000113946720">
    <StopPointInJourneyPatternRef ref="SE:020:StopPointInJourneyPattern:205339415000025150_205330000093236170" version="any"/>
    <DepartureTime>13:40:00</DepartureTime>
</TimetabledPassingTime>
<TimetabledPassingTime version="any" id="SE:020:TimetabledPassingTime:205330000113946721">
    <StopPointInJourneyPatternRef ref="SE:020:StopPointInJourneyPattern:205339415000025150_205330000093236171" version="any"/>
    <ArrivalTime>13:40:37</ArrivalTime>
    <DepartureTime>13:40:37</DepartureTime>
</TimetabledPassingTime>
<TimetabledPassingTime version="any" id="SE:020:TimetabledPassingTime:205330000113946722">
    <StopPointInJourneyPatternRef ref="SE:020:StopPointInJourneyPattern:205339415000025150_205330000093236172" version="any"/>
    <ArrivalTime>13:42:38</ArrivalTime>
    <DepartureTime>13:42:38</DepartureTime>
</TimetabledPassingTime>
<TimetabledPassingTime version="any" id="SE:020:TimetabledPassingTime:205330000113946723">
    <StopPointInJourneyPatternRef ref="SE:020:StopPointInJourneyPattern:205339415000025150_205330000093236173" version="any"/>
    <ArrivalTime>13:44:24</ArrivalTime>
    <DepartureTime>13:44:24</DepartureTime>
</TimetabledPassingTime>
<TimetabledPassingTime version="any" id="SE:020:TimetabledPassingTime:205330000113946724">
    <StopPointInJourneyPatternRef ref="SE:020:StopPointInJourneyPattern:205339415000025150_205330000093236174" version="any"/>
    <ArrivalTime>13:45:00</ArrivalTime>
    <DepartureTime>13:45:00</DepartureTime>
</TimetabledPassingTime>
<TimetabledPassingTime version="any" id="SE:020:TimetabledPassingTime:205330000113946725">
    <StopPointInJourneyPatternRef ref="SE:020:StopPointInJourneyPattern:205339415000025150_205330000093236175" version="any"/>
    <ArrivalTime>13:45:58</ArrivalTime>
    <DepartureTime>13:45:58</DepartureTime>
</TimetabledPassingTime>
<TimetabledPassingTime version="any" id="SE:020:TimetabledPassingTime:205330000113946726">
    <StopPointInJourneyPatternRef ref="SE:020:StopPointInJourneyPattern:205339415000025150_205330000093236176" version="any"/>
    <ArrivalTime>13:47:02</ArrivalTime>
    <DepartureTime>13:47:02</DepartureTime>
</TimetabledPassingTime>
<TimetabledPassingTime version="any" id="SE:020:TimetabledPassingTime:205330000113946727">
    <StopPointInJourneyPatternRef ref="SE:020:StopPointInJourneyPattern:205339415000025150_205330000093236177" version="any"/>
    <ArrivalTime>13:50:00</ArrivalTime>
</TimetabledPassingTime>
                            </passingTimes>
                        </ServiceJourney>
                        <ServiceJourney version="any" id="SE:020:ServiceJourney:205330000122305661">
                            <TransportMode>bus</TransportMode>
                            <TransportSubmode>
<BusSubmode>unknown</BusSubmode>
                            </TransportSubmode>
                            <dayTypes>
<DayTypeRef ref="SE:020:DayType:33jmpmbc08dk2d8au9u7ffjuoo36fro1"/>
                            </dayTypes>
                            <JourneyPatternRef ref="SE:020:JourneyPattern:205339415000025150" version="any"/>
                            <OperatorRef ref="SE:020:Operator:9013020140700000"/>
                            <passingTimes>
<TimetabledPassingTime version="any" id="SE:020:TimetabledPassingTime:205330000122305650">
    <StopPointInJourneyPatternRef ref="SE:020:StopPointInJourneyPattern:205339415000025150_205330000093236170" version="any"/>
    <DepartureTime>14:40:00</DepartureTime>
</TimetabledPassingTime>
<TimetabledPassingTime version="any" id="SE:020:TimetabledPassingTime:205330000122305651">
    <StopPointInJourneyPatternRef ref="SE:020:StopPointInJourneyPattern:205339415000025150_205330000093236171" version="any"/>
    <ArrivalTime>14:40:37</ArrivalTime>
    <DepartureTime>14:40:37</DepartureTime>
</TimetabledPassingTime>
<TimetabledPassingTime version="any" id="SE:020:TimetabledPassingTime:205330000122305652">
    <StopPointInJourneyPatternRef ref="SE:020:StopPointInJourneyPattern:205339415000025150_205330000093236172" version="any"/>
    <ArrivalTime>14:42:38</ArrivalTime>
    <DepartureTime>14:42:38</DepartureTime>
</TimetabledPassingTime>
<TimetabledPassingTime version="any" id="SE:020:TimetabledPassingTime:205330000122305653">
    <StopPointInJourneyPatternRef ref="SE:020:StopPointInJourneyPattern:205339415000025150_205330000093236173" version="any"/>
    <ArrivalTime>14:44:24</ArrivalTime>
    <DepartureTime>14:44:24</DepartureTime>
</TimetabledPassingTime>
<TimetabledPassingTime version="any" id="SE:020:TimetabledPassingTime:205330000122305654">
    <StopPointInJourneyPatternRef ref="SE:020:StopPointInJourneyPattern:205339415000025150_205330000093236174" version="any"/>
    <ArrivalTime>14:45:00</ArrivalTime>
    <DepartureTime>14:45:00</DepartureTime>
</TimetabledPassingTime>
<TimetabledPassingTime version="any" id="SE:020:TimetabledPassingTime:205330000122305655">
    <StopPointInJourneyPatternRef ref="SE:020:StopPointInJourneyPattern:205339415000025150_205330000093236175" version="any"/>
    <ArrivalTime>14:45:58</ArrivalTime>
    <DepartureTime>14:45:58</DepartureTime>
</TimetabledPassingTime>
<TimetabledPassingTime version="any" id="SE:020:TimetabledPassingTime:205330000122305656">
    <StopPointInJourneyPatternRef ref="SE:020:StopPointInJourneyPattern:205339415000025150_205330000093236176" version="any"/>
    <ArrivalTime>14:47:02</ArrivalTime>
    <DepartureTime>14:47:02</DepartureTime>
</TimetabledPassingTime>
<TimetabledPassingTime version="any" id="SE:020:TimetabledPassingTime:205330000122305657">
    <StopPointInJourneyPatternRef ref="SE:020:StopPointInJourneyPattern:205339415000025150_205330000093236177" version="any"/>
    <ArrivalTime>14:50:00</ArrivalTime>
</TimetabledPassingTime>
                            </passingTimes>
                        </ServiceJourney>
                    </vehicleJourneys>
                </TimetableFrame>
            </frames>
        </CompositeFrame>
    </dataObjects>
</PublicationDelivery>
