<?xml version="1.0" encoding="UTF-8" standalone="yes"?>
<PublicationDelivery xmlns="http://www.netex.org.uk/netex" xmlns:ns2="http://www.opengis.net/gml/3.2" xmlns:ns3="http://www.siri.org.uk/siri" xmlns:ns4="http://www.samtrafiken.se/netex" version="1.11:NO-NeTEx-networktimetable:1.3">
    <PublicationTimestamp>2024-10-09T02:57:23</PublicationTimestamp>
    <ParticipantRef>SAM</ParticipantRef>
    <dataObjects>
        <CompositeFrame created="2024-10-09T02:57:23" version="20241009025723" id="SE:020:CompositeFrame:9011020090200000">
            <ValidBetween>
                <FromDate>1970-01-01T00:00:00</FromDate>
            </ValidBetween>
            <codespaces>
                <Codespace id="SE:020">
                    <Xmlns>SE:020</Xmlns>
                    <XmlnsUrl>http://www.samtrafiken.se/ns/dt</XmlnsUrl>
                </Codespace>
            </codespaces>
            <FrameDefaults>
                <DefaultLocale>
                    <TimeZone>Europe/Stockholm</TimeZone>
                    <DefaultLanguage>se</DefaultLanguage>
                </DefaultLocale>
                <DefaultLocationSystem>4326</DefaultLocationSystem>
            </FrameDefaults>
            <frames>
                <ServiceFrame version="20241009025723" id="SE:020:ServiceFrame:9011020090200000">
                    <routes>
                        <Route version="any" id="SE:020:Route:205330000109382927">
                            <Name>Skolbuss</Name>
                            <LineRef ref="SE:020:Line:9011020090200000" version="160818"/>
                            <DirectionType>outbound</DirectionType>
                            <pointsInSequence>
<PointOnRoute order="1" version="any" id="SE:020:PointOnRoute:205330000109382932">
    <RoutePointRef ref="SE:020:RoutePoint:9022020526060001"/>
</PointOnRoute>
<PointOnRoute order="2" version="any" id="SE:020:PointOnRoute:205330000109382933">
    <RoutePointRef ref="SE:020:RoutePoint:9022020526081002"/>
</PointOnRoute>
                            </pointsInSequence>
                        </Route>
                        <Route version="any" id="SE:020:Route:205330000109382963">
                            <Name>Skolbuss</Name>
                            <LineRef ref="SE:020:Line:9011020090200000" version="160818"/>
                            <DirectionType>outbound</DirectionType>
                            <pointsInSequence>
<PointOnRoute order="1" version="any" id="SE:020:PointOnRoute:205330000109382968">
    <RoutePointRef ref="SE:020:RoutePoint:9022020526140001"/>
</PointOnRoute>
<PointOnRoute order="2" version="any" id="SE:020:PointOnRoute:205330000109382969">
    <RoutePointRef ref="SE:020:RoutePoint:9022020526060001"/>
</PointOnRoute>
                            </pointsInSequence>
                        </Route>
                        <Route version="any" id="SE:020:Route:205330000113945260">
                            <Name>Skolbuss</Name>
                            <LineRef ref="SE:020:Line:9011020090200000" version="160818"/>
                            <DirectionType>outbound</DirectionType>
                            <pointsInSequence>
<PointOnRoute order="1" version="any" id="SE:020:PointOnRoute:205330000113945265">
    <RoutePointRef ref="SE:020:RoutePoint:9022020526081002"/>
</PointOnRoute>
<PointOnRoute order="2" version="any" id="SE:020:PointOnRoute:205330000113945266">
    <RoutePointRef ref="SE:020:RoutePoint:9022020526060001"/>
</PointOnRoute>
                            </pointsInSequence>
                        </Route>
                        <Route version="any" id="SE:020:Route:205330000088789015">
                            <Name>Skolbuss</Name>
                            <LineRef ref="SE:020:Line:9011020090200000" version="160818"/>
                            <DirectionType>outbound</DirectionType>
                            <pointsInSequence>
<PointOnRoute order="1" version="any" id="SE:020:PointOnRoute:205330000088789020">
    <RoutePointRef ref="SE:020:RoutePoint:9022020526140001"/>
</PointOnRoute>
<PointOnRoute order="2" version="any" id="SE:020:PointOnRoute:205330000088789021">
    <RoutePointRef ref="SE:020:RoutePoint:9022020526081002"/>
</PointOnRoute>
                            </pointsInSequence>
                        </Route>
                        <Route version="any" id="SE:020:Route:205330000096800795">
                            <Name>Skolbuss</Name>
                            <LineRef ref="SE:020:Line:9011020090200000" version="160818"/>
                            <DirectionType>outbound</DirectionType>
                            <pointsInSequence>
<PointOnRoute order="1" version="any" id="SE:020:PointOnRoute:205330000096800800">
    <RoutePointRef ref="SE:020:RoutePoint:9022020526081002"/>
</PointOnRoute>
<PointOnRoute order="2" version="any" id="SE:020:PointOnRoute:205330000096800801">
    <RoutePointRef ref="SE:020:RoutePoint:9022020526140001"/>
</PointOnRoute>
                            </pointsInSequence>
                        </Route>
                        <Route version="any" id="SE:020:Route:205330000104725357">
                            <Name>Skolbuss</Name>
                            <LineRef ref="SE:020:Line:9011020090200000" version="160818"/>
                            <DirectionType>outbound</DirectionType>
                            <pointsInSequence>
<PointOnRoute order="1" version="any" id="SE:020:PointOnRoute:205330000104725362">
    <RoutePointRef ref="SE:020:RoutePoint:9022020526081002"/>
</PointOnRoute>
<PointOnRoute order="2" version="any" id="SE:020:PointOnRoute:205330000104725363">
    <RoutePointRef ref="SE:020:RoutePoint:9022020526140001"/>
</PointOnRoute>
<PointOnRoute order="3" version="any" id="SE:020:PointOnRoute:205330000104725364">
    <RoutePointRef ref="SE:020:RoutePoint:9022020526114002"/>
</PointOnRoute>
                            </pointsInSequence>
                        </Route>
                        <Route version="any" id="SE:020:Route:205330000112927072">
                            <Name>Skolbuss</Name>
                            <LineRef ref="SE:020:Line:9011020090200000" version="160818"/>
                            <DirectionType>outbound</DirectionType>
                            <pointsInSequence>
<PointOnRoute order="1" version="any" id="SE:020:PointOnRoute:205330000112927077">
    <RoutePointRef ref="SE:020:RoutePoint:9022020526060001"/>
</PointOnRoute>
<PointOnRoute order="2" version="any" id="SE:020:PointOnRoute:205330000112927078">
    <RoutePointRef ref="SE:020:RoutePoint:9022020526140001"/>
</PointOnRoute>
<PointOnRoute order="3" version="any" id="SE:020:PointOnRoute:205330000112927079">
    <RoutePointRef ref="SE:020:RoutePoint:9022020526114002"/>
</PointOnRoute>
                            </pointsInSequence>
                        </Route>
                        <Route version="any" id="SE:020:Route:205330000115274066">
                            <Name>Skolbuss</Name>
                            <LineRef ref="SE:020:Line:9011020090200000" version="160818"/>
                            <DirectionType>outbound</DirectionType>
                            <pointsInSequence>
<PointOnRoute order="1" version="any" id="SE:020:PointOnRoute:205330000115274071">
    <RoutePointRef ref="SE:020:RoutePoint:9022020526100001"/>
</PointOnRoute>
<PointOnRoute order="2" version="any" id="SE:020:PointOnRoute:205330000115274072">
    <RoutePointRef ref="SE:020:RoutePoint:9022020526099001"/>
</PointOnRoute>
<PointOnRoute order="3" version="any" id="SE:020:PointOnRoute:205330000115274073">
    <RoutePointRef ref="SE:020:RoutePoint:9022020526064001"/>
</PointOnRoute>
<PointOnRoute order="4" version="any" id="SE:020:PointOnRoute:205330000115274074">
    <RoutePointRef ref="SE:020:RoutePoint:9022020526098001"/>
</PointOnRoute>
<PointOnRoute order="5" version="any" id="SE:020:PointOnRoute:205330000115274075">
    <RoutePointRef ref="SE:020:RoutePoint:9022020526139001"/>
</PointOnRoute>
<PointOnRoute order="6" version="any" id="SE:020:PointOnRoute:205330000115274076">
    <RoutePointRef ref="SE:020:RoutePoint:9022020526153001"/>
</PointOnRoute>
                            </pointsInSequence>
                        </Route>
                    </routes>
                    <lines>
                        <Line version="160818" id="SE:020:Line:9011020090200000">
                            <ValidBetween>
<FromDate>2016-08-18T00:00:00</FromDate>
                            </ValidBetween>
                            <Name>902</Name>
                            <TransportMode>bus</TransportMode>
                            <TransportSubmode>
<BusSubmode>unknown</BusSubmode>
                            </TransportSubmode>
                            <PublicCode>902</PublicCode>
                            <PrivateCode>902</PrivateCode>
                            <RepresentedByGroupRef ref="SE:020:Network:9010020000000000"/>
                        </Line>
                    </lines>
                    <journeyPatterns>
                        <JourneyPattern version="any" id="SE:020:JourneyPattern:205339415000024449">
                            <RouteRef ref="SE:020:Route:205330000109382927" version="any"/>
                            <pointsInSequence>
<StopPointInJourneyPattern order="1" version="any" id="SE:020:StopPointInJourneyPattern:205339415000024449_205330000109382932">
    <ScheduledStopPointRef ref="SE:020:ScheduledStopPoint:9022020526060001"/>
    <ForAlighting>false</ForAlighting>
    <ForBoarding>true</ForBoarding>
    <DestinationDisplayRef ref="SE:020:DestinationDisplay:205330000109382941"/>
    <RequestStop>true</RequestStop>
</StopPointInJourneyPattern>
<StopPointInJourneyPattern order="2" version="any" id="SE:020:StopPointInJourneyPattern:205339415000024449_205330000109382933">
    <ScheduledStopPointRef ref="SE:020:ScheduledStopPoint:9022020526081002"/>
    <ForAlighting>true</ForAlighting>
    <ForBoarding>false</ForBoarding>
    <RequestStop>true</RequestStop>
</StopPointInJourneyPattern>
                            </pointsInSequence>
                            <linksInSequence>
<ServiceLinkInJourneyPattern order="1" version="any" id="SE:020:ServiceLinkInJourneyPattern:BUS_35121">
    <ServiceLinkRef ref="SE:020:ServiceLink:BUS_9025020052606001_9025020052608102"/>
</ServiceLinkInJourneyPattern>
                            </linksInSequence>
                        </JourneyPattern>
                        <JourneyPattern version="any" id="SE:020:JourneyPattern:205339415000025106">
                            <RouteRef ref="SE:020:Route:205330000109382927" version="any"/>
                            <pointsInSequence>
<StopPointInJourneyPattern order="1" version="any" id="SE:020:StopPointInJourneyPattern:205339415000025106_205330000109382932">
    <ScheduledStopPointRef ref="SE:020:ScheduledStopPoint:9022020526060001"/>
    <ForAlighting>false</ForAlighting>
    <ForBoarding>true</ForBoarding>
    <DestinationDisplayRef ref="SE:020:DestinationDisplay:205330000113945256"/>
    <RequestStop>true</RequestStop>
</StopPointInJourneyPattern>
<StopPointInJourneyPattern order="2" version="any" id="SE:020:StopPointInJourneyPattern:205339415000025106_205330000109382933">
    <ScheduledStopPointRef ref="SE:020:ScheduledStopPoint:9022020526081002"/>
    <ForAlighting>true</ForAlighting>
    <ForBoarding>false</ForBoarding>
    <RequestStop>true</RequestStop>
</StopPointInJourneyPattern>
                            </pointsInSequence>
                            <linksInSequence>
<ServiceLinkInJourneyPattern order="1" version="any" id="SE:020:ServiceLinkInJourneyPattern:BUS_35122">
    <ServiceLinkRef ref="SE:020:ServiceLink:BUS_9025020052606001_9025020052608102"/>
</ServiceLinkInJourneyPattern>
                            </linksInSequence>
                        </JourneyPattern>
                        <JourneyPattern version="any" id="SE:020:JourneyPattern:205339415000024451">
                            <RouteRef ref="SE:020:Route:205330000109382963" version="any"/>
                            <pointsInSequence>
<StopPointInJourneyPattern order="1" version="any" id="SE:020:StopPointInJourneyPattern:205339415000024451_205330000109382968">
    <ScheduledStopPointRef ref="SE:020:ScheduledStopPoint:9022020526140001"/>
    <ForAlighting>false</ForAlighting>
    <ForBoarding>true</ForBoarding>
    <DestinationDisplayRef ref="SE:020:DestinationDisplay:205330000109382977"/>
    <RequestStop>true</RequestStop>
</StopPointInJourneyPattern>
<StopPointInJourneyPattern order="2" version="any" id="SE:020:StopPointInJourneyPattern:205339415000024451_205330000109382969">
    <ScheduledStopPointRef ref="SE:020:ScheduledStopPoint:9022020526060001"/>
    <ForAlighting>true</ForAlighting>
    <ForBoarding>false</ForBoarding>
    <RequestStop>true</RequestStop>
</StopPointInJourneyPattern>
                            </pointsInSequence>
                            <linksInSequence>
<ServiceLinkInJourneyPattern order="1" version="any" id="SE:020:ServiceLinkInJourneyPattern:BUS_35123">
    <ServiceLinkRef ref="SE:020:ServiceLink:BUS_9025020052614001_9025020052606001"/>
</ServiceLinkInJourneyPattern>
                            </linksInSequence>
                        </JourneyPattern>
                        <JourneyPattern version="any" id="SE:020:JourneyPattern:205339415000025105">
                            <RouteRef ref="SE:020:Route:205330000109382963" version="any"/>
                            <pointsInSequence>
<StopPointInJourneyPattern order="1" version="any" id="SE:020:StopPointInJourneyPattern:205339415000025105_205330000109382968">
    <ScheduledStopPointRef ref="SE:020:ScheduledStopPoint:9022020526140001"/>
    <ForAlighting>false</ForAlighting>
    <ForBoarding>true</ForBoarding>
    <DestinationDisplayRef ref="SE:020:DestinationDisplay:205330000113945242"/>
    <RequestStop>true</RequestStop>
</StopPointInJourneyPattern>
<StopPointInJourneyPattern order="2" version="any" id="SE:020:StopPointInJourneyPattern:205339415000025105_205330000109382969">
    <ScheduledStopPointRef ref="SE:020:ScheduledStopPoint:9022020526060001"/>
    <ForAlighting>true</ForAlighting>
    <ForBoarding>false</ForBoarding>
    <RequestStop>true</RequestStop>
</StopPointInJourneyPattern>
                            </pointsInSequence>
                            <linksInSequence>
<ServiceLinkInJourneyPattern order="1" version="any" id="SE:020:ServiceLinkInJourneyPattern:BUS_35124">
    <ServiceLinkRef ref="SE:020:ServiceLink:BUS_9025020052614001_9025020052606001"/>
</ServiceLinkInJourneyPattern>
                            </linksInSequence>
                        </JourneyPattern>
                        <JourneyPattern version="any" id="SE:020:JourneyPattern:205339415000025107">
                            <RouteRef ref="SE:020:Route:205330000113945260" version="any"/>
                            <pointsInSequence>
<StopPointInJourneyPattern order="1" version="any" id="SE:020:StopPointInJourneyPattern:205339415000025107_205330000113945265">
    <ScheduledStopPointRef ref="SE:020:ScheduledStopPoint:9022020526081002"/>
    <ForAlighting>false</ForAlighting>
    <ForBoarding>true</ForBoarding>
    <DestinationDisplayRef ref="SE:020:DestinationDisplay:205330000113945274"/>
    <RequestStop>true</RequestStop>
</StopPointInJourneyPattern>
<StopPointInJourneyPattern order="2" version="any" id="SE:020:StopPointInJourneyPattern:205339415000025107_205330000113945266">
    <ScheduledStopPointRef ref="SE:020:ScheduledStopPoint:9022020526060001"/>
    <ForAlighting>true</ForAlighting>
    <ForBoarding>false</ForBoarding>
    <RequestStop>true</RequestStop>
</StopPointInJourneyPattern>
                            </pointsInSequence>
                            <linksInSequence>
<ServiceLinkInJourneyPattern order="1" version="any" id="SE:020:ServiceLinkInJourneyPattern:BUS_35125">
    <ServiceLinkRef ref="SE:020:ServiceLink:BUS_9025020052608102_9025020052606001"/>
</ServiceLinkInJourneyPattern>
                            </linksInSequence>
                        </JourneyPattern>
                        <JourneyPattern version="any" id="SE:020:JourneyPattern:205339415000018910">
                            <RouteRef ref="SE:020:Route:205330000088789015" version="any"/>
                            <pointsInSequence>
<StopPointInJourneyPattern order="1" version="any" id="SE:020:StopPointInJourneyPattern:205339415000018910_205330000088789020">
    <ScheduledStopPointRef ref="SE:020:ScheduledStopPoint:9022020526140001"/>
    <ForAlighting>false</ForAlighting>
    <ForBoarding>true</ForBoarding>
    <DestinationDisplayRef ref="SE:020:DestinationDisplay:205330000088789029"/>
    <RequestStop>true</RequestStop>
</StopPointInJourneyPattern>
<StopPointInJourneyPattern order="2" version="any" id="SE:020:StopPointInJourneyPattern:205339415000018910_205330000088789021">
    <ScheduledStopPointRef ref="SE:020:ScheduledStopPoint:9022020526081002"/>
    <ForAlighting>true</ForAlighting>
    <ForBoarding>false</ForBoarding>
    <RequestStop>true</RequestStop>
</StopPointInJourneyPattern>
                            </pointsInSequence>
                            <linksInSequence>
<ServiceLinkInJourneyPattern order="1" version="any" id="SE:020:ServiceLinkInJourneyPattern:BUS_35126">
    <ServiceLinkRef ref="SE:020:ServiceLink:BUS_9025020052614001_9025020052608102"/>
</ServiceLinkInJourneyPattern>
                            </linksInSequence>
                        </JourneyPattern>
                        <JourneyPattern version="any" id="SE:020:JourneyPattern:205339415000023366">
                            <RouteRef ref="SE:020:Route:205330000088789015" version="any"/>
                            <pointsInSequence>
<StopPointInJourneyPattern order="1" version="any" id="SE:020:StopPointInJourneyPattern:205339415000023366_205330000088789020">
    <ScheduledStopPointRef ref="SE:020:ScheduledStopPoint:9022020526140001"/>
    <ForAlighting>false</ForAlighting>
    <ForBoarding>true</ForBoarding>
    <DestinationDisplayRef ref="SE:020:DestinationDisplay:205330000104725386"/>
    <RequestStop>true</RequestStop>
</StopPointInJourneyPattern>
<StopPointInJourneyPattern order="2" version="any" id="SE:020:StopPointInJourneyPattern:205339415000023366_205330000088789021">
    <ScheduledStopPointRef ref="SE:020:ScheduledStopPoint:9022020526081002"/>
    <ForAlighting>true</ForAlighting>
    <ForBoarding>false</ForBoarding>
    <RequestStop>true</RequestStop>
</StopPointInJourneyPattern>
                            </pointsInSequence>
                            <linksInSequence>
<ServiceLinkInJourneyPattern order="1" version="any" id="SE:020:ServiceLinkInJourneyPattern:BUS_35127">
    <ServiceLinkRef ref="SE:020:ServiceLink:BUS_9025020052614001_9025020052608102"/>
</ServiceLinkInJourneyPattern>
                            </linksInSequence>
                        </JourneyPattern>
                        <JourneyPattern version="any" id="SE:020:JourneyPattern:205339415000025112">
                            <RouteRef ref="SE:020:Route:205330000088789015" version="any"/>
                            <pointsInSequence>
<StopPointInJourneyPattern order="1" version="any" id="SE:020:StopPointInJourneyPattern:205339415000025112_205330000088789020">
    <ScheduledStopPointRef ref="SE:020:ScheduledStopPoint:9022020526140001"/>
    <ForAlighting>false</ForAlighting>
    <ForBoarding>true</ForBoarding>
    <DestinationDisplayRef ref="SE:020:DestinationDisplay:205330000113945344"/>
    <RequestStop>true</RequestStop>
</StopPointInJourneyPattern>
<StopPointInJourneyPattern order="2" version="any" id="SE:020:StopPointInJourneyPattern:205339415000025112_205330000088789021">
    <ScheduledStopPointRef ref="SE:020:ScheduledStopPoint:9022020526081002"/>
    <ForAlighting>true</ForAlighting>
    <ForBoarding>false</ForBoarding>
    <RequestStop>true</RequestStop>
</StopPointInJourneyPattern>
                            </pointsInSequence>
                            <linksInSequence>
<ServiceLinkInJourneyPattern order="1" version="any" id="SE:020:ServiceLinkInJourneyPattern:BUS_35128">
    <ServiceLinkRef ref="SE:020:ServiceLink:BUS_9025020052614001_9025020052608102"/>
</ServiceLinkInJourneyPattern>
                            </linksInSequence>
                        </JourneyPattern>
                        <JourneyPattern version="any" id="SE:020:JourneyPattern:205339415000023367">
                            <RouteRef ref="SE:020:Route:205330000096800795" version="any"/>
                            <pointsInSequence>
<StopPointInJourneyPattern order="1" version="any" id="SE:020:StopPointInJourneyPattern:205339415000023367_205330000096800800">
    <ScheduledStopPointRef ref="SE:020:ScheduledStopPoint:9022020526081002"/>
    <ForAlighting>false</ForAlighting>
    <ForBoarding>true</ForBoarding>
    <DestinationDisplayRef ref="SE:020:DestinationDisplay:205330000104725400"/>
    <RequestStop>true</RequestStop>
</StopPointInJourneyPattern>
<StopPointInJourneyPattern order="2" version="any" id="SE:020:StopPointInJourneyPattern:205339415000023367_205330000096800801">
    <ScheduledStopPointRef ref="SE:020:ScheduledStopPoint:9022020526140001"/>
    <ForAlighting>true</ForAlighting>
    <ForBoarding>false</ForBoarding>
    <RequestStop>true</RequestStop>
</StopPointInJourneyPattern>
                            </pointsInSequence>
                            <linksInSequence>
<ServiceLinkInJourneyPattern order="1" version="any" id="SE:020:ServiceLinkInJourneyPattern:BUS_35129">
    <ServiceLinkRef ref="SE:020:ServiceLink:BUS_9025020052608102_9025020052614001"/>
</ServiceLinkInJourneyPattern>
                            </linksInSequence>
                        </JourneyPattern>
                        <JourneyPattern version="any" id="SE:020:JourneyPattern:205339415000024453">
                            <RouteRef ref="SE:020:Route:205330000096800795" version="any"/>
                            <pointsInSequence>
<StopPointInJourneyPattern order="1" version="any" id="SE:020:StopPointInJourneyPattern:205339415000024453_205330000096800800">
    <ScheduledStopPointRef ref="SE:020:ScheduledStopPoint:9022020526081002"/>
    <ForAlighting>false</ForAlighting>
    <ForBoarding>true</ForBoarding>
    <DestinationDisplayRef ref="SE:020:DestinationDisplay:205330000109383005"/>
    <RequestStop>true</RequestStop>
</StopPointInJourneyPattern>
<StopPointInJourneyPattern order="2" version="any" id="SE:020:StopPointInJourneyPattern:205339415000024453_205330000096800801">
    <ScheduledStopPointRef ref="SE:020:ScheduledStopPoint:9022020526140001"/>
    <ForAlighting>true</ForAlighting>
    <ForBoarding>false</ForBoarding>
    <RequestStop>true</RequestStop>
</StopPointInJourneyPattern>
                            </pointsInSequence>
                            <linksInSequence>
<ServiceLinkInJourneyPattern order="1" version="any" id="SE:020:ServiceLinkInJourneyPattern:BUS_35130">
    <ServiceLinkRef ref="SE:020:ServiceLink:BUS_9025020052608102_9025020052614001"/>
</ServiceLinkInJourneyPattern>
                            </linksInSequence>
                        </JourneyPattern>
                        <JourneyPattern version="any" id="SE:020:JourneyPattern:205339415000025111">
                            <RouteRef ref="SE:020:Route:205330000096800795" version="any"/>
                            <pointsInSequence>
<StopPointInJourneyPattern order="1" version="any" id="SE:020:StopPointInJourneyPattern:205339415000025111_205330000096800800">
    <ScheduledStopPointRef ref="SE:020:ScheduledStopPoint:9022020526081002"/>
    <ForAlighting>false</ForAlighting>
    <ForBoarding>true</ForBoarding>
    <DestinationDisplayRef ref="SE:020:DestinationDisplay:205330000113945330"/>
    <RequestStop>true</RequestStop>
</StopPointInJourneyPattern>
<StopPointInJourneyPattern order="2" version="any" id="SE:020:StopPointInJourneyPattern:205339415000025111_205330000096800801">
    <ScheduledStopPointRef ref="SE:020:ScheduledStopPoint:9022020526140001"/>
    <ForAlighting>true</ForAlighting>
    <ForBoarding>false</ForBoarding>
    <RequestStop>true</RequestStop>
</StopPointInJourneyPattern>
                            </pointsInSequence>
                            <linksInSequence>
<ServiceLinkInJourneyPattern order="1" version="any" id="SE:020:ServiceLinkInJourneyPattern:BUS_35131">
    <ServiceLinkRef ref="SE:020:ServiceLink:BUS_9025020052608102_9025020052614001"/>
</ServiceLinkInJourneyPattern>
                            </linksInSequence>
                        </JourneyPattern>
                        <JourneyPattern version="any" id="SE:020:JourneyPattern:205339415000023365">
                            <RouteRef ref="SE:020:Route:205330000104725357" version="any"/>
                            <pointsInSequence>
<StopPointInJourneyPattern order="1" version="any" id="SE:020:StopPointInJourneyPattern:205339415000023365_205330000104725362">
    <ScheduledStopPointRef ref="SE:020:ScheduledStopPoint:9022020526081002"/>
    <ForAlighting>false</ForAlighting>
    <ForBoarding>true</ForBoarding>
    <DestinationDisplayRef ref="SE:020:DestinationDisplay:205330000104725372"/>
    <RequestStop>true</RequestStop>
</StopPointInJourneyPattern>
<StopPointInJourneyPattern order="2" version="any" id="SE:020:StopPointInJourneyPattern:205339415000023365_205330000104725363">
    <ScheduledStopPointRef ref="SE:020:ScheduledStopPoint:9022020526140001"/>
    <ForAlighting>true</ForAlighting>
    <ForBoarding>true</ForBoarding>
    <RequestStop>true</RequestStop>
</StopPointInJourneyPattern>
<StopPointInJourneyPattern order="3" version="any" id="SE:020:StopPointInJourneyPattern:205339415000023365_205330000104725364">
    <ScheduledStopPointRef ref="SE:020:ScheduledStopPoint:9022020526114002"/>
    <ForAlighting>true</ForAlighting>
    <ForBoarding>false</ForBoarding>
    <RequestStop>true</RequestStop>
</StopPointInJourneyPattern>
                            </pointsInSequence>
                            <linksInSequence>
<ServiceLinkInJourneyPattern order="1" version="any" id="SE:020:ServiceLinkInJourneyPattern:BUS_35132">
    <ServiceLinkRef ref="SE:020:ServiceLink:BUS_9025020052608102_9025020052614001"/>
</ServiceLinkInJourneyPattern>
<ServiceLinkInJourneyPattern order="2" version="any" id="SE:020:ServiceLinkInJourneyPattern:BUS_35133">
    <ServiceLinkRef ref="SE:020:ServiceLink:BUS_9025020052614001_9025020052611402"/>
</ServiceLinkInJourneyPattern>
                            </linksInSequence>
                        </JourneyPattern>
                        <JourneyPattern version="any" id="SE:020:JourneyPattern:205339415000024452">
                            <RouteRef ref="SE:020:Route:205330000104725357" version="any"/>
                            <pointsInSequence>
<StopPointInJourneyPattern order="1" version="any" id="SE:020:StopPointInJourneyPattern:205339415000024452_205330000104725362">
    <ScheduledStopPointRef ref="SE:020:ScheduledStopPoint:9022020526081002"/>
    <ForAlighting>false</ForAlighting>
    <ForBoarding>true</ForBoarding>
    <DestinationDisplayRef ref="SE:020:DestinationDisplay:205330000109382991"/>
    <RequestStop>true</RequestStop>
</StopPointInJourneyPattern>
<StopPointInJourneyPattern order="2" version="any" id="SE:020:StopPointInJourneyPattern:205339415000024452_205330000104725363">
    <ScheduledStopPointRef ref="SE:020:ScheduledStopPoint:9022020526140001"/>
    <ForAlighting>true</ForAlighting>
    <ForBoarding>true</ForBoarding>
    <RequestStop>true</RequestStop>
</StopPointInJourneyPattern>
<StopPointInJourneyPattern order="3" version="any" id="SE:020:StopPointInJourneyPattern:205339415000024452_205330000104725364">
    <ScheduledStopPointRef ref="SE:020:ScheduledStopPoint:9022020526114002"/>
    <ForAlighting>true</ForAlighting>
    <ForBoarding>false</ForBoarding>
    <RequestStop>true</RequestStop>
</StopPointInJourneyPattern>
                            </pointsInSequence>
                            <linksInSequence>
<ServiceLinkInJourneyPattern order="1" version="any" id="SE:020:ServiceLinkInJourneyPattern:BUS_35134">
    <ServiceLinkRef ref="SE:020:ServiceLink:BUS_9025020052608102_9025020052614001"/>
</ServiceLinkInJourneyPattern>
<ServiceLinkInJourneyPattern order="2" version="any" id="SE:020:ServiceLinkInJourneyPattern:BUS_35135">
    <ServiceLinkRef ref="SE:020:ServiceLink:BUS_9025020052614001_9025020052611402"/>
</ServiceLinkInJourneyPattern>
                            </linksInSequence>
                        </JourneyPattern>
                        <JourneyPattern version="any" id="SE:020:JourneyPattern:205339415000025109">
                            <RouteRef ref="SE:020:Route:205330000104725357" version="any"/>
                            <pointsInSequence>
<StopPointInJourneyPattern order="1" version="any" id="SE:020:StopPointInJourneyPattern:205339415000025109_205330000104725362">
    <ScheduledStopPointRef ref="SE:020:ScheduledStopPoint:9022020526081002"/>
    <ForAlighting>false</ForAlighting>
    <ForBoarding>true</ForBoarding>
    <DestinationDisplayRef ref="SE:020:DestinationDisplay:205330000113945302"/>
    <RequestStop>true</RequestStop>
</StopPointInJourneyPattern>
<StopPointInJourneyPattern order="2" version="any" id="SE:020:StopPointInJourneyPattern:205339415000025109_205330000104725363">
    <ScheduledStopPointRef ref="SE:020:ScheduledStopPoint:9022020526140001"/>
    <ForAlighting>true</ForAlighting>
    <ForBoarding>true</ForBoarding>
    <RequestStop>true</RequestStop>
</StopPointInJourneyPattern>
<StopPointInJourneyPattern order="3" version="any" id="SE:020:StopPointInJourneyPattern:205339415000025109_205330000104725364">
    <ScheduledStopPointRef ref="SE:020:ScheduledStopPoint:9022020526114002"/>
    <ForAlighting>true</ForAlighting>
    <ForBoarding>false</ForBoarding>
    <RequestStop>true</RequestStop>
</StopPointInJourneyPattern>
                            </pointsInSequence>
                            <linksInSequence>
<ServiceLinkInJourneyPattern order="1" version="any" id="SE:020:ServiceLinkInJourneyPattern:BUS_35136">
    <ServiceLinkRef ref="SE:020:ServiceLink:BUS_9025020052608102_9025020052614001"/>
</ServiceLinkInJourneyPattern>
<ServiceLinkInJourneyPattern order="2" version="any" id="SE:020:ServiceLinkInJourneyPattern:BUS_35137">
    <ServiceLinkRef ref="SE:020:ServiceLink:BUS_9025020052614001_9025020052611402"/>
</ServiceLinkInJourneyPattern>
                            </linksInSequence>
                        </JourneyPattern>
                        <JourneyPattern version="any" id="SE:020:JourneyPattern:205339415000024563">
                            <RouteRef ref="SE:020:Route:205330000112927072" version="any"/>
                            <pointsInSequence>
<StopPointInJourneyPattern order="1" version="any" id="SE:020:StopPointInJourneyPattern:205339415000024563_205330000112927077">
    <ScheduledStopPointRef ref="SE:020:ScheduledStopPoint:9022020526060001"/>
    <ForAlighting>false</ForAlighting>
    <ForBoarding>true</ForBoarding>
    <DestinationDisplayRef ref="SE:020:DestinationDisplay:205330000112927087"/>
    <RequestStop>true</RequestStop>
</StopPointInJourneyPattern>
<StopPointInJourneyPattern order="2" version="any" id="SE:020:StopPointInJourneyPattern:205339415000024563_205330000112927078">
    <ScheduledStopPointRef ref="SE:020:ScheduledStopPoint:9022020526140001"/>
    <ForAlighting>true</ForAlighting>
    <ForBoarding>true</ForBoarding>
    <RequestStop>true</RequestStop>
</StopPointInJourneyPattern>
<StopPointInJourneyPattern order="3" version="any" id="SE:020:StopPointInJourneyPattern:205339415000024563_205330000112927079">
    <ScheduledStopPointRef ref="SE:020:ScheduledStopPoint:9022020526114002"/>
    <ForAlighting>true</ForAlighting>
    <ForBoarding>false</ForBoarding>
    <RequestStop>true</RequestStop>
</StopPointInJourneyPattern>
                            </pointsInSequence>
                            <linksInSequence>
<ServiceLinkInJourneyPattern order="1" version="any" id="SE:020:ServiceLinkInJourneyPattern:BUS_35138">
    <ServiceLinkRef ref="SE:020:ServiceLink:BUS_9025020052606001_9025020052614001"/>
</ServiceLinkInJourneyPattern>
<ServiceLinkInJourneyPattern order="2" version="any" id="SE:020:ServiceLinkInJourneyPattern:BUS_35139">
    <ServiceLinkRef ref="SE:020:ServiceLink:BUS_9025020052614001_9025020052611402"/>
</ServiceLinkInJourneyPattern>
                            </linksInSequence>
                        </JourneyPattern>
                        <JourneyPattern version="any" id="SE:020:JourneyPattern:205339415000025113">
                            <RouteRef ref="SE:020:Route:205330000112927072" version="any"/>
                            <pointsInSequence>
<StopPointInJourneyPattern order="1" version="any" id="SE:020:StopPointInJourneyPattern:205339415000025113_205330000112927077">
    <ScheduledStopPointRef ref="SE:020:ScheduledStopPoint:9022020526060001"/>
    <ForAlighting>false</ForAlighting>
    <ForBoarding>true</ForBoarding>
    <DestinationDisplayRef ref="SE:020:DestinationDisplay:205330000113945358"/>
    <RequestStop>true</RequestStop>
</StopPointInJourneyPattern>
<StopPointInJourneyPattern order="2" version="any" id="SE:020:StopPointInJourneyPattern:205339415000025113_205330000112927078">
    <ScheduledStopPointRef ref="SE:020:ScheduledStopPoint:9022020526140001"/>
    <ForAlighting>true</ForAlighting>
    <ForBoarding>true</ForBoarding>
    <RequestStop>true</RequestStop>
</StopPointInJourneyPattern>
<StopPointInJourneyPattern order="3" version="any" id="SE:020:StopPointInJourneyPattern:205339415000025113_205330000112927079">
    <ScheduledStopPointRef ref="SE:020:ScheduledStopPoint:9022020526114002"/>
    <ForAlighting>true</ForAlighting>
    <ForBoarding>false</ForBoarding>
    <RequestStop>true</RequestStop>
</StopPointInJourneyPattern>
                            </pointsInSequence>
                            <linksInSequence>
<ServiceLinkInJourneyPattern order="1" version="any" id="SE:020:ServiceLinkInJourneyPattern:BUS_35140">
    <ServiceLinkRef ref="SE:020:ServiceLink:BUS_9025020052606001_9025020052614001"/>
</ServiceLinkInJourneyPattern>
<ServiceLinkInJourneyPattern order="2" version="any" id="SE:020:ServiceLinkInJourneyPattern:BUS_35141">
    <ServiceLinkRef ref="SE:020:ServiceLink:BUS_9025020052614001_9025020052611402"/>
</ServiceLinkInJourneyPattern>
                            </linksInSequence>
                        </JourneyPattern>
                        <JourneyPattern version="any" id="SE:020:JourneyPattern:205339415000025630">
                            <RouteRef ref="SE:020:Route:205330000115274066" version="any"/>
                            <pointsInSequence>
<StopPointInJourneyPattern order="1" version="any" id="SE:020:StopPointInJourneyPattern:205339415000025630_205330000115274071">
    <ScheduledStopPointRef ref="SE:020:ScheduledStopPoint:9022020526100001"/>
    <ForAlighting>false</ForAlighting>
    <ForBoarding>true</ForBoarding>
    <DestinationDisplayRef ref="SE:020:DestinationDisplay:205330000115274084"/>
    <RequestStop>true</RequestStop>
</StopPointInJourneyPattern>
<StopPointInJourneyPattern order="2" version="any" id="SE:020:StopPointInJourneyPattern:205339415000025630_205330000115274072">
    <ScheduledStopPointRef ref="SE:020:ScheduledStopPoint:9022020526099001"/>
    <ForAlighting>true</ForAlighting>
    <ForBoarding>true</ForBoarding>
    <RequestStop>true</RequestStop>
</StopPointInJourneyPattern>
<StopPointInJourneyPattern order="3" version="any" id="SE:020:StopPointInJourneyPattern:205339415000025630_205330000115274073">
    <ScheduledStopPointRef ref="SE:020:ScheduledStopPoint:9022020526064001"/>
    <ForAlighting>true</ForAlighting>
    <ForBoarding>true</ForBoarding>
    <RequestStop>true</RequestStop>
</StopPointInJourneyPattern>
<StopPointInJourneyPattern order="4" version="any" id="SE:020:StopPointInJourneyPattern:205339415000025630_205330000115274074">
    <ScheduledStopPointRef ref="SE:020:ScheduledStopPoint:9022020526098001"/>
    <ForAlighting>true</ForAlighting>
    <ForBoarding>true</ForBoarding>
    <RequestStop>true</RequestStop>
</StopPointInJourneyPattern>
<StopPointInJourneyPattern order="5" version="any" id="SE:020:StopPointInJourneyPattern:205339415000025630_205330000115274075">
    <ScheduledStopPointRef ref="SE:020:ScheduledStopPoint:9022020526139001"/>
    <ForAlighting>true</ForAlighting>
    <ForBoarding>true</ForBoarding>
    <RequestStop>true</RequestStop>
</StopPointInJourneyPattern>
<StopPointInJourneyPattern order="6" version="any" id="SE:020:StopPointInJourneyPattern:205339415000025630_205330000115274076">
    <ScheduledStopPointRef ref="SE:020:ScheduledStopPoint:9022020526153001"/>
    <ForAlighting>true</ForAlighting>
    <ForBoarding>false</ForBoarding>
    <RequestStop>true</RequestStop>
</StopPointInJourneyPattern>
                            </pointsInSequence>
                            <linksInSequence>
<ServiceLinkInJourneyPattern order="1" version="any" id="SE:020:ServiceLinkInJourneyPattern:BUS_35142">
    <ServiceLinkRef ref="SE:020:ServiceLink:BUS_9025020052610001_9025020052609901"/>
</ServiceLinkInJourneyPattern>
<ServiceLinkInJourneyPattern order="2" version="any" id="SE:020:ServiceLinkInJourneyPattern:BUS_35143">
    <ServiceLinkRef ref="SE:020:ServiceLink:BUS_9025020052609901_9025020052606401"/>
</ServiceLinkInJourneyPattern>
<ServiceLinkInJourneyPattern order="3" version="any" id="SE:020:ServiceLinkInJourneyPattern:BUS_35144">
    <ServiceLinkRef ref="SE:020:ServiceLink:BUS_9025020052606401_9025020052609801"/>
</ServiceLinkInJourneyPattern>
<ServiceLinkInJourneyPattern order="4" version="any" id="SE:020:ServiceLinkInJourneyPattern:BUS_35145">
    <ServiceLinkRef ref="SE:020:ServiceLink:BUS_9025020052609801_9025020052613901"/>
</ServiceLinkInJourneyPattern>
<ServiceLinkInJourneyPattern order="5" version="any" id="SE:020:ServiceLinkInJourneyPattern:BUS_35146">
    <ServiceLinkRef ref="SE:020:ServiceLink:BUS_9025020052613901_9025020052615301"/>
</ServiceLinkInJourneyPattern>
                            </linksInSequence>
                        </JourneyPattern>
                    </journeyPatterns>
                </ServiceFrame>
                <TimetableFrame version="20241009025723" id="SE:020:TimetableFrame:9011020090200000">
                    <vehicleJourneys>
                        <ServiceJourney version="any" id="SE:020:ServiceJourney:205330000113945453">
                            <TransportMode>bus</TransportMode>
                            <TransportSubmode>
<BusSubmode>unknown</BusSubmode>
                            </TransportSubmode>
                            <dayTypes>
<DayTypeRef ref="SE:020:DayType:m5glhh1eeubn07iv5re620rgp49632nd"/>
                            </dayTypes>
                            <JourneyPatternRef ref="SE:020:JourneyPattern:205339415000025111" version="any"/>
                            <OperatorRef ref="SE:020:Operator:9013020140700000"/>
                            <passingTimes>
<TimetabledPassingTime version="any" id="SE:020:TimetabledPassingTime:205330000113945449">
    <StopPointInJourneyPatternRef ref="SE:020:StopPointInJourneyPattern:205339415000025111_205330000096800800" version="any"/>
    <DepartureTime>11:25:00</DepartureTime>
</TimetabledPassingTime>
<TimetabledPassingTime version="any" id="SE:020:TimetabledPassingTime:205330000113945450">
    <StopPointInJourneyPatternRef ref="SE:020:StopPointInJourneyPattern:205339415000025111_205330000096800801" version="any"/>
    <ArrivalTime>11:40:00</ArrivalTime>
</TimetabledPassingTime>
                            </passingTimes>
                        </ServiceJourney>
                        <ServiceJourney version="any" id="SE:020:ServiceJourney:205330000115274125">
                            <TransportMode>bus</TransportMode>
                            <TransportSubmode>
<BusSubmode>unknown</BusSubmode>
                            </TransportSubmode>
                            <dayTypes>
<DayTypeRef ref="SE:020:DayType:33jmpmbc08dk2d8au9u7ffjuoo36fro1"/>
                            </dayTypes>
                            <JourneyPatternRef ref="SE:020:JourneyPattern:205339415000025630" version="any"/>
                            <OperatorRef ref="SE:020:Operator:9013020140700000"/>
                            <passingTimes>
<TimetabledPassingTime version="any" id="SE:020:TimetabledPassingTime:205330000115274116">
    <StopPointInJourneyPatternRef ref="SE:020:StopPointInJourneyPattern:205339415000025630_205330000115274071" version="any"/>
    <DepartureTime>08:10:00</DepartureTime>
</TimetabledPassingTime>
<TimetabledPassingTime version="any" id="SE:020:TimetabledPassingTime:205330000115274117">
    <StopPointInJourneyPatternRef ref="SE:020:StopPointInJourneyPattern:205339415000025630_205330000115274072" version="any"/>
    <ArrivalTime>08:12:13</ArrivalTime>
    <DepartureTime>08:12:13</DepartureTime>
</TimetabledPassingTime>
<TimetabledPassingTime version="any" id="SE:020:TimetabledPassingTime:205330000115274118">
    <StopPointInJourneyPatternRef ref="SE:020:StopPointInJourneyPattern:205339415000025630_205330000115274073" version="any"/>
    <ArrivalTime>08:14:31</ArrivalTime>
    <DepartureTime>08:14:31</DepartureTime>
</TimetabledPassingTime>
<TimetabledPassingTime version="any" id="SE:020:TimetabledPassingTime:205330000115274119">
    <StopPointInJourneyPatternRef ref="SE:020:StopPointInJourneyPattern:205339415000025630_205330000115274074" version="any"/>
    <ArrivalTime>08:16:02</ArrivalTime>
    <DepartureTime>08:16:02</DepartureTime>
</TimetabledPassingTime>
<TimetabledPassingTime version="any" id="SE:020:TimetabledPassingTime:205330000115274120">
    <StopPointInJourneyPatternRef ref="SE:020:StopPointInJourneyPattern:205339415000025630_205330000115274075" version="any"/>
    <ArrivalTime>08:17:11</ArrivalTime>
    <DepartureTime>08:17:11</DepartureTime>
</TimetabledPassingTime>
<TimetabledPassingTime version="any" id="SE:020:TimetabledPassingTime:205330000115274121">
    <StopPointInJourneyPatternRef ref="SE:020:StopPointInJourneyPattern:205339415000025630_205330000115274076" version="any"/>
    <ArrivalTime>08:20:00</ArrivalTime>
</TimetabledPassingTime>
                            </passingTimes>
                        </ServiceJourney>
                        <ServiceJourney version="any" id="SE:020:ServiceJourney:205330000113945466">
                            <TransportMode>bus</TransportMode>
                            <TransportSubmode>
<BusSubmode>unknown</BusSubmode>
                            </TransportSubmode>
                            <dayTypes>
<DayTypeRef ref="SE:020:DayType:m5glhh1eeubn07iv5re620rgp49632nd"/>
                            </dayTypes>
                            <JourneyPatternRef ref="SE:020:JourneyPattern:205339415000025112" version="any"/>
                            <OperatorRef ref="SE:020:Operator:9013020140700000"/>
                            <passingTimes>
<TimetabledPassingTime version="any" id="SE:020:TimetabledPassingTime:205330000113945462">
    <StopPointInJourneyPatternRef ref="SE:020:StopPointInJourneyPattern:205339415000025112_205330000088789020" version="any"/>
    <DepartureTime>09:40:00</DepartureTime>
</TimetabledPassingTime>
<TimetabledPassingTime version="any" id="SE:020:TimetabledPassingTime:205330000113945463">
    <StopPointInJourneyPatternRef ref="SE:020:StopPointInJourneyPattern:205339415000025112_205330000088789021" version="any"/>
    <ArrivalTime>09:55:00</ArrivalTime>
</TimetabledPassingTime>
                            </passingTimes>
                        </ServiceJourney>
                        <ServiceJourney version="any" id="SE:020:ServiceJourney:205330000113945479">
                            <TransportMode>bus</TransportMode>
                            <TransportSubmode>
<BusSubmode>unknown</BusSubmode>
                            </TransportSubmode>
                            <dayTypes>
<DayTypeRef ref="SE:020:DayType:m5glhh1eeubn07iv5re620rgp49632nd"/>
                            </dayTypes>
                            <JourneyPatternRef ref="SE:020:JourneyPattern:205339415000025112" version="any"/>
                            <OperatorRef ref="SE:020:Operator:9013020140700000"/>
                            <passingTimes>
<TimetabledPassingTime version="any" id="SE:020:TimetabledPassingTime:205330000113945475">
    <StopPointInJourneyPatternRef ref="SE:020:StopPointInJourneyPattern:205339415000025112_205330000088789020" version="any"/>
    <DepartureTime>11:45:00</DepartureTime>
</TimetabledPassingTime>
<TimetabledPassingTime version="any" id="SE:020:TimetabledPassingTime:205330000113945476">
    <StopPointInJourneyPatternRef ref="SE:020:StopPointInJourneyPattern:205339415000025112_205330000088789021" version="any"/>
    <ArrivalTime>12:00:00</ArrivalTime>
</TimetabledPassingTime>
                            </passingTimes>
                        </ServiceJourney>
                        <ServiceJourney version="any" id="SE:020:ServiceJourney:205330000122562169">
                            <TransportMode>bus</TransportMode>
                            <TransportSubmode>
<BusSubmode>unknown</BusSubmode>
                            </TransportSubmode>
                            <dayTypes>
<DayTypeRef ref="SE:020:DayType:aqj9l06c3sq6hhh0g1vclhpm7a0ha04k"/>
                            </dayTypes>
                            <JourneyPatternRef ref="SE:020:JourneyPattern:205339415000025107" version="any"/>
                            <OperatorRef ref="SE:020:Operator:9013020140700000"/>
                            <passingTimes>
<TimetabledPassingTime version="any" id="SE:020:TimetabledPassingTime:205330000122562164">
    <StopPointInJourneyPatternRef ref="SE:020:StopPointInJourneyPattern:205339415000025107_205330000113945265" version="any"/>
    <DepartureTime>10:20:00</DepartureTime>
</TimetabledPassingTime>
<TimetabledPassingTime version="any" id="SE:020:TimetabledPassingTime:205330000122562165">
    <StopPointInJourneyPatternRef ref="SE:020:StopPointInJourneyPattern:205339415000025107_205330000113945266" version="any"/>
    <ArrivalTime>10:30:00</ArrivalTime>
</TimetabledPassingTime>
                            </passingTimes>
                        </ServiceJourney>
                        <ServiceJourney version="any" id="SE:020:ServiceJourney:205330000122562225">
                            <TransportMode>bus</TransportMode>
                            <TransportSubmode>
<BusSubmode>unknown</BusSubmode>
                            </TransportSubmode>
                            <dayTypes>
<DayTypeRef ref="SE:020:DayType:m5glhh1eeubn07iv5re620rgp49632nd"/>
                            </dayTypes>
                            <JourneyPatternRef ref="SE:020:JourneyPattern:205339415000025109" version="any"/>
                            <OperatorRef ref="SE:020:Operator:9013020140700000"/>
                            <passingTimes>
<TimetabledPassingTime version="any" id="SE:020:TimetabledPassingTime:205330000122562219">
    <StopPointInJourneyPatternRef ref="SE:020:StopPointInJourneyPattern:205339415000025109_205330000104725362" version="any"/>
    <DepartureTime>13:40:00</DepartureTime>
</TimetabledPassingTime>
<TimetabledPassingTime version="any" id="SE:020:TimetabledPassingTime:205330000122562220">
    <StopPointInJourneyPatternRef ref="SE:020:StopPointInJourneyPattern:205339415000025109_205330000104725363" version="any"/>
    <ArrivalTime>13:55:00</ArrivalTime>
    <DepartureTime>13:55:00</DepartureTime>
</TimetabledPassingTime>
<TimetabledPassingTime version="any" id="SE:020:TimetabledPassingTime:205330000122562221">
    <StopPointInJourneyPatternRef ref="SE:020:StopPointInJourneyPattern:205339415000025109_205330000104725364" version="any"/>
    <ArrivalTime>14:00:00</ArrivalTime>
</TimetabledPassingTime>
                            </passingTimes>
                        </ServiceJourney>
                        <ServiceJourney version="any" id="SE:020:ServiceJourney:205330000122562193">
                            <TransportMode>bus</TransportMode>
                            <TransportSubmode>
<BusSubmode>unknown</BusSubmode>
                            </TransportSubmode>
                            <dayTypes>
<DayTypeRef ref="SE:020:DayType:aqj9l06c3sq6hhh0g1vclhpm7a0ha04k"/>
                            </dayTypes>
                            <JourneyPatternRef ref="SE:020:JourneyPattern:205339415000025113" version="any"/>
                            <OperatorRef ref="SE:020:Operator:9013020140700000"/>
                            <passingTimes>
<TimetabledPassingTime version="any" id="SE:020:TimetabledPassingTime:205330000122562187">
    <StopPointInJourneyPatternRef ref="SE:020:StopPointInJourneyPattern:205339415000025113_205330000112927077" version="any"/>
    <DepartureTime>15:10:00</DepartureTime>
</TimetabledPassingTime>
<TimetabledPassingTime version="any" id="SE:020:TimetabledPassingTime:205330000122562188">
    <StopPointInJourneyPatternRef ref="SE:020:StopPointInJourneyPattern:205339415000025113_205330000112927078" version="any"/>
    <ArrivalTime>15:20:00</ArrivalTime>
    <DepartureTime>15:20:00</DepartureTime>
</TimetabledPassingTime>
<TimetabledPassingTime version="any" id="SE:020:TimetabledPassingTime:205330000122562189">
    <StopPointInJourneyPatternRef ref="SE:020:StopPointInJourneyPattern:205339415000025113_205330000112927079" version="any"/>
    <ArrivalTime>15:25:00</ArrivalTime>
</TimetabledPassingTime>
                            </passingTimes>
                        </ServiceJourney>
                        <ServiceJourney version="any" id="SE:020:ServiceJourney:205330000122562204">
                            <TransportMode>bus</TransportMode>
                            <TransportSubmode>
<BusSubmode>unknown</BusSubmode>
                            </TransportSubmode>
                            <dayTypes>
<DayTypeRef ref="SE:020:DayType:aqj9l06c3sq6hhh0g1vclhpm7a0ha04k"/>
                            </dayTypes>
                            <JourneyPatternRef ref="SE:020:JourneyPattern:205339415000025105" version="any"/>
                            <OperatorRef ref="SE:020:Operator:9013020140700000"/>
                            <passingTimes>
<TimetabledPassingTime version="any" id="SE:020:TimetabledPassingTime:205330000122562199">
    <StopPointInJourneyPatternRef ref="SE:020:StopPointInJourneyPattern:205339415000025105_205330000109382968" version="any"/>
    <DepartureTime>08:50:00</DepartureTime>
</TimetabledPassingTime>
<TimetabledPassingTime version="any" id="SE:020:TimetabledPassingTime:205330000122562200">
    <StopPointInJourneyPatternRef ref="SE:020:StopPointInJourneyPattern:205339415000025105_205330000109382969" version="any"/>
    <ArrivalTime>09:00:00</ArrivalTime>
</TimetabledPassingTime>
                            </passingTimes>
                        </ServiceJourney>
                        <ServiceJourney version="any" id="SE:020:ServiceJourney:205330000122562181">
                            <TransportMode>bus</TransportMode>
                            <TransportSubmode>
<BusSubmode>unknown</BusSubmode>
                            </TransportSubmode>
                            <dayTypes>
<DayTypeRef ref="SE:020:DayType:aqj9l06c3sq6hhh0g1vclhpm7a0ha04k"/>
                            </dayTypes>
                            <JourneyPatternRef ref="SE:020:JourneyPattern:205339415000025106" version="any"/>
                            <OperatorRef ref="SE:020:Operator:9013020140700000"/>
                            <passingTimes>
<TimetabledPassingTime version="any" id="SE:020:TimetabledPassingTime:205330000122562176">
    <StopPointInJourneyPatternRef ref="SE:020:StopPointInJourneyPattern:205339415000025106_205330000109382932" version="any"/>
    <DepartureTime>12:10:00</DepartureTime>
</TimetabledPassingTime>
<TimetabledPassingTime version="any" id="SE:020:TimetabledPassingTime:205330000122562177">
    <StopPointInJourneyPatternRef ref="SE:020:StopPointInJourneyPattern:205339415000025106_205330000109382933" version="any"/>
    <ArrivalTime>12:20:00</ArrivalTime>
</TimetabledPassingTime>
                            </passingTimes>
                        </ServiceJourney>
                    </vehicleJourneys>
                </TimetableFrame>
            </frames>
        </CompositeFrame>
    </dataObjects>
</PublicationDelivery>
