<?xml version="1.0" encoding="UTF-8" standalone="yes"?>
<PublicationDelivery xmlns="http://www.netex.org.uk/netex" xmlns:ns2="http://www.opengis.net/gml/3.2" xmlns:ns3="http://www.siri.org.uk/siri" xmlns:ns4="http://www.samtrafiken.se/netex" version="1.11:NO-NeTEx-networktimetable:1.3">
    <PublicationTimestamp>2024-10-09T02:57:23</PublicationTimestamp>
    <ParticipantRef>SAM</ParticipantRef>
    <dataObjects>
        <CompositeFrame created="2024-10-09T02:57:23" version="20241009025723" id="SE:020:CompositeFrame:9011020031900000">
            <ValidBetween>
                <FromDate>1970-01-01T00:00:00</FromDate>
            </ValidBetween>
            <codespaces>
                <Codespace id="SE:020">
                    <Xmlns>SE:020</Xmlns>
                    <XmlnsUrl>http://www.samtrafiken.se/ns/dt</XmlnsUrl>
                </Codespace>
            </codespaces>
            <FrameDefaults>
                <DefaultLocale>
                    <TimeZone>Europe/Stockholm</TimeZone>
                    <DefaultLanguage>se</DefaultLanguage>
                </DefaultLocale>
                <DefaultLocationSystem>4326</DefaultLocationSystem>
            </FrameDefaults>
            <frames>
                <ServiceFrame version="20241009025723" id="SE:020:ServiceFrame:9011020031900000">
                    <routes>
                        <Route version="any" id="SE:020:Route:205330000095964488">
                            <Name>Storbricksnäs </Name>
                            <LineRef ref="SE:020:Line:9011020031900000" version="200616"/>
                            <DirectionType>inbound</DirectionType>
                            <pointsInSequence>
<PointOnRoute order="1" version="any" id="SE:020:PointOnRoute:205330000095964493">
    <RoutePointRef ref="SE:020:RoutePoint:9022020523034001"/>
</PointOnRoute>
<PointOnRoute order="2" version="any" id="SE:020:PointOnRoute:205330000095964494">
    <RoutePointRef ref="SE:020:RoutePoint:9022020523054001"/>
</PointOnRoute>
<PointOnRoute order="3" version="any" id="SE:020:PointOnRoute:205330000095964495">
    <RoutePointRef ref="SE:020:RoutePoint:9022020523248001"/>
</PointOnRoute>
<PointOnRoute order="4" version="any" id="SE:020:PointOnRoute:205330000095964496">
    <RoutePointRef ref="SE:020:RoutePoint:9022020523249001"/>
</PointOnRoute>
<PointOnRoute order="5" version="any" id="SE:020:PointOnRoute:205330000095964497">
    <RoutePointRef ref="SE:020:RoutePoint:9022020523238001"/>
</PointOnRoute>
<PointOnRoute order="6" version="any" id="SE:020:PointOnRoute:205330000095964498">
    <RoutePointRef ref="SE:020:RoutePoint:9022020523239001"/>
</PointOnRoute>
<PointOnRoute order="7" version="any" id="SE:020:PointOnRoute:205330000095964499">
    <RoutePointRef ref="SE:020:RoutePoint:9022020523240001"/>
</PointOnRoute>
<PointOnRoute order="8" version="any" id="SE:020:PointOnRoute:205330000095964500">
    <RoutePointRef ref="SE:020:RoutePoint:9022020523241001"/>
</PointOnRoute>
<PointOnRoute order="9" version="any" id="SE:020:PointOnRoute:205330000095964501">
    <RoutePointRef ref="SE:020:RoutePoint:9022020523041001"/>
</PointOnRoute>
<PointOnRoute order="10" version="any" id="SE:020:PointOnRoute:205330000095964502">
    <RoutePointRef ref="SE:020:RoutePoint:9022020523230001"/>
</PointOnRoute>
<PointOnRoute order="11" version="any" id="SE:020:PointOnRoute:205330000095964503">
    <RoutePointRef ref="SE:020:RoutePoint:9022020523049001"/>
</PointOnRoute>
<PointOnRoute order="12" version="any" id="SE:020:PointOnRoute:205330000095964504">
    <RoutePointRef ref="SE:020:RoutePoint:9022020523050001"/>
</PointOnRoute>
<PointOnRoute order="13" version="any" id="SE:020:PointOnRoute:205330000095964505">
    <RoutePointRef ref="SE:020:RoutePoint:9022020523242001"/>
</PointOnRoute>
<PointOnRoute order="14" version="any" id="SE:020:PointOnRoute:205330000095964506">
    <RoutePointRef ref="SE:020:RoutePoint:9022020523243001"/>
</PointOnRoute>
<PointOnRoute order="15" version="any" id="SE:020:PointOnRoute:205330000095964507">
    <RoutePointRef ref="SE:020:RoutePoint:9022020523244001"/>
</PointOnRoute>
<PointOnRoute order="16" version="any" id="SE:020:PointOnRoute:205330000095964508">
    <RoutePointRef ref="SE:020:RoutePoint:9022020523245001"/>
</PointOnRoute>
<PointOnRoute order="17" version="any" id="SE:020:PointOnRoute:205330000095964509">
    <RoutePointRef ref="SE:020:RoutePoint:9022020523246001"/>
</PointOnRoute>
<PointOnRoute order="18" version="any" id="SE:020:PointOnRoute:205330000095964510">
    <RoutePointRef ref="SE:020:RoutePoint:9022020523247001"/>
</PointOnRoute>
                            </pointsInSequence>
                        </Route>
                        <Route version="any" id="SE:020:Route:205330000095964454">
                            <Name>Sälen</Name>
                            <LineRef ref="SE:020:Line:9011020031900000" version="200616"/>
                            <DirectionType>outbound</DirectionType>
                            <pointsInSequence>
<PointOnRoute order="1" version="any" id="SE:020:PointOnRoute:205330000095964459">
    <RoutePointRef ref="SE:020:RoutePoint:9022020523247001"/>
</PointOnRoute>
<PointOnRoute order="2" version="any" id="SE:020:PointOnRoute:205330000095964460">
    <RoutePointRef ref="SE:020:RoutePoint:9022020523246002"/>
</PointOnRoute>
<PointOnRoute order="3" version="any" id="SE:020:PointOnRoute:205330000095964461">
    <RoutePointRef ref="SE:020:RoutePoint:9022020523245002"/>
</PointOnRoute>
<PointOnRoute order="4" version="any" id="SE:020:PointOnRoute:205330000095964462">
    <RoutePointRef ref="SE:020:RoutePoint:9022020523244002"/>
</PointOnRoute>
<PointOnRoute order="5" version="any" id="SE:020:PointOnRoute:205330000095964463">
    <RoutePointRef ref="SE:020:RoutePoint:9022020523243002"/>
</PointOnRoute>
<PointOnRoute order="6" version="any" id="SE:020:PointOnRoute:205330000095964464">
    <RoutePointRef ref="SE:020:RoutePoint:9022020523242002"/>
</PointOnRoute>
<PointOnRoute order="7" version="any" id="SE:020:PointOnRoute:205330000095964465">
    <RoutePointRef ref="SE:020:RoutePoint:9022020523050002"/>
</PointOnRoute>
<PointOnRoute order="8" version="any" id="SE:020:PointOnRoute:205330000095964466">
    <RoutePointRef ref="SE:020:RoutePoint:9022020523049002"/>
</PointOnRoute>
<PointOnRoute order="9" version="any" id="SE:020:PointOnRoute:205330000095964467">
    <RoutePointRef ref="SE:020:RoutePoint:9022020523230002"/>
</PointOnRoute>
<PointOnRoute order="10" version="any" id="SE:020:PointOnRoute:205330000095964468">
    <RoutePointRef ref="SE:020:RoutePoint:9022020523041003"/>
</PointOnRoute>
<PointOnRoute order="11" version="any" id="SE:020:PointOnRoute:205330000095964469">
    <RoutePointRef ref="SE:020:RoutePoint:9022020523241002"/>
</PointOnRoute>
<PointOnRoute order="12" version="any" id="SE:020:PointOnRoute:205330000095964470">
    <RoutePointRef ref="SE:020:RoutePoint:9022020523240002"/>
</PointOnRoute>
<PointOnRoute order="13" version="any" id="SE:020:PointOnRoute:205330000095964471">
    <RoutePointRef ref="SE:020:RoutePoint:9022020523239002"/>
</PointOnRoute>
<PointOnRoute order="14" version="any" id="SE:020:PointOnRoute:205330000095964472">
    <RoutePointRef ref="SE:020:RoutePoint:9022020523238002"/>
</PointOnRoute>
<PointOnRoute order="15" version="any" id="SE:020:PointOnRoute:205330000095964473">
    <RoutePointRef ref="SE:020:RoutePoint:9022020523249002"/>
</PointOnRoute>
<PointOnRoute order="16" version="any" id="SE:020:PointOnRoute:205330000095964474">
    <RoutePointRef ref="SE:020:RoutePoint:9022020523248002"/>
</PointOnRoute>
<PointOnRoute order="17" version="any" id="SE:020:PointOnRoute:205330000095964475">
    <RoutePointRef ref="SE:020:RoutePoint:9022020523034001"/>
</PointOnRoute>
<PointOnRoute order="18" version="any" id="SE:020:PointOnRoute:205330000095964476">
    <RoutePointRef ref="SE:020:RoutePoint:9022020523054001"/>
</PointOnRoute>
                            </pointsInSequence>
                        </Route>
                    </routes>
                    <lines>
                        <Line version="200616" id="SE:020:Line:9011020031900000">
                            <ValidBetween>
<FromDate>2020-06-16T00:00:00</FromDate>
                            </ValidBetween>
                            <Name>319</Name>
                            <TransportMode>bus</TransportMode>
                            <TransportSubmode>
<BusSubmode>unknown</BusSubmode>
                            </TransportSubmode>
                            <PublicCode>319</PublicCode>
                            <PrivateCode>319</PrivateCode>
                            <RepresentedByGroupRef ref="SE:020:Network:9010020000000000"/>
                        </Line>
                    </lines>
                    <journeyPatterns>
                        <JourneyPattern version="any" id="SE:020:JourneyPattern:205339415000021394">
                            <RouteRef ref="SE:020:Route:205330000095964488" version="any"/>
                            <pointsInSequence>
<StopPointInJourneyPattern order="1" version="any" id="SE:020:StopPointInJourneyPattern:205339415000021394_205330000095964493">
    <ScheduledStopPointRef ref="SE:020:ScheduledStopPoint:9022020523034001"/>
    <ForAlighting>false</ForAlighting>
    <ForBoarding>true</ForBoarding>
    <DestinationDisplayRef ref="SE:020:DestinationDisplay:205330000095964518"/>
    <RequestStop>true</RequestStop>
</StopPointInJourneyPattern>
<StopPointInJourneyPattern order="2" version="any" id="SE:020:StopPointInJourneyPattern:205339415000021394_205330000095964494">
    <ScheduledStopPointRef ref="SE:020:ScheduledStopPoint:9022020523054001"/>
    <ForAlighting>true</ForAlighting>
    <ForBoarding>true</ForBoarding>
    <RequestStop>true</RequestStop>
</StopPointInJourneyPattern>
<StopPointInJourneyPattern order="3" version="any" id="SE:020:StopPointInJourneyPattern:205339415000021394_205330000095964495">
    <ScheduledStopPointRef ref="SE:020:ScheduledStopPoint:9022020523248001"/>
    <ForAlighting>true</ForAlighting>
    <ForBoarding>true</ForBoarding>
    <RequestStop>true</RequestStop>
</StopPointInJourneyPattern>
<StopPointInJourneyPattern order="4" version="any" id="SE:020:StopPointInJourneyPattern:205339415000021394_205330000095964496">
    <ScheduledStopPointRef ref="SE:020:ScheduledStopPoint:9022020523249001"/>
    <ForAlighting>true</ForAlighting>
    <ForBoarding>true</ForBoarding>
    <RequestStop>true</RequestStop>
</StopPointInJourneyPattern>
<StopPointInJourneyPattern order="5" version="any" id="SE:020:StopPointInJourneyPattern:205339415000021394_205330000095964497">
    <ScheduledStopPointRef ref="SE:020:ScheduledStopPoint:9022020523238001"/>
    <ForAlighting>true</ForAlighting>
    <ForBoarding>true</ForBoarding>
    <RequestStop>true</RequestStop>
</StopPointInJourneyPattern>
<StopPointInJourneyPattern order="6" version="any" id="SE:020:StopPointInJourneyPattern:205339415000021394_205330000095964498">
    <ScheduledStopPointRef ref="SE:020:ScheduledStopPoint:9022020523239001"/>
    <ForAlighting>true</ForAlighting>
    <ForBoarding>true</ForBoarding>
    <RequestStop>true</RequestStop>
</StopPointInJourneyPattern>
<StopPointInJourneyPattern order="7" version="any" id="SE:020:StopPointInJourneyPattern:205339415000021394_205330000095964499">
    <ScheduledStopPointRef ref="SE:020:ScheduledStopPoint:9022020523240001"/>
    <ForAlighting>true</ForAlighting>
    <ForBoarding>true</ForBoarding>
    <RequestStop>true</RequestStop>
</StopPointInJourneyPattern>
<StopPointInJourneyPattern order="8" version="any" id="SE:020:StopPointInJourneyPattern:205339415000021394_205330000095964500">
    <ScheduledStopPointRef ref="SE:020:ScheduledStopPoint:9022020523241001"/>
    <ForAlighting>true</ForAlighting>
    <ForBoarding>true</ForBoarding>
    <RequestStop>true</RequestStop>
</StopPointInJourneyPattern>
<StopPointInJourneyPattern order="9" version="any" id="SE:020:StopPointInJourneyPattern:205339415000021394_205330000095964501">
    <ScheduledStopPointRef ref="SE:020:ScheduledStopPoint:9022020523041001"/>
    <ForAlighting>true</ForAlighting>
    <ForBoarding>true</ForBoarding>
    <RequestStop>true</RequestStop>
</StopPointInJourneyPattern>
<StopPointInJourneyPattern order="10" version="any" id="SE:020:StopPointInJourneyPattern:205339415000021394_205330000095964502">
    <ScheduledStopPointRef ref="SE:020:ScheduledStopPoint:9022020523230001"/>
    <ForAlighting>true</ForAlighting>
    <ForBoarding>true</ForBoarding>
    <RequestStop>true</RequestStop>
</StopPointInJourneyPattern>
<StopPointInJourneyPattern order="11" version="any" id="SE:020:StopPointInJourneyPattern:205339415000021394_205330000095964503">
    <ScheduledStopPointRef ref="SE:020:ScheduledStopPoint:9022020523049001"/>
    <ForAlighting>true</ForAlighting>
    <ForBoarding>true</ForBoarding>
    <RequestStop>true</RequestStop>
</StopPointInJourneyPattern>
<StopPointInJourneyPattern order="12" version="any" id="SE:020:StopPointInJourneyPattern:205339415000021394_205330000095964504">
    <ScheduledStopPointRef ref="SE:020:ScheduledStopPoint:9022020523050001"/>
    <ForAlighting>true</ForAlighting>
    <ForBoarding>true</ForBoarding>
    <RequestStop>true</RequestStop>
</StopPointInJourneyPattern>
<StopPointInJourneyPattern order="13" version="any" id="SE:020:StopPointInJourneyPattern:205339415000021394_205330000095964505">
    <ScheduledStopPointRef ref="SE:020:ScheduledStopPoint:9022020523242001"/>
    <ForAlighting>true</ForAlighting>
    <ForBoarding>true</ForBoarding>
    <RequestStop>true</RequestStop>
</StopPointInJourneyPattern>
<StopPointInJourneyPattern order="14" version="any" id="SE:020:StopPointInJourneyPattern:205339415000021394_205330000095964506">
    <ScheduledStopPointRef ref="SE:020:ScheduledStopPoint:9022020523243001"/>
    <ForAlighting>true</ForAlighting>
    <ForBoarding>true</ForBoarding>
    <RequestStop>true</RequestStop>
</StopPointInJourneyPattern>
<StopPointInJourneyPattern order="15" version="any" id="SE:020:StopPointInJourneyPattern:205339415000021394_205330000095964507">
    <ScheduledStopPointRef ref="SE:020:ScheduledStopPoint:9022020523244001"/>
    <ForAlighting>true</ForAlighting>
    <ForBoarding>true</ForBoarding>
    <RequestStop>true</RequestStop>
</StopPointInJourneyPattern>
<StopPointInJourneyPattern order="16" version="any" id="SE:020:StopPointInJourneyPattern:205339415000021394_205330000095964508">
    <ScheduledStopPointRef ref="SE:020:ScheduledStopPoint:9022020523245001"/>
    <ForAlighting>true</ForAlighting>
    <ForBoarding>true</ForBoarding>
    <RequestStop>true</RequestStop>
</StopPointInJourneyPattern>
<StopPointInJourneyPattern order="17" version="any" id="SE:020:StopPointInJourneyPattern:205339415000021394_205330000095964509">
    <ScheduledStopPointRef ref="SE:020:ScheduledStopPoint:9022020523246001"/>
    <ForAlighting>true</ForAlighting>
    <ForBoarding>true</ForBoarding>
    <RequestStop>true</RequestStop>
</StopPointInJourneyPattern>
<StopPointInJourneyPattern order="18" version="any" id="SE:020:StopPointInJourneyPattern:205339415000021394_205330000095964510">
    <ScheduledStopPointRef ref="SE:020:ScheduledStopPoint:9022020523247001"/>
    <ForAlighting>true</ForAlighting>
    <ForBoarding>false</ForBoarding>
    <RequestStop>true</RequestStop>
</StopPointInJourneyPattern>
                            </pointsInSequence>
                            <linksInSequence>
<ServiceLinkInJourneyPattern order="1" version="any" id="SE:020:ServiceLinkInJourneyPattern:BUS_40505">
    <ServiceLinkRef ref="SE:020:ServiceLink:BUS_9025020052303401_9025020052305401"/>
</ServiceLinkInJourneyPattern>
<ServiceLinkInJourneyPattern order="2" version="any" id="SE:020:ServiceLinkInJourneyPattern:BUS_40506">
    <ServiceLinkRef ref="SE:020:ServiceLink:BUS_9025020052305401_9025020052324801"/>
</ServiceLinkInJourneyPattern>
<ServiceLinkInJourneyPattern order="3" version="any" id="SE:020:ServiceLinkInJourneyPattern:BUS_40507">
    <ServiceLinkRef ref="SE:020:ServiceLink:BUS_9025020052324801_9025020052324901"/>
</ServiceLinkInJourneyPattern>
<ServiceLinkInJourneyPattern order="4" version="any" id="SE:020:ServiceLinkInJourneyPattern:BUS_40508">
    <ServiceLinkRef ref="SE:020:ServiceLink:BUS_9025020052324901_9025020052323801"/>
</ServiceLinkInJourneyPattern>
<ServiceLinkInJourneyPattern order="5" version="any" id="SE:020:ServiceLinkInJourneyPattern:BUS_40509">
    <ServiceLinkRef ref="SE:020:ServiceLink:BUS_9025020052323801_9025020052323901"/>
</ServiceLinkInJourneyPattern>
<ServiceLinkInJourneyPattern order="6" version="any" id="SE:020:ServiceLinkInJourneyPattern:BUS_40510">
    <ServiceLinkRef ref="SE:020:ServiceLink:BUS_9025020052323901_9025020052324001"/>
</ServiceLinkInJourneyPattern>
<ServiceLinkInJourneyPattern order="7" version="any" id="SE:020:ServiceLinkInJourneyPattern:BUS_40511">
    <ServiceLinkRef ref="SE:020:ServiceLink:BUS_9025020052324001_9025020052324101"/>
</ServiceLinkInJourneyPattern>
<ServiceLinkInJourneyPattern order="8" version="any" id="SE:020:ServiceLinkInJourneyPattern:BUS_40512">
    <ServiceLinkRef ref="SE:020:ServiceLink:BUS_9025020052324101_9025020052304101"/>
</ServiceLinkInJourneyPattern>
<ServiceLinkInJourneyPattern order="9" version="any" id="SE:020:ServiceLinkInJourneyPattern:BUS_40513">
    <ServiceLinkRef ref="SE:020:ServiceLink:BUS_9025020052304101_9025020052323001"/>
</ServiceLinkInJourneyPattern>
<ServiceLinkInJourneyPattern order="10" version="any" id="SE:020:ServiceLinkInJourneyPattern:BUS_40514">
    <ServiceLinkRef ref="SE:020:ServiceLink:BUS_9025020052323001_9025020052304901"/>
</ServiceLinkInJourneyPattern>
<ServiceLinkInJourneyPattern order="11" version="any" id="SE:020:ServiceLinkInJourneyPattern:BUS_40515">
    <ServiceLinkRef ref="SE:020:ServiceLink:BUS_9025020052304901_9025020052305001"/>
</ServiceLinkInJourneyPattern>
<ServiceLinkInJourneyPattern order="12" version="any" id="SE:020:ServiceLinkInJourneyPattern:BUS_40516">
    <ServiceLinkRef ref="SE:020:ServiceLink:BUS_9025020052305001_9025020052324201"/>
</ServiceLinkInJourneyPattern>
<ServiceLinkInJourneyPattern order="13" version="any" id="SE:020:ServiceLinkInJourneyPattern:BUS_40517">
    <ServiceLinkRef ref="SE:020:ServiceLink:BUS_9025020052324201_9025020052324301"/>
</ServiceLinkInJourneyPattern>
<ServiceLinkInJourneyPattern order="14" version="any" id="SE:020:ServiceLinkInJourneyPattern:BUS_40518">
    <ServiceLinkRef ref="SE:020:ServiceLink:BUS_9025020052324301_9025020052324401"/>
</ServiceLinkInJourneyPattern>
<ServiceLinkInJourneyPattern order="15" version="any" id="SE:020:ServiceLinkInJourneyPattern:BUS_40519">
    <ServiceLinkRef ref="SE:020:ServiceLink:BUS_9025020052324401_9025020052324501"/>
</ServiceLinkInJourneyPattern>
<ServiceLinkInJourneyPattern order="16" version="any" id="SE:020:ServiceLinkInJourneyPattern:BUS_40520">
    <ServiceLinkRef ref="SE:020:ServiceLink:BUS_9025020052324501_9025020052324601"/>
</ServiceLinkInJourneyPattern>
<ServiceLinkInJourneyPattern order="17" version="any" id="SE:020:ServiceLinkInJourneyPattern:BUS_40521">
    <ServiceLinkRef ref="SE:020:ServiceLink:BUS_9025020052324601_9025020052324701"/>
</ServiceLinkInJourneyPattern>
                            </linksInSequence>
                        </JourneyPattern>
                        <JourneyPattern version="any" id="SE:020:JourneyPattern:205339415000024945">
                            <RouteRef ref="SE:020:Route:205330000095964488" version="any"/>
                            <pointsInSequence>
<StopPointInJourneyPattern order="1" version="any" id="SE:020:StopPointInJourneyPattern:205339415000024945_205330000095964493">
    <ScheduledStopPointRef ref="SE:020:ScheduledStopPoint:9022020523034001"/>
    <ForAlighting>false</ForAlighting>
    <ForBoarding>true</ForBoarding>
    <DestinationDisplayRef ref="SE:020:DestinationDisplay:205330000113878247"/>
    <RequestStop>true</RequestStop>
</StopPointInJourneyPattern>
<StopPointInJourneyPattern order="2" version="any" id="SE:020:StopPointInJourneyPattern:205339415000024945_205330000095964494">
    <ScheduledStopPointRef ref="SE:020:ScheduledStopPoint:9022020523054001"/>
    <ForAlighting>true</ForAlighting>
    <ForBoarding>true</ForBoarding>
    <RequestStop>true</RequestStop>
</StopPointInJourneyPattern>
<StopPointInJourneyPattern order="3" version="any" id="SE:020:StopPointInJourneyPattern:205339415000024945_205330000095964495">
    <ScheduledStopPointRef ref="SE:020:ScheduledStopPoint:9022020523248001"/>
    <ForAlighting>true</ForAlighting>
    <ForBoarding>true</ForBoarding>
    <RequestStop>true</RequestStop>
</StopPointInJourneyPattern>
<StopPointInJourneyPattern order="4" version="any" id="SE:020:StopPointInJourneyPattern:205339415000024945_205330000095964496">
    <ScheduledStopPointRef ref="SE:020:ScheduledStopPoint:9022020523249001"/>
    <ForAlighting>true</ForAlighting>
    <ForBoarding>true</ForBoarding>
    <RequestStop>true</RequestStop>
</StopPointInJourneyPattern>
<StopPointInJourneyPattern order="5" version="any" id="SE:020:StopPointInJourneyPattern:205339415000024945_205330000095964497">
    <ScheduledStopPointRef ref="SE:020:ScheduledStopPoint:9022020523238001"/>
    <ForAlighting>true</ForAlighting>
    <ForBoarding>true</ForBoarding>
    <RequestStop>true</RequestStop>
</StopPointInJourneyPattern>
<StopPointInJourneyPattern order="6" version="any" id="SE:020:StopPointInJourneyPattern:205339415000024945_205330000095964498">
    <ScheduledStopPointRef ref="SE:020:ScheduledStopPoint:9022020523239001"/>
    <ForAlighting>true</ForAlighting>
    <ForBoarding>true</ForBoarding>
    <RequestStop>true</RequestStop>
</StopPointInJourneyPattern>
<StopPointInJourneyPattern order="7" version="any" id="SE:020:StopPointInJourneyPattern:205339415000024945_205330000095964499">
    <ScheduledStopPointRef ref="SE:020:ScheduledStopPoint:9022020523240001"/>
    <ForAlighting>true</ForAlighting>
    <ForBoarding>true</ForBoarding>
    <RequestStop>true</RequestStop>
</StopPointInJourneyPattern>
<StopPointInJourneyPattern order="8" version="any" id="SE:020:StopPointInJourneyPattern:205339415000024945_205330000095964500">
    <ScheduledStopPointRef ref="SE:020:ScheduledStopPoint:9022020523241001"/>
    <ForAlighting>true</ForAlighting>
    <ForBoarding>true</ForBoarding>
    <RequestStop>true</RequestStop>
</StopPointInJourneyPattern>
<StopPointInJourneyPattern order="9" version="any" id="SE:020:StopPointInJourneyPattern:205339415000024945_205330000095964501">
    <ScheduledStopPointRef ref="SE:020:ScheduledStopPoint:9022020523041001"/>
    <ForAlighting>true</ForAlighting>
    <ForBoarding>true</ForBoarding>
    <RequestStop>true</RequestStop>
</StopPointInJourneyPattern>
<StopPointInJourneyPattern order="10" version="any" id="SE:020:StopPointInJourneyPattern:205339415000024945_205330000095964502">
    <ScheduledStopPointRef ref="SE:020:ScheduledStopPoint:9022020523230001"/>
    <ForAlighting>true</ForAlighting>
    <ForBoarding>true</ForBoarding>
    <RequestStop>true</RequestStop>
</StopPointInJourneyPattern>
<StopPointInJourneyPattern order="11" version="any" id="SE:020:StopPointInJourneyPattern:205339415000024945_205330000095964503">
    <ScheduledStopPointRef ref="SE:020:ScheduledStopPoint:9022020523049001"/>
    <ForAlighting>true</ForAlighting>
    <ForBoarding>true</ForBoarding>
    <RequestStop>true</RequestStop>
</StopPointInJourneyPattern>
<StopPointInJourneyPattern order="12" version="any" id="SE:020:StopPointInJourneyPattern:205339415000024945_205330000095964504">
    <ScheduledStopPointRef ref="SE:020:ScheduledStopPoint:9022020523050001"/>
    <ForAlighting>true</ForAlighting>
    <ForBoarding>true</ForBoarding>
    <RequestStop>true</RequestStop>
</StopPointInJourneyPattern>
<StopPointInJourneyPattern order="13" version="any" id="SE:020:StopPointInJourneyPattern:205339415000024945_205330000095964505">
    <ScheduledStopPointRef ref="SE:020:ScheduledStopPoint:9022020523242001"/>
    <ForAlighting>true</ForAlighting>
    <ForBoarding>true</ForBoarding>
    <RequestStop>true</RequestStop>
</StopPointInJourneyPattern>
<StopPointInJourneyPattern order="14" version="any" id="SE:020:StopPointInJourneyPattern:205339415000024945_205330000095964506">
    <ScheduledStopPointRef ref="SE:020:ScheduledStopPoint:9022020523243001"/>
    <ForAlighting>true</ForAlighting>
    <ForBoarding>true</ForBoarding>
    <RequestStop>true</RequestStop>
</StopPointInJourneyPattern>
<StopPointInJourneyPattern order="15" version="any" id="SE:020:StopPointInJourneyPattern:205339415000024945_205330000095964507">
    <ScheduledStopPointRef ref="SE:020:ScheduledStopPoint:9022020523244001"/>
    <ForAlighting>true</ForAlighting>
    <ForBoarding>true</ForBoarding>
    <RequestStop>true</RequestStop>
</StopPointInJourneyPattern>
<StopPointInJourneyPattern order="16" version="any" id="SE:020:StopPointInJourneyPattern:205339415000024945_205330000095964508">
    <ScheduledStopPointRef ref="SE:020:ScheduledStopPoint:9022020523245001"/>
    <ForAlighting>true</ForAlighting>
    <ForBoarding>true</ForBoarding>
    <RequestStop>true</RequestStop>
</StopPointInJourneyPattern>
<StopPointInJourneyPattern order="17" version="any" id="SE:020:StopPointInJourneyPattern:205339415000024945_205330000095964509">
    <ScheduledStopPointRef ref="SE:020:ScheduledStopPoint:9022020523246001"/>
    <ForAlighting>true</ForAlighting>
    <ForBoarding>true</ForBoarding>
    <RequestStop>true</RequestStop>
</StopPointInJourneyPattern>
<StopPointInJourneyPattern order="18" version="any" id="SE:020:StopPointInJourneyPattern:205339415000024945_205330000095964510">
    <ScheduledStopPointRef ref="SE:020:ScheduledStopPoint:9022020523247001"/>
    <ForAlighting>true</ForAlighting>
    <ForBoarding>false</ForBoarding>
    <RequestStop>true</RequestStop>
</StopPointInJourneyPattern>
                            </pointsInSequence>
                            <linksInSequence>
<ServiceLinkInJourneyPattern order="1" version="any" id="SE:020:ServiceLinkInJourneyPattern:BUS_40522">
    <ServiceLinkRef ref="SE:020:ServiceLink:BUS_9025020052303401_9025020052305401"/>
</ServiceLinkInJourneyPattern>
<ServiceLinkInJourneyPattern order="2" version="any" id="SE:020:ServiceLinkInJourneyPattern:BUS_40523">
    <ServiceLinkRef ref="SE:020:ServiceLink:BUS_9025020052305401_9025020052324801"/>
</ServiceLinkInJourneyPattern>
<ServiceLinkInJourneyPattern order="3" version="any" id="SE:020:ServiceLinkInJourneyPattern:BUS_40524">
    <ServiceLinkRef ref="SE:020:ServiceLink:BUS_9025020052324801_9025020052324901"/>
</ServiceLinkInJourneyPattern>
<ServiceLinkInJourneyPattern order="4" version="any" id="SE:020:ServiceLinkInJourneyPattern:BUS_40525">
    <ServiceLinkRef ref="SE:020:ServiceLink:BUS_9025020052324901_9025020052323801"/>
</ServiceLinkInJourneyPattern>
<ServiceLinkInJourneyPattern order="5" version="any" id="SE:020:ServiceLinkInJourneyPattern:BUS_40526">
    <ServiceLinkRef ref="SE:020:ServiceLink:BUS_9025020052323801_9025020052323901"/>
</ServiceLinkInJourneyPattern>
<ServiceLinkInJourneyPattern order="6" version="any" id="SE:020:ServiceLinkInJourneyPattern:BUS_40527">
    <ServiceLinkRef ref="SE:020:ServiceLink:BUS_9025020052323901_9025020052324001"/>
</ServiceLinkInJourneyPattern>
<ServiceLinkInJourneyPattern order="7" version="any" id="SE:020:ServiceLinkInJourneyPattern:BUS_40528">
    <ServiceLinkRef ref="SE:020:ServiceLink:BUS_9025020052324001_9025020052324101"/>
</ServiceLinkInJourneyPattern>
<ServiceLinkInJourneyPattern order="8" version="any" id="SE:020:ServiceLinkInJourneyPattern:BUS_40529">
    <ServiceLinkRef ref="SE:020:ServiceLink:BUS_9025020052324101_9025020052304101"/>
</ServiceLinkInJourneyPattern>
<ServiceLinkInJourneyPattern order="9" version="any" id="SE:020:ServiceLinkInJourneyPattern:BUS_40530">
    <ServiceLinkRef ref="SE:020:ServiceLink:BUS_9025020052304101_9025020052323001"/>
</ServiceLinkInJourneyPattern>
<ServiceLinkInJourneyPattern order="10" version="any" id="SE:020:ServiceLinkInJourneyPattern:BUS_40531">
    <ServiceLinkRef ref="SE:020:ServiceLink:BUS_9025020052323001_9025020052304901"/>
</ServiceLinkInJourneyPattern>
<ServiceLinkInJourneyPattern order="11" version="any" id="SE:020:ServiceLinkInJourneyPattern:BUS_40532">
    <ServiceLinkRef ref="SE:020:ServiceLink:BUS_9025020052304901_9025020052305001"/>
</ServiceLinkInJourneyPattern>
<ServiceLinkInJourneyPattern order="12" version="any" id="SE:020:ServiceLinkInJourneyPattern:BUS_40533">
    <ServiceLinkRef ref="SE:020:ServiceLink:BUS_9025020052305001_9025020052324201"/>
</ServiceLinkInJourneyPattern>
<ServiceLinkInJourneyPattern order="13" version="any" id="SE:020:ServiceLinkInJourneyPattern:BUS_40534">
    <ServiceLinkRef ref="SE:020:ServiceLink:BUS_9025020052324201_9025020052324301"/>
</ServiceLinkInJourneyPattern>
<ServiceLinkInJourneyPattern order="14" version="any" id="SE:020:ServiceLinkInJourneyPattern:BUS_40535">
    <ServiceLinkRef ref="SE:020:ServiceLink:BUS_9025020052324301_9025020052324401"/>
</ServiceLinkInJourneyPattern>
<ServiceLinkInJourneyPattern order="15" version="any" id="SE:020:ServiceLinkInJourneyPattern:BUS_40536">
    <ServiceLinkRef ref="SE:020:ServiceLink:BUS_9025020052324401_9025020052324501"/>
</ServiceLinkInJourneyPattern>
<ServiceLinkInJourneyPattern order="16" version="any" id="SE:020:ServiceLinkInJourneyPattern:BUS_40537">
    <ServiceLinkRef ref="SE:020:ServiceLink:BUS_9025020052324501_9025020052324601"/>
</ServiceLinkInJourneyPattern>
<ServiceLinkInJourneyPattern order="17" version="any" id="SE:020:ServiceLinkInJourneyPattern:BUS_40538">
    <ServiceLinkRef ref="SE:020:ServiceLink:BUS_9025020052324601_9025020052324701"/>
</ServiceLinkInJourneyPattern>
                            </linksInSequence>
                        </JourneyPattern>
                        <JourneyPattern version="any" id="SE:020:JourneyPattern:205339415000021393">
                            <RouteRef ref="SE:020:Route:205330000095964454" version="any"/>
                            <pointsInSequence>
<StopPointInJourneyPattern order="1" version="any" id="SE:020:StopPointInJourneyPattern:205339415000021393_205330000095964459">
    <ScheduledStopPointRef ref="SE:020:ScheduledStopPoint:9022020523247001"/>
    <ForAlighting>false</ForAlighting>
    <ForBoarding>true</ForBoarding>
    <DestinationDisplayRef ref="SE:020:DestinationDisplay:205330000095964484"/>
    <RequestStop>true</RequestStop>
</StopPointInJourneyPattern>
<StopPointInJourneyPattern order="2" version="any" id="SE:020:StopPointInJourneyPattern:205339415000021393_205330000095964460">
    <ScheduledStopPointRef ref="SE:020:ScheduledStopPoint:9022020523246002"/>
    <ForAlighting>true</ForAlighting>
    <ForBoarding>true</ForBoarding>
    <RequestStop>true</RequestStop>
</StopPointInJourneyPattern>
<StopPointInJourneyPattern order="3" version="any" id="SE:020:StopPointInJourneyPattern:205339415000021393_205330000095964461">
    <ScheduledStopPointRef ref="SE:020:ScheduledStopPoint:9022020523245002"/>
    <ForAlighting>true</ForAlighting>
    <ForBoarding>true</ForBoarding>
    <RequestStop>true</RequestStop>
</StopPointInJourneyPattern>
<StopPointInJourneyPattern order="4" version="any" id="SE:020:StopPointInJourneyPattern:205339415000021393_205330000095964462">
    <ScheduledStopPointRef ref="SE:020:ScheduledStopPoint:9022020523244002"/>
    <ForAlighting>true</ForAlighting>
    <ForBoarding>true</ForBoarding>
    <RequestStop>true</RequestStop>
</StopPointInJourneyPattern>
<StopPointInJourneyPattern order="5" version="any" id="SE:020:StopPointInJourneyPattern:205339415000021393_205330000095964463">
    <ScheduledStopPointRef ref="SE:020:ScheduledStopPoint:9022020523243002"/>
    <ForAlighting>true</ForAlighting>
    <ForBoarding>true</ForBoarding>
    <RequestStop>true</RequestStop>
</StopPointInJourneyPattern>
<StopPointInJourneyPattern order="6" version="any" id="SE:020:StopPointInJourneyPattern:205339415000021393_205330000095964464">
    <ScheduledStopPointRef ref="SE:020:ScheduledStopPoint:9022020523242002"/>
    <ForAlighting>true</ForAlighting>
    <ForBoarding>true</ForBoarding>
    <RequestStop>true</RequestStop>
</StopPointInJourneyPattern>
<StopPointInJourneyPattern order="7" version="any" id="SE:020:StopPointInJourneyPattern:205339415000021393_205330000095964465">
    <ScheduledStopPointRef ref="SE:020:ScheduledStopPoint:9022020523050002"/>
    <ForAlighting>true</ForAlighting>
    <ForBoarding>true</ForBoarding>
    <RequestStop>true</RequestStop>
</StopPointInJourneyPattern>
<StopPointInJourneyPattern order="8" version="any" id="SE:020:StopPointInJourneyPattern:205339415000021393_205330000095964466">
    <ScheduledStopPointRef ref="SE:020:ScheduledStopPoint:9022020523049002"/>
    <ForAlighting>true</ForAlighting>
    <ForBoarding>true</ForBoarding>
    <RequestStop>true</RequestStop>
</StopPointInJourneyPattern>
<StopPointInJourneyPattern order="9" version="any" id="SE:020:StopPointInJourneyPattern:205339415000021393_205330000095964467">
    <ScheduledStopPointRef ref="SE:020:ScheduledStopPoint:9022020523230002"/>
    <ForAlighting>true</ForAlighting>
    <ForBoarding>true</ForBoarding>
    <RequestStop>true</RequestStop>
</StopPointInJourneyPattern>
<StopPointInJourneyPattern order="10" version="any" id="SE:020:StopPointInJourneyPattern:205339415000021393_205330000095964468">
    <ScheduledStopPointRef ref="SE:020:ScheduledStopPoint:9022020523041003"/>
    <ForAlighting>true</ForAlighting>
    <ForBoarding>true</ForBoarding>
    <RequestStop>true</RequestStop>
</StopPointInJourneyPattern>
<StopPointInJourneyPattern order="11" version="any" id="SE:020:StopPointInJourneyPattern:205339415000021393_205330000095964469">
    <ScheduledStopPointRef ref="SE:020:ScheduledStopPoint:9022020523241002"/>
    <ForAlighting>true</ForAlighting>
    <ForBoarding>true</ForBoarding>
    <RequestStop>true</RequestStop>
</StopPointInJourneyPattern>
<StopPointInJourneyPattern order="12" version="any" id="SE:020:StopPointInJourneyPattern:205339415000021393_205330000095964470">
    <ScheduledStopPointRef ref="SE:020:ScheduledStopPoint:9022020523240002"/>
    <ForAlighting>true</ForAlighting>
    <ForBoarding>true</ForBoarding>
    <RequestStop>true</RequestStop>
</StopPointInJourneyPattern>
<StopPointInJourneyPattern order="13" version="any" id="SE:020:StopPointInJourneyPattern:205339415000021393_205330000095964471">
    <ScheduledStopPointRef ref="SE:020:ScheduledStopPoint:9022020523239002"/>
    <ForAlighting>true</ForAlighting>
    <ForBoarding>true</ForBoarding>
    <RequestStop>true</RequestStop>
</StopPointInJourneyPattern>
<StopPointInJourneyPattern order="14" version="any" id="SE:020:StopPointInJourneyPattern:205339415000021393_205330000095964472">
    <ScheduledStopPointRef ref="SE:020:ScheduledStopPoint:9022020523238002"/>
    <ForAlighting>true</ForAlighting>
    <ForBoarding>true</ForBoarding>
    <RequestStop>true</RequestStop>
</StopPointInJourneyPattern>
<StopPointInJourneyPattern order="15" version="any" id="SE:020:StopPointInJourneyPattern:205339415000021393_205330000095964473">
    <ScheduledStopPointRef ref="SE:020:ScheduledStopPoint:9022020523249002"/>
    <ForAlighting>true</ForAlighting>
    <ForBoarding>true</ForBoarding>
    <RequestStop>true</RequestStop>
</StopPointInJourneyPattern>
<StopPointInJourneyPattern order="16" version="any" id="SE:020:StopPointInJourneyPattern:205339415000021393_205330000095964474">
    <ScheduledStopPointRef ref="SE:020:ScheduledStopPoint:9022020523248002"/>
    <ForAlighting>true</ForAlighting>
    <ForBoarding>true</ForBoarding>
    <RequestStop>true</RequestStop>
</StopPointInJourneyPattern>
<StopPointInJourneyPattern order="17" version="any" id="SE:020:StopPointInJourneyPattern:205339415000021393_205330000095964475">
    <ScheduledStopPointRef ref="SE:020:ScheduledStopPoint:9022020523034001"/>
    <ForAlighting>true</ForAlighting>
    <ForBoarding>true</ForBoarding>
    <RequestStop>true</RequestStop>
</StopPointInJourneyPattern>
<StopPointInJourneyPattern order="18" version="any" id="SE:020:StopPointInJourneyPattern:205339415000021393_205330000095964476">
    <ScheduledStopPointRef ref="SE:020:ScheduledStopPoint:9022020523054001"/>
    <ForAlighting>true</ForAlighting>
    <ForBoarding>false</ForBoarding>
    <RequestStop>true</RequestStop>
</StopPointInJourneyPattern>
                            </pointsInSequence>
                            <linksInSequence>
<ServiceLinkInJourneyPattern order="1" version="any" id="SE:020:ServiceLinkInJourneyPattern:BUS_40539">
    <ServiceLinkRef ref="SE:020:ServiceLink:BUS_9025020052324701_9025020052324602"/>
</ServiceLinkInJourneyPattern>
<ServiceLinkInJourneyPattern order="2" version="any" id="SE:020:ServiceLinkInJourneyPattern:BUS_40540">
    <ServiceLinkRef ref="SE:020:ServiceLink:BUS_9025020052324602_9025020052324502"/>
</ServiceLinkInJourneyPattern>
<ServiceLinkInJourneyPattern order="3" version="any" id="SE:020:ServiceLinkInJourneyPattern:BUS_40541">
    <ServiceLinkRef ref="SE:020:ServiceLink:BUS_9025020052324502_9025020052324402"/>
</ServiceLinkInJourneyPattern>
<ServiceLinkInJourneyPattern order="4" version="any" id="SE:020:ServiceLinkInJourneyPattern:BUS_40542">
    <ServiceLinkRef ref="SE:020:ServiceLink:BUS_9025020052324402_9025020052324302"/>
</ServiceLinkInJourneyPattern>
<ServiceLinkInJourneyPattern order="5" version="any" id="SE:020:ServiceLinkInJourneyPattern:BUS_40543">
    <ServiceLinkRef ref="SE:020:ServiceLink:BUS_9025020052324302_9025020052324202"/>
</ServiceLinkInJourneyPattern>
<ServiceLinkInJourneyPattern order="6" version="any" id="SE:020:ServiceLinkInJourneyPattern:BUS_40544">
    <ServiceLinkRef ref="SE:020:ServiceLink:BUS_9025020052324202_9025020052305002"/>
</ServiceLinkInJourneyPattern>
<ServiceLinkInJourneyPattern order="7" version="any" id="SE:020:ServiceLinkInJourneyPattern:BUS_40545">
    <ServiceLinkRef ref="SE:020:ServiceLink:BUS_9025020052305002_9025020052304902"/>
</ServiceLinkInJourneyPattern>
<ServiceLinkInJourneyPattern order="8" version="any" id="SE:020:ServiceLinkInJourneyPattern:BUS_40546">
    <ServiceLinkRef ref="SE:020:ServiceLink:BUS_9025020052304902_9025020052323002"/>
</ServiceLinkInJourneyPattern>
<ServiceLinkInJourneyPattern order="9" version="any" id="SE:020:ServiceLinkInJourneyPattern:BUS_40547">
    <ServiceLinkRef ref="SE:020:ServiceLink:BUS_9025020052323002_9025020052304103"/>
</ServiceLinkInJourneyPattern>
<ServiceLinkInJourneyPattern order="10" version="any" id="SE:020:ServiceLinkInJourneyPattern:BUS_40548">
    <ServiceLinkRef ref="SE:020:ServiceLink:BUS_9025020052304103_9025020052324102"/>
</ServiceLinkInJourneyPattern>
<ServiceLinkInJourneyPattern order="11" version="any" id="SE:020:ServiceLinkInJourneyPattern:BUS_40549">
    <ServiceLinkRef ref="SE:020:ServiceLink:BUS_9025020052324102_9025020052324002"/>
</ServiceLinkInJourneyPattern>
<ServiceLinkInJourneyPattern order="12" version="any" id="SE:020:ServiceLinkInJourneyPattern:BUS_40550">
    <ServiceLinkRef ref="SE:020:ServiceLink:BUS_9025020052324002_9025020052323902"/>
</ServiceLinkInJourneyPattern>
<ServiceLinkInJourneyPattern order="13" version="any" id="SE:020:ServiceLinkInJourneyPattern:BUS_40551">
    <ServiceLinkRef ref="SE:020:ServiceLink:BUS_9025020052323902_9025020052323802"/>
</ServiceLinkInJourneyPattern>
<ServiceLinkInJourneyPattern order="14" version="any" id="SE:020:ServiceLinkInJourneyPattern:BUS_40552">
    <ServiceLinkRef ref="SE:020:ServiceLink:BUS_9025020052323802_9025020052324902"/>
</ServiceLinkInJourneyPattern>
<ServiceLinkInJourneyPattern order="15" version="any" id="SE:020:ServiceLinkInJourneyPattern:BUS_40553">
    <ServiceLinkRef ref="SE:020:ServiceLink:BUS_9025020052324902_9025020052324802"/>
</ServiceLinkInJourneyPattern>
<ServiceLinkInJourneyPattern order="16" version="any" id="SE:020:ServiceLinkInJourneyPattern:BUS_40554">
    <ServiceLinkRef ref="SE:020:ServiceLink:BUS_9025020052324802_9025020052303401"/>
</ServiceLinkInJourneyPattern>
<ServiceLinkInJourneyPattern order="17" version="any" id="SE:020:ServiceLinkInJourneyPattern:BUS_40555">
    <ServiceLinkRef ref="SE:020:ServiceLink:BUS_9025020052303401_9025020052305401"/>
</ServiceLinkInJourneyPattern>
                            </linksInSequence>
                        </JourneyPattern>
                    </journeyPatterns>
                </ServiceFrame>
                <TimetableFrame version="20241009025723" id="SE:020:TimetableFrame:9011020031900000">
                    <vehicleJourneys>
                        <ServiceJourney version="any" id="SE:020:ServiceJourney:205330000113878275">
                            <TransportMode>bus</TransportMode>
                            <TransportSubmode>
<BusSubmode>unknown</BusSubmode>
                            </TransportSubmode>
                            <dayTypes>
<DayTypeRef ref="SE:020:DayType:33jmpmbc08dk2d8au9u7ffjuoo36fro1"/>
                            </dayTypes>
                            <JourneyPatternRef ref="SE:020:JourneyPattern:205339415000021393" version="any"/>
                            <OperatorRef ref="SE:020:Operator:9013020140700000"/>
                            <passingTimes>
<TimetabledPassingTime version="any" id="SE:020:TimetabledPassingTime:205330000113878255">
    <StopPointInJourneyPatternRef ref="SE:020:StopPointInJourneyPattern:205339415000021393_205330000095964459" version="any"/>
    <DepartureTime>06:45:00</DepartureTime>
</TimetabledPassingTime>
<TimetabledPassingTime version="any" id="SE:020:TimetabledPassingTime:205330000113878256">
    <StopPointInJourneyPatternRef ref="SE:020:StopPointInJourneyPattern:205339415000021393_205330000095964460" version="any"/>
    <ArrivalTime>06:47:33</ArrivalTime>
    <DepartureTime>06:47:33</DepartureTime>
</TimetabledPassingTime>
<TimetabledPassingTime version="any" id="SE:020:TimetabledPassingTime:205330000113878257">
    <StopPointInJourneyPatternRef ref="SE:020:StopPointInJourneyPattern:205339415000021393_205330000095964461" version="any"/>
    <ArrivalTime>06:49:41</ArrivalTime>
    <DepartureTime>06:49:41</DepartureTime>
</TimetabledPassingTime>
<TimetabledPassingTime version="any" id="SE:020:TimetabledPassingTime:205330000113878258">
    <StopPointInJourneyPatternRef ref="SE:020:StopPointInJourneyPattern:205339415000021393_205330000095964462" version="any"/>
    <ArrivalTime>06:51:00</ArrivalTime>
    <DepartureTime>06:51:00</DepartureTime>
</TimetabledPassingTime>
<TimetabledPassingTime version="any" id="SE:020:TimetabledPassingTime:205330000113878259">
    <StopPointInJourneyPatternRef ref="SE:020:StopPointInJourneyPattern:205339415000021393_205330000095964463" version="any"/>
    <ArrivalTime>06:54:00</ArrivalTime>
    <DepartureTime>06:54:00</DepartureTime>
</TimetabledPassingTime>
<TimetabledPassingTime version="any" id="SE:020:TimetabledPassingTime:205330000113878260">
    <StopPointInJourneyPatternRef ref="SE:020:StopPointInJourneyPattern:205339415000021393_205330000095964464" version="any"/>
    <ArrivalTime>06:54:46</ArrivalTime>
    <DepartureTime>06:54:46</DepartureTime>
</TimetabledPassingTime>
<TimetabledPassingTime version="any" id="SE:020:TimetabledPassingTime:205330000113878261">
    <StopPointInJourneyPatternRef ref="SE:020:StopPointInJourneyPattern:205339415000021393_205330000095964465" version="any"/>
    <ArrivalTime>06:58:23</ArrivalTime>
    <DepartureTime>06:58:23</DepartureTime>
</TimetabledPassingTime>
<TimetabledPassingTime version="any" id="SE:020:TimetabledPassingTime:205330000113878262">
    <StopPointInJourneyPatternRef ref="SE:020:StopPointInJourneyPattern:205339415000021393_205330000095964466" version="any"/>
    <ArrivalTime>06:59:09</ArrivalTime>
    <DepartureTime>06:59:09</DepartureTime>
</TimetabledPassingTime>
<TimetabledPassingTime version="any" id="SE:020:TimetabledPassingTime:205330000113878263">
    <StopPointInJourneyPatternRef ref="SE:020:StopPointInJourneyPattern:205339415000021393_205330000095964467" version="any"/>
    <ArrivalTime>07:01:31</ArrivalTime>
    <DepartureTime>07:01:31</DepartureTime>
</TimetabledPassingTime>
<TimetabledPassingTime version="any" id="SE:020:TimetabledPassingTime:205330000113878264">
    <StopPointInJourneyPatternRef ref="SE:020:StopPointInJourneyPattern:205339415000021393_205330000095964468" version="any"/>
    <ArrivalTime>07:04:00</ArrivalTime>
    <DepartureTime>07:04:00</DepartureTime>
</TimetabledPassingTime>
<TimetabledPassingTime version="any" id="SE:020:TimetabledPassingTime:205330000113878265">
    <StopPointInJourneyPatternRef ref="SE:020:StopPointInJourneyPattern:205339415000021393_205330000095964469" version="any"/>
    <ArrivalTime>07:07:42</ArrivalTime>
    <DepartureTime>07:07:42</DepartureTime>
</TimetabledPassingTime>
<TimetabledPassingTime version="any" id="SE:020:TimetabledPassingTime:205330000113878266">
    <StopPointInJourneyPatternRef ref="SE:020:StopPointInJourneyPattern:205339415000021393_205330000095964470" version="any"/>
    <ArrivalTime>07:10:00</ArrivalTime>
    <DepartureTime>07:10:00</DepartureTime>
</TimetabledPassingTime>
<TimetabledPassingTime version="any" id="SE:020:TimetabledPassingTime:205330000113878267">
    <StopPointInJourneyPatternRef ref="SE:020:StopPointInJourneyPattern:205339415000021393_205330000095964471" version="any"/>
    <ArrivalTime>07:11:12</ArrivalTime>
    <DepartureTime>07:11:12</DepartureTime>
</TimetabledPassingTime>
<TimetabledPassingTime version="any" id="SE:020:TimetabledPassingTime:205330000113878268">
    <StopPointInJourneyPatternRef ref="SE:020:StopPointInJourneyPattern:205339415000021393_205330000095964472" version="any"/>
    <ArrivalTime>07:12:41</ArrivalTime>
    <DepartureTime>07:12:41</DepartureTime>
</TimetabledPassingTime>
<TimetabledPassingTime version="any" id="SE:020:TimetabledPassingTime:205330000113878269">
    <StopPointInJourneyPatternRef ref="SE:020:StopPointInJourneyPattern:205339415000021393_205330000095964473" version="any"/>
    <ArrivalTime>07:14:27</ArrivalTime>
    <DepartureTime>07:14:27</DepartureTime>
</TimetabledPassingTime>
<TimetabledPassingTime version="any" id="SE:020:TimetabledPassingTime:205330000113878270">
    <StopPointInJourneyPatternRef ref="SE:020:StopPointInJourneyPattern:205339415000021393_205330000095964474" version="any"/>
    <ArrivalTime>07:16:00</ArrivalTime>
    <DepartureTime>07:16:00</DepartureTime>
</TimetabledPassingTime>
<TimetabledPassingTime version="any" id="SE:020:TimetabledPassingTime:205330000113878271">
    <StopPointInJourneyPatternRef ref="SE:020:StopPointInJourneyPattern:205339415000021393_205330000095964475" version="any"/>
    <ArrivalTime>07:25:00</ArrivalTime>
    <DepartureTime>07:25:00</DepartureTime>
</TimetabledPassingTime>
<TimetabledPassingTime version="any" id="SE:020:TimetabledPassingTime:205330000113878272">
    <StopPointInJourneyPatternRef ref="SE:020:StopPointInJourneyPattern:205339415000021393_205330000095964476" version="any"/>
    <ArrivalTime>07:28:00</ArrivalTime>
</TimetabledPassingTime>
                            </passingTimes>
                        </ServiceJourney>
                        <ServiceJourney version="any" id="SE:020:ServiceJourney:205330000116109154">
                            <TransportMode>bus</TransportMode>
                            <TransportSubmode>
<BusSubmode>unknown</BusSubmode>
                            </TransportSubmode>
                            <dayTypes>
<DayTypeRef ref="SE:020:DayType:gn3nc0tc45r2viqlrbfg6pb70f6qpgad"/>
                            </dayTypes>
                            <JourneyPatternRef ref="SE:020:JourneyPattern:205339415000024945" version="any"/>
                            <OperatorRef ref="SE:020:Operator:9013020140700000"/>
                            <passingTimes>
<TimetabledPassingTime version="any" id="SE:020:TimetabledPassingTime:205330000116109134">
    <StopPointInJourneyPatternRef ref="SE:020:StopPointInJourneyPattern:205339415000024945_205330000095964493" version="any"/>
    <DepartureTime>16:00:00</DepartureTime>
</TimetabledPassingTime>
<TimetabledPassingTime version="any" id="SE:020:TimetabledPassingTime:205330000116109135">
    <StopPointInJourneyPatternRef ref="SE:020:StopPointInJourneyPattern:205339415000024945_205330000095964494" version="any"/>
    <ArrivalTime>16:02:00</ArrivalTime>
    <DepartureTime>16:02:00</DepartureTime>
</TimetabledPassingTime>
<TimetabledPassingTime version="any" id="SE:020:TimetabledPassingTime:205330000116109136">
    <StopPointInJourneyPatternRef ref="SE:020:StopPointInJourneyPattern:205339415000024945_205330000095964495" version="any"/>
    <ArrivalTime>16:05:00</ArrivalTime>
    <DepartureTime>16:05:00</DepartureTime>
</TimetabledPassingTime>
<TimetabledPassingTime version="any" id="SE:020:TimetabledPassingTime:205330000116109137">
    <StopPointInJourneyPatternRef ref="SE:020:StopPointInJourneyPattern:205339415000024945_205330000095964496" version="any"/>
    <ArrivalTime>16:06:54</ArrivalTime>
    <DepartureTime>16:06:54</DepartureTime>
</TimetabledPassingTime>
<TimetabledPassingTime version="any" id="SE:020:TimetabledPassingTime:205330000116109138">
    <StopPointInJourneyPatternRef ref="SE:020:StopPointInJourneyPattern:205339415000024945_205330000095964497" version="any"/>
    <ArrivalTime>16:10:29</ArrivalTime>
    <DepartureTime>16:10:29</DepartureTime>
</TimetabledPassingTime>
<TimetabledPassingTime version="any" id="SE:020:TimetabledPassingTime:205330000116109139">
    <StopPointInJourneyPatternRef ref="SE:020:StopPointInJourneyPattern:205339415000024945_205330000095964498" version="any"/>
    <ArrivalTime>16:13:25</ArrivalTime>
    <DepartureTime>16:13:25</DepartureTime>
</TimetabledPassingTime>
<TimetabledPassingTime version="any" id="SE:020:TimetabledPassingTime:205330000116109140">
    <StopPointInJourneyPatternRef ref="SE:020:StopPointInJourneyPattern:205339415000024945_205330000095964499" version="any"/>
    <ArrivalTime>16:17:00</ArrivalTime>
    <DepartureTime>16:17:00</DepartureTime>
</TimetabledPassingTime>
<TimetabledPassingTime version="any" id="SE:020:TimetabledPassingTime:205330000116109141">
    <StopPointInJourneyPatternRef ref="SE:020:StopPointInJourneyPattern:205339415000024945_205330000095964500" version="any"/>
    <ArrivalTime>16:18:24</ArrivalTime>
    <DepartureTime>16:18:24</DepartureTime>
</TimetabledPassingTime>
<TimetabledPassingTime version="any" id="SE:020:TimetabledPassingTime:205330000116109142">
    <StopPointInJourneyPatternRef ref="SE:020:StopPointInJourneyPattern:205339415000024945_205330000095964501" version="any"/>
    <ArrivalTime>16:22:00</ArrivalTime>
    <DepartureTime>16:22:00</DepartureTime>
</TimetabledPassingTime>
<TimetabledPassingTime version="any" id="SE:020:TimetabledPassingTime:205330000116109143">
    <StopPointInJourneyPatternRef ref="SE:020:StopPointInJourneyPattern:205339415000024945_205330000095964502" version="any"/>
    <ArrivalTime>16:23:25</ArrivalTime>
    <DepartureTime>16:23:25</DepartureTime>
</TimetabledPassingTime>
<TimetabledPassingTime version="any" id="SE:020:TimetabledPassingTime:205330000116109144">
    <StopPointInJourneyPatternRef ref="SE:020:StopPointInJourneyPattern:205339415000024945_205330000095964503" version="any"/>
    <ArrivalTime>16:25:47</ArrivalTime>
    <DepartureTime>16:25:47</DepartureTime>
</TimetabledPassingTime>
<TimetabledPassingTime version="any" id="SE:020:TimetabledPassingTime:205330000116109145">
    <StopPointInJourneyPatternRef ref="SE:020:StopPointInJourneyPattern:205339415000024945_205330000095964504" version="any"/>
    <ArrivalTime>16:26:34</ArrivalTime>
    <DepartureTime>16:26:34</DepartureTime>
</TimetabledPassingTime>
<TimetabledPassingTime version="any" id="SE:020:TimetabledPassingTime:205330000116109146">
    <StopPointInJourneyPatternRef ref="SE:020:StopPointInJourneyPattern:205339415000024945_205330000095964505" version="any"/>
    <ArrivalTime>16:30:11</ArrivalTime>
    <DepartureTime>16:30:11</DepartureTime>
</TimetabledPassingTime>
<TimetabledPassingTime version="any" id="SE:020:TimetabledPassingTime:205330000116109147">
    <StopPointInJourneyPatternRef ref="SE:020:StopPointInJourneyPattern:205339415000024945_205330000095964506" version="any"/>
    <ArrivalTime>16:32:00</ArrivalTime>
    <DepartureTime>16:32:00</DepartureTime>
</TimetabledPassingTime>
<TimetabledPassingTime version="any" id="SE:020:TimetabledPassingTime:205330000116109148">
    <StopPointInJourneyPatternRef ref="SE:020:StopPointInJourneyPattern:205339415000024945_205330000095964507" version="any"/>
    <ArrivalTime>16:34:20</ArrivalTime>
    <DepartureTime>16:34:20</DepartureTime>
</TimetabledPassingTime>
<TimetabledPassingTime version="any" id="SE:020:TimetabledPassingTime:205330000116109149">
    <StopPointInJourneyPatternRef ref="SE:020:StopPointInJourneyPattern:205339415000024945_205330000095964508" version="any"/>
    <ArrivalTime>16:35:48</ArrivalTime>
    <DepartureTime>16:35:48</DepartureTime>
</TimetabledPassingTime>
<TimetabledPassingTime version="any" id="SE:020:TimetabledPassingTime:205330000116109150">
    <StopPointInJourneyPatternRef ref="SE:020:StopPointInJourneyPattern:205339415000024945_205330000095964509" version="any"/>
    <ArrivalTime>16:38:09</ArrivalTime>
    <DepartureTime>16:38:09</DepartureTime>
</TimetabledPassingTime>
<TimetabledPassingTime version="any" id="SE:020:TimetabledPassingTime:205330000116109151">
    <StopPointInJourneyPatternRef ref="SE:020:StopPointInJourneyPattern:205339415000024945_205330000095964510" version="any"/>
    <ArrivalTime>16:42:00</ArrivalTime>
</TimetabledPassingTime>
                            </passingTimes>
                        </ServiceJourney>
                        <ServiceJourney version="any" id="SE:020:ServiceJourney:205330000116109121">
                            <TransportMode>bus</TransportMode>
                            <TransportSubmode>
<BusSubmode>unknown</BusSubmode>
                            </TransportSubmode>
                            <dayTypes>
<DayTypeRef ref="SE:020:DayType:33jmpmbc08dk2d8au9u7ffjuoo36fro1"/>
                            </dayTypes>
                            <JourneyPatternRef ref="SE:020:JourneyPattern:205339415000024945" version="any"/>
                            <OperatorRef ref="SE:020:Operator:9013020140700000"/>
                            <passingTimes>
<TimetabledPassingTime version="any" id="SE:020:TimetabledPassingTime:205330000116109101">
    <StopPointInJourneyPatternRef ref="SE:020:StopPointInJourneyPattern:205339415000024945_205330000095964493" version="any"/>
    <DepartureTime>14:00:00</DepartureTime>
</TimetabledPassingTime>
<TimetabledPassingTime version="any" id="SE:020:TimetabledPassingTime:205330000116109102">
    <StopPointInJourneyPatternRef ref="SE:020:StopPointInJourneyPattern:205339415000024945_205330000095964494" version="any"/>
    <ArrivalTime>14:02:00</ArrivalTime>
    <DepartureTime>14:02:00</DepartureTime>
</TimetabledPassingTime>
<TimetabledPassingTime version="any" id="SE:020:TimetabledPassingTime:205330000116109103">
    <StopPointInJourneyPatternRef ref="SE:020:StopPointInJourneyPattern:205339415000024945_205330000095964495" version="any"/>
    <ArrivalTime>14:05:00</ArrivalTime>
    <DepartureTime>14:05:00</DepartureTime>
</TimetabledPassingTime>
<TimetabledPassingTime version="any" id="SE:020:TimetabledPassingTime:205330000116109104">
    <StopPointInJourneyPatternRef ref="SE:020:StopPointInJourneyPattern:205339415000024945_205330000095964496" version="any"/>
    <ArrivalTime>14:06:54</ArrivalTime>
    <DepartureTime>14:06:54</DepartureTime>
</TimetabledPassingTime>
<TimetabledPassingTime version="any" id="SE:020:TimetabledPassingTime:205330000116109105">
    <StopPointInJourneyPatternRef ref="SE:020:StopPointInJourneyPattern:205339415000024945_205330000095964497" version="any"/>
    <ArrivalTime>14:10:29</ArrivalTime>
    <DepartureTime>14:10:29</DepartureTime>
</TimetabledPassingTime>
<TimetabledPassingTime version="any" id="SE:020:TimetabledPassingTime:205330000116109106">
    <StopPointInJourneyPatternRef ref="SE:020:StopPointInJourneyPattern:205339415000024945_205330000095964498" version="any"/>
    <ArrivalTime>14:13:25</ArrivalTime>
    <DepartureTime>14:13:25</DepartureTime>
</TimetabledPassingTime>
<TimetabledPassingTime version="any" id="SE:020:TimetabledPassingTime:205330000116109107">
    <StopPointInJourneyPatternRef ref="SE:020:StopPointInJourneyPattern:205339415000024945_205330000095964499" version="any"/>
    <ArrivalTime>14:17:00</ArrivalTime>
    <DepartureTime>14:17:00</DepartureTime>
</TimetabledPassingTime>
<TimetabledPassingTime version="any" id="SE:020:TimetabledPassingTime:205330000116109108">
    <StopPointInJourneyPatternRef ref="SE:020:StopPointInJourneyPattern:205339415000024945_205330000095964500" version="any"/>
    <ArrivalTime>14:18:24</ArrivalTime>
    <DepartureTime>14:18:24</DepartureTime>
</TimetabledPassingTime>
<TimetabledPassingTime version="any" id="SE:020:TimetabledPassingTime:205330000116109109">
    <StopPointInJourneyPatternRef ref="SE:020:StopPointInJourneyPattern:205339415000024945_205330000095964501" version="any"/>
    <ArrivalTime>14:22:00</ArrivalTime>
    <DepartureTime>14:22:00</DepartureTime>
</TimetabledPassingTime>
<TimetabledPassingTime version="any" id="SE:020:TimetabledPassingTime:205330000116109110">
    <StopPointInJourneyPatternRef ref="SE:020:StopPointInJourneyPattern:205339415000024945_205330000095964502" version="any"/>
    <ArrivalTime>14:23:25</ArrivalTime>
    <DepartureTime>14:23:25</DepartureTime>
</TimetabledPassingTime>
<TimetabledPassingTime version="any" id="SE:020:TimetabledPassingTime:205330000116109111">
    <StopPointInJourneyPatternRef ref="SE:020:StopPointInJourneyPattern:205339415000024945_205330000095964503" version="any"/>
    <ArrivalTime>14:25:47</ArrivalTime>
    <DepartureTime>14:25:47</DepartureTime>
</TimetabledPassingTime>
<TimetabledPassingTime version="any" id="SE:020:TimetabledPassingTime:205330000116109112">
    <StopPointInJourneyPatternRef ref="SE:020:StopPointInJourneyPattern:205339415000024945_205330000095964504" version="any"/>
    <ArrivalTime>14:26:34</ArrivalTime>
    <DepartureTime>14:26:34</DepartureTime>
</TimetabledPassingTime>
<TimetabledPassingTime version="any" id="SE:020:TimetabledPassingTime:205330000116109113">
    <StopPointInJourneyPatternRef ref="SE:020:StopPointInJourneyPattern:205339415000024945_205330000095964505" version="any"/>
    <ArrivalTime>14:30:11</ArrivalTime>
    <DepartureTime>14:30:11</DepartureTime>
</TimetabledPassingTime>
<TimetabledPassingTime version="any" id="SE:020:TimetabledPassingTime:205330000116109114">
    <StopPointInJourneyPatternRef ref="SE:020:StopPointInJourneyPattern:205339415000024945_205330000095964506" version="any"/>
    <ArrivalTime>14:32:00</ArrivalTime>
    <DepartureTime>14:32:00</DepartureTime>
</TimetabledPassingTime>
<TimetabledPassingTime version="any" id="SE:020:TimetabledPassingTime:205330000116109115">
    <StopPointInJourneyPatternRef ref="SE:020:StopPointInJourneyPattern:205339415000024945_205330000095964507" version="any"/>
    <ArrivalTime>14:34:20</ArrivalTime>
    <DepartureTime>14:34:20</DepartureTime>
</TimetabledPassingTime>
<TimetabledPassingTime version="any" id="SE:020:TimetabledPassingTime:205330000116109116">
    <StopPointInJourneyPatternRef ref="SE:020:StopPointInJourneyPattern:205339415000024945_205330000095964508" version="any"/>
    <ArrivalTime>14:35:48</ArrivalTime>
    <DepartureTime>14:35:48</DepartureTime>
</TimetabledPassingTime>
<TimetabledPassingTime version="any" id="SE:020:TimetabledPassingTime:205330000116109117">
    <StopPointInJourneyPatternRef ref="SE:020:StopPointInJourneyPattern:205339415000024945_205330000095964509" version="any"/>
    <ArrivalTime>14:38:09</ArrivalTime>
    <DepartureTime>14:38:09</DepartureTime>
</TimetabledPassingTime>
<TimetabledPassingTime version="any" id="SE:020:TimetabledPassingTime:205330000116109118">
    <StopPointInJourneyPatternRef ref="SE:020:StopPointInJourneyPattern:205339415000024945_205330000095964510" version="any"/>
    <ArrivalTime>14:42:00</ArrivalTime>
</TimetabledPassingTime>
                            </passingTimes>
                        </ServiceJourney>
                    </vehicleJourneys>
                    <journeyInterchanges>
                        <ServiceJourneyInterchange version="any" id="SE:020:ServiceJourneyInterchange:205330000116109154_1">
                            <Priority>0</Priority>
                            <Guaranteed>false</Guaranteed>
                            <Advertised>true</Advertised>
                            <FromPointRef ref="SE:020:ScheduledStopPoint:9022020523054001"/>
                            <ToPointRef ref="SE:020:ScheduledStopPoint:9022020523054001"/>
                            <FromJourneyRef ref="SE:020:ServiceJourney:205330000116104725"/>
                            <ToJourneyRef ref="SE:020:ServiceJourney:205330000116109154" version="any"/>
                        </ServiceJourneyInterchange>
                        <ServiceJourneyInterchange version="any" id="SE:020:ServiceJourneyInterchange:205330000116109154_2">
                            <Priority>0</Priority>
                            <Guaranteed>false</Guaranteed>
                            <Advertised>true</Advertised>
                            <FromPointRef ref="SE:020:ScheduledStopPoint:9022020523054001"/>
                            <ToPointRef ref="SE:020:ScheduledStopPoint:9022020523054001"/>
                            <FromJourneyRef ref="SE:020:ServiceJourney:205330000122257668"/>
                            <ToJourneyRef ref="SE:020:ServiceJourney:205330000116109154" version="any"/>
                        </ServiceJourneyInterchange>
                        <ServiceJourneyInterchange version="any" id="SE:020:ServiceJourneyInterchange:205330000116109121_1">
                            <Priority>0</Priority>
                            <Guaranteed>false</Guaranteed>
                            <Advertised>true</Advertised>
                            <FromPointRef ref="SE:020:ScheduledStopPoint:9022020523054001"/>
                            <ToPointRef ref="SE:020:ScheduledStopPoint:9022020523054001"/>
                            <FromJourneyRef ref="SE:020:ServiceJourney:205330000116104682"/>
                            <ToJourneyRef ref="SE:020:ServiceJourney:205330000116109121" version="any"/>
                        </ServiceJourneyInterchange>
                        <ServiceJourneyInterchange version="any" id="SE:020:ServiceJourneyInterchange:205330000116109121_2">
                            <Priority>0</Priority>
                            <Guaranteed>false</Guaranteed>
                            <Advertised>true</Advertised>
                            <FromPointRef ref="SE:020:ScheduledStopPoint:9022020523054001"/>
                            <ToPointRef ref="SE:020:ScheduledStopPoint:9022020523054001"/>
                            <FromJourneyRef ref="SE:020:ServiceJourney:205330000122257582"/>
                            <ToJourneyRef ref="SE:020:ServiceJourney:205330000116109121" version="any"/>
                        </ServiceJourneyInterchange>
                    </journeyInterchanges>
                </TimetableFrame>
            </frames>
        </CompositeFrame>
    </dataObjects>
</PublicationDelivery>
