<?xml version="1.0" encoding="UTF-8" standalone="yes"?>
<PublicationDelivery xmlns="http://www.netex.org.uk/netex" xmlns:ns2="http://www.opengis.net/gml/3.2" xmlns:ns3="http://www.siri.org.uk/siri" xmlns:ns4="http://www.samtrafiken.se/netex" version="1.11:NO-NeTEx-networktimetable:1.3">
    <PublicationTimestamp>2024-10-09T02:57:23</PublicationTimestamp>
    <ParticipantRef>SAM</ParticipantRef>
    <dataObjects>
        <CompositeFrame created="2024-10-09T02:57:23" version="20241009025723" id="SE:020:CompositeFrame:9011020075200000">
            <ValidBetween>
                <FromDate>1970-01-01T00:00:00</FromDate>
            </ValidBetween>
            <codespaces>
                <Codespace id="SE:020">
                    <Xmlns>SE:020</Xmlns>
                    <XmlnsUrl>http://www.samtrafiken.se/ns/dt</XmlnsUrl>
                </Codespace>
            </codespaces>
            <FrameDefaults>
                <DefaultLocale>
                    <TimeZone>Europe/Stockholm</TimeZone>
                    <DefaultLanguage>se</DefaultLanguage>
                </DefaultLocale>
                <DefaultLocationSystem>4326</DefaultLocationSystem>
            </FrameDefaults>
            <frames>
                <ServiceFrame version="20241009025723" id="SE:020:ServiceFrame:9011020075200000">
                    <routes>
                        <Route version="any" id="SE:020:Route:205330000068584716">
                            <Name>Nittsjö</Name>
                            <LineRef ref="SE:020:Line:9011020075200000" version="160818"/>
                            <DirectionType>outbound</DirectionType>
                            <pointsInSequence>
<PointOnRoute order="1" version="any" id="SE:020:PointOnRoute:205330000068584721">
    <RoutePointRef ref="SE:020:RoutePoint:9022020531990001"/>
</PointOnRoute>
<PointOnRoute order="2" version="any" id="SE:020:PointOnRoute:205330000068584722">
    <RoutePointRef ref="SE:020:RoutePoint:9022020531254001"/>
</PointOnRoute>
<PointOnRoute order="3" version="any" id="SE:020:PointOnRoute:205330000068584723">
    <RoutePointRef ref="SE:020:RoutePoint:9022020531143001"/>
</PointOnRoute>
                            </pointsInSequence>
                        </Route>
                        <Route version="any" id="SE:020:Route:205330000068584735">
                            <Name>Tammeråsen</Name>
                            <LineRef ref="SE:020:Line:9011020075200000" version="160818"/>
                            <DirectionType>inbound</DirectionType>
                            <pointsInSequence>
<PointOnRoute order="1" version="any" id="SE:020:PointOnRoute:205330000068584740">
    <RoutePointRef ref="SE:020:RoutePoint:9022020531143001"/>
</PointOnRoute>
<PointOnRoute order="2" version="any" id="SE:020:PointOnRoute:205330000068584741">
    <RoutePointRef ref="SE:020:RoutePoint:9022020531254001"/>
</PointOnRoute>
<PointOnRoute order="3" version="any" id="SE:020:PointOnRoute:205330000068584742">
    <RoutePointRef ref="SE:020:RoutePoint:9022020531990001"/>
</PointOnRoute>
                            </pointsInSequence>
                        </Route>
                    </routes>
                    <lines>
                        <Line version="160818" id="SE:020:Line:9011020075200000">
                            <ValidBetween>
<FromDate>2016-08-18T00:00:00</FromDate>
                            </ValidBetween>
                            <Name>752</Name>
                            <TransportMode>taxi</TransportMode>
                            <PublicCode>752</PublicCode>
                            <PrivateCode>752</PrivateCode>
                            <RepresentedByGroupRef ref="SE:020:Network:9010020000000000"/>
                        </Line>
                    </lines>
                    <journeyPatterns>
                        <JourneyPattern version="any" id="SE:020:JourneyPattern:205339415000014566">
                            <RouteRef ref="SE:020:Route:205330000068584716" version="any"/>
                            <pointsInSequence>
<StopPointInJourneyPattern order="1" version="any" id="SE:020:StopPointInJourneyPattern:205339415000014566_205330000068584721">
    <ScheduledStopPointRef ref="SE:020:ScheduledStopPoint:9022020531990001"/>
    <ForAlighting>false</ForAlighting>
    <ForBoarding>true</ForBoarding>
    <DestinationDisplayRef ref="SE:020:DestinationDisplay:205330000068584731"/>
    <RequestStop>true</RequestStop>
</StopPointInJourneyPattern>
<StopPointInJourneyPattern order="2" version="any" id="SE:020:StopPointInJourneyPattern:205339415000014566_205330000068584722">
    <ScheduledStopPointRef ref="SE:020:ScheduledStopPoint:9022020531254001"/>
    <ForAlighting>true</ForAlighting>
    <ForBoarding>true</ForBoarding>
    <RequestStop>true</RequestStop>
</StopPointInJourneyPattern>
<StopPointInJourneyPattern order="3" version="any" id="SE:020:StopPointInJourneyPattern:205339415000014566_205330000068584723">
    <ScheduledStopPointRef ref="SE:020:ScheduledStopPoint:9022020531143001"/>
    <ForAlighting>true</ForAlighting>
    <ForBoarding>false</ForBoarding>
    <RequestStop>true</RequestStop>
</StopPointInJourneyPattern>
                            </pointsInSequence>
                            <linksInSequence>
<ServiceLinkInJourneyPattern order="1" version="any" id="SE:020:ServiceLinkInJourneyPattern:TAXI_35150">
    <ServiceLinkRef ref="SE:020:ServiceLink:TAXI_9025020053199001_9025020053125401"/>
</ServiceLinkInJourneyPattern>
<ServiceLinkInJourneyPattern order="2" version="any" id="SE:020:ServiceLinkInJourneyPattern:TAXI_35151">
    <ServiceLinkRef ref="SE:020:ServiceLink:TAXI_9025020053125401_9025020053114301"/>
</ServiceLinkInJourneyPattern>
                            </linksInSequence>
                        </JourneyPattern>
                        <JourneyPattern version="any" id="SE:020:JourneyPattern:205339415000014567">
                            <RouteRef ref="SE:020:Route:205330000068584735" version="any"/>
                            <pointsInSequence>
<StopPointInJourneyPattern order="1" version="any" id="SE:020:StopPointInJourneyPattern:205339415000014567_205330000068584740">
    <ScheduledStopPointRef ref="SE:020:ScheduledStopPoint:9022020531143001"/>
    <ForAlighting>false</ForAlighting>
    <ForBoarding>true</ForBoarding>
    <DestinationDisplayRef ref="SE:020:DestinationDisplay:205330000068584750"/>
    <RequestStop>true</RequestStop>
</StopPointInJourneyPattern>
<StopPointInJourneyPattern order="2" version="any" id="SE:020:StopPointInJourneyPattern:205339415000014567_205330000068584741">
    <ScheduledStopPointRef ref="SE:020:ScheduledStopPoint:9022020531254001"/>
    <ForAlighting>true</ForAlighting>
    <ForBoarding>true</ForBoarding>
    <RequestStop>true</RequestStop>
</StopPointInJourneyPattern>
<StopPointInJourneyPattern order="3" version="any" id="SE:020:StopPointInJourneyPattern:205339415000014567_205330000068584742">
    <ScheduledStopPointRef ref="SE:020:ScheduledStopPoint:9022020531990001"/>
    <ForAlighting>true</ForAlighting>
    <ForBoarding>false</ForBoarding>
    <RequestStop>true</RequestStop>
</StopPointInJourneyPattern>
                            </pointsInSequence>
                            <linksInSequence>
<ServiceLinkInJourneyPattern order="1" version="any" id="SE:020:ServiceLinkInJourneyPattern:TAXI_35152">
    <ServiceLinkRef ref="SE:020:ServiceLink:TAXI_9025020053114301_9025020053125401"/>
</ServiceLinkInJourneyPattern>
<ServiceLinkInJourneyPattern order="2" version="any" id="SE:020:ServiceLinkInJourneyPattern:TAXI_35153">
    <ServiceLinkRef ref="SE:020:ServiceLink:TAXI_9025020053125401_9025020053199001"/>
</ServiceLinkInJourneyPattern>
                            </linksInSequence>
                        </JourneyPattern>
                    </journeyPatterns>
                </ServiceFrame>
                <TimetableFrame version="20241009025723" id="SE:020:TimetableFrame:9011020075200000">
                    <vehicleJourneys>
                        <ServiceJourney version="any" id="SE:020:ServiceJourney:205330000116445509">
                            <TransportMode>bus</TransportMode>
                            <TransportSubmode>
<BusSubmode>unknown</BusSubmode>
                            </TransportSubmode>
                            <dayTypes>
<DayTypeRef ref="SE:020:DayType:74tlu6pjbm9djgflmj54unfvdqc2lkva"/>
                            </dayTypes>
                            <JourneyPatternRef ref="SE:020:JourneyPattern:205339415000014566" version="any"/>
                            <OperatorRef ref="SE:020:Operator:9013020810000000"/>
                            <passingTimes>
<TimetabledPassingTime version="any" id="SE:020:TimetabledPassingTime:205330000116445504">
    <StopPointInJourneyPatternRef ref="SE:020:StopPointInJourneyPattern:205339415000014566_205330000068584721" version="any"/>
    <DepartureTime>09:15:00</DepartureTime>
</TimetabledPassingTime>
<TimetabledPassingTime version="any" id="SE:020:TimetabledPassingTime:205330000116445505">
    <StopPointInJourneyPatternRef ref="SE:020:StopPointInJourneyPattern:205339415000014566_205330000068584722" version="any"/>
    <ArrivalTime>10:15:00</ArrivalTime>
    <DepartureTime>10:15:00</DepartureTime>
</TimetabledPassingTime>
<TimetabledPassingTime version="any" id="SE:020:TimetabledPassingTime:205330000116445506">
    <StopPointInJourneyPatternRef ref="SE:020:StopPointInJourneyPattern:205339415000014566_205330000068584723" version="any"/>
    <ArrivalTime>10:30:00</ArrivalTime>
</TimetabledPassingTime>
                            </passingTimes>
                            <FlexibleServiceProperties>
<FlexibleServiceType>fixedPassingTimes</FlexibleServiceType>
<BookWhen>advanceOnly</BookWhen>
<BookingNote>Turen ska förbeställas senast 2 timmar före bussens avgångstid via telefon 0774-44 00 00.</BookingNote>
                            </FlexibleServiceProperties>
                        </ServiceJourney>
                        <ServiceJourney version="any" id="SE:020:ServiceJourney:205330000116445545">
                            <TransportMode>bus</TransportMode>
                            <TransportSubmode>
<BusSubmode>unknown</BusSubmode>
                            </TransportSubmode>
                            <dayTypes>
<DayTypeRef ref="SE:020:DayType:74tlu6pjbm9djgflmj54unfvdqc2lkva"/>
                            </dayTypes>
                            <JourneyPatternRef ref="SE:020:JourneyPattern:205339415000014567" version="any"/>
                            <OperatorRef ref="SE:020:Operator:9013020810000000"/>
                            <passingTimes>
<TimetabledPassingTime version="any" id="SE:020:TimetabledPassingTime:205330000116445540">
    <StopPointInJourneyPatternRef ref="SE:020:StopPointInJourneyPattern:205339415000014567_205330000068584740" version="any"/>
    <DepartureTime>12:05:00</DepartureTime>
</TimetabledPassingTime>
<TimetabledPassingTime version="any" id="SE:020:TimetabledPassingTime:205330000116445541">
    <StopPointInJourneyPatternRef ref="SE:020:StopPointInJourneyPattern:205339415000014567_205330000068584741" version="any"/>
    <ArrivalTime>12:20:00</ArrivalTime>
    <DepartureTime>12:20:00</DepartureTime>
</TimetabledPassingTime>
<TimetabledPassingTime version="any" id="SE:020:TimetabledPassingTime:205330000116445542">
    <StopPointInJourneyPatternRef ref="SE:020:StopPointInJourneyPattern:205339415000014567_205330000068584742" version="any"/>
    <ArrivalTime>13:15:00</ArrivalTime>
</TimetabledPassingTime>
                            </passingTimes>
                            <FlexibleServiceProperties>
<FlexibleServiceType>fixedPassingTimes</FlexibleServiceType>
<BookWhen>advanceOnly</BookWhen>
<BookingNote>Turen ska förbeställas senast 2 timmar före bussens avgångstid via telefon 0774-44 00 00.</BookingNote>
                            </FlexibleServiceProperties>
                        </ServiceJourney>
                    </vehicleJourneys>
                </TimetableFrame>
            </frames>
        </CompositeFrame>
    </dataObjects>
</PublicationDelivery>
