<?xml version="1.0" encoding="UTF-8" standalone="yes"?>
<PublicationDelivery xmlns="http://www.netex.org.uk/netex" xmlns:ns2="http://www.opengis.net/gml/3.2" xmlns:ns3="http://www.siri.org.uk/siri" xmlns:ns4="http://www.samtrafiken.se/netex" version="1.11:NO-NeTEx-networktimetable:1.3">
    <PublicationTimestamp>2024-10-09T02:57:23</PublicationTimestamp>
    <ParticipantRef>SAM</ParticipantRef>
    <dataObjects>
        <CompositeFrame created="2024-10-09T02:57:23" version="20241009025723" id="SE:020:CompositeFrame:9011020078600000">
            <ValidBetween>
                <FromDate>1970-01-01T00:00:00</FromDate>
            </ValidBetween>
            <codespaces>
                <Codespace id="SE:020">
                    <Xmlns>SE:020</Xmlns>
                    <XmlnsUrl>http://www.samtrafiken.se/ns/dt</XmlnsUrl>
                </Codespace>
            </codespaces>
            <FrameDefaults>
                <DefaultLocale>
                    <TimeZone>Europe/Stockholm</TimeZone>
                    <DefaultLanguage>se</DefaultLanguage>
                </DefaultLocale>
                <DefaultLocationSystem>4326</DefaultLocationSystem>
            </FrameDefaults>
            <frames>
                <ServiceFrame version="20241009025723" id="SE:020:ServiceFrame:9011020078600000">
                    <routes>
                        <Route version="any" id="SE:020:Route:205330000096881090">
                            <Name>Flextrafik</Name>
                            <LineRef ref="SE:020:Line:9011020078600000" version="190529"/>
                            <DirectionType>outbound</DirectionType>
                            <pointsInSequence>
<PointOnRoute order="1" version="any" id="SE:020:PointOnRoute:205330000096881095">
    <RoutePointRef ref="SE:020:RoutePoint:9022020539198001"/>
</PointOnRoute>
<PointOnRoute order="2" version="any" id="SE:020:PointOnRoute:205330000096881096">
    <RoutePointRef ref="SE:020:RoutePoint:9022020539220001"/>
</PointOnRoute>
<PointOnRoute order="3" version="any" id="SE:020:PointOnRoute:205330000096881097">
    <RoutePointRef ref="SE:020:RoutePoint:9022020539197001"/>
</PointOnRoute>
<PointOnRoute order="4" version="any" id="SE:020:PointOnRoute:205330000096881098">
    <RoutePointRef ref="SE:020:RoutePoint:9022020539062002"/>
</PointOnRoute>
<PointOnRoute order="5" version="any" id="SE:020:PointOnRoute:205330000096881099">
    <RoutePointRef ref="SE:020:RoutePoint:9022020539992001"/>
</PointOnRoute>
                            </pointsInSequence>
                        </Route>
                        <Route version="any" id="SE:020:Route:205330000096881069">
                            <Name>Flextrafik</Name>
                            <LineRef ref="SE:020:Line:9011020078600000" version="190529"/>
                            <DirectionType>outbound</DirectionType>
                            <pointsInSequence>
<PointOnRoute order="1" version="any" id="SE:020:PointOnRoute:205330000096881074">
    <RoutePointRef ref="SE:020:RoutePoint:9022020539992001"/>
</PointOnRoute>
<PointOnRoute order="2" version="any" id="SE:020:PointOnRoute:205330000096881075">
    <RoutePointRef ref="SE:020:RoutePoint:9022020539062001"/>
</PointOnRoute>
<PointOnRoute order="3" version="any" id="SE:020:PointOnRoute:205330000096881076">
    <RoutePointRef ref="SE:020:RoutePoint:9022020539197001"/>
</PointOnRoute>
<PointOnRoute order="4" version="any" id="SE:020:PointOnRoute:205330000096881077">
    <RoutePointRef ref="SE:020:RoutePoint:9022020539220001"/>
</PointOnRoute>
<PointOnRoute order="5" version="any" id="SE:020:PointOnRoute:205330000096881078">
    <RoutePointRef ref="SE:020:RoutePoint:9022020539198001"/>
</PointOnRoute>
                            </pointsInSequence>
                        </Route>
                    </routes>
                    <lines>
                        <Line version="190529" id="SE:020:Line:9011020078600000">
                            <ValidBetween>
<FromDate>2019-05-29T00:00:00</FromDate>
                            </ValidBetween>
                            <Name>786</Name>
                            <TransportMode>taxi</TransportMode>
                            <PublicCode>786</PublicCode>
                            <PrivateCode>786</PrivateCode>
                            <RepresentedByGroupRef ref="SE:020:Network:9010020000000000"/>
                        </Line>
                    </lines>
                    <journeyPatterns>
                        <JourneyPattern version="any" id="SE:020:JourneyPattern:205339415000022071">
                            <RouteRef ref="SE:020:Route:205330000096881090" version="any"/>
                            <pointsInSequence>
<StopPointInJourneyPattern order="1" version="any" id="SE:020:StopPointInJourneyPattern:205339415000022071_205330000096881095">
    <ScheduledStopPointRef ref="SE:020:ScheduledStopPoint:9022020539198001"/>
    <ForAlighting>false</ForAlighting>
    <ForBoarding>true</ForBoarding>
    <DestinationDisplayRef ref="SE:020:DestinationDisplay:205330000096881107"/>
    <RequestStop>true</RequestStop>
</StopPointInJourneyPattern>
<StopPointInJourneyPattern order="2" version="any" id="SE:020:StopPointInJourneyPattern:205339415000022071_205330000096881096">
    <ScheduledStopPointRef ref="SE:020:ScheduledStopPoint:9022020539220001"/>
    <ForAlighting>true</ForAlighting>
    <ForBoarding>true</ForBoarding>
    <RequestStop>true</RequestStop>
</StopPointInJourneyPattern>
<StopPointInJourneyPattern order="3" version="any" id="SE:020:StopPointInJourneyPattern:205339415000022071_205330000096881097">
    <ScheduledStopPointRef ref="SE:020:ScheduledStopPoint:9022020539197001"/>
    <ForAlighting>true</ForAlighting>
    <ForBoarding>true</ForBoarding>
    <RequestStop>true</RequestStop>
</StopPointInJourneyPattern>
<StopPointInJourneyPattern order="4" version="any" id="SE:020:StopPointInJourneyPattern:205339415000022071_205330000096881098">
    <ScheduledStopPointRef ref="SE:020:ScheduledStopPoint:9022020539062002"/>
    <ForAlighting>true</ForAlighting>
    <ForBoarding>true</ForBoarding>
    <RequestStop>true</RequestStop>
</StopPointInJourneyPattern>
<StopPointInJourneyPattern order="5" version="any" id="SE:020:StopPointInJourneyPattern:205339415000022071_205330000096881099">
    <ScheduledStopPointRef ref="SE:020:ScheduledStopPoint:9022020539992001"/>
    <ForAlighting>true</ForAlighting>
    <ForBoarding>false</ForBoarding>
    <RequestStop>true</RequestStop>
</StopPointInJourneyPattern>
                            </pointsInSequence>
                            <linksInSequence>
<ServiceLinkInJourneyPattern order="1" version="any" id="SE:020:ServiceLinkInJourneyPattern:TAXI_38343">
    <ServiceLinkRef ref="SE:020:ServiceLink:TAXI_9025020053919801_9025020053922001"/>
</ServiceLinkInJourneyPattern>
<ServiceLinkInJourneyPattern order="2" version="any" id="SE:020:ServiceLinkInJourneyPattern:TAXI_38344">
    <ServiceLinkRef ref="SE:020:ServiceLink:TAXI_9025020053922001_9025020053919701"/>
</ServiceLinkInJourneyPattern>
<ServiceLinkInJourneyPattern order="3" version="any" id="SE:020:ServiceLinkInJourneyPattern:TAXI_38345">
    <ServiceLinkRef ref="SE:020:ServiceLink:TAXI_9025020053919701_9025020053906202"/>
</ServiceLinkInJourneyPattern>
<ServiceLinkInJourneyPattern order="4" version="any" id="SE:020:ServiceLinkInJourneyPattern:TAXI_38346">
    <ServiceLinkRef ref="SE:020:ServiceLink:TAXI_9025020053906202_9025020053999201"/>
</ServiceLinkInJourneyPattern>
                            </linksInSequence>
                        </JourneyPattern>
                        <JourneyPattern version="any" id="SE:020:JourneyPattern:205339415000024688">
                            <RouteRef ref="SE:020:Route:205330000096881090" version="any"/>
                            <pointsInSequence>
<StopPointInJourneyPattern order="1" version="any" id="SE:020:StopPointInJourneyPattern:205339415000024688_205330000096881095">
    <ScheduledStopPointRef ref="SE:020:ScheduledStopPoint:9022020539198001"/>
    <ForAlighting>false</ForAlighting>
    <ForBoarding>true</ForBoarding>
    <DestinationDisplayRef ref="SE:020:DestinationDisplay:205330000113220824"/>
    <RequestStop>true</RequestStop>
</StopPointInJourneyPattern>
<StopPointInJourneyPattern order="2" version="any" id="SE:020:StopPointInJourneyPattern:205339415000024688_205330000096881096">
    <ScheduledStopPointRef ref="SE:020:ScheduledStopPoint:9022020539220001"/>
    <ForAlighting>true</ForAlighting>
    <ForBoarding>true</ForBoarding>
    <RequestStop>true</RequestStop>
</StopPointInJourneyPattern>
<StopPointInJourneyPattern order="3" version="any" id="SE:020:StopPointInJourneyPattern:205339415000024688_205330000096881097">
    <ScheduledStopPointRef ref="SE:020:ScheduledStopPoint:9022020539197001"/>
    <ForAlighting>true</ForAlighting>
    <ForBoarding>true</ForBoarding>
    <RequestStop>true</RequestStop>
</StopPointInJourneyPattern>
<StopPointInJourneyPattern order="4" version="any" id="SE:020:StopPointInJourneyPattern:205339415000024688_205330000096881098">
    <ScheduledStopPointRef ref="SE:020:ScheduledStopPoint:9022020539062002"/>
    <ForAlighting>true</ForAlighting>
    <ForBoarding>true</ForBoarding>
    <RequestStop>true</RequestStop>
</StopPointInJourneyPattern>
<StopPointInJourneyPattern order="5" version="any" id="SE:020:StopPointInJourneyPattern:205339415000024688_205330000096881099">
    <ScheduledStopPointRef ref="SE:020:ScheduledStopPoint:9022020539992001"/>
    <ForAlighting>true</ForAlighting>
    <ForBoarding>false</ForBoarding>
    <RequestStop>true</RequestStop>
</StopPointInJourneyPattern>
                            </pointsInSequence>
                            <linksInSequence>
<ServiceLinkInJourneyPattern order="1" version="any" id="SE:020:ServiceLinkInJourneyPattern:TAXI_38347">
    <ServiceLinkRef ref="SE:020:ServiceLink:TAXI_9025020053919801_9025020053922001"/>
</ServiceLinkInJourneyPattern>
<ServiceLinkInJourneyPattern order="2" version="any" id="SE:020:ServiceLinkInJourneyPattern:TAXI_38348">
    <ServiceLinkRef ref="SE:020:ServiceLink:TAXI_9025020053922001_9025020053919701"/>
</ServiceLinkInJourneyPattern>
<ServiceLinkInJourneyPattern order="3" version="any" id="SE:020:ServiceLinkInJourneyPattern:TAXI_38349">
    <ServiceLinkRef ref="SE:020:ServiceLink:TAXI_9025020053919701_9025020053906202"/>
</ServiceLinkInJourneyPattern>
<ServiceLinkInJourneyPattern order="4" version="any" id="SE:020:ServiceLinkInJourneyPattern:TAXI_38350">
    <ServiceLinkRef ref="SE:020:ServiceLink:TAXI_9025020053906202_9025020053999201"/>
</ServiceLinkInJourneyPattern>
                            </linksInSequence>
                        </JourneyPattern>
                        <JourneyPattern version="any" id="SE:020:JourneyPattern:205339415000022070">
                            <RouteRef ref="SE:020:Route:205330000096881069" version="any"/>
                            <pointsInSequence>
<StopPointInJourneyPattern order="1" version="any" id="SE:020:StopPointInJourneyPattern:205339415000022070_205330000096881074">
    <ScheduledStopPointRef ref="SE:020:ScheduledStopPoint:9022020539992001"/>
    <ForAlighting>false</ForAlighting>
    <ForBoarding>true</ForBoarding>
    <DestinationDisplayRef ref="SE:020:DestinationDisplay:205330000096881086"/>
    <RequestStop>true</RequestStop>
</StopPointInJourneyPattern>
<StopPointInJourneyPattern order="2" version="any" id="SE:020:StopPointInJourneyPattern:205339415000022070_205330000096881075">
    <ScheduledStopPointRef ref="SE:020:ScheduledStopPoint:9022020539062001"/>
    <ForAlighting>true</ForAlighting>
    <ForBoarding>true</ForBoarding>
    <RequestStop>true</RequestStop>
</StopPointInJourneyPattern>
<StopPointInJourneyPattern order="3" version="any" id="SE:020:StopPointInJourneyPattern:205339415000022070_205330000096881076">
    <ScheduledStopPointRef ref="SE:020:ScheduledStopPoint:9022020539197001"/>
    <ForAlighting>true</ForAlighting>
    <ForBoarding>true</ForBoarding>
    <RequestStop>true</RequestStop>
</StopPointInJourneyPattern>
<StopPointInJourneyPattern order="4" version="any" id="SE:020:StopPointInJourneyPattern:205339415000022070_205330000096881077">
    <ScheduledStopPointRef ref="SE:020:ScheduledStopPoint:9022020539220001"/>
    <ForAlighting>true</ForAlighting>
    <ForBoarding>true</ForBoarding>
    <RequestStop>true</RequestStop>
</StopPointInJourneyPattern>
<StopPointInJourneyPattern order="5" version="any" id="SE:020:StopPointInJourneyPattern:205339415000022070_205330000096881078">
    <ScheduledStopPointRef ref="SE:020:ScheduledStopPoint:9022020539198001"/>
    <ForAlighting>true</ForAlighting>
    <ForBoarding>false</ForBoarding>
    <RequestStop>true</RequestStop>
</StopPointInJourneyPattern>
                            </pointsInSequence>
                            <linksInSequence>
<ServiceLinkInJourneyPattern order="1" version="any" id="SE:020:ServiceLinkInJourneyPattern:TAXI_38351">
    <ServiceLinkRef ref="SE:020:ServiceLink:TAXI_9025020053999201_9025020053906201"/>
</ServiceLinkInJourneyPattern>
<ServiceLinkInJourneyPattern order="2" version="any" id="SE:020:ServiceLinkInJourneyPattern:TAXI_38352">
    <ServiceLinkRef ref="SE:020:ServiceLink:TAXI_9025020053906201_9025020053919701"/>
</ServiceLinkInJourneyPattern>
<ServiceLinkInJourneyPattern order="3" version="any" id="SE:020:ServiceLinkInJourneyPattern:TAXI_38353">
    <ServiceLinkRef ref="SE:020:ServiceLink:TAXI_9025020053919701_9025020053922001"/>
</ServiceLinkInJourneyPattern>
<ServiceLinkInJourneyPattern order="4" version="any" id="SE:020:ServiceLinkInJourneyPattern:TAXI_38354">
    <ServiceLinkRef ref="SE:020:ServiceLink:TAXI_9025020053922001_9025020053919801"/>
</ServiceLinkInJourneyPattern>
                            </linksInSequence>
                        </JourneyPattern>
                    </journeyPatterns>
                </ServiceFrame>
                <TimetableFrame version="20241009025723" id="SE:020:TimetableFrame:9011020078600000">
                    <vehicleJourneys>
                        <ServiceJourney version="any" id="SE:020:ServiceJourney:205330000116445936">
                            <TransportMode>bus</TransportMode>
                            <TransportSubmode>
<BusSubmode>unknown</BusSubmode>
                            </TransportSubmode>
                            <dayTypes>
<DayTypeRef ref="SE:020:DayType:lvsiokc2t9s6uedj89ko6jkfou11aghp"/>
                            </dayTypes>
                            <JourneyPatternRef ref="SE:020:JourneyPattern:205339415000024688" version="any"/>
                            <OperatorRef ref="SE:020:Operator:9013020810000000"/>
                            <passingTimes>
<TimetabledPassingTime version="any" id="SE:020:TimetabledPassingTime:205330000116445929">
    <StopPointInJourneyPatternRef ref="SE:020:StopPointInJourneyPattern:205339415000024688_205330000096881095" version="any"/>
    <DepartureTime>13:05:00</DepartureTime>
</TimetabledPassingTime>
<TimetabledPassingTime version="any" id="SE:020:TimetabledPassingTime:205330000116445930">
    <StopPointInJourneyPatternRef ref="SE:020:StopPointInJourneyPattern:205339415000024688_205330000096881096" version="any"/>
    <ArrivalTime>13:07:00</ArrivalTime>
    <DepartureTime>13:07:00</DepartureTime>
</TimetabledPassingTime>
<TimetabledPassingTime version="any" id="SE:020:TimetabledPassingTime:205330000116445931">
    <StopPointInJourneyPatternRef ref="SE:020:StopPointInJourneyPattern:205339415000024688_205330000096881097" version="any"/>
    <ArrivalTime>13:09:00</ArrivalTime>
    <DepartureTime>13:09:00</DepartureTime>
</TimetabledPassingTime>
<TimetabledPassingTime version="any" id="SE:020:TimetabledPassingTime:205330000116445932">
    <StopPointInJourneyPatternRef ref="SE:020:StopPointInJourneyPattern:205339415000024688_205330000096881098" version="any"/>
    <ArrivalTime>13:11:00</ArrivalTime>
    <DepartureTime>13:11:00</DepartureTime>
</TimetabledPassingTime>
<TimetabledPassingTime version="any" id="SE:020:TimetabledPassingTime:205330000116445933">
    <StopPointInJourneyPatternRef ref="SE:020:StopPointInJourneyPattern:205339415000024688_205330000096881099" version="any"/>
    <ArrivalTime>13:56:00</ArrivalTime>
</TimetabledPassingTime>
                            </passingTimes>
                            <FlexibleServiceProperties>
<FlexibleServiceType>fixedPassingTimes</FlexibleServiceType>
<BookWhen>advanceOnly</BookWhen>
<BookingNote>Turen ska förbeställas senast 3 timmar före bussens avgångstid via telefon 0774-44 00 00.</BookingNote>
                            </FlexibleServiceProperties>
                        </ServiceJourney>
                        <ServiceJourney version="any" id="SE:020:ServiceJourney:205330000116445953">
                            <TransportMode>bus</TransportMode>
                            <TransportSubmode>
<BusSubmode>unknown</BusSubmode>
                            </TransportSubmode>
                            <dayTypes>
<DayTypeRef ref="SE:020:DayType:lvsiokc2t9s6uedj89ko6jkfou11aghp"/>
                            </dayTypes>
                            <JourneyPatternRef ref="SE:020:JourneyPattern:205339415000022070" version="any"/>
                            <OperatorRef ref="SE:020:Operator:9013020810000000"/>
                            <passingTimes>
<TimetabledPassingTime version="any" id="SE:020:TimetabledPassingTime:205330000116445946">
    <StopPointInJourneyPatternRef ref="SE:020:StopPointInJourneyPattern:205339415000022070_205330000096881074" version="any"/>
    <DepartureTime>10:30:00</DepartureTime>
</TimetabledPassingTime>
<TimetabledPassingTime version="any" id="SE:020:TimetabledPassingTime:205330000116445947">
    <StopPointInJourneyPatternRef ref="SE:020:StopPointInJourneyPattern:205339415000022070_205330000096881075" version="any"/>
    <ArrivalTime>11:15:00</ArrivalTime>
    <DepartureTime>11:15:00</DepartureTime>
</TimetabledPassingTime>
<TimetabledPassingTime version="any" id="SE:020:TimetabledPassingTime:205330000116445948">
    <StopPointInJourneyPatternRef ref="SE:020:StopPointInJourneyPattern:205339415000022070_205330000096881076" version="any"/>
    <ArrivalTime>11:17:00</ArrivalTime>
    <DepartureTime>11:17:00</DepartureTime>
</TimetabledPassingTime>
<TimetabledPassingTime version="any" id="SE:020:TimetabledPassingTime:205330000116445949">
    <StopPointInJourneyPatternRef ref="SE:020:StopPointInJourneyPattern:205339415000022070_205330000096881077" version="any"/>
    <ArrivalTime>11:18:00</ArrivalTime>
    <DepartureTime>11:18:00</DepartureTime>
</TimetabledPassingTime>
<TimetabledPassingTime version="any" id="SE:020:TimetabledPassingTime:205330000116445950">
    <StopPointInJourneyPatternRef ref="SE:020:StopPointInJourneyPattern:205339415000022070_205330000096881078" version="any"/>
    <ArrivalTime>11:20:00</ArrivalTime>
</TimetabledPassingTime>
                            </passingTimes>
                            <FlexibleServiceProperties>
<FlexibleServiceType>fixedPassingTimes</FlexibleServiceType>
<BookWhen>advanceOnly</BookWhen>
<BookingNote>Turen ska förbeställas senast 3 timmar före bussens avgångstid via telefon 0774-44 00 00.</BookingNote>
                            </FlexibleServiceProperties>
                        </ServiceJourney>
                    </vehicleJourneys>
                </TimetableFrame>
            </frames>
        </CompositeFrame>
    </dataObjects>
</PublicationDelivery>
