<?xml version="1.0" encoding="UTF-8" standalone="yes"?>
<PublicationDelivery xmlns="http://www.netex.org.uk/netex" xmlns:ns2="http://www.opengis.net/gml/3.2" xmlns:ns3="http://www.siri.org.uk/siri" xmlns:ns4="http://www.samtrafiken.se/netex" version="1.11:NO-NeTEx-networktimetable:1.3">
    <PublicationTimestamp>2024-10-09T02:57:23</PublicationTimestamp>
    <ParticipantRef>SAM</ParticipantRef>
    <dataObjects>
        <CompositeFrame created="2024-10-09T02:57:23" version="20241009025723" id="SE:020:CompositeFrame:9011020032600000">
            <ValidBetween>
                <FromDate>1970-01-01T00:00:00</FromDate>
            </ValidBetween>
            <codespaces>
                <Codespace id="SE:020">
                    <Xmlns>SE:020</Xmlns>
                    <XmlnsUrl>http://www.samtrafiken.se/ns/dt</XmlnsUrl>
                </Codespace>
            </codespaces>
            <FrameDefaults>
                <DefaultLocale>
                    <TimeZone>Europe/Stockholm</TimeZone>
                    <DefaultLanguage>se</DefaultLanguage>
                </DefaultLocale>
                <DefaultLocationSystem>4326</DefaultLocationSystem>
            </FrameDefaults>
            <frames>
                <ServiceFrame version="20241009025723" id="SE:020:ServiceFrame:9011020032600000">
                    <routes>
                        <Route version="any" id="SE:020:Route:205330000101488621">
                            <Name>Vattnäs - Mora</Name>
                            <LineRef ref="SE:020:Line:9011020032600000" version="200817"/>
                            <DirectionType>outbound</DirectionType>
                            <pointsInSequence>
<PointOnRoute order="1" version="any" id="SE:020:PointOnRoute:205330000101488626">
    <RoutePointRef ref="SE:020:RoutePoint:9022020562152041"/>
</PointOnRoute>
<PointOnRoute order="2" version="any" id="SE:020:PointOnRoute:205330000101488627">
    <RoutePointRef ref="SE:020:RoutePoint:9022020562147002"/>
</PointOnRoute>
<PointOnRoute order="3" version="any" id="SE:020:PointOnRoute:205330000101488628">
    <RoutePointRef ref="SE:020:RoutePoint:9022020562145002"/>
</PointOnRoute>
<PointOnRoute order="4" version="any" id="SE:020:PointOnRoute:205330000101488629">
    <RoutePointRef ref="SE:020:RoutePoint:9022020562118001"/>
</PointOnRoute>
<PointOnRoute order="5" version="any" id="SE:020:PointOnRoute:205330000101488630">
    <RoutePointRef ref="SE:020:RoutePoint:9022020562115002"/>
</PointOnRoute>
<PointOnRoute order="6" version="any" id="SE:020:PointOnRoute:205330000101488631">
    <RoutePointRef ref="SE:020:RoutePoint:9022020562032002"/>
</PointOnRoute>
<PointOnRoute order="7" version="any" id="SE:020:PointOnRoute:205330000101488632">
    <RoutePointRef ref="SE:020:RoutePoint:9022020562116002"/>
</PointOnRoute>
<PointOnRoute order="8" version="any" id="SE:020:PointOnRoute:205330000101488633">
    <RoutePointRef ref="SE:020:RoutePoint:9022020562146002"/>
</PointOnRoute>
<PointOnRoute order="9" version="any" id="SE:020:PointOnRoute:205330000101488634">
    <RoutePointRef ref="SE:020:RoutePoint:9022020562117002"/>
</PointOnRoute>
                            </pointsInSequence>
                        </Route>
                        <Route version="any" id="SE:020:Route:205330000096051079">
                            <Name>Vattnäs - Mora</Name>
                            <LineRef ref="SE:020:Line:9011020032600000" version="200817"/>
                            <DirectionType>outbound</DirectionType>
                            <pointsInSequence>
<PointOnRoute order="1" version="any" id="SE:020:PointOnRoute:205330000096051084">
    <RoutePointRef ref="SE:020:RoutePoint:9022020562115002"/>
</PointOnRoute>
<PointOnRoute order="2" version="any" id="SE:020:PointOnRoute:205330000096051085">
    <RoutePointRef ref="SE:020:RoutePoint:9022020562032002"/>
</PointOnRoute>
<PointOnRoute order="3" version="any" id="SE:020:PointOnRoute:205330000096051086">
    <RoutePointRef ref="SE:020:RoutePoint:9022020562116002"/>
</PointOnRoute>
<PointOnRoute order="4" version="any" id="SE:020:PointOnRoute:205330000096051087">
    <RoutePointRef ref="SE:020:RoutePoint:9022020562146002"/>
</PointOnRoute>
<PointOnRoute order="5" version="any" id="SE:020:PointOnRoute:205330000096051088">
    <RoutePointRef ref="SE:020:RoutePoint:9022020562117002"/>
</PointOnRoute>
<PointOnRoute order="6" version="any" id="SE:020:PointOnRoute:205330000096051089">
    <RoutePointRef ref="SE:020:RoutePoint:9022020562118002"/>
</PointOnRoute>
<PointOnRoute order="7" version="any" id="SE:020:PointOnRoute:205330000096051090">
    <RoutePointRef ref="SE:020:RoutePoint:9022020562143002"/>
</PointOnRoute>
<PointOnRoute order="8" version="any" id="SE:020:PointOnRoute:205330000096051091">
    <RoutePointRef ref="SE:020:RoutePoint:9022020562145002"/>
</PointOnRoute>
<PointOnRoute order="9" version="any" id="SE:020:PointOnRoute:205330000096051092">
    <RoutePointRef ref="SE:020:RoutePoint:9022020562147001"/>
</PointOnRoute>
<PointOnRoute order="10" version="any" id="SE:020:PointOnRoute:205330000096051093">
    <RoutePointRef ref="SE:020:RoutePoint:9022020562152041"/>
</PointOnRoute>
                            </pointsInSequence>
                        </Route>
                    </routes>
                    <lines>
                        <Line version="200817" id="SE:020:Line:9011020032600000">
                            <ValidBetween>
<FromDate>2020-08-17T00:00:00</FromDate>
                            </ValidBetween>
                            <Name>326</Name>
                            <TransportMode>bus</TransportMode>
                            <TransportSubmode>
<BusSubmode>unknown</BusSubmode>
                            </TransportSubmode>
                            <PublicCode>326</PublicCode>
                            <PrivateCode>326</PrivateCode>
                            <RepresentedByGroupRef ref="SE:020:Network:9010020000000000"/>
                        </Line>
                    </lines>
                    <journeyPatterns>
                        <JourneyPattern version="any" id="SE:020:JourneyPattern:205339415000022382">
                            <RouteRef ref="SE:020:Route:205330000101488621" version="any"/>
                            <pointsInSequence>
<StopPointInJourneyPattern order="1" version="any" id="SE:020:StopPointInJourneyPattern:205339415000022382_205330000101488626">
    <ScheduledStopPointRef ref="SE:020:ScheduledStopPoint:9022020562152041"/>
    <ForAlighting>false</ForAlighting>
    <ForBoarding>true</ForBoarding>
    <DestinationDisplayRef ref="SE:020:DestinationDisplay:205330000101488642"/>
    <RequestStop>true</RequestStop>
</StopPointInJourneyPattern>
<StopPointInJourneyPattern order="2" version="any" id="SE:020:StopPointInJourneyPattern:205339415000022382_205330000101488627">
    <ScheduledStopPointRef ref="SE:020:ScheduledStopPoint:9022020562147002"/>
    <ForAlighting>true</ForAlighting>
    <ForBoarding>true</ForBoarding>
    <RequestStop>true</RequestStop>
</StopPointInJourneyPattern>
<StopPointInJourneyPattern order="3" version="any" id="SE:020:StopPointInJourneyPattern:205339415000022382_205330000101488628">
    <ScheduledStopPointRef ref="SE:020:ScheduledStopPoint:9022020562145002"/>
    <ForAlighting>true</ForAlighting>
    <ForBoarding>true</ForBoarding>
    <RequestStop>true</RequestStop>
</StopPointInJourneyPattern>
<StopPointInJourneyPattern order="4" version="any" id="SE:020:StopPointInJourneyPattern:205339415000022382_205330000101488629">
    <ScheduledStopPointRef ref="SE:020:ScheduledStopPoint:9022020562118001"/>
    <ForAlighting>true</ForAlighting>
    <ForBoarding>true</ForBoarding>
    <RequestStop>true</RequestStop>
</StopPointInJourneyPattern>
<StopPointInJourneyPattern order="5" version="any" id="SE:020:StopPointInJourneyPattern:205339415000022382_205330000101488630">
    <ScheduledStopPointRef ref="SE:020:ScheduledStopPoint:9022020562115002"/>
    <ForAlighting>true</ForAlighting>
    <ForBoarding>true</ForBoarding>
    <RequestStop>true</RequestStop>
</StopPointInJourneyPattern>
<StopPointInJourneyPattern order="6" version="any" id="SE:020:StopPointInJourneyPattern:205339415000022382_205330000101488631">
    <ScheduledStopPointRef ref="SE:020:ScheduledStopPoint:9022020562032002"/>
    <ForAlighting>true</ForAlighting>
    <ForBoarding>true</ForBoarding>
    <RequestStop>true</RequestStop>
</StopPointInJourneyPattern>
<StopPointInJourneyPattern order="7" version="any" id="SE:020:StopPointInJourneyPattern:205339415000022382_205330000101488632">
    <ScheduledStopPointRef ref="SE:020:ScheduledStopPoint:9022020562116002"/>
    <ForAlighting>true</ForAlighting>
    <ForBoarding>true</ForBoarding>
    <RequestStop>true</RequestStop>
</StopPointInJourneyPattern>
<StopPointInJourneyPattern order="8" version="any" id="SE:020:StopPointInJourneyPattern:205339415000022382_205330000101488633">
    <ScheduledStopPointRef ref="SE:020:ScheduledStopPoint:9022020562146002"/>
    <ForAlighting>true</ForAlighting>
    <ForBoarding>true</ForBoarding>
    <RequestStop>true</RequestStop>
</StopPointInJourneyPattern>
<StopPointInJourneyPattern order="9" version="any" id="SE:020:StopPointInJourneyPattern:205339415000022382_205330000101488634">
    <ScheduledStopPointRef ref="SE:020:ScheduledStopPoint:9022020562117002"/>
    <ForAlighting>true</ForAlighting>
    <ForBoarding>false</ForBoarding>
    <RequestStop>true</RequestStop>
</StopPointInJourneyPattern>
                            </pointsInSequence>
                            <linksInSequence>
<ServiceLinkInJourneyPattern order="1" version="any" id="SE:020:ServiceLinkInJourneyPattern:BUS_42444">
    <ServiceLinkRef ref="SE:020:ServiceLink:BUS_9025020056215241_9025020056214702"/>
</ServiceLinkInJourneyPattern>
<ServiceLinkInJourneyPattern order="2" version="any" id="SE:020:ServiceLinkInJourneyPattern:BUS_42445">
    <ServiceLinkRef ref="SE:020:ServiceLink:BUS_9025020056214702_9025020056214502"/>
</ServiceLinkInJourneyPattern>
<ServiceLinkInJourneyPattern order="3" version="any" id="SE:020:ServiceLinkInJourneyPattern:BUS_42446">
    <ServiceLinkRef ref="SE:020:ServiceLink:BUS_9025020056214502_9025020056211801"/>
</ServiceLinkInJourneyPattern>
<ServiceLinkInJourneyPattern order="4" version="any" id="SE:020:ServiceLinkInJourneyPattern:BUS_42447">
    <ServiceLinkRef ref="SE:020:ServiceLink:BUS_9025020056211801_9025020056211502"/>
</ServiceLinkInJourneyPattern>
<ServiceLinkInJourneyPattern order="5" version="any" id="SE:020:ServiceLinkInJourneyPattern:BUS_42448">
    <ServiceLinkRef ref="SE:020:ServiceLink:BUS_9025020056211502_9025020056203202"/>
</ServiceLinkInJourneyPattern>
<ServiceLinkInJourneyPattern order="6" version="any" id="SE:020:ServiceLinkInJourneyPattern:BUS_42449">
    <ServiceLinkRef ref="SE:020:ServiceLink:BUS_9025020056203202_9025020056211602"/>
</ServiceLinkInJourneyPattern>
<ServiceLinkInJourneyPattern order="7" version="any" id="SE:020:ServiceLinkInJourneyPattern:BUS_42450">
    <ServiceLinkRef ref="SE:020:ServiceLink:BUS_9025020056211602_9025020056214602"/>
</ServiceLinkInJourneyPattern>
<ServiceLinkInJourneyPattern order="8" version="any" id="SE:020:ServiceLinkInJourneyPattern:BUS_42451">
    <ServiceLinkRef ref="SE:020:ServiceLink:BUS_9025020056214602_9025020056211702"/>
</ServiceLinkInJourneyPattern>
                            </linksInSequence>
                        </JourneyPattern>
                        <JourneyPattern version="any" id="SE:020:JourneyPattern:205339415000024979">
                            <RouteRef ref="SE:020:Route:205330000101488621" version="any"/>
                            <pointsInSequence>
<StopPointInJourneyPattern order="1" version="any" id="SE:020:StopPointInJourneyPattern:205339415000024979_205330000101488626">
    <ScheduledStopPointRef ref="SE:020:ScheduledStopPoint:9022020562152041"/>
    <ForAlighting>false</ForAlighting>
    <ForBoarding>true</ForBoarding>
    <DestinationDisplayRef ref="SE:020:DestinationDisplay:205330000113891831"/>
    <RequestStop>true</RequestStop>
</StopPointInJourneyPattern>
<StopPointInJourneyPattern order="2" version="any" id="SE:020:StopPointInJourneyPattern:205339415000024979_205330000101488627">
    <ScheduledStopPointRef ref="SE:020:ScheduledStopPoint:9022020562147002"/>
    <ForAlighting>true</ForAlighting>
    <ForBoarding>true</ForBoarding>
    <RequestStop>true</RequestStop>
</StopPointInJourneyPattern>
<StopPointInJourneyPattern order="3" version="any" id="SE:020:StopPointInJourneyPattern:205339415000024979_205330000101488628">
    <ScheduledStopPointRef ref="SE:020:ScheduledStopPoint:9022020562145002"/>
    <ForAlighting>true</ForAlighting>
    <ForBoarding>true</ForBoarding>
    <RequestStop>true</RequestStop>
</StopPointInJourneyPattern>
<StopPointInJourneyPattern order="4" version="any" id="SE:020:StopPointInJourneyPattern:205339415000024979_205330000101488629">
    <ScheduledStopPointRef ref="SE:020:ScheduledStopPoint:9022020562118001"/>
    <ForAlighting>true</ForAlighting>
    <ForBoarding>true</ForBoarding>
    <RequestStop>true</RequestStop>
</StopPointInJourneyPattern>
<StopPointInJourneyPattern order="5" version="any" id="SE:020:StopPointInJourneyPattern:205339415000024979_205330000101488630">
    <ScheduledStopPointRef ref="SE:020:ScheduledStopPoint:9022020562115002"/>
    <ForAlighting>true</ForAlighting>
    <ForBoarding>true</ForBoarding>
    <RequestStop>true</RequestStop>
</StopPointInJourneyPattern>
<StopPointInJourneyPattern order="6" version="any" id="SE:020:StopPointInJourneyPattern:205339415000024979_205330000101488631">
    <ScheduledStopPointRef ref="SE:020:ScheduledStopPoint:9022020562032002"/>
    <ForAlighting>true</ForAlighting>
    <ForBoarding>true</ForBoarding>
    <RequestStop>true</RequestStop>
</StopPointInJourneyPattern>
<StopPointInJourneyPattern order="7" version="any" id="SE:020:StopPointInJourneyPattern:205339415000024979_205330000101488632">
    <ScheduledStopPointRef ref="SE:020:ScheduledStopPoint:9022020562116002"/>
    <ForAlighting>true</ForAlighting>
    <ForBoarding>true</ForBoarding>
    <RequestStop>true</RequestStop>
</StopPointInJourneyPattern>
<StopPointInJourneyPattern order="8" version="any" id="SE:020:StopPointInJourneyPattern:205339415000024979_205330000101488633">
    <ScheduledStopPointRef ref="SE:020:ScheduledStopPoint:9022020562146002"/>
    <ForAlighting>true</ForAlighting>
    <ForBoarding>true</ForBoarding>
    <RequestStop>true</RequestStop>
</StopPointInJourneyPattern>
<StopPointInJourneyPattern order="9" version="any" id="SE:020:StopPointInJourneyPattern:205339415000024979_205330000101488634">
    <ScheduledStopPointRef ref="SE:020:ScheduledStopPoint:9022020562117002"/>
    <ForAlighting>true</ForAlighting>
    <ForBoarding>false</ForBoarding>
    <RequestStop>true</RequestStop>
</StopPointInJourneyPattern>
                            </pointsInSequence>
                            <linksInSequence>
<ServiceLinkInJourneyPattern order="1" version="any" id="SE:020:ServiceLinkInJourneyPattern:BUS_42452">
    <ServiceLinkRef ref="SE:020:ServiceLink:BUS_9025020056215241_9025020056214702"/>
</ServiceLinkInJourneyPattern>
<ServiceLinkInJourneyPattern order="2" version="any" id="SE:020:ServiceLinkInJourneyPattern:BUS_42453">
    <ServiceLinkRef ref="SE:020:ServiceLink:BUS_9025020056214702_9025020056214502"/>
</ServiceLinkInJourneyPattern>
<ServiceLinkInJourneyPattern order="3" version="any" id="SE:020:ServiceLinkInJourneyPattern:BUS_42454">
    <ServiceLinkRef ref="SE:020:ServiceLink:BUS_9025020056214502_9025020056211801"/>
</ServiceLinkInJourneyPattern>
<ServiceLinkInJourneyPattern order="4" version="any" id="SE:020:ServiceLinkInJourneyPattern:BUS_42455">
    <ServiceLinkRef ref="SE:020:ServiceLink:BUS_9025020056211801_9025020056211502"/>
</ServiceLinkInJourneyPattern>
<ServiceLinkInJourneyPattern order="5" version="any" id="SE:020:ServiceLinkInJourneyPattern:BUS_42456">
    <ServiceLinkRef ref="SE:020:ServiceLink:BUS_9025020056211502_9025020056203202"/>
</ServiceLinkInJourneyPattern>
<ServiceLinkInJourneyPattern order="6" version="any" id="SE:020:ServiceLinkInJourneyPattern:BUS_42457">
    <ServiceLinkRef ref="SE:020:ServiceLink:BUS_9025020056203202_9025020056211602"/>
</ServiceLinkInJourneyPattern>
<ServiceLinkInJourneyPattern order="7" version="any" id="SE:020:ServiceLinkInJourneyPattern:BUS_42458">
    <ServiceLinkRef ref="SE:020:ServiceLink:BUS_9025020056211602_9025020056214602"/>
</ServiceLinkInJourneyPattern>
<ServiceLinkInJourneyPattern order="8" version="any" id="SE:020:ServiceLinkInJourneyPattern:BUS_42459">
    <ServiceLinkRef ref="SE:020:ServiceLink:BUS_9025020056214602_9025020056211702"/>
</ServiceLinkInJourneyPattern>
                            </linksInSequence>
                        </JourneyPattern>
                        <JourneyPattern version="any" id="SE:020:JourneyPattern:205339415000021602">
                            <RouteRef ref="SE:020:Route:205330000096051079" version="any"/>
                            <pointsInSequence>
<StopPointInJourneyPattern order="1" version="any" id="SE:020:StopPointInJourneyPattern:205339415000021602_205330000096051084">
    <ScheduledStopPointRef ref="SE:020:ScheduledStopPoint:9022020562115002"/>
    <ForAlighting>false</ForAlighting>
    <ForBoarding>true</ForBoarding>
    <DestinationDisplayRef ref="SE:020:DestinationDisplay:205330000096051101"/>
    <RequestStop>true</RequestStop>
</StopPointInJourneyPattern>
<StopPointInJourneyPattern order="2" version="any" id="SE:020:StopPointInJourneyPattern:205339415000021602_205330000096051085">
    <ScheduledStopPointRef ref="SE:020:ScheduledStopPoint:9022020562032002"/>
    <ForAlighting>true</ForAlighting>
    <ForBoarding>true</ForBoarding>
    <RequestStop>true</RequestStop>
</StopPointInJourneyPattern>
<StopPointInJourneyPattern order="3" version="any" id="SE:020:StopPointInJourneyPattern:205339415000021602_205330000096051086">
    <ScheduledStopPointRef ref="SE:020:ScheduledStopPoint:9022020562116002"/>
    <ForAlighting>true</ForAlighting>
    <ForBoarding>true</ForBoarding>
    <RequestStop>true</RequestStop>
</StopPointInJourneyPattern>
<StopPointInJourneyPattern order="4" version="any" id="SE:020:StopPointInJourneyPattern:205339415000021602_205330000096051087">
    <ScheduledStopPointRef ref="SE:020:ScheduledStopPoint:9022020562146002"/>
    <ForAlighting>true</ForAlighting>
    <ForBoarding>true</ForBoarding>
    <RequestStop>true</RequestStop>
</StopPointInJourneyPattern>
<StopPointInJourneyPattern order="5" version="any" id="SE:020:StopPointInJourneyPattern:205339415000021602_205330000096051088">
    <ScheduledStopPointRef ref="SE:020:ScheduledStopPoint:9022020562117002"/>
    <ForAlighting>true</ForAlighting>
    <ForBoarding>true</ForBoarding>
    <RequestStop>true</RequestStop>
</StopPointInJourneyPattern>
<StopPointInJourneyPattern order="6" version="any" id="SE:020:StopPointInJourneyPattern:205339415000021602_205330000096051089">
    <ScheduledStopPointRef ref="SE:020:ScheduledStopPoint:9022020562118002"/>
    <ForAlighting>true</ForAlighting>
    <ForBoarding>true</ForBoarding>
    <RequestStop>true</RequestStop>
</StopPointInJourneyPattern>
<StopPointInJourneyPattern order="7" version="any" id="SE:020:StopPointInJourneyPattern:205339415000021602_205330000096051090">
    <ScheduledStopPointRef ref="SE:020:ScheduledStopPoint:9022020562143002"/>
    <ForAlighting>true</ForAlighting>
    <ForBoarding>true</ForBoarding>
    <RequestStop>true</RequestStop>
</StopPointInJourneyPattern>
<StopPointInJourneyPattern order="8" version="any" id="SE:020:StopPointInJourneyPattern:205339415000021602_205330000096051091">
    <ScheduledStopPointRef ref="SE:020:ScheduledStopPoint:9022020562145002"/>
    <ForAlighting>true</ForAlighting>
    <ForBoarding>true</ForBoarding>
    <RequestStop>true</RequestStop>
</StopPointInJourneyPattern>
<StopPointInJourneyPattern order="9" version="any" id="SE:020:StopPointInJourneyPattern:205339415000021602_205330000096051092">
    <ScheduledStopPointRef ref="SE:020:ScheduledStopPoint:9022020562147001"/>
    <ForAlighting>true</ForAlighting>
    <ForBoarding>true</ForBoarding>
    <RequestStop>true</RequestStop>
</StopPointInJourneyPattern>
<StopPointInJourneyPattern order="10" version="any" id="SE:020:StopPointInJourneyPattern:205339415000021602_205330000096051093">
    <ScheduledStopPointRef ref="SE:020:ScheduledStopPoint:9022020562152041"/>
    <ForAlighting>true</ForAlighting>
    <ForBoarding>false</ForBoarding>
    <RequestStop>true</RequestStop>
</StopPointInJourneyPattern>
                            </pointsInSequence>
                            <linksInSequence>
<ServiceLinkInJourneyPattern order="1" version="any" id="SE:020:ServiceLinkInJourneyPattern:BUS_42460">
    <ServiceLinkRef ref="SE:020:ServiceLink:BUS_9025020056211502_9025020056203202"/>
</ServiceLinkInJourneyPattern>
<ServiceLinkInJourneyPattern order="2" version="any" id="SE:020:ServiceLinkInJourneyPattern:BUS_42461">
    <ServiceLinkRef ref="SE:020:ServiceLink:BUS_9025020056203202_9025020056211602"/>
</ServiceLinkInJourneyPattern>
<ServiceLinkInJourneyPattern order="3" version="any" id="SE:020:ServiceLinkInJourneyPattern:BUS_42462">
    <ServiceLinkRef ref="SE:020:ServiceLink:BUS_9025020056211602_9025020056214602"/>
</ServiceLinkInJourneyPattern>
<ServiceLinkInJourneyPattern order="4" version="any" id="SE:020:ServiceLinkInJourneyPattern:BUS_42463">
    <ServiceLinkRef ref="SE:020:ServiceLink:BUS_9025020056214602_9025020056211702"/>
</ServiceLinkInJourneyPattern>
<ServiceLinkInJourneyPattern order="5" version="any" id="SE:020:ServiceLinkInJourneyPattern:BUS_42464">
    <ServiceLinkRef ref="SE:020:ServiceLink:BUS_9025020056211702_9025020056211802"/>
</ServiceLinkInJourneyPattern>
<ServiceLinkInJourneyPattern order="6" version="any" id="SE:020:ServiceLinkInJourneyPattern:BUS_42465">
    <ServiceLinkRef ref="SE:020:ServiceLink:BUS_9025020056211802_9025020056214302"/>
</ServiceLinkInJourneyPattern>
<ServiceLinkInJourneyPattern order="7" version="any" id="SE:020:ServiceLinkInJourneyPattern:BUS_42466">
    <ServiceLinkRef ref="SE:020:ServiceLink:BUS_9025020056214302_9025020056214502"/>
</ServiceLinkInJourneyPattern>
<ServiceLinkInJourneyPattern order="8" version="any" id="SE:020:ServiceLinkInJourneyPattern:BUS_42467">
    <ServiceLinkRef ref="SE:020:ServiceLink:BUS_9025020056214502_9025020056214701"/>
</ServiceLinkInJourneyPattern>
<ServiceLinkInJourneyPattern order="9" version="any" id="SE:020:ServiceLinkInJourneyPattern:BUS_42468">
    <ServiceLinkRef ref="SE:020:ServiceLink:BUS_9025020056214701_9025020056215241"/>
</ServiceLinkInJourneyPattern>
                            </linksInSequence>
                        </JourneyPattern>
                    </journeyPatterns>
                </ServiceFrame>
                <TimetableFrame version="20241009025723" id="SE:020:TimetableFrame:9011020032600000">
                    <vehicleJourneys>
                        <ServiceJourney version="any" id="SE:020:ServiceJourney:205330000113891871">
                            <TransportMode>bus</TransportMode>
                            <TransportSubmode>
<BusSubmode>unknown</BusSubmode>
                            </TransportSubmode>
                            <dayTypes>
<DayTypeRef ref="SE:020:DayType:33jmpmbc08dk2d8au9u7ffjuoo36fro1"/>
                            </dayTypes>
                            <JourneyPatternRef ref="SE:020:JourneyPattern:205339415000024979" version="any"/>
                            <OperatorRef ref="SE:020:Operator:9013020140700000"/>
                            <passingTimes>
<TimetabledPassingTime version="any" id="SE:020:TimetabledPassingTime:205330000113891860">
    <StopPointInJourneyPatternRef ref="SE:020:StopPointInJourneyPattern:205339415000024979_205330000101488626" version="any"/>
    <DepartureTime>13:05:00</DepartureTime>
</TimetabledPassingTime>
<TimetabledPassingTime version="any" id="SE:020:TimetabledPassingTime:205330000113891861">
    <StopPointInJourneyPatternRef ref="SE:020:StopPointInJourneyPattern:205339415000024979_205330000101488627" version="any"/>
    <ArrivalTime>13:08:00</ArrivalTime>
    <DepartureTime>13:08:00</DepartureTime>
</TimetabledPassingTime>
<TimetabledPassingTime version="any" id="SE:020:TimetabledPassingTime:205330000113891862">
    <StopPointInJourneyPatternRef ref="SE:020:StopPointInJourneyPattern:205339415000024979_205330000101488628" version="any"/>
    <ArrivalTime>13:10:00</ArrivalTime>
    <DepartureTime>13:10:00</DepartureTime>
</TimetabledPassingTime>
<TimetabledPassingTime version="any" id="SE:020:TimetabledPassingTime:205330000113891863">
    <StopPointInJourneyPatternRef ref="SE:020:StopPointInJourneyPattern:205339415000024979_205330000101488629" version="any"/>
    <ArrivalTime>13:13:13</ArrivalTime>
    <DepartureTime>13:13:13</DepartureTime>
</TimetabledPassingTime>
<TimetabledPassingTime version="any" id="SE:020:TimetabledPassingTime:205330000113891864">
    <StopPointInJourneyPatternRef ref="SE:020:StopPointInJourneyPattern:205339415000024979_205330000101488630" version="any"/>
    <ArrivalTime>13:15:00</ArrivalTime>
    <DepartureTime>13:15:00</DepartureTime>
</TimetabledPassingTime>
<TimetabledPassingTime version="any" id="SE:020:TimetabledPassingTime:205330000113891865">
    <StopPointInJourneyPatternRef ref="SE:020:StopPointInJourneyPattern:205339415000024979_205330000101488631" version="any"/>
    <ArrivalTime>13:16:34</ArrivalTime>
    <DepartureTime>13:16:34</DepartureTime>
</TimetabledPassingTime>
<TimetabledPassingTime version="any" id="SE:020:TimetabledPassingTime:205330000113891866">
    <StopPointInJourneyPatternRef ref="SE:020:StopPointInJourneyPattern:205339415000024979_205330000101488632" version="any"/>
    <ArrivalTime>13:17:55</ArrivalTime>
    <DepartureTime>13:17:55</DepartureTime>
</TimetabledPassingTime>
<TimetabledPassingTime version="any" id="SE:020:TimetabledPassingTime:205330000113891867">
    <StopPointInJourneyPatternRef ref="SE:020:StopPointInJourneyPattern:205339415000024979_205330000101488633" version="any"/>
    <ArrivalTime>13:21:03</ArrivalTime>
    <DepartureTime>13:21:03</DepartureTime>
</TimetabledPassingTime>
<TimetabledPassingTime version="any" id="SE:020:TimetabledPassingTime:205330000113891868">
    <StopPointInJourneyPatternRef ref="SE:020:StopPointInJourneyPattern:205339415000024979_205330000101488634" version="any"/>
    <ArrivalTime>13:23:00</ArrivalTime>
</TimetabledPassingTime>
                            </passingTimes>
                        </ServiceJourney>
                        <ServiceJourney version="any" id="SE:020:ServiceJourney:205330000113891891">
                            <TransportMode>bus</TransportMode>
                            <TransportSubmode>
<BusSubmode>unknown</BusSubmode>
                            </TransportSubmode>
                            <dayTypes>
<DayTypeRef ref="SE:020:DayType:33jmpmbc08dk2d8au9u7ffjuoo36fro1"/>
                            </dayTypes>
                            <JourneyPatternRef ref="SE:020:JourneyPattern:205339415000024979" version="any"/>
                            <OperatorRef ref="SE:020:Operator:9013020140700000"/>
                            <passingTimes>
<TimetabledPassingTime version="any" id="SE:020:TimetabledPassingTime:205330000113891880">
    <StopPointInJourneyPatternRef ref="SE:020:StopPointInJourneyPattern:205339415000024979_205330000101488626" version="any"/>
    <DepartureTime>15:45:00</DepartureTime>
</TimetabledPassingTime>
<TimetabledPassingTime version="any" id="SE:020:TimetabledPassingTime:205330000113891881">
    <StopPointInJourneyPatternRef ref="SE:020:StopPointInJourneyPattern:205339415000024979_205330000101488627" version="any"/>
    <ArrivalTime>15:48:00</ArrivalTime>
    <DepartureTime>15:48:00</DepartureTime>
</TimetabledPassingTime>
<TimetabledPassingTime version="any" id="SE:020:TimetabledPassingTime:205330000113891882">
    <StopPointInJourneyPatternRef ref="SE:020:StopPointInJourneyPattern:205339415000024979_205330000101488628" version="any"/>
    <ArrivalTime>15:50:00</ArrivalTime>
    <DepartureTime>15:50:00</DepartureTime>
</TimetabledPassingTime>
<TimetabledPassingTime version="any" id="SE:020:TimetabledPassingTime:205330000113891883">
    <StopPointInJourneyPatternRef ref="SE:020:StopPointInJourneyPattern:205339415000024979_205330000101488629" version="any"/>
    <ArrivalTime>15:53:13</ArrivalTime>
    <DepartureTime>15:53:13</DepartureTime>
</TimetabledPassingTime>
<TimetabledPassingTime version="any" id="SE:020:TimetabledPassingTime:205330000113891884">
    <StopPointInJourneyPatternRef ref="SE:020:StopPointInJourneyPattern:205339415000024979_205330000101488630" version="any"/>
    <ArrivalTime>15:55:00</ArrivalTime>
    <DepartureTime>15:55:00</DepartureTime>
</TimetabledPassingTime>
<TimetabledPassingTime version="any" id="SE:020:TimetabledPassingTime:205330000113891885">
    <StopPointInJourneyPatternRef ref="SE:020:StopPointInJourneyPattern:205339415000024979_205330000101488631" version="any"/>
    <ArrivalTime>15:56:34</ArrivalTime>
    <DepartureTime>15:56:34</DepartureTime>
</TimetabledPassingTime>
<TimetabledPassingTime version="any" id="SE:020:TimetabledPassingTime:205330000113891886">
    <StopPointInJourneyPatternRef ref="SE:020:StopPointInJourneyPattern:205339415000024979_205330000101488632" version="any"/>
    <ArrivalTime>15:57:55</ArrivalTime>
    <DepartureTime>15:57:55</DepartureTime>
</TimetabledPassingTime>
<TimetabledPassingTime version="any" id="SE:020:TimetabledPassingTime:205330000113891887">
    <StopPointInJourneyPatternRef ref="SE:020:StopPointInJourneyPattern:205339415000024979_205330000101488633" version="any"/>
    <ArrivalTime>16:01:03</ArrivalTime>
    <DepartureTime>16:01:03</DepartureTime>
</TimetabledPassingTime>
<TimetabledPassingTime version="any" id="SE:020:TimetabledPassingTime:205330000113891888">
    <StopPointInJourneyPatternRef ref="SE:020:StopPointInJourneyPattern:205339415000024979_205330000101488634" version="any"/>
    <ArrivalTime>16:03:00</ArrivalTime>
</TimetabledPassingTime>
                            </passingTimes>
                        </ServiceJourney>
                        <ServiceJourney version="any" id="SE:020:ServiceJourney:205330000113891851">
                            <TransportMode>bus</TransportMode>
                            <TransportSubmode>
<BusSubmode>unknown</BusSubmode>
                            </TransportSubmode>
                            <dayTypes>
<DayTypeRef ref="SE:020:DayType:33jmpmbc08dk2d8au9u7ffjuoo36fro1"/>
                            </dayTypes>
                            <JourneyPatternRef ref="SE:020:JourneyPattern:205339415000021602" version="any"/>
                            <OperatorRef ref="SE:020:Operator:9013020140700000"/>
                            <passingTimes>
<TimetabledPassingTime version="any" id="SE:020:TimetabledPassingTime:205330000113891839">
    <StopPointInJourneyPatternRef ref="SE:020:StopPointInJourneyPattern:205339415000021602_205330000096051084" version="any"/>
    <DepartureTime>08:03:00</DepartureTime>
</TimetabledPassingTime>
<TimetabledPassingTime version="any" id="SE:020:TimetabledPassingTime:205330000113891840">
    <StopPointInJourneyPatternRef ref="SE:020:StopPointInJourneyPattern:205339415000021602_205330000096051085" version="any"/>
    <ArrivalTime>08:03:47</ArrivalTime>
    <DepartureTime>08:03:47</DepartureTime>
</TimetabledPassingTime>
<TimetabledPassingTime version="any" id="SE:020:TimetabledPassingTime:205330000113891841">
    <StopPointInJourneyPatternRef ref="SE:020:StopPointInJourneyPattern:205339415000021602_205330000096051086" version="any"/>
    <ArrivalTime>08:04:28</ArrivalTime>
    <DepartureTime>08:04:28</DepartureTime>
</TimetabledPassingTime>
<TimetabledPassingTime version="any" id="SE:020:TimetabledPassingTime:205330000113891842">
    <StopPointInJourneyPatternRef ref="SE:020:StopPointInJourneyPattern:205339415000021602_205330000096051087" version="any"/>
    <ArrivalTime>08:06:02</ArrivalTime>
    <DepartureTime>08:06:02</DepartureTime>
</TimetabledPassingTime>
<TimetabledPassingTime version="any" id="SE:020:TimetabledPassingTime:205330000113891843">
    <StopPointInJourneyPatternRef ref="SE:020:StopPointInJourneyPattern:205339415000021602_205330000096051088" version="any"/>
    <ArrivalTime>08:07:00</ArrivalTime>
    <DepartureTime>08:07:00</DepartureTime>
</TimetabledPassingTime>
<TimetabledPassingTime version="any" id="SE:020:TimetabledPassingTime:205330000113891844">
    <StopPointInJourneyPatternRef ref="SE:020:StopPointInJourneyPattern:205339415000021602_205330000096051089" version="any"/>
    <ArrivalTime>08:07:13</ArrivalTime>
    <DepartureTime>08:07:13</DepartureTime>
</TimetabledPassingTime>
<TimetabledPassingTime version="any" id="SE:020:TimetabledPassingTime:205330000113891845">
    <StopPointInJourneyPatternRef ref="SE:020:StopPointInJourneyPattern:205339415000021602_205330000096051090" version="any"/>
    <ArrivalTime>08:11:37</ArrivalTime>
    <DepartureTime>08:11:37</DepartureTime>
</TimetabledPassingTime>
<TimetabledPassingTime version="any" id="SE:020:TimetabledPassingTime:205330000113891846">
    <StopPointInJourneyPatternRef ref="SE:020:StopPointInJourneyPattern:205339415000021602_205330000096051091" version="any"/>
    <ArrivalTime>08:13:00</ArrivalTime>
    <DepartureTime>08:13:00</DepartureTime>
</TimetabledPassingTime>
<TimetabledPassingTime version="any" id="SE:020:TimetabledPassingTime:205330000113891847">
    <StopPointInJourneyPatternRef ref="SE:020:StopPointInJourneyPattern:205339415000021602_205330000096051092" version="any"/>
    <ArrivalTime>08:15:00</ArrivalTime>
    <DepartureTime>08:15:00</DepartureTime>
</TimetabledPassingTime>
<TimetabledPassingTime version="any" id="SE:020:TimetabledPassingTime:205330000113891848">
    <StopPointInJourneyPatternRef ref="SE:020:StopPointInJourneyPattern:205339415000021602_205330000096051093" version="any"/>
    <ArrivalTime>08:20:00</ArrivalTime>
</TimetabledPassingTime>
                            </passingTimes>
                        </ServiceJourney>
                    </vehicleJourneys>
                </TimetableFrame>
            </frames>
        </CompositeFrame>
    </dataObjects>
</PublicationDelivery>
