<?xml version="1.0" encoding="UTF-8" standalone="yes"?>
<PublicationDelivery xmlns="http://www.netex.org.uk/netex" xmlns:ns2="http://www.opengis.net/gml/3.2" xmlns:ns3="http://www.siri.org.uk/siri" xmlns:ns4="http://www.samtrafiken.se/netex" version="1.11:NO-NeTEx-networktimetable:1.3">
    <PublicationTimestamp>2024-10-09T02:57:23</PublicationTimestamp>
    <ParticipantRef>SAM</ParticipantRef>
    <dataObjects>
        <CompositeFrame created="2024-10-09T02:57:23" version="20241009025723" id="SE:020:CompositeFrame:9011020034200000">
            <ValidBetween>
                <FromDate>1970-01-01T00:00:00</FromDate>
            </ValidBetween>
            <codespaces>
                <Codespace id="SE:020">
                    <Xmlns>SE:020</Xmlns>
                    <XmlnsUrl>http://www.samtrafiken.se/ns/dt</XmlnsUrl>
                </Codespace>
            </codespaces>
            <FrameDefaults>
                <DefaultLocale>
                    <TimeZone>Europe/Stockholm</TimeZone>
                    <DefaultLanguage>se</DefaultLanguage>
                </DefaultLocale>
                <DefaultLocationSystem>4326</DefaultLocationSystem>
            </FrameDefaults>
            <frames>
                <ServiceFrame version="20241009025723" id="SE:020:ServiceFrame:9011020034200000">
                    <routes>
                        <Route version="any" id="SE:020:Route:205330000028032202">
                            <Name>Grönklitt</Name>
                            <LineRef ref="SE:020:Line:9011020034200000" version="140809"/>
                            <DirectionType>inbound</DirectionType>
                            <pointsInSequence>
<PointOnRoute order="1" version="any" id="SE:020:PointOnRoute:205330000028032207">
    <RoutePointRef ref="SE:020:RoutePoint:9022020534063001"/>
</PointOnRoute>
<PointOnRoute order="2" version="any" id="SE:020:PointOnRoute:205330000028032208">
    <RoutePointRef ref="SE:020:RoutePoint:9022020534057001"/>
</PointOnRoute>
<PointOnRoute order="3" version="any" id="SE:020:PointOnRoute:205330000028032209">
    <RoutePointRef ref="SE:020:RoutePoint:9022020534113001"/>
</PointOnRoute>
<PointOnRoute order="4" version="any" id="SE:020:PointOnRoute:205330000028032210">
    <RoutePointRef ref="SE:020:RoutePoint:9022020534055001"/>
</PointOnRoute>
<PointOnRoute order="5" version="any" id="SE:020:PointOnRoute:205330000028032211">
    <RoutePointRef ref="SE:020:RoutePoint:9022020534047001"/>
</PointOnRoute>
<PointOnRoute order="6" version="any" id="SE:020:PointOnRoute:205330000028032212">
    <RoutePointRef ref="SE:020:RoutePoint:9022020534046001"/>
</PointOnRoute>
<PointOnRoute order="7" version="any" id="SE:020:PointOnRoute:205330000028032213">
    <RoutePointRef ref="SE:020:RoutePoint:9022020534044001"/>
</PointOnRoute>
                            </pointsInSequence>
                        </Route>
                        <Route version="any" id="SE:020:Route:205330000028032180">
                            <Name>Orsa</Name>
                            <LineRef ref="SE:020:Line:9011020034200000" version="140809"/>
                            <DirectionType>outbound</DirectionType>
                            <pointsInSequence>
<PointOnRoute order="1" version="any" id="SE:020:PointOnRoute:205330000028032185">
    <RoutePointRef ref="SE:020:RoutePoint:9022020534044002"/>
</PointOnRoute>
<PointOnRoute order="2" version="any" id="SE:020:PointOnRoute:205330000028032186">
    <RoutePointRef ref="SE:020:RoutePoint:9022020534046002"/>
</PointOnRoute>
<PointOnRoute order="3" version="any" id="SE:020:PointOnRoute:205330000028032187">
    <RoutePointRef ref="SE:020:RoutePoint:9022020534047002"/>
</PointOnRoute>
<PointOnRoute order="4" version="any" id="SE:020:PointOnRoute:205330000028032188">
    <RoutePointRef ref="SE:020:RoutePoint:9022020534055002"/>
</PointOnRoute>
<PointOnRoute order="5" version="any" id="SE:020:PointOnRoute:205330000028032189">
    <RoutePointRef ref="SE:020:RoutePoint:9022020534113002"/>
</PointOnRoute>
<PointOnRoute order="6" version="any" id="SE:020:PointOnRoute:205330000028032190">
    <RoutePointRef ref="SE:020:RoutePoint:9022020534057002"/>
</PointOnRoute>
<PointOnRoute order="7" version="any" id="SE:020:PointOnRoute:205330000028032191">
    <RoutePointRef ref="SE:020:RoutePoint:9022020534063001"/>
</PointOnRoute>
                            </pointsInSequence>
                        </Route>
                    </routes>
                    <lines>
                        <Line version="140809" id="SE:020:Line:9011020034200000">
                            <ValidBetween>
<FromDate>2014-08-09T00:00:00</FromDate>
                            </ValidBetween>
                            <Name>342</Name>
                            <TransportMode>bus</TransportMode>
                            <TransportSubmode>
<BusSubmode>unknown</BusSubmode>
                            </TransportSubmode>
                            <PublicCode>342</PublicCode>
                            <PrivateCode>342</PrivateCode>
                            <RepresentedByGroupRef ref="SE:020:Network:9010020000000000"/>
                        </Line>
                    </lines>
                    <journeyPatterns>
                        <JourneyPattern version="any" id="SE:020:JourneyPattern:205339415000013115">
                            <RouteRef ref="SE:020:Route:205330000028032202" version="any"/>
                            <pointsInSequence>
<StopPointInJourneyPattern order="1" version="any" id="SE:020:StopPointInJourneyPattern:205339415000013115_205330000028032207">
    <ScheduledStopPointRef ref="SE:020:ScheduledStopPoint:9022020534063001"/>
    <ForAlighting>false</ForAlighting>
    <ForBoarding>true</ForBoarding>
    <DestinationDisplayRef ref="SE:020:DestinationDisplay:205330000054217786"/>
    <RequestStop>true</RequestStop>
</StopPointInJourneyPattern>
<StopPointInJourneyPattern order="2" version="any" id="SE:020:StopPointInJourneyPattern:205339415000013115_205330000028032208">
    <ScheduledStopPointRef ref="SE:020:ScheduledStopPoint:9022020534057001"/>
    <ForAlighting>true</ForAlighting>
    <ForBoarding>true</ForBoarding>
    <RequestStop>true</RequestStop>
</StopPointInJourneyPattern>
<StopPointInJourneyPattern order="3" version="any" id="SE:020:StopPointInJourneyPattern:205339415000013115_205330000028032209">
    <ScheduledStopPointRef ref="SE:020:ScheduledStopPoint:9022020534113001"/>
    <ForAlighting>true</ForAlighting>
    <ForBoarding>true</ForBoarding>
    <RequestStop>true</RequestStop>
</StopPointInJourneyPattern>
<StopPointInJourneyPattern order="4" version="any" id="SE:020:StopPointInJourneyPattern:205339415000013115_205330000028032210">
    <ScheduledStopPointRef ref="SE:020:ScheduledStopPoint:9022020534055001"/>
    <ForAlighting>true</ForAlighting>
    <ForBoarding>true</ForBoarding>
    <RequestStop>true</RequestStop>
</StopPointInJourneyPattern>
<StopPointInJourneyPattern order="5" version="any" id="SE:020:StopPointInJourneyPattern:205339415000013115_205330000028032211">
    <ScheduledStopPointRef ref="SE:020:ScheduledStopPoint:9022020534047001"/>
    <ForAlighting>true</ForAlighting>
    <ForBoarding>true</ForBoarding>
    <RequestStop>true</RequestStop>
</StopPointInJourneyPattern>
<StopPointInJourneyPattern order="6" version="any" id="SE:020:StopPointInJourneyPattern:205339415000013115_205330000028032212">
    <ScheduledStopPointRef ref="SE:020:ScheduledStopPoint:9022020534046001"/>
    <ForAlighting>true</ForAlighting>
    <ForBoarding>true</ForBoarding>
    <RequestStop>true</RequestStop>
</StopPointInJourneyPattern>
<StopPointInJourneyPattern order="7" version="any" id="SE:020:StopPointInJourneyPattern:205339415000013115_205330000028032213">
    <ScheduledStopPointRef ref="SE:020:ScheduledStopPoint:9022020534044001"/>
    <ForAlighting>true</ForAlighting>
    <ForBoarding>false</ForBoarding>
    <RequestStop>true</RequestStop>
</StopPointInJourneyPattern>
                            </pointsInSequence>
                            <linksInSequence>
<ServiceLinkInJourneyPattern order="1" version="any" id="SE:020:ServiceLinkInJourneyPattern:BUS_20915">
    <ServiceLinkRef ref="SE:020:ServiceLink:BUS_9025020053406301_9025020053405701"/>
</ServiceLinkInJourneyPattern>
<ServiceLinkInJourneyPattern order="2" version="any" id="SE:020:ServiceLinkInJourneyPattern:BUS_20916">
    <ServiceLinkRef ref="SE:020:ServiceLink:BUS_9025020053405701_9025020053411301"/>
</ServiceLinkInJourneyPattern>
<ServiceLinkInJourneyPattern order="3" version="any" id="SE:020:ServiceLinkInJourneyPattern:BUS_20917">
    <ServiceLinkRef ref="SE:020:ServiceLink:BUS_9025020053411301_9025020053405501"/>
</ServiceLinkInJourneyPattern>
<ServiceLinkInJourneyPattern order="4" version="any" id="SE:020:ServiceLinkInJourneyPattern:BUS_20918">
    <ServiceLinkRef ref="SE:020:ServiceLink:BUS_9025020053405501_9025020053404701"/>
</ServiceLinkInJourneyPattern>
<ServiceLinkInJourneyPattern order="5" version="any" id="SE:020:ServiceLinkInJourneyPattern:BUS_20919">
    <ServiceLinkRef ref="SE:020:ServiceLink:BUS_9025020053404701_9025020053404601"/>
</ServiceLinkInJourneyPattern>
<ServiceLinkInJourneyPattern order="6" version="any" id="SE:020:ServiceLinkInJourneyPattern:BUS_20920">
    <ServiceLinkRef ref="SE:020:ServiceLink:BUS_9025020053404601_9025020053404401"/>
</ServiceLinkInJourneyPattern>
                            </linksInSequence>
                        </JourneyPattern>
                        <JourneyPattern version="any" id="SE:020:JourneyPattern:205339415000011502">
                            <RouteRef ref="SE:020:Route:205330000028032180" version="any"/>
                            <pointsInSequence>
<StopPointInJourneyPattern order="1" version="any" id="SE:020:StopPointInJourneyPattern:205339415000011502_205330000028032185">
    <ScheduledStopPointRef ref="SE:020:ScheduledStopPoint:9022020534044002"/>
    <ForAlighting>false</ForAlighting>
    <ForBoarding>true</ForBoarding>
    <DestinationDisplayRef ref="SE:020:DestinationDisplay:205330000051127661"/>
    <RequestStop>true</RequestStop>
</StopPointInJourneyPattern>
<StopPointInJourneyPattern order="2" version="any" id="SE:020:StopPointInJourneyPattern:205339415000011502_205330000028032186">
    <ScheduledStopPointRef ref="SE:020:ScheduledStopPoint:9022020534046002"/>
    <ForAlighting>true</ForAlighting>
    <ForBoarding>true</ForBoarding>
    <RequestStop>true</RequestStop>
</StopPointInJourneyPattern>
<StopPointInJourneyPattern order="3" version="any" id="SE:020:StopPointInJourneyPattern:205339415000011502_205330000028032187">
    <ScheduledStopPointRef ref="SE:020:ScheduledStopPoint:9022020534047002"/>
    <ForAlighting>true</ForAlighting>
    <ForBoarding>true</ForBoarding>
    <RequestStop>true</RequestStop>
</StopPointInJourneyPattern>
<StopPointInJourneyPattern order="4" version="any" id="SE:020:StopPointInJourneyPattern:205339415000011502_205330000028032188">
    <ScheduledStopPointRef ref="SE:020:ScheduledStopPoint:9022020534055002"/>
    <ForAlighting>true</ForAlighting>
    <ForBoarding>true</ForBoarding>
    <RequestStop>true</RequestStop>
</StopPointInJourneyPattern>
<StopPointInJourneyPattern order="5" version="any" id="SE:020:StopPointInJourneyPattern:205339415000011502_205330000028032189">
    <ScheduledStopPointRef ref="SE:020:ScheduledStopPoint:9022020534113002"/>
    <ForAlighting>true</ForAlighting>
    <ForBoarding>true</ForBoarding>
    <RequestStop>true</RequestStop>
</StopPointInJourneyPattern>
<StopPointInJourneyPattern order="6" version="any" id="SE:020:StopPointInJourneyPattern:205339415000011502_205330000028032190">
    <ScheduledStopPointRef ref="SE:020:ScheduledStopPoint:9022020534057002"/>
    <ForAlighting>true</ForAlighting>
    <ForBoarding>true</ForBoarding>
    <RequestStop>true</RequestStop>
</StopPointInJourneyPattern>
<StopPointInJourneyPattern order="7" version="any" id="SE:020:StopPointInJourneyPattern:205339415000011502_205330000028032191">
    <ScheduledStopPointRef ref="SE:020:ScheduledStopPoint:9022020534063001"/>
    <ForAlighting>true</ForAlighting>
    <ForBoarding>false</ForBoarding>
    <RequestStop>true</RequestStop>
</StopPointInJourneyPattern>
                            </pointsInSequence>
                            <linksInSequence>
<ServiceLinkInJourneyPattern order="1" version="any" id="SE:020:ServiceLinkInJourneyPattern:BUS_20921">
    <ServiceLinkRef ref="SE:020:ServiceLink:BUS_9025020053404402_9025020053404602"/>
</ServiceLinkInJourneyPattern>
<ServiceLinkInJourneyPattern order="2" version="any" id="SE:020:ServiceLinkInJourneyPattern:BUS_20922">
    <ServiceLinkRef ref="SE:020:ServiceLink:BUS_9025020053404602_9025020053404702"/>
</ServiceLinkInJourneyPattern>
<ServiceLinkInJourneyPattern order="3" version="any" id="SE:020:ServiceLinkInJourneyPattern:BUS_20923">
    <ServiceLinkRef ref="SE:020:ServiceLink:BUS_9025020053404702_9025020053405502"/>
</ServiceLinkInJourneyPattern>
<ServiceLinkInJourneyPattern order="4" version="any" id="SE:020:ServiceLinkInJourneyPattern:BUS_20924">
    <ServiceLinkRef ref="SE:020:ServiceLink:BUS_9025020053405502_9025020053411302"/>
</ServiceLinkInJourneyPattern>
<ServiceLinkInJourneyPattern order="5" version="any" id="SE:020:ServiceLinkInJourneyPattern:BUS_20925">
    <ServiceLinkRef ref="SE:020:ServiceLink:BUS_9025020053411302_9025020053405702"/>
</ServiceLinkInJourneyPattern>
<ServiceLinkInJourneyPattern order="6" version="any" id="SE:020:ServiceLinkInJourneyPattern:BUS_20926">
    <ServiceLinkRef ref="SE:020:ServiceLink:BUS_9025020053405702_9025020053406301"/>
</ServiceLinkInJourneyPattern>
                            </linksInSequence>
                        </JourneyPattern>
                    </journeyPatterns>
                </ServiceFrame>
                <TimetableFrame version="20241009025723" id="SE:020:TimetableFrame:9011020034200000">
                    <vehicleJourneys>
                        <ServiceJourney version="any" id="SE:020:ServiceJourney:205330000121834691">
                            <TransportMode>bus</TransportMode>
                            <TransportSubmode>
<BusSubmode>unknown</BusSubmode>
                            </TransportSubmode>
                            <dayTypes>
<DayTypeRef ref="SE:020:DayType:a61a3gv0bsu1386sbqrcbvdrrp895k56"/>
                            </dayTypes>
                            <JourneyPatternRef ref="SE:020:JourneyPattern:205339415000011502" version="any"/>
                            <OperatorRef ref="SE:020:Operator:9013020810000000"/>
                            <passingTimes>
<TimetabledPassingTime version="any" id="SE:020:TimetabledPassingTime:205330000121834682">
    <StopPointInJourneyPatternRef ref="SE:020:StopPointInJourneyPattern:205339415000011502_205330000028032185" version="any"/>
    <DepartureTime>15:15:00</DepartureTime>
</TimetabledPassingTime>
<TimetabledPassingTime version="any" id="SE:020:TimetabledPassingTime:205330000121834683">
    <StopPointInJourneyPatternRef ref="SE:020:StopPointInJourneyPattern:205339415000011502_205330000028032186" version="any"/>
    <ArrivalTime>15:20:00</ArrivalTime>
    <DepartureTime>15:20:00</DepartureTime>
</TimetabledPassingTime>
<TimetabledPassingTime version="any" id="SE:020:TimetabledPassingTime:205330000121834684">
    <StopPointInJourneyPatternRef ref="SE:020:StopPointInJourneyPattern:205339415000011502_205330000028032187" version="any"/>
    <ArrivalTime>15:26:53</ArrivalTime>
    <DepartureTime>15:26:53</DepartureTime>
</TimetabledPassingTime>
<TimetabledPassingTime version="any" id="SE:020:TimetabledPassingTime:205330000121834685">
    <StopPointInJourneyPatternRef ref="SE:020:StopPointInJourneyPattern:205339415000011502_205330000028032188" version="any"/>
    <ArrivalTime>15:27:37</ArrivalTime>
    <DepartureTime>15:27:37</DepartureTime>
</TimetabledPassingTime>
<TimetabledPassingTime version="any" id="SE:020:TimetabledPassingTime:205330000121834686">
    <StopPointInJourneyPatternRef ref="SE:020:StopPointInJourneyPattern:205339415000011502_205330000028032189" version="any"/>
    <ArrivalTime>15:29:00</ArrivalTime>
    <DepartureTime>15:29:00</DepartureTime>
</TimetabledPassingTime>
<TimetabledPassingTime version="any" id="SE:020:TimetabledPassingTime:205330000121834687">
    <StopPointInJourneyPatternRef ref="SE:020:StopPointInJourneyPattern:205339415000011502_205330000028032190" version="any"/>
    <ArrivalTime>15:33:30</ArrivalTime>
    <DepartureTime>15:33:30</DepartureTime>
</TimetabledPassingTime>
<TimetabledPassingTime version="any" id="SE:020:TimetabledPassingTime:205330000121834688">
    <StopPointInJourneyPatternRef ref="SE:020:StopPointInJourneyPattern:205339415000011502_205330000028032191" version="any"/>
    <ArrivalTime>15:38:00</ArrivalTime>
</TimetabledPassingTime>
                            </passingTimes>
                            <FlexibleServiceProperties>
<FlexibleServiceType>fixedPassingTimes</FlexibleServiceType>
<BookWhen>advanceOnly</BookWhen>
<BookingNote>Turen ska förbeställas senast 2 timmar före bussens avgångstid, gäller i vår app Dalatrafik eller via telefon 0774-44 00 00.</BookingNote>
                            </FlexibleServiceProperties>
                        </ServiceJourney>
                        <ServiceJourney version="any" id="SE:020:ServiceJourney:205330000121834657">
                            <TransportMode>bus</TransportMode>
                            <TransportSubmode>
<BusSubmode>unknown</BusSubmode>
                            </TransportSubmode>
                            <dayTypes>
<DayTypeRef ref="SE:020:DayType:jfegavqbvgrb24tp2hpa9lv7detjv5h5"/>
                            </dayTypes>
                            <JourneyPatternRef ref="SE:020:JourneyPattern:205339415000011502" version="any"/>
                            <OperatorRef ref="SE:020:Operator:9013020810000000"/>
                            <passingTimes>
<TimetabledPassingTime version="any" id="SE:020:TimetabledPassingTime:205330000121834648">
    <StopPointInJourneyPatternRef ref="SE:020:StopPointInJourneyPattern:205339415000011502_205330000028032185" version="any"/>
    <DepartureTime>09:50:00</DepartureTime>
</TimetabledPassingTime>
<TimetabledPassingTime version="any" id="SE:020:TimetabledPassingTime:205330000121834649">
    <StopPointInJourneyPatternRef ref="SE:020:StopPointInJourneyPattern:205339415000011502_205330000028032186" version="any"/>
    <ArrivalTime>09:55:00</ArrivalTime>
    <DepartureTime>09:55:00</DepartureTime>
</TimetabledPassingTime>
<TimetabledPassingTime version="any" id="SE:020:TimetabledPassingTime:205330000121834650">
    <StopPointInJourneyPatternRef ref="SE:020:StopPointInJourneyPattern:205339415000011502_205330000028032187" version="any"/>
    <ArrivalTime>10:01:53</ArrivalTime>
    <DepartureTime>10:01:53</DepartureTime>
</TimetabledPassingTime>
<TimetabledPassingTime version="any" id="SE:020:TimetabledPassingTime:205330000121834651">
    <StopPointInJourneyPatternRef ref="SE:020:StopPointInJourneyPattern:205339415000011502_205330000028032188" version="any"/>
    <ArrivalTime>10:02:37</ArrivalTime>
    <DepartureTime>10:02:37</DepartureTime>
</TimetabledPassingTime>
<TimetabledPassingTime version="any" id="SE:020:TimetabledPassingTime:205330000121834652">
    <StopPointInJourneyPatternRef ref="SE:020:StopPointInJourneyPattern:205339415000011502_205330000028032189" version="any"/>
    <ArrivalTime>10:04:00</ArrivalTime>
    <DepartureTime>10:04:00</DepartureTime>
</TimetabledPassingTime>
<TimetabledPassingTime version="any" id="SE:020:TimetabledPassingTime:205330000121834653">
    <StopPointInJourneyPatternRef ref="SE:020:StopPointInJourneyPattern:205339415000011502_205330000028032190" version="any"/>
    <ArrivalTime>10:08:30</ArrivalTime>
    <DepartureTime>10:08:30</DepartureTime>
</TimetabledPassingTime>
<TimetabledPassingTime version="any" id="SE:020:TimetabledPassingTime:205330000121834654">
    <StopPointInJourneyPatternRef ref="SE:020:StopPointInJourneyPattern:205339415000011502_205330000028032191" version="any"/>
    <ArrivalTime>10:13:00</ArrivalTime>
</TimetabledPassingTime>
                            </passingTimes>
                            <FlexibleServiceProperties>
<FlexibleServiceType>fixedPassingTimes</FlexibleServiceType>
<BookWhen>advanceOnly</BookWhen>
<BookingNote>Turen ska förbeställas senast 2 timmar före bussens avgångstid, gäller i vår app Dalatrafik eller via telefon 0774-44 00 00.</BookingNote>
                            </FlexibleServiceProperties>
                        </ServiceJourney>
                        <ServiceJourney version="any" id="SE:020:ServiceJourney:205330000121834673">
                            <TransportMode>bus</TransportMode>
                            <TransportSubmode>
<BusSubmode>unknown</BusSubmode>
                            </TransportSubmode>
                            <dayTypes>
<DayTypeRef ref="SE:020:DayType:7hpn953p2di929dqrqb9n34e417psm5n"/>
                            </dayTypes>
                            <JourneyPatternRef ref="SE:020:JourneyPattern:205339415000011502" version="any"/>
                            <OperatorRef ref="SE:020:Operator:9013020810000000"/>
                            <passingTimes>
<TimetabledPassingTime version="any" id="SE:020:TimetabledPassingTime:205330000121834664">
    <StopPointInJourneyPatternRef ref="SE:020:StopPointInJourneyPattern:205339415000011502_205330000028032185" version="any"/>
    <DepartureTime>16:47:00</DepartureTime>
</TimetabledPassingTime>
<TimetabledPassingTime version="any" id="SE:020:TimetabledPassingTime:205330000121834665">
    <StopPointInJourneyPatternRef ref="SE:020:StopPointInJourneyPattern:205339415000011502_205330000028032186" version="any"/>
    <ArrivalTime>16:52:00</ArrivalTime>
    <DepartureTime>16:52:00</DepartureTime>
</TimetabledPassingTime>
<TimetabledPassingTime version="any" id="SE:020:TimetabledPassingTime:205330000121834666">
    <StopPointInJourneyPatternRef ref="SE:020:StopPointInJourneyPattern:205339415000011502_205330000028032187" version="any"/>
    <ArrivalTime>16:58:53</ArrivalTime>
    <DepartureTime>16:58:53</DepartureTime>
</TimetabledPassingTime>
<TimetabledPassingTime version="any" id="SE:020:TimetabledPassingTime:205330000121834667">
    <StopPointInJourneyPatternRef ref="SE:020:StopPointInJourneyPattern:205339415000011502_205330000028032188" version="any"/>
    <ArrivalTime>16:59:37</ArrivalTime>
    <DepartureTime>16:59:37</DepartureTime>
</TimetabledPassingTime>
<TimetabledPassingTime version="any" id="SE:020:TimetabledPassingTime:205330000121834668">
    <StopPointInJourneyPatternRef ref="SE:020:StopPointInJourneyPattern:205339415000011502_205330000028032189" version="any"/>
    <ArrivalTime>17:01:00</ArrivalTime>
    <DepartureTime>17:01:00</DepartureTime>
</TimetabledPassingTime>
<TimetabledPassingTime version="any" id="SE:020:TimetabledPassingTime:205330000121834669">
    <StopPointInJourneyPatternRef ref="SE:020:StopPointInJourneyPattern:205339415000011502_205330000028032190" version="any"/>
    <ArrivalTime>17:05:30</ArrivalTime>
    <DepartureTime>17:05:30</DepartureTime>
</TimetabledPassingTime>
<TimetabledPassingTime version="any" id="SE:020:TimetabledPassingTime:205330000121834670">
    <StopPointInJourneyPatternRef ref="SE:020:StopPointInJourneyPattern:205339415000011502_205330000028032191" version="any"/>
    <ArrivalTime>17:10:00</ArrivalTime>
</TimetabledPassingTime>
                            </passingTimes>
                            <FlexibleServiceProperties>
<FlexibleServiceType>fixedPassingTimes</FlexibleServiceType>
<BookWhen>advanceOnly</BookWhen>
<BookingNote>Turen ska förbeställas senast 2 timmar före bussens avgångstid, gäller i vår app Dalatrafik eller via telefon 0774-44 00 00.</BookingNote>
                            </FlexibleServiceProperties>
                        </ServiceJourney>
                        <ServiceJourney version="any" id="SE:020:ServiceJourney:205330000121834733">
                            <TransportMode>bus</TransportMode>
                            <TransportSubmode>
<BusSubmode>unknown</BusSubmode>
                            </TransportSubmode>
                            <dayTypes>
<DayTypeRef ref="SE:020:DayType:7hpn953p2di929dqrqb9n34e417psm5n"/>
                            </dayTypes>
                            <JourneyPatternRef ref="SE:020:JourneyPattern:205339415000013115" version="any"/>
                            <OperatorRef ref="SE:020:Operator:9013020810000000"/>
                            <passingTimes>
<TimetabledPassingTime version="any" id="SE:020:TimetabledPassingTime:205330000121834724">
    <StopPointInJourneyPatternRef ref="SE:020:StopPointInJourneyPattern:205339415000013115_205330000028032207" version="any"/>
    <DepartureTime>16:20:00</DepartureTime>
</TimetabledPassingTime>
<TimetabledPassingTime version="any" id="SE:020:TimetabledPassingTime:205330000121834725">
    <StopPointInJourneyPatternRef ref="SE:020:StopPointInJourneyPattern:205339415000013115_205330000028032208" version="any"/>
    <ArrivalTime>16:22:07</ArrivalTime>
    <DepartureTime>16:22:07</DepartureTime>
</TimetabledPassingTime>
<TimetabledPassingTime version="any" id="SE:020:TimetabledPassingTime:205330000121834726">
    <StopPointInJourneyPatternRef ref="SE:020:StopPointInJourneyPattern:205339415000013115_205330000028032209" version="any"/>
    <ArrivalTime>16:25:00</ArrivalTime>
    <DepartureTime>16:25:00</DepartureTime>
</TimetabledPassingTime>
<TimetabledPassingTime version="any" id="SE:020:TimetabledPassingTime:205330000121834727">
    <StopPointInJourneyPatternRef ref="SE:020:StopPointInJourneyPattern:205339415000013115_205330000028032210" version="any"/>
    <ArrivalTime>16:25:17</ArrivalTime>
    <DepartureTime>16:25:17</DepartureTime>
</TimetabledPassingTime>
<TimetabledPassingTime version="any" id="SE:020:TimetabledPassingTime:205330000121834728">
    <StopPointInJourneyPatternRef ref="SE:020:StopPointInJourneyPattern:205339415000013115_205330000028032211" version="any"/>
    <ArrivalTime>16:25:49</ArrivalTime>
    <DepartureTime>16:25:49</DepartureTime>
</TimetabledPassingTime>
<TimetabledPassingTime version="any" id="SE:020:TimetabledPassingTime:205330000121834729">
    <StopPointInJourneyPatternRef ref="SE:020:StopPointInJourneyPattern:205339415000013115_205330000028032212" version="any"/>
    <ArrivalTime>16:34:00</ArrivalTime>
    <DepartureTime>16:34:00</DepartureTime>
</TimetabledPassingTime>
<TimetabledPassingTime version="any" id="SE:020:TimetabledPassingTime:205330000121834730">
    <StopPointInJourneyPatternRef ref="SE:020:StopPointInJourneyPattern:205339415000013115_205330000028032213" version="any"/>
    <ArrivalTime>16:45:00</ArrivalTime>
</TimetabledPassingTime>
                            </passingTimes>
                            <FlexibleServiceProperties>
<FlexibleServiceType>fixedPassingTimes</FlexibleServiceType>
<BookWhen>advanceOnly</BookWhen>
<BookingNote>Turen ska förbeställas senast 2 timmar före bussens avgångstid, gäller i vår app Dalatrafik eller via telefon 0774-44 00 00.</BookingNote>
                            </FlexibleServiceProperties>
                        </ServiceJourney>
                        <ServiceJourney version="any" id="SE:020:ServiceJourney:205330000121834711">
                            <TransportMode>bus</TransportMode>
                            <TransportSubmode>
<BusSubmode>unknown</BusSubmode>
                            </TransportSubmode>
                            <dayTypes>
<DayTypeRef ref="SE:020:DayType:jfegavqbvgrb24tp2hpa9lv7detjv5h5"/>
                            </dayTypes>
                            <JourneyPatternRef ref="SE:020:JourneyPattern:205339415000013115" version="any"/>
                            <OperatorRef ref="SE:020:Operator:9013020810000000"/>
                            <passingTimes>
<TimetabledPassingTime version="any" id="SE:020:TimetabledPassingTime:205330000121834702">
    <StopPointInJourneyPatternRef ref="SE:020:StopPointInJourneyPattern:205339415000013115_205330000028032207" version="any"/>
    <DepartureTime>09:15:00</DepartureTime>
</TimetabledPassingTime>
<TimetabledPassingTime version="any" id="SE:020:TimetabledPassingTime:205330000121834703">
    <StopPointInJourneyPatternRef ref="SE:020:StopPointInJourneyPattern:205339415000013115_205330000028032208" version="any"/>
    <ArrivalTime>09:17:07</ArrivalTime>
    <DepartureTime>09:17:07</DepartureTime>
</TimetabledPassingTime>
<TimetabledPassingTime version="any" id="SE:020:TimetabledPassingTime:205330000121834704">
    <StopPointInJourneyPatternRef ref="SE:020:StopPointInJourneyPattern:205339415000013115_205330000028032209" version="any"/>
    <ArrivalTime>09:20:00</ArrivalTime>
    <DepartureTime>09:20:00</DepartureTime>
</TimetabledPassingTime>
<TimetabledPassingTime version="any" id="SE:020:TimetabledPassingTime:205330000121834705">
    <StopPointInJourneyPatternRef ref="SE:020:StopPointInJourneyPattern:205339415000013115_205330000028032210" version="any"/>
    <ArrivalTime>09:20:17</ArrivalTime>
    <DepartureTime>09:20:17</DepartureTime>
</TimetabledPassingTime>
<TimetabledPassingTime version="any" id="SE:020:TimetabledPassingTime:205330000121834706">
    <StopPointInJourneyPatternRef ref="SE:020:StopPointInJourneyPattern:205339415000013115_205330000028032211" version="any"/>
    <ArrivalTime>09:20:49</ArrivalTime>
    <DepartureTime>09:20:49</DepartureTime>
</TimetabledPassingTime>
<TimetabledPassingTime version="any" id="SE:020:TimetabledPassingTime:205330000121834707">
    <StopPointInJourneyPatternRef ref="SE:020:StopPointInJourneyPattern:205339415000013115_205330000028032212" version="any"/>
    <ArrivalTime>09:29:00</ArrivalTime>
    <DepartureTime>09:29:00</DepartureTime>
</TimetabledPassingTime>
<TimetabledPassingTime version="any" id="SE:020:TimetabledPassingTime:205330000121834708">
    <StopPointInJourneyPatternRef ref="SE:020:StopPointInJourneyPattern:205339415000013115_205330000028032213" version="any"/>
    <ArrivalTime>09:40:00</ArrivalTime>
</TimetabledPassingTime>
                            </passingTimes>
                            <FlexibleServiceProperties>
<FlexibleServiceType>fixedPassingTimes</FlexibleServiceType>
<BookWhen>advanceOnly</BookWhen>
<BookingNote>Turen ska förbeställas senast 2 timmar före bussens avgångstid, gäller i vår app Dalatrafik eller via telefon 0774-44 00 00.</BookingNote>
                            </FlexibleServiceProperties>
                        </ServiceJourney>
                        <ServiceJourney version="any" id="SE:020:ServiceJourney:205330000121834757">
                            <TransportMode>bus</TransportMode>
                            <TransportSubmode>
<BusSubmode>unknown</BusSubmode>
                            </TransportSubmode>
                            <dayTypes>
<DayTypeRef ref="SE:020:DayType:a61a3gv0bsu1386sbqrcbvdrrp895k56"/>
                            </dayTypes>
                            <JourneyPatternRef ref="SE:020:JourneyPattern:205339415000013115" version="any"/>
                            <OperatorRef ref="SE:020:Operator:9013020810000000"/>
                            <passingTimes>
<TimetabledPassingTime version="any" id="SE:020:TimetabledPassingTime:205330000121834748">
    <StopPointInJourneyPatternRef ref="SE:020:StopPointInJourneyPattern:205339415000013115_205330000028032207" version="any"/>
    <DepartureTime>14:35:00</DepartureTime>
</TimetabledPassingTime>
<TimetabledPassingTime version="any" id="SE:020:TimetabledPassingTime:205330000121834749">
    <StopPointInJourneyPatternRef ref="SE:020:StopPointInJourneyPattern:205339415000013115_205330000028032208" version="any"/>
    <ArrivalTime>14:37:07</ArrivalTime>
    <DepartureTime>14:37:07</DepartureTime>
</TimetabledPassingTime>
<TimetabledPassingTime version="any" id="SE:020:TimetabledPassingTime:205330000121834750">
    <StopPointInJourneyPatternRef ref="SE:020:StopPointInJourneyPattern:205339415000013115_205330000028032209" version="any"/>
    <ArrivalTime>14:40:00</ArrivalTime>
    <DepartureTime>14:40:00</DepartureTime>
</TimetabledPassingTime>
<TimetabledPassingTime version="any" id="SE:020:TimetabledPassingTime:205330000121834751">
    <StopPointInJourneyPatternRef ref="SE:020:StopPointInJourneyPattern:205339415000013115_205330000028032210" version="any"/>
    <ArrivalTime>14:40:17</ArrivalTime>
    <DepartureTime>14:40:17</DepartureTime>
</TimetabledPassingTime>
<TimetabledPassingTime version="any" id="SE:020:TimetabledPassingTime:205330000121834752">
    <StopPointInJourneyPatternRef ref="SE:020:StopPointInJourneyPattern:205339415000013115_205330000028032211" version="any"/>
    <ArrivalTime>14:40:49</ArrivalTime>
    <DepartureTime>14:40:49</DepartureTime>
</TimetabledPassingTime>
<TimetabledPassingTime version="any" id="SE:020:TimetabledPassingTime:205330000121834753">
    <StopPointInJourneyPatternRef ref="SE:020:StopPointInJourneyPattern:205339415000013115_205330000028032212" version="any"/>
    <ArrivalTime>14:49:00</ArrivalTime>
    <DepartureTime>14:49:00</DepartureTime>
</TimetabledPassingTime>
<TimetabledPassingTime version="any" id="SE:020:TimetabledPassingTime:205330000121834754">
    <StopPointInJourneyPatternRef ref="SE:020:StopPointInJourneyPattern:205339415000013115_205330000028032213" version="any"/>
    <ArrivalTime>15:00:00</ArrivalTime>
</TimetabledPassingTime>
                            </passingTimes>
                            <FlexibleServiceProperties>
<FlexibleServiceType>fixedPassingTimes</FlexibleServiceType>
<BookWhen>advanceOnly</BookWhen>
<BookingNote>Turen ska förbeställas senast 2 timmar före bussens avgångstid, gäller i vår app Dalatrafik eller via telefon 0774-44 00 00.</BookingNote>
                            </FlexibleServiceProperties>
                        </ServiceJourney>
                    </vehicleJourneys>
                    <journeyInterchanges>
                        <ServiceJourneyInterchange version="any" id="SE:020:ServiceJourneyInterchange:205330000121834733_1">
                            <Priority>0</Priority>
                            <Guaranteed>false</Guaranteed>
                            <Advertised>true</Advertised>
                            <FromPointRef ref="SE:020:ScheduledStopPoint:9022020534063001"/>
                            <ToPointRef ref="SE:020:ScheduledStopPoint:9022020534063001"/>
                            <FromJourneyRef ref="SE:020:ServiceJourney:205330000122227966"/>
                            <ToJourneyRef ref="SE:020:ServiceJourney:205330000121834733" version="any"/>
                        </ServiceJourneyInterchange>
                        <ServiceJourneyInterchange version="any" id="SE:020:ServiceJourneyInterchange:205330000121834711_1">
                            <Priority>0</Priority>
                            <Guaranteed>false</Guaranteed>
                            <Advertised>true</Advertised>
                            <FromPointRef ref="SE:020:ScheduledStopPoint:9022020534063001"/>
                            <ToPointRef ref="SE:020:ScheduledStopPoint:9022020534063001"/>
                            <FromJourneyRef ref="SE:020:ServiceJourney:205330000116031077"/>
                            <ToJourneyRef ref="SE:020:ServiceJourney:205330000121834711" version="any"/>
                        </ServiceJourneyInterchange>
                        <ServiceJourneyInterchange version="any" id="SE:020:ServiceJourneyInterchange:205330000121834757_1">
                            <Priority>0</Priority>
                            <Guaranteed>false</Guaranteed>
                            <Advertised>true</Advertised>
                            <FromPointRef ref="SE:020:ScheduledStopPoint:9022020534063001"/>
                            <ToPointRef ref="SE:020:ScheduledStopPoint:9022020534063001"/>
                            <FromJourneyRef ref="SE:020:ServiceJourney:205330000121305558"/>
                            <ToJourneyRef ref="SE:020:ServiceJourney:205330000121834757" version="any"/>
                        </ServiceJourneyInterchange>
                    </journeyInterchanges>
                </TimetableFrame>
            </frames>
        </CompositeFrame>
    </dataObjects>
</PublicationDelivery>
