<?xml version="1.0" encoding="UTF-8" standalone="yes"?>
<PublicationDelivery xmlns="http://www.netex.org.uk/netex" xmlns:ns2="http://www.opengis.net/gml/3.2" xmlns:ns3="http://www.siri.org.uk/siri" xmlns:ns4="http://www.samtrafiken.se/netex" version="1.11:NO-NeTEx-networktimetable:1.3">
    <PublicationTimestamp>2024-10-09T02:57:23</PublicationTimestamp>
    <ParticipantRef>SAM</ParticipantRef>
    <dataObjects>
        <CompositeFrame created="2024-10-09T02:57:23" version="20241009025723" id="SE:020:CompositeFrame:9011020091100000">
            <ValidBetween>
                <FromDate>1970-01-01T00:00:00</FromDate>
            </ValidBetween>
            <codespaces>
                <Codespace id="SE:020">
                    <Xmlns>SE:020</Xmlns>
                    <XmlnsUrl>http://www.samtrafiken.se/ns/dt</XmlnsUrl>
                </Codespace>
            </codespaces>
            <FrameDefaults>
                <DefaultLocale>
                    <TimeZone>Europe/Stockholm</TimeZone>
                    <DefaultLanguage>se</DefaultLanguage>
                </DefaultLocale>
                <DefaultLocationSystem>4326</DefaultLocationSystem>
            </FrameDefaults>
            <frames>
                <ServiceFrame version="20241009025723" id="SE:020:ServiceFrame:9011020091100000">
                    <routes>
                        <Route version="any" id="SE:020:Route:205330000112927247">
                            <Name>Skolbuss</Name>
                            <LineRef ref="SE:020:Line:9011020091100000" version="150430"/>
                            <DirectionType>outbound</DirectionType>
                            <pointsInSequence>
<PointOnRoute order="1" version="any" id="SE:020:PointOnRoute:205330000112927252">
    <RoutePointRef ref="SE:020:RoutePoint:9022020585351001"/>
</PointOnRoute>
<PointOnRoute order="2" version="any" id="SE:020:PointOnRoute:205330000112927253">
    <RoutePointRef ref="SE:020:RoutePoint:9022020585931001"/>
</PointOnRoute>
<PointOnRoute order="3" version="any" id="SE:020:PointOnRoute:205330000112927254">
    <RoutePointRef ref="SE:020:RoutePoint:9022020585976001"/>
</PointOnRoute>
<PointOnRoute order="4" version="any" id="SE:020:PointOnRoute:205330000112927255">
    <RoutePointRef ref="SE:020:RoutePoint:9022020585348001"/>
</PointOnRoute>
<PointOnRoute order="5" version="any" id="SE:020:PointOnRoute:205330000112927256">
    <RoutePointRef ref="SE:020:RoutePoint:9022020585349001"/>
</PointOnRoute>
<PointOnRoute order="6" version="any" id="SE:020:PointOnRoute:205330000112927257">
    <RoutePointRef ref="SE:020:RoutePoint:9022020585979001"/>
</PointOnRoute>
<PointOnRoute order="7" version="any" id="SE:020:PointOnRoute:205330000112927258">
    <RoutePointRef ref="SE:020:RoutePoint:9022020585319001"/>
</PointOnRoute>
<PointOnRoute order="8" version="any" id="SE:020:PointOnRoute:205330000112927259">
    <RoutePointRef ref="SE:020:RoutePoint:9022020585340001"/>
</PointOnRoute>
<PointOnRoute order="9" version="any" id="SE:020:PointOnRoute:205330000112927260">
    <RoutePointRef ref="SE:020:RoutePoint:9022020585957001"/>
</PointOnRoute>
<PointOnRoute order="10" version="any" id="SE:020:PointOnRoute:205330000112927261">
    <RoutePointRef ref="SE:020:RoutePoint:9022020585331001"/>
</PointOnRoute>
<PointOnRoute order="11" version="any" id="SE:020:PointOnRoute:205330000112927262">
    <RoutePointRef ref="SE:020:RoutePoint:9022020585215001"/>
</PointOnRoute>
<PointOnRoute order="12" version="any" id="SE:020:PointOnRoute:205330000112927263">
    <RoutePointRef ref="SE:020:RoutePoint:9022020585174001"/>
</PointOnRoute>
<PointOnRoute order="13" version="any" id="SE:020:PointOnRoute:205330000112927264">
    <RoutePointRef ref="SE:020:RoutePoint:9022020585152001"/>
</PointOnRoute>
<PointOnRoute order="14" version="any" id="SE:020:PointOnRoute:205330000112927265">
    <RoutePointRef ref="SE:020:RoutePoint:9022020585980001"/>
</PointOnRoute>
<PointOnRoute order="15" version="any" id="SE:020:PointOnRoute:205330000112927266">
    <RoutePointRef ref="SE:020:RoutePoint:9022020585174001"/>
</PointOnRoute>
                            </pointsInSequence>
                        </Route>
                        <Route version="any" id="SE:020:Route:205330000112927278">
                            <Name>Skolbuss</Name>
                            <LineRef ref="SE:020:Line:9011020091100000" version="150430"/>
                            <DirectionType>inbound</DirectionType>
                            <pointsInSequence>
<PointOnRoute order="1" version="any" id="SE:020:PointOnRoute:205330000112927283">
    <RoutePointRef ref="SE:020:RoutePoint:9022020585174001"/>
</PointOnRoute>
<PointOnRoute order="2" version="any" id="SE:020:PointOnRoute:205330000112927284">
    <RoutePointRef ref="SE:020:RoutePoint:9022020585319001"/>
</PointOnRoute>
<PointOnRoute order="3" version="any" id="SE:020:PointOnRoute:205330000112927285">
    <RoutePointRef ref="SE:020:RoutePoint:9022020585340001"/>
</PointOnRoute>
<PointOnRoute order="4" version="any" id="SE:020:PointOnRoute:205330000112927286">
    <RoutePointRef ref="SE:020:RoutePoint:9022020585957001"/>
</PointOnRoute>
<PointOnRoute order="5" version="any" id="SE:020:PointOnRoute:205330000112927287">
    <RoutePointRef ref="SE:020:RoutePoint:9022020585339001"/>
</PointOnRoute>
<PointOnRoute order="6" version="any" id="SE:020:PointOnRoute:205330000112927288">
    <RoutePointRef ref="SE:020:RoutePoint:9022020585352001"/>
</PointOnRoute>
<PointOnRoute order="7" version="any" id="SE:020:PointOnRoute:205330000112927289">
    <RoutePointRef ref="SE:020:RoutePoint:9022020585331001"/>
</PointOnRoute>
<PointOnRoute order="8" version="any" id="SE:020:PointOnRoute:205330000112927290">
    <RoutePointRef ref="SE:020:RoutePoint:9022020585215001"/>
</PointOnRoute>
<PointOnRoute order="9" version="any" id="SE:020:PointOnRoute:205330000112927291">
    <RoutePointRef ref="SE:020:RoutePoint:9022020585174001"/>
</PointOnRoute>
<PointOnRoute order="10" version="any" id="SE:020:PointOnRoute:205330000112927292">
    <RoutePointRef ref="SE:020:RoutePoint:9022020585152001"/>
</PointOnRoute>
<PointOnRoute order="11" version="any" id="SE:020:PointOnRoute:205330000112927293">
    <RoutePointRef ref="SE:020:RoutePoint:9022020585980001"/>
</PointOnRoute>
<PointOnRoute order="12" version="any" id="SE:020:PointOnRoute:205330000112927294">
    <RoutePointRef ref="SE:020:RoutePoint:9022020585351001"/>
</PointOnRoute>
<PointOnRoute order="13" version="any" id="SE:020:PointOnRoute:205330000112927295">
    <RoutePointRef ref="SE:020:RoutePoint:9022020585931001"/>
</PointOnRoute>
<PointOnRoute order="14" version="any" id="SE:020:PointOnRoute:205330000112927296">
    <RoutePointRef ref="SE:020:RoutePoint:9022020585976001"/>
</PointOnRoute>
<PointOnRoute order="15" version="any" id="SE:020:PointOnRoute:205330000112927297">
    <RoutePointRef ref="SE:020:RoutePoint:9022020585348001"/>
</PointOnRoute>
<PointOnRoute order="16" version="any" id="SE:020:PointOnRoute:205330000112927298">
    <RoutePointRef ref="SE:020:RoutePoint:9022020585349001"/>
</PointOnRoute>
<PointOnRoute order="17" version="any" id="SE:020:PointOnRoute:205330000112927299">
    <RoutePointRef ref="SE:020:RoutePoint:9022020585979001"/>
</PointOnRoute>
                            </pointsInSequence>
                        </Route>
                        <Route version="any" id="SE:020:Route:205330000122734843">
                            <Name>Skolbuss</Name>
                            <LineRef ref="SE:020:Line:9011020091100000" version="150430"/>
                            <DirectionType>inbound</DirectionType>
                            <pointsInSequence>
<PointOnRoute order="1" version="any" id="SE:020:PointOnRoute:205330000122734848">
    <RoutePointRef ref="SE:020:RoutePoint:9022020585174001"/>
</PointOnRoute>
<PointOnRoute order="2" version="any" id="SE:020:PointOnRoute:205330000122734849">
    <RoutePointRef ref="SE:020:RoutePoint:9022020585319001"/>
</PointOnRoute>
<PointOnRoute order="3" version="any" id="SE:020:PointOnRoute:205330000122734850">
    <RoutePointRef ref="SE:020:RoutePoint:9022020585340001"/>
</PointOnRoute>
<PointOnRoute order="4" version="any" id="SE:020:PointOnRoute:205330000122734851">
    <RoutePointRef ref="SE:020:RoutePoint:9022020585352001"/>
</PointOnRoute>
<PointOnRoute order="5" version="any" id="SE:020:PointOnRoute:205330000122734852">
    <RoutePointRef ref="SE:020:RoutePoint:9022020585331001"/>
</PointOnRoute>
<PointOnRoute order="6" version="any" id="SE:020:PointOnRoute:205330000122734853">
    <RoutePointRef ref="SE:020:RoutePoint:9022020585152001"/>
</PointOnRoute>
<PointOnRoute order="7" version="any" id="SE:020:PointOnRoute:205330000122734854">
    <RoutePointRef ref="SE:020:RoutePoint:9022020585980001"/>
</PointOnRoute>
<PointOnRoute order="8" version="any" id="SE:020:PointOnRoute:205330000122734855">
    <RoutePointRef ref="SE:020:RoutePoint:9022020585351001"/>
</PointOnRoute>
<PointOnRoute order="9" version="any" id="SE:020:PointOnRoute:205330000122734856">
    <RoutePointRef ref="SE:020:RoutePoint:9022020585931001"/>
</PointOnRoute>
<PointOnRoute order="10" version="any" id="SE:020:PointOnRoute:205330000122734857">
    <RoutePointRef ref="SE:020:RoutePoint:9022020585976001"/>
</PointOnRoute>
<PointOnRoute order="11" version="any" id="SE:020:PointOnRoute:205330000122734858">
    <RoutePointRef ref="SE:020:RoutePoint:9022020585348001"/>
</PointOnRoute>
<PointOnRoute order="12" version="any" id="SE:020:PointOnRoute:205330000122734859">
    <RoutePointRef ref="SE:020:RoutePoint:9022020585349001"/>
</PointOnRoute>
<PointOnRoute order="13" version="any" id="SE:020:PointOnRoute:205330000122734860">
    <RoutePointRef ref="SE:020:RoutePoint:9022020585979001"/>
</PointOnRoute>
                            </pointsInSequence>
                        </Route>
                    </routes>
                    <lines>
                        <Line version="150430" id="SE:020:Line:9011020091100000">
                            <ValidBetween>
<FromDate>2015-04-30T00:00:00</FromDate>
                            </ValidBetween>
                            <Name>911</Name>
                            <TransportMode>bus</TransportMode>
                            <TransportSubmode>
<BusSubmode>unknown</BusSubmode>
                            </TransportSubmode>
                            <PublicCode>911</PublicCode>
                            <PrivateCode>911</PrivateCode>
                            <RepresentedByGroupRef ref="SE:020:Network:9010020000000000"/>
                        </Line>
                    </lines>
                    <journeyPatterns>
                        <JourneyPattern version="any" id="SE:020:JourneyPattern:205339415000024564">
                            <RouteRef ref="SE:020:Route:205330000112927247" version="any"/>
                            <pointsInSequence>
<StopPointInJourneyPattern order="1" version="any" id="SE:020:StopPointInJourneyPattern:205339415000024564_205330000112927252">
    <ScheduledStopPointRef ref="SE:020:ScheduledStopPoint:9022020585351001"/>
    <ForAlighting>false</ForAlighting>
    <ForBoarding>true</ForBoarding>
    <DestinationDisplayRef ref="SE:020:DestinationDisplay:205330000112927274"/>
    <RequestStop>true</RequestStop>
</StopPointInJourneyPattern>
<StopPointInJourneyPattern order="2" version="any" id="SE:020:StopPointInJourneyPattern:205339415000024564_205330000112927253">
    <ScheduledStopPointRef ref="SE:020:ScheduledStopPoint:9022020585931001"/>
    <ForAlighting>true</ForAlighting>
    <ForBoarding>true</ForBoarding>
    <RequestStop>true</RequestStop>
</StopPointInJourneyPattern>
<StopPointInJourneyPattern order="3" version="any" id="SE:020:StopPointInJourneyPattern:205339415000024564_205330000112927254">
    <ScheduledStopPointRef ref="SE:020:ScheduledStopPoint:9022020585976001"/>
    <ForAlighting>true</ForAlighting>
    <ForBoarding>true</ForBoarding>
    <RequestStop>true</RequestStop>
</StopPointInJourneyPattern>
<StopPointInJourneyPattern order="4" version="any" id="SE:020:StopPointInJourneyPattern:205339415000024564_205330000112927255">
    <ScheduledStopPointRef ref="SE:020:ScheduledStopPoint:9022020585348001"/>
    <ForAlighting>true</ForAlighting>
    <ForBoarding>true</ForBoarding>
    <RequestStop>true</RequestStop>
</StopPointInJourneyPattern>
<StopPointInJourneyPattern order="5" version="any" id="SE:020:StopPointInJourneyPattern:205339415000024564_205330000112927256">
    <ScheduledStopPointRef ref="SE:020:ScheduledStopPoint:9022020585349001"/>
    <ForAlighting>true</ForAlighting>
    <ForBoarding>true</ForBoarding>
    <RequestStop>true</RequestStop>
</StopPointInJourneyPattern>
<StopPointInJourneyPattern order="6" version="any" id="SE:020:StopPointInJourneyPattern:205339415000024564_205330000112927257">
    <ScheduledStopPointRef ref="SE:020:ScheduledStopPoint:9022020585979001"/>
    <ForAlighting>true</ForAlighting>
    <ForBoarding>true</ForBoarding>
    <RequestStop>true</RequestStop>
</StopPointInJourneyPattern>
<StopPointInJourneyPattern order="7" version="any" id="SE:020:StopPointInJourneyPattern:205339415000024564_205330000112927258">
    <ScheduledStopPointRef ref="SE:020:ScheduledStopPoint:9022020585319001"/>
    <ForAlighting>true</ForAlighting>
    <ForBoarding>true</ForBoarding>
    <RequestStop>true</RequestStop>
</StopPointInJourneyPattern>
<StopPointInJourneyPattern order="8" version="any" id="SE:020:StopPointInJourneyPattern:205339415000024564_205330000112927259">
    <ScheduledStopPointRef ref="SE:020:ScheduledStopPoint:9022020585340001"/>
    <ForAlighting>true</ForAlighting>
    <ForBoarding>true</ForBoarding>
    <RequestStop>true</RequestStop>
</StopPointInJourneyPattern>
<StopPointInJourneyPattern order="9" version="any" id="SE:020:StopPointInJourneyPattern:205339415000024564_205330000112927260">
    <ScheduledStopPointRef ref="SE:020:ScheduledStopPoint:9022020585957001"/>
    <ForAlighting>true</ForAlighting>
    <ForBoarding>true</ForBoarding>
    <RequestStop>true</RequestStop>
</StopPointInJourneyPattern>
<StopPointInJourneyPattern order="10" version="any" id="SE:020:StopPointInJourneyPattern:205339415000024564_205330000112927261">
    <ScheduledStopPointRef ref="SE:020:ScheduledStopPoint:9022020585331001"/>
    <ForAlighting>true</ForAlighting>
    <ForBoarding>true</ForBoarding>
    <RequestStop>true</RequestStop>
</StopPointInJourneyPattern>
<StopPointInJourneyPattern order="11" version="any" id="SE:020:StopPointInJourneyPattern:205339415000024564_205330000112927262">
    <ScheduledStopPointRef ref="SE:020:ScheduledStopPoint:9022020585215001"/>
    <ForAlighting>true</ForAlighting>
    <ForBoarding>true</ForBoarding>
    <RequestStop>true</RequestStop>
</StopPointInJourneyPattern>
<StopPointInJourneyPattern order="12" version="any" id="SE:020:StopPointInJourneyPattern:205339415000024564_205330000112927263">
    <ScheduledStopPointRef ref="SE:020:ScheduledStopPoint:9022020585174001"/>
    <ForAlighting>true</ForAlighting>
    <ForBoarding>true</ForBoarding>
    <RequestStop>true</RequestStop>
</StopPointInJourneyPattern>
<StopPointInJourneyPattern order="13" version="any" id="SE:020:StopPointInJourneyPattern:205339415000024564_205330000112927264">
    <ScheduledStopPointRef ref="SE:020:ScheduledStopPoint:9022020585152001"/>
    <ForAlighting>true</ForAlighting>
    <ForBoarding>true</ForBoarding>
    <RequestStop>true</RequestStop>
</StopPointInJourneyPattern>
<StopPointInJourneyPattern order="14" version="any" id="SE:020:StopPointInJourneyPattern:205339415000024564_205330000112927265">
    <ScheduledStopPointRef ref="SE:020:ScheduledStopPoint:9022020585980001"/>
    <ForAlighting>true</ForAlighting>
    <ForBoarding>true</ForBoarding>
    <RequestStop>true</RequestStop>
</StopPointInJourneyPattern>
<StopPointInJourneyPattern order="15" version="any" id="SE:020:StopPointInJourneyPattern:205339415000024564_205330000112927266">
    <ScheduledStopPointRef ref="SE:020:ScheduledStopPoint:9022020585174001"/>
    <ForAlighting>true</ForAlighting>
    <ForBoarding>false</ForBoarding>
    <RequestStop>true</RequestStop>
</StopPointInJourneyPattern>
                            </pointsInSequence>
                            <linksInSequence>
<ServiceLinkInJourneyPattern order="1" version="any" id="SE:020:ServiceLinkInJourneyPattern:BUS_33388">
    <ServiceLinkRef ref="SE:020:ServiceLink:BUS_9025020058535101_9025020058593101"/>
</ServiceLinkInJourneyPattern>
<ServiceLinkInJourneyPattern order="2" version="any" id="SE:020:ServiceLinkInJourneyPattern:BUS_33389">
    <ServiceLinkRef ref="SE:020:ServiceLink:BUS_9025020058593101_9025020058597601"/>
</ServiceLinkInJourneyPattern>
<ServiceLinkInJourneyPattern order="3" version="any" id="SE:020:ServiceLinkInJourneyPattern:BUS_33390">
    <ServiceLinkRef ref="SE:020:ServiceLink:BUS_9025020058597601_9025020058534801"/>
</ServiceLinkInJourneyPattern>
<ServiceLinkInJourneyPattern order="4" version="any" id="SE:020:ServiceLinkInJourneyPattern:BUS_33391">
    <ServiceLinkRef ref="SE:020:ServiceLink:BUS_9025020058534801_9025020058534901"/>
</ServiceLinkInJourneyPattern>
<ServiceLinkInJourneyPattern order="5" version="any" id="SE:020:ServiceLinkInJourneyPattern:BUS_33392">
    <ServiceLinkRef ref="SE:020:ServiceLink:BUS_9025020058534901_9025020058597901"/>
</ServiceLinkInJourneyPattern>
<ServiceLinkInJourneyPattern order="6" version="any" id="SE:020:ServiceLinkInJourneyPattern:BUS_33393">
    <ServiceLinkRef ref="SE:020:ServiceLink:BUS_9025020058597901_9025020058531901"/>
</ServiceLinkInJourneyPattern>
<ServiceLinkInJourneyPattern order="7" version="any" id="SE:020:ServiceLinkInJourneyPattern:BUS_33394">
    <ServiceLinkRef ref="SE:020:ServiceLink:BUS_9025020058531901_9025020058534001"/>
</ServiceLinkInJourneyPattern>
<ServiceLinkInJourneyPattern order="8" version="any" id="SE:020:ServiceLinkInJourneyPattern:BUS_33395">
    <ServiceLinkRef ref="SE:020:ServiceLink:BUS_9025020058534001_9025020058595701"/>
</ServiceLinkInJourneyPattern>
<ServiceLinkInJourneyPattern order="9" version="any" id="SE:020:ServiceLinkInJourneyPattern:BUS_33396">
    <ServiceLinkRef ref="SE:020:ServiceLink:BUS_9025020058595701_9025020058533101"/>
</ServiceLinkInJourneyPattern>
<ServiceLinkInJourneyPattern order="10" version="any" id="SE:020:ServiceLinkInJourneyPattern:BUS_33397">
    <ServiceLinkRef ref="SE:020:ServiceLink:BUS_9025020058533101_9025020058521501"/>
</ServiceLinkInJourneyPattern>
<ServiceLinkInJourneyPattern order="11" version="any" id="SE:020:ServiceLinkInJourneyPattern:BUS_33398">
    <ServiceLinkRef ref="SE:020:ServiceLink:BUS_9025020058521501_9025020058517401"/>
</ServiceLinkInJourneyPattern>
<ServiceLinkInJourneyPattern order="12" version="any" id="SE:020:ServiceLinkInJourneyPattern:BUS_33399">
    <ServiceLinkRef ref="SE:020:ServiceLink:BUS_9025020058517401_9025020058515201"/>
</ServiceLinkInJourneyPattern>
<ServiceLinkInJourneyPattern order="13" version="any" id="SE:020:ServiceLinkInJourneyPattern:BUS_33400">
    <ServiceLinkRef ref="SE:020:ServiceLink:BUS_9025020058515201_9025020058598001"/>
</ServiceLinkInJourneyPattern>
<ServiceLinkInJourneyPattern order="14" version="any" id="SE:020:ServiceLinkInJourneyPattern:BUS_33401">
    <ServiceLinkRef ref="SE:020:ServiceLink:BUS_9025020058598001_9025020058517401"/>
</ServiceLinkInJourneyPattern>
                            </linksInSequence>
                        </JourneyPattern>
                        <JourneyPattern version="any" id="SE:020:JourneyPattern:205339415000025632">
                            <RouteRef ref="SE:020:Route:205330000112927247" version="any"/>
                            <pointsInSequence>
<StopPointInJourneyPattern order="1" version="any" id="SE:020:StopPointInJourneyPattern:205339415000025632_205330000112927252">
    <ScheduledStopPointRef ref="SE:020:ScheduledStopPoint:9022020585351001"/>
    <ForAlighting>false</ForAlighting>
    <ForBoarding>true</ForBoarding>
    <DestinationDisplayRef ref="SE:020:DestinationDisplay:205330000115274338"/>
    <RequestStop>true</RequestStop>
</StopPointInJourneyPattern>
<StopPointInJourneyPattern order="2" version="any" id="SE:020:StopPointInJourneyPattern:205339415000025632_205330000112927253">
    <ScheduledStopPointRef ref="SE:020:ScheduledStopPoint:9022020585931001"/>
    <ForAlighting>true</ForAlighting>
    <ForBoarding>true</ForBoarding>
    <RequestStop>true</RequestStop>
</StopPointInJourneyPattern>
<StopPointInJourneyPattern order="3" version="any" id="SE:020:StopPointInJourneyPattern:205339415000025632_205330000112927254">
    <ScheduledStopPointRef ref="SE:020:ScheduledStopPoint:9022020585976001"/>
    <ForAlighting>true</ForAlighting>
    <ForBoarding>true</ForBoarding>
    <RequestStop>true</RequestStop>
</StopPointInJourneyPattern>
<StopPointInJourneyPattern order="4" version="any" id="SE:020:StopPointInJourneyPattern:205339415000025632_205330000112927255">
    <ScheduledStopPointRef ref="SE:020:ScheduledStopPoint:9022020585348001"/>
    <ForAlighting>true</ForAlighting>
    <ForBoarding>true</ForBoarding>
    <RequestStop>true</RequestStop>
</StopPointInJourneyPattern>
<StopPointInJourneyPattern order="5" version="any" id="SE:020:StopPointInJourneyPattern:205339415000025632_205330000112927256">
    <ScheduledStopPointRef ref="SE:020:ScheduledStopPoint:9022020585349001"/>
    <ForAlighting>true</ForAlighting>
    <ForBoarding>true</ForBoarding>
    <RequestStop>true</RequestStop>
</StopPointInJourneyPattern>
<StopPointInJourneyPattern order="6" version="any" id="SE:020:StopPointInJourneyPattern:205339415000025632_205330000112927257">
    <ScheduledStopPointRef ref="SE:020:ScheduledStopPoint:9022020585979001"/>
    <ForAlighting>true</ForAlighting>
    <ForBoarding>true</ForBoarding>
    <RequestStop>true</RequestStop>
</StopPointInJourneyPattern>
<StopPointInJourneyPattern order="7" version="any" id="SE:020:StopPointInJourneyPattern:205339415000025632_205330000112927258">
    <ScheduledStopPointRef ref="SE:020:ScheduledStopPoint:9022020585319001"/>
    <ForAlighting>true</ForAlighting>
    <ForBoarding>true</ForBoarding>
    <RequestStop>true</RequestStop>
</StopPointInJourneyPattern>
<StopPointInJourneyPattern order="8" version="any" id="SE:020:StopPointInJourneyPattern:205339415000025632_205330000112927259">
    <ScheduledStopPointRef ref="SE:020:ScheduledStopPoint:9022020585340001"/>
    <ForAlighting>true</ForAlighting>
    <ForBoarding>true</ForBoarding>
    <RequestStop>true</RequestStop>
</StopPointInJourneyPattern>
<StopPointInJourneyPattern order="9" version="any" id="SE:020:StopPointInJourneyPattern:205339415000025632_205330000112927260">
    <ScheduledStopPointRef ref="SE:020:ScheduledStopPoint:9022020585957001"/>
    <ForAlighting>true</ForAlighting>
    <ForBoarding>true</ForBoarding>
    <RequestStop>true</RequestStop>
</StopPointInJourneyPattern>
<StopPointInJourneyPattern order="10" version="any" id="SE:020:StopPointInJourneyPattern:205339415000025632_205330000112927261">
    <ScheduledStopPointRef ref="SE:020:ScheduledStopPoint:9022020585331001"/>
    <ForAlighting>true</ForAlighting>
    <ForBoarding>true</ForBoarding>
    <RequestStop>true</RequestStop>
</StopPointInJourneyPattern>
<StopPointInJourneyPattern order="11" version="any" id="SE:020:StopPointInJourneyPattern:205339415000025632_205330000112927262">
    <ScheduledStopPointRef ref="SE:020:ScheduledStopPoint:9022020585215001"/>
    <ForAlighting>true</ForAlighting>
    <ForBoarding>true</ForBoarding>
    <RequestStop>true</RequestStop>
</StopPointInJourneyPattern>
<StopPointInJourneyPattern order="12" version="any" id="SE:020:StopPointInJourneyPattern:205339415000025632_205330000112927263">
    <ScheduledStopPointRef ref="SE:020:ScheduledStopPoint:9022020585174001"/>
    <ForAlighting>true</ForAlighting>
    <ForBoarding>true</ForBoarding>
    <RequestStop>true</RequestStop>
</StopPointInJourneyPattern>
<StopPointInJourneyPattern order="13" version="any" id="SE:020:StopPointInJourneyPattern:205339415000025632_205330000112927264">
    <ScheduledStopPointRef ref="SE:020:ScheduledStopPoint:9022020585152001"/>
    <ForAlighting>true</ForAlighting>
    <ForBoarding>true</ForBoarding>
    <RequestStop>true</RequestStop>
</StopPointInJourneyPattern>
<StopPointInJourneyPattern order="14" version="any" id="SE:020:StopPointInJourneyPattern:205339415000025632_205330000112927265">
    <ScheduledStopPointRef ref="SE:020:ScheduledStopPoint:9022020585980001"/>
    <ForAlighting>true</ForAlighting>
    <ForBoarding>true</ForBoarding>
    <RequestStop>true</RequestStop>
</StopPointInJourneyPattern>
<StopPointInJourneyPattern order="15" version="any" id="SE:020:StopPointInJourneyPattern:205339415000025632_205330000112927266">
    <ScheduledStopPointRef ref="SE:020:ScheduledStopPoint:9022020585174001"/>
    <ForAlighting>true</ForAlighting>
    <ForBoarding>false</ForBoarding>
    <RequestStop>true</RequestStop>
</StopPointInJourneyPattern>
                            </pointsInSequence>
                            <linksInSequence>
<ServiceLinkInJourneyPattern order="1" version="any" id="SE:020:ServiceLinkInJourneyPattern:BUS_33402">
    <ServiceLinkRef ref="SE:020:ServiceLink:BUS_9025020058535101_9025020058593101"/>
</ServiceLinkInJourneyPattern>
<ServiceLinkInJourneyPattern order="2" version="any" id="SE:020:ServiceLinkInJourneyPattern:BUS_33403">
    <ServiceLinkRef ref="SE:020:ServiceLink:BUS_9025020058593101_9025020058597601"/>
</ServiceLinkInJourneyPattern>
<ServiceLinkInJourneyPattern order="3" version="any" id="SE:020:ServiceLinkInJourneyPattern:BUS_33404">
    <ServiceLinkRef ref="SE:020:ServiceLink:BUS_9025020058597601_9025020058534801"/>
</ServiceLinkInJourneyPattern>
<ServiceLinkInJourneyPattern order="4" version="any" id="SE:020:ServiceLinkInJourneyPattern:BUS_33405">
    <ServiceLinkRef ref="SE:020:ServiceLink:BUS_9025020058534801_9025020058534901"/>
</ServiceLinkInJourneyPattern>
<ServiceLinkInJourneyPattern order="5" version="any" id="SE:020:ServiceLinkInJourneyPattern:BUS_33406">
    <ServiceLinkRef ref="SE:020:ServiceLink:BUS_9025020058534901_9025020058597901"/>
</ServiceLinkInJourneyPattern>
<ServiceLinkInJourneyPattern order="6" version="any" id="SE:020:ServiceLinkInJourneyPattern:BUS_33407">
    <ServiceLinkRef ref="SE:020:ServiceLink:BUS_9025020058597901_9025020058531901"/>
</ServiceLinkInJourneyPattern>
<ServiceLinkInJourneyPattern order="7" version="any" id="SE:020:ServiceLinkInJourneyPattern:BUS_33408">
    <ServiceLinkRef ref="SE:020:ServiceLink:BUS_9025020058531901_9025020058534001"/>
</ServiceLinkInJourneyPattern>
<ServiceLinkInJourneyPattern order="8" version="any" id="SE:020:ServiceLinkInJourneyPattern:BUS_33409">
    <ServiceLinkRef ref="SE:020:ServiceLink:BUS_9025020058534001_9025020058595701"/>
</ServiceLinkInJourneyPattern>
<ServiceLinkInJourneyPattern order="9" version="any" id="SE:020:ServiceLinkInJourneyPattern:BUS_33410">
    <ServiceLinkRef ref="SE:020:ServiceLink:BUS_9025020058595701_9025020058533101"/>
</ServiceLinkInJourneyPattern>
<ServiceLinkInJourneyPattern order="10" version="any" id="SE:020:ServiceLinkInJourneyPattern:BUS_33411">
    <ServiceLinkRef ref="SE:020:ServiceLink:BUS_9025020058533101_9025020058521501"/>
</ServiceLinkInJourneyPattern>
<ServiceLinkInJourneyPattern order="11" version="any" id="SE:020:ServiceLinkInJourneyPattern:BUS_33412">
    <ServiceLinkRef ref="SE:020:ServiceLink:BUS_9025020058521501_9025020058517401"/>
</ServiceLinkInJourneyPattern>
<ServiceLinkInJourneyPattern order="12" version="any" id="SE:020:ServiceLinkInJourneyPattern:BUS_33413">
    <ServiceLinkRef ref="SE:020:ServiceLink:BUS_9025020058517401_9025020058515201"/>
</ServiceLinkInJourneyPattern>
<ServiceLinkInJourneyPattern order="13" version="any" id="SE:020:ServiceLinkInJourneyPattern:BUS_33414">
    <ServiceLinkRef ref="SE:020:ServiceLink:BUS_9025020058515201_9025020058598001"/>
</ServiceLinkInJourneyPattern>
<ServiceLinkInJourneyPattern order="14" version="any" id="SE:020:ServiceLinkInJourneyPattern:BUS_33415">
    <ServiceLinkRef ref="SE:020:ServiceLink:BUS_9025020058598001_9025020058517401"/>
</ServiceLinkInJourneyPattern>
                            </linksInSequence>
                        </JourneyPattern>
                        <JourneyPattern version="any" id="SE:020:JourneyPattern:205339415000024565">
                            <RouteRef ref="SE:020:Route:205330000112927278" version="any"/>
                            <pointsInSequence>
<StopPointInJourneyPattern order="1" version="any" id="SE:020:StopPointInJourneyPattern:205339415000024565_205330000112927283">
    <ScheduledStopPointRef ref="SE:020:ScheduledStopPoint:9022020585174001"/>
    <ForAlighting>false</ForAlighting>
    <ForBoarding>true</ForBoarding>
    <DestinationDisplayRef ref="SE:020:DestinationDisplay:205330000112927307"/>
    <RequestStop>true</RequestStop>
</StopPointInJourneyPattern>
<StopPointInJourneyPattern order="2" version="any" id="SE:020:StopPointInJourneyPattern:205339415000024565_205330000112927284">
    <ScheduledStopPointRef ref="SE:020:ScheduledStopPoint:9022020585319001"/>
    <ForAlighting>true</ForAlighting>
    <ForBoarding>true</ForBoarding>
    <RequestStop>true</RequestStop>
</StopPointInJourneyPattern>
<StopPointInJourneyPattern order="3" version="any" id="SE:020:StopPointInJourneyPattern:205339415000024565_205330000112927285">
    <ScheduledStopPointRef ref="SE:020:ScheduledStopPoint:9022020585340001"/>
    <ForAlighting>true</ForAlighting>
    <ForBoarding>true</ForBoarding>
    <RequestStop>true</RequestStop>
</StopPointInJourneyPattern>
<StopPointInJourneyPattern order="4" version="any" id="SE:020:StopPointInJourneyPattern:205339415000024565_205330000112927286">
    <ScheduledStopPointRef ref="SE:020:ScheduledStopPoint:9022020585957001"/>
    <ForAlighting>true</ForAlighting>
    <ForBoarding>true</ForBoarding>
    <RequestStop>true</RequestStop>
</StopPointInJourneyPattern>
<StopPointInJourneyPattern order="5" version="any" id="SE:020:StopPointInJourneyPattern:205339415000024565_205330000112927287">
    <ScheduledStopPointRef ref="SE:020:ScheduledStopPoint:9022020585339001"/>
    <ForAlighting>true</ForAlighting>
    <ForBoarding>true</ForBoarding>
    <RequestStop>true</RequestStop>
</StopPointInJourneyPattern>
<StopPointInJourneyPattern order="6" version="any" id="SE:020:StopPointInJourneyPattern:205339415000024565_205330000112927288">
    <ScheduledStopPointRef ref="SE:020:ScheduledStopPoint:9022020585352001"/>
    <ForAlighting>true</ForAlighting>
    <ForBoarding>true</ForBoarding>
    <RequestStop>true</RequestStop>
</StopPointInJourneyPattern>
<StopPointInJourneyPattern order="7" version="any" id="SE:020:StopPointInJourneyPattern:205339415000024565_205330000112927289">
    <ScheduledStopPointRef ref="SE:020:ScheduledStopPoint:9022020585331001"/>
    <ForAlighting>true</ForAlighting>
    <ForBoarding>true</ForBoarding>
    <RequestStop>true</RequestStop>
</StopPointInJourneyPattern>
<StopPointInJourneyPattern order="8" version="any" id="SE:020:StopPointInJourneyPattern:205339415000024565_205330000112927290">
    <ScheduledStopPointRef ref="SE:020:ScheduledStopPoint:9022020585215001"/>
    <ForAlighting>true</ForAlighting>
    <ForBoarding>true</ForBoarding>
    <RequestStop>true</RequestStop>
</StopPointInJourneyPattern>
<StopPointInJourneyPattern order="9" version="any" id="SE:020:StopPointInJourneyPattern:205339415000024565_205330000112927291">
    <ScheduledStopPointRef ref="SE:020:ScheduledStopPoint:9022020585174001"/>
    <ForAlighting>true</ForAlighting>
    <ForBoarding>true</ForBoarding>
    <RequestStop>true</RequestStop>
</StopPointInJourneyPattern>
<StopPointInJourneyPattern order="10" version="any" id="SE:020:StopPointInJourneyPattern:205339415000024565_205330000112927292">
    <ScheduledStopPointRef ref="SE:020:ScheduledStopPoint:9022020585152001"/>
    <ForAlighting>true</ForAlighting>
    <ForBoarding>true</ForBoarding>
    <RequestStop>true</RequestStop>
</StopPointInJourneyPattern>
<StopPointInJourneyPattern order="11" version="any" id="SE:020:StopPointInJourneyPattern:205339415000024565_205330000112927293">
    <ScheduledStopPointRef ref="SE:020:ScheduledStopPoint:9022020585980001"/>
    <ForAlighting>true</ForAlighting>
    <ForBoarding>true</ForBoarding>
    <RequestStop>true</RequestStop>
</StopPointInJourneyPattern>
<StopPointInJourneyPattern order="12" version="any" id="SE:020:StopPointInJourneyPattern:205339415000024565_205330000112927294">
    <ScheduledStopPointRef ref="SE:020:ScheduledStopPoint:9022020585351001"/>
    <ForAlighting>true</ForAlighting>
    <ForBoarding>true</ForBoarding>
    <RequestStop>true</RequestStop>
</StopPointInJourneyPattern>
<StopPointInJourneyPattern order="13" version="any" id="SE:020:StopPointInJourneyPattern:205339415000024565_205330000112927295">
    <ScheduledStopPointRef ref="SE:020:ScheduledStopPoint:9022020585931001"/>
    <ForAlighting>true</ForAlighting>
    <ForBoarding>true</ForBoarding>
    <RequestStop>true</RequestStop>
</StopPointInJourneyPattern>
<StopPointInJourneyPattern order="14" version="any" id="SE:020:StopPointInJourneyPattern:205339415000024565_205330000112927296">
    <ScheduledStopPointRef ref="SE:020:ScheduledStopPoint:9022020585976001"/>
    <ForAlighting>true</ForAlighting>
    <ForBoarding>true</ForBoarding>
    <RequestStop>true</RequestStop>
</StopPointInJourneyPattern>
<StopPointInJourneyPattern order="15" version="any" id="SE:020:StopPointInJourneyPattern:205339415000024565_205330000112927297">
    <ScheduledStopPointRef ref="SE:020:ScheduledStopPoint:9022020585348001"/>
    <ForAlighting>true</ForAlighting>
    <ForBoarding>true</ForBoarding>
    <RequestStop>true</RequestStop>
</StopPointInJourneyPattern>
<StopPointInJourneyPattern order="16" version="any" id="SE:020:StopPointInJourneyPattern:205339415000024565_205330000112927298">
    <ScheduledStopPointRef ref="SE:020:ScheduledStopPoint:9022020585349001"/>
    <ForAlighting>true</ForAlighting>
    <ForBoarding>true</ForBoarding>
    <RequestStop>true</RequestStop>
</StopPointInJourneyPattern>
<StopPointInJourneyPattern order="17" version="any" id="SE:020:StopPointInJourneyPattern:205339415000024565_205330000112927299">
    <ScheduledStopPointRef ref="SE:020:ScheduledStopPoint:9022020585979001"/>
    <ForAlighting>true</ForAlighting>
    <ForBoarding>false</ForBoarding>
    <RequestStop>true</RequestStop>
</StopPointInJourneyPattern>
                            </pointsInSequence>
                            <linksInSequence>
<ServiceLinkInJourneyPattern order="1" version="any" id="SE:020:ServiceLinkInJourneyPattern:BUS_33416">
    <ServiceLinkRef ref="SE:020:ServiceLink:BUS_9025020058517401_9025020058531901"/>
</ServiceLinkInJourneyPattern>
<ServiceLinkInJourneyPattern order="2" version="any" id="SE:020:ServiceLinkInJourneyPattern:BUS_33417">
    <ServiceLinkRef ref="SE:020:ServiceLink:BUS_9025020058531901_9025020058534001"/>
</ServiceLinkInJourneyPattern>
<ServiceLinkInJourneyPattern order="3" version="any" id="SE:020:ServiceLinkInJourneyPattern:BUS_33418">
    <ServiceLinkRef ref="SE:020:ServiceLink:BUS_9025020058534001_9025020058595701"/>
</ServiceLinkInJourneyPattern>
<ServiceLinkInJourneyPattern order="4" version="any" id="SE:020:ServiceLinkInJourneyPattern:BUS_33419">
    <ServiceLinkRef ref="SE:020:ServiceLink:BUS_9025020058595701_9025020058533901"/>
</ServiceLinkInJourneyPattern>
<ServiceLinkInJourneyPattern order="5" version="any" id="SE:020:ServiceLinkInJourneyPattern:BUS_33420">
    <ServiceLinkRef ref="SE:020:ServiceLink:BUS_9025020058533901_9025020058535201"/>
</ServiceLinkInJourneyPattern>
<ServiceLinkInJourneyPattern order="6" version="any" id="SE:020:ServiceLinkInJourneyPattern:BUS_33421">
    <ServiceLinkRef ref="SE:020:ServiceLink:BUS_9025020058535201_9025020058533101"/>
</ServiceLinkInJourneyPattern>
<ServiceLinkInJourneyPattern order="7" version="any" id="SE:020:ServiceLinkInJourneyPattern:BUS_33422">
    <ServiceLinkRef ref="SE:020:ServiceLink:BUS_9025020058533101_9025020058521501"/>
</ServiceLinkInJourneyPattern>
<ServiceLinkInJourneyPattern order="8" version="any" id="SE:020:ServiceLinkInJourneyPattern:BUS_33423">
    <ServiceLinkRef ref="SE:020:ServiceLink:BUS_9025020058521501_9025020058517401"/>
</ServiceLinkInJourneyPattern>
<ServiceLinkInJourneyPattern order="9" version="any" id="SE:020:ServiceLinkInJourneyPattern:BUS_33424">
    <ServiceLinkRef ref="SE:020:ServiceLink:BUS_9025020058517401_9025020058515201"/>
</ServiceLinkInJourneyPattern>
<ServiceLinkInJourneyPattern order="10" version="any" id="SE:020:ServiceLinkInJourneyPattern:BUS_33425">
    <ServiceLinkRef ref="SE:020:ServiceLink:BUS_9025020058515201_9025020058598001"/>
</ServiceLinkInJourneyPattern>
<ServiceLinkInJourneyPattern order="11" version="any" id="SE:020:ServiceLinkInJourneyPattern:BUS_33426">
    <ServiceLinkRef ref="SE:020:ServiceLink:BUS_9025020058598001_9025020058535101"/>
</ServiceLinkInJourneyPattern>
<ServiceLinkInJourneyPattern order="12" version="any" id="SE:020:ServiceLinkInJourneyPattern:BUS_33427">
    <ServiceLinkRef ref="SE:020:ServiceLink:BUS_9025020058535101_9025020058593101"/>
</ServiceLinkInJourneyPattern>
<ServiceLinkInJourneyPattern order="13" version="any" id="SE:020:ServiceLinkInJourneyPattern:BUS_33428">
    <ServiceLinkRef ref="SE:020:ServiceLink:BUS_9025020058593101_9025020058597601"/>
</ServiceLinkInJourneyPattern>
<ServiceLinkInJourneyPattern order="14" version="any" id="SE:020:ServiceLinkInJourneyPattern:BUS_33429">
    <ServiceLinkRef ref="SE:020:ServiceLink:BUS_9025020058597601_9025020058534801"/>
</ServiceLinkInJourneyPattern>
<ServiceLinkInJourneyPattern order="15" version="any" id="SE:020:ServiceLinkInJourneyPattern:BUS_33430">
    <ServiceLinkRef ref="SE:020:ServiceLink:BUS_9025020058534801_9025020058534901"/>
</ServiceLinkInJourneyPattern>
<ServiceLinkInJourneyPattern order="16" version="any" id="SE:020:ServiceLinkInJourneyPattern:BUS_33431">
    <ServiceLinkRef ref="SE:020:ServiceLink:BUS_9025020058534901_9025020058597901"/>
</ServiceLinkInJourneyPattern>
                            </linksInSequence>
                        </JourneyPattern>
                        <JourneyPattern version="any" id="SE:020:JourneyPattern:205339415000025633">
                            <RouteRef ref="SE:020:Route:205330000112927278" version="any"/>
                            <pointsInSequence>
<StopPointInJourneyPattern order="1" version="any" id="SE:020:StopPointInJourneyPattern:205339415000025633_205330000112927283">
    <ScheduledStopPointRef ref="SE:020:ScheduledStopPoint:9022020585174001"/>
    <ForAlighting>false</ForAlighting>
    <ForBoarding>true</ForBoarding>
    <DestinationDisplayRef ref="SE:020:DestinationDisplay:205330000115274352"/>
    <RequestStop>true</RequestStop>
</StopPointInJourneyPattern>
<StopPointInJourneyPattern order="2" version="any" id="SE:020:StopPointInJourneyPattern:205339415000025633_205330000112927284">
    <ScheduledStopPointRef ref="SE:020:ScheduledStopPoint:9022020585319001"/>
    <ForAlighting>true</ForAlighting>
    <ForBoarding>true</ForBoarding>
    <RequestStop>true</RequestStop>
</StopPointInJourneyPattern>
<StopPointInJourneyPattern order="3" version="any" id="SE:020:StopPointInJourneyPattern:205339415000025633_205330000112927285">
    <ScheduledStopPointRef ref="SE:020:ScheduledStopPoint:9022020585340001"/>
    <ForAlighting>true</ForAlighting>
    <ForBoarding>true</ForBoarding>
    <RequestStop>true</RequestStop>
</StopPointInJourneyPattern>
<StopPointInJourneyPattern order="4" version="any" id="SE:020:StopPointInJourneyPattern:205339415000025633_205330000112927286">
    <ScheduledStopPointRef ref="SE:020:ScheduledStopPoint:9022020585957001"/>
    <ForAlighting>true</ForAlighting>
    <ForBoarding>true</ForBoarding>
    <RequestStop>true</RequestStop>
</StopPointInJourneyPattern>
<StopPointInJourneyPattern order="5" version="any" id="SE:020:StopPointInJourneyPattern:205339415000025633_205330000112927287">
    <ScheduledStopPointRef ref="SE:020:ScheduledStopPoint:9022020585339001"/>
    <ForAlighting>true</ForAlighting>
    <ForBoarding>true</ForBoarding>
    <RequestStop>true</RequestStop>
</StopPointInJourneyPattern>
<StopPointInJourneyPattern order="6" version="any" id="SE:020:StopPointInJourneyPattern:205339415000025633_205330000112927288">
    <ScheduledStopPointRef ref="SE:020:ScheduledStopPoint:9022020585352001"/>
    <ForAlighting>true</ForAlighting>
    <ForBoarding>true</ForBoarding>
    <RequestStop>true</RequestStop>
</StopPointInJourneyPattern>
<StopPointInJourneyPattern order="7" version="any" id="SE:020:StopPointInJourneyPattern:205339415000025633_205330000112927289">
    <ScheduledStopPointRef ref="SE:020:ScheduledStopPoint:9022020585331001"/>
    <ForAlighting>true</ForAlighting>
    <ForBoarding>true</ForBoarding>
    <RequestStop>true</RequestStop>
</StopPointInJourneyPattern>
<StopPointInJourneyPattern order="8" version="any" id="SE:020:StopPointInJourneyPattern:205339415000025633_205330000112927290">
    <ScheduledStopPointRef ref="SE:020:ScheduledStopPoint:9022020585215001"/>
    <ForAlighting>true</ForAlighting>
    <ForBoarding>true</ForBoarding>
    <RequestStop>true</RequestStop>
</StopPointInJourneyPattern>
<StopPointInJourneyPattern order="9" version="any" id="SE:020:StopPointInJourneyPattern:205339415000025633_205330000112927291">
    <ScheduledStopPointRef ref="SE:020:ScheduledStopPoint:9022020585174001"/>
    <ForAlighting>true</ForAlighting>
    <ForBoarding>true</ForBoarding>
    <RequestStop>true</RequestStop>
</StopPointInJourneyPattern>
<StopPointInJourneyPattern order="10" version="any" id="SE:020:StopPointInJourneyPattern:205339415000025633_205330000112927292">
    <ScheduledStopPointRef ref="SE:020:ScheduledStopPoint:9022020585152001"/>
    <ForAlighting>true</ForAlighting>
    <ForBoarding>true</ForBoarding>
    <RequestStop>true</RequestStop>
</StopPointInJourneyPattern>
<StopPointInJourneyPattern order="11" version="any" id="SE:020:StopPointInJourneyPattern:205339415000025633_205330000112927293">
    <ScheduledStopPointRef ref="SE:020:ScheduledStopPoint:9022020585980001"/>
    <ForAlighting>true</ForAlighting>
    <ForBoarding>true</ForBoarding>
    <RequestStop>true</RequestStop>
</StopPointInJourneyPattern>
<StopPointInJourneyPattern order="12" version="any" id="SE:020:StopPointInJourneyPattern:205339415000025633_205330000112927294">
    <ScheduledStopPointRef ref="SE:020:ScheduledStopPoint:9022020585351001"/>
    <ForAlighting>true</ForAlighting>
    <ForBoarding>true</ForBoarding>
    <RequestStop>true</RequestStop>
</StopPointInJourneyPattern>
<StopPointInJourneyPattern order="13" version="any" id="SE:020:StopPointInJourneyPattern:205339415000025633_205330000112927295">
    <ScheduledStopPointRef ref="SE:020:ScheduledStopPoint:9022020585931001"/>
    <ForAlighting>true</ForAlighting>
    <ForBoarding>true</ForBoarding>
    <RequestStop>true</RequestStop>
</StopPointInJourneyPattern>
<StopPointInJourneyPattern order="14" version="any" id="SE:020:StopPointInJourneyPattern:205339415000025633_205330000112927296">
    <ScheduledStopPointRef ref="SE:020:ScheduledStopPoint:9022020585976001"/>
    <ForAlighting>true</ForAlighting>
    <ForBoarding>true</ForBoarding>
    <RequestStop>true</RequestStop>
</StopPointInJourneyPattern>
<StopPointInJourneyPattern order="15" version="any" id="SE:020:StopPointInJourneyPattern:205339415000025633_205330000112927297">
    <ScheduledStopPointRef ref="SE:020:ScheduledStopPoint:9022020585348001"/>
    <ForAlighting>true</ForAlighting>
    <ForBoarding>true</ForBoarding>
    <RequestStop>true</RequestStop>
</StopPointInJourneyPattern>
<StopPointInJourneyPattern order="16" version="any" id="SE:020:StopPointInJourneyPattern:205339415000025633_205330000112927298">
    <ScheduledStopPointRef ref="SE:020:ScheduledStopPoint:9022020585349001"/>
    <ForAlighting>true</ForAlighting>
    <ForBoarding>true</ForBoarding>
    <RequestStop>true</RequestStop>
</StopPointInJourneyPattern>
<StopPointInJourneyPattern order="17" version="any" id="SE:020:StopPointInJourneyPattern:205339415000025633_205330000112927299">
    <ScheduledStopPointRef ref="SE:020:ScheduledStopPoint:9022020585979001"/>
    <ForAlighting>true</ForAlighting>
    <ForBoarding>false</ForBoarding>
    <RequestStop>true</RequestStop>
</StopPointInJourneyPattern>
                            </pointsInSequence>
                            <linksInSequence>
<ServiceLinkInJourneyPattern order="1" version="any" id="SE:020:ServiceLinkInJourneyPattern:BUS_33432">
    <ServiceLinkRef ref="SE:020:ServiceLink:BUS_9025020058517401_9025020058531901"/>
</ServiceLinkInJourneyPattern>
<ServiceLinkInJourneyPattern order="2" version="any" id="SE:020:ServiceLinkInJourneyPattern:BUS_33433">
    <ServiceLinkRef ref="SE:020:ServiceLink:BUS_9025020058531901_9025020058534001"/>
</ServiceLinkInJourneyPattern>
<ServiceLinkInJourneyPattern order="3" version="any" id="SE:020:ServiceLinkInJourneyPattern:BUS_33434">
    <ServiceLinkRef ref="SE:020:ServiceLink:BUS_9025020058534001_9025020058595701"/>
</ServiceLinkInJourneyPattern>
<ServiceLinkInJourneyPattern order="4" version="any" id="SE:020:ServiceLinkInJourneyPattern:BUS_33435">
    <ServiceLinkRef ref="SE:020:ServiceLink:BUS_9025020058595701_9025020058533901"/>
</ServiceLinkInJourneyPattern>
<ServiceLinkInJourneyPattern order="5" version="any" id="SE:020:ServiceLinkInJourneyPattern:BUS_33436">
    <ServiceLinkRef ref="SE:020:ServiceLink:BUS_9025020058533901_9025020058535201"/>
</ServiceLinkInJourneyPattern>
<ServiceLinkInJourneyPattern order="6" version="any" id="SE:020:ServiceLinkInJourneyPattern:BUS_33437">
    <ServiceLinkRef ref="SE:020:ServiceLink:BUS_9025020058535201_9025020058533101"/>
</ServiceLinkInJourneyPattern>
<ServiceLinkInJourneyPattern order="7" version="any" id="SE:020:ServiceLinkInJourneyPattern:BUS_33438">
    <ServiceLinkRef ref="SE:020:ServiceLink:BUS_9025020058533101_9025020058521501"/>
</ServiceLinkInJourneyPattern>
<ServiceLinkInJourneyPattern order="8" version="any" id="SE:020:ServiceLinkInJourneyPattern:BUS_33439">
    <ServiceLinkRef ref="SE:020:ServiceLink:BUS_9025020058521501_9025020058517401"/>
</ServiceLinkInJourneyPattern>
<ServiceLinkInJourneyPattern order="9" version="any" id="SE:020:ServiceLinkInJourneyPattern:BUS_33440">
    <ServiceLinkRef ref="SE:020:ServiceLink:BUS_9025020058517401_9025020058515201"/>
</ServiceLinkInJourneyPattern>
<ServiceLinkInJourneyPattern order="10" version="any" id="SE:020:ServiceLinkInJourneyPattern:BUS_33441">
    <ServiceLinkRef ref="SE:020:ServiceLink:BUS_9025020058515201_9025020058598001"/>
</ServiceLinkInJourneyPattern>
<ServiceLinkInJourneyPattern order="11" version="any" id="SE:020:ServiceLinkInJourneyPattern:BUS_33442">
    <ServiceLinkRef ref="SE:020:ServiceLink:BUS_9025020058598001_9025020058535101"/>
</ServiceLinkInJourneyPattern>
<ServiceLinkInJourneyPattern order="12" version="any" id="SE:020:ServiceLinkInJourneyPattern:BUS_33443">
    <ServiceLinkRef ref="SE:020:ServiceLink:BUS_9025020058535101_9025020058593101"/>
</ServiceLinkInJourneyPattern>
<ServiceLinkInJourneyPattern order="13" version="any" id="SE:020:ServiceLinkInJourneyPattern:BUS_33444">
    <ServiceLinkRef ref="SE:020:ServiceLink:BUS_9025020058593101_9025020058597601"/>
</ServiceLinkInJourneyPattern>
<ServiceLinkInJourneyPattern order="14" version="any" id="SE:020:ServiceLinkInJourneyPattern:BUS_33445">
    <ServiceLinkRef ref="SE:020:ServiceLink:BUS_9025020058597601_9025020058534801"/>
</ServiceLinkInJourneyPattern>
<ServiceLinkInJourneyPattern order="15" version="any" id="SE:020:ServiceLinkInJourneyPattern:BUS_33446">
    <ServiceLinkRef ref="SE:020:ServiceLink:BUS_9025020058534801_9025020058534901"/>
</ServiceLinkInJourneyPattern>
<ServiceLinkInJourneyPattern order="16" version="any" id="SE:020:ServiceLinkInJourneyPattern:BUS_33447">
    <ServiceLinkRef ref="SE:020:ServiceLink:BUS_9025020058534901_9025020058597901"/>
</ServiceLinkInJourneyPattern>
                            </linksInSequence>
                        </JourneyPattern>
                        <JourneyPattern version="any" id="SE:020:JourneyPattern:205339415000026326">
                            <RouteRef ref="SE:020:Route:205330000122734843" version="any"/>
                            <pointsInSequence>
<StopPointInJourneyPattern order="1" version="any" id="SE:020:StopPointInJourneyPattern:205339415000026326_205330000122734848">
    <ScheduledStopPointRef ref="SE:020:ScheduledStopPoint:9022020585174001"/>
    <ForAlighting>false</ForAlighting>
    <ForBoarding>true</ForBoarding>
    <DestinationDisplayRef ref="SE:020:DestinationDisplay:205330000122734868"/>
    <RequestStop>true</RequestStop>
</StopPointInJourneyPattern>
<StopPointInJourneyPattern order="2" version="any" id="SE:020:StopPointInJourneyPattern:205339415000026326_205330000122734849">
    <ScheduledStopPointRef ref="SE:020:ScheduledStopPoint:9022020585319001"/>
    <ForAlighting>true</ForAlighting>
    <ForBoarding>true</ForBoarding>
    <RequestStop>true</RequestStop>
</StopPointInJourneyPattern>
<StopPointInJourneyPattern order="3" version="any" id="SE:020:StopPointInJourneyPattern:205339415000026326_205330000122734850">
    <ScheduledStopPointRef ref="SE:020:ScheduledStopPoint:9022020585340001"/>
    <ForAlighting>true</ForAlighting>
    <ForBoarding>true</ForBoarding>
    <RequestStop>true</RequestStop>
</StopPointInJourneyPattern>
<StopPointInJourneyPattern order="4" version="any" id="SE:020:StopPointInJourneyPattern:205339415000026326_205330000122734851">
    <ScheduledStopPointRef ref="SE:020:ScheduledStopPoint:9022020585352001"/>
    <ForAlighting>true</ForAlighting>
    <ForBoarding>true</ForBoarding>
    <RequestStop>true</RequestStop>
</StopPointInJourneyPattern>
<StopPointInJourneyPattern order="5" version="any" id="SE:020:StopPointInJourneyPattern:205339415000026326_205330000122734852">
    <ScheduledStopPointRef ref="SE:020:ScheduledStopPoint:9022020585331001"/>
    <ForAlighting>true</ForAlighting>
    <ForBoarding>true</ForBoarding>
    <RequestStop>true</RequestStop>
</StopPointInJourneyPattern>
<StopPointInJourneyPattern order="6" version="any" id="SE:020:StopPointInJourneyPattern:205339415000026326_205330000122734853">
    <ScheduledStopPointRef ref="SE:020:ScheduledStopPoint:9022020585152001"/>
    <ForAlighting>true</ForAlighting>
    <ForBoarding>true</ForBoarding>
    <RequestStop>true</RequestStop>
</StopPointInJourneyPattern>
<StopPointInJourneyPattern order="7" version="any" id="SE:020:StopPointInJourneyPattern:205339415000026326_205330000122734854">
    <ScheduledStopPointRef ref="SE:020:ScheduledStopPoint:9022020585980001"/>
    <ForAlighting>true</ForAlighting>
    <ForBoarding>true</ForBoarding>
    <RequestStop>true</RequestStop>
</StopPointInJourneyPattern>
<StopPointInJourneyPattern order="8" version="any" id="SE:020:StopPointInJourneyPattern:205339415000026326_205330000122734855">
    <ScheduledStopPointRef ref="SE:020:ScheduledStopPoint:9022020585351001"/>
    <ForAlighting>true</ForAlighting>
    <ForBoarding>true</ForBoarding>
    <RequestStop>true</RequestStop>
</StopPointInJourneyPattern>
<StopPointInJourneyPattern order="9" version="any" id="SE:020:StopPointInJourneyPattern:205339415000026326_205330000122734856">
    <ScheduledStopPointRef ref="SE:020:ScheduledStopPoint:9022020585931001"/>
    <ForAlighting>true</ForAlighting>
    <ForBoarding>true</ForBoarding>
    <RequestStop>true</RequestStop>
</StopPointInJourneyPattern>
<StopPointInJourneyPattern order="10" version="any" id="SE:020:StopPointInJourneyPattern:205339415000026326_205330000122734857">
    <ScheduledStopPointRef ref="SE:020:ScheduledStopPoint:9022020585976001"/>
    <ForAlighting>true</ForAlighting>
    <ForBoarding>true</ForBoarding>
    <RequestStop>true</RequestStop>
</StopPointInJourneyPattern>
<StopPointInJourneyPattern order="11" version="any" id="SE:020:StopPointInJourneyPattern:205339415000026326_205330000122734858">
    <ScheduledStopPointRef ref="SE:020:ScheduledStopPoint:9022020585348001"/>
    <ForAlighting>true</ForAlighting>
    <ForBoarding>true</ForBoarding>
    <RequestStop>true</RequestStop>
</StopPointInJourneyPattern>
<StopPointInJourneyPattern order="12" version="any" id="SE:020:StopPointInJourneyPattern:205339415000026326_205330000122734859">
    <ScheduledStopPointRef ref="SE:020:ScheduledStopPoint:9022020585349001"/>
    <ForAlighting>true</ForAlighting>
    <ForBoarding>true</ForBoarding>
    <RequestStop>true</RequestStop>
</StopPointInJourneyPattern>
<StopPointInJourneyPattern order="13" version="any" id="SE:020:StopPointInJourneyPattern:205339415000026326_205330000122734860">
    <ScheduledStopPointRef ref="SE:020:ScheduledStopPoint:9022020585979001"/>
    <ForAlighting>true</ForAlighting>
    <ForBoarding>false</ForBoarding>
    <RequestStop>true</RequestStop>
</StopPointInJourneyPattern>
                            </pointsInSequence>
                            <linksInSequence>
<ServiceLinkInJourneyPattern order="1" version="any" id="SE:020:ServiceLinkInJourneyPattern:BUS_33448">
    <ServiceLinkRef ref="SE:020:ServiceLink:BUS_9025020058517401_9025020058531901"/>
</ServiceLinkInJourneyPattern>
<ServiceLinkInJourneyPattern order="2" version="any" id="SE:020:ServiceLinkInJourneyPattern:BUS_33449">
    <ServiceLinkRef ref="SE:020:ServiceLink:BUS_9025020058531901_9025020058534001"/>
</ServiceLinkInJourneyPattern>
<ServiceLinkInJourneyPattern order="3" version="any" id="SE:020:ServiceLinkInJourneyPattern:BUS_33450">
    <ServiceLinkRef ref="SE:020:ServiceLink:BUS_9025020058534001_9025020058535201"/>
</ServiceLinkInJourneyPattern>
<ServiceLinkInJourneyPattern order="4" version="any" id="SE:020:ServiceLinkInJourneyPattern:BUS_33451">
    <ServiceLinkRef ref="SE:020:ServiceLink:BUS_9025020058535201_9025020058533101"/>
</ServiceLinkInJourneyPattern>
<ServiceLinkInJourneyPattern order="5" version="any" id="SE:020:ServiceLinkInJourneyPattern:BUS_33452">
    <ServiceLinkRef ref="SE:020:ServiceLink:BUS_9025020058533101_9025020058515201"/>
</ServiceLinkInJourneyPattern>
<ServiceLinkInJourneyPattern order="6" version="any" id="SE:020:ServiceLinkInJourneyPattern:BUS_33453">
    <ServiceLinkRef ref="SE:020:ServiceLink:BUS_9025020058515201_9025020058598001"/>
</ServiceLinkInJourneyPattern>
<ServiceLinkInJourneyPattern order="7" version="any" id="SE:020:ServiceLinkInJourneyPattern:BUS_33454">
    <ServiceLinkRef ref="SE:020:ServiceLink:BUS_9025020058598001_9025020058535101"/>
</ServiceLinkInJourneyPattern>
<ServiceLinkInJourneyPattern order="8" version="any" id="SE:020:ServiceLinkInJourneyPattern:BUS_33455">
    <ServiceLinkRef ref="SE:020:ServiceLink:BUS_9025020058535101_9025020058593101"/>
</ServiceLinkInJourneyPattern>
<ServiceLinkInJourneyPattern order="9" version="any" id="SE:020:ServiceLinkInJourneyPattern:BUS_33456">
    <ServiceLinkRef ref="SE:020:ServiceLink:BUS_9025020058593101_9025020058597601"/>
</ServiceLinkInJourneyPattern>
<ServiceLinkInJourneyPattern order="10" version="any" id="SE:020:ServiceLinkInJourneyPattern:BUS_33457">
    <ServiceLinkRef ref="SE:020:ServiceLink:BUS_9025020058597601_9025020058534801"/>
</ServiceLinkInJourneyPattern>
<ServiceLinkInJourneyPattern order="11" version="any" id="SE:020:ServiceLinkInJourneyPattern:BUS_33458">
    <ServiceLinkRef ref="SE:020:ServiceLink:BUS_9025020058534801_9025020058534901"/>
</ServiceLinkInJourneyPattern>
<ServiceLinkInJourneyPattern order="12" version="any" id="SE:020:ServiceLinkInJourneyPattern:BUS_33459">
    <ServiceLinkRef ref="SE:020:ServiceLink:BUS_9025020058534901_9025020058597901"/>
</ServiceLinkInJourneyPattern>
                            </linksInSequence>
                        </JourneyPattern>
                    </journeyPatterns>
                </ServiceFrame>
                <TimetableFrame version="20241009025723" id="SE:020:TimetableFrame:9011020091100000">
                    <vehicleJourneys>
                        <ServiceJourney version="any" id="SE:020:ServiceJourney:205330000115274378">
                            <TransportMode>bus</TransportMode>
                            <TransportSubmode>
<BusSubmode>unknown</BusSubmode>
                            </TransportSubmode>
                            <dayTypes>
<DayTypeRef ref="SE:020:DayType:33jmpmbc08dk2d8au9u7ffjuoo36fro1"/>
                            </dayTypes>
                            <JourneyPatternRef ref="SE:020:JourneyPattern:205339415000025632" version="any"/>
                            <OperatorRef ref="SE:020:Operator:9013020140700000"/>
                            <passingTimes>
<TimetabledPassingTime version="any" id="SE:020:TimetabledPassingTime:205330000115274360">
    <StopPointInJourneyPatternRef ref="SE:020:StopPointInJourneyPattern:205339415000025632_205330000112927252" version="any"/>
    <DepartureTime>07:10:00</DepartureTime>
</TimetabledPassingTime>
<TimetabledPassingTime version="any" id="SE:020:TimetabledPassingTime:205330000115274361">
    <StopPointInJourneyPatternRef ref="SE:020:StopPointInJourneyPattern:205339415000025632_205330000112927253" version="any"/>
    <ArrivalTime>07:12:34</ArrivalTime>
    <DepartureTime>07:12:34</DepartureTime>
</TimetabledPassingTime>
<TimetabledPassingTime version="any" id="SE:020:TimetabledPassingTime:205330000115274362">
    <StopPointInJourneyPatternRef ref="SE:020:StopPointInJourneyPattern:205339415000025632_205330000112927254" version="any"/>
    <ArrivalTime>07:15:00</ArrivalTime>
    <DepartureTime>07:15:00</DepartureTime>
</TimetabledPassingTime>
<TimetabledPassingTime version="any" id="SE:020:TimetabledPassingTime:205330000115274363">
    <StopPointInJourneyPatternRef ref="SE:020:StopPointInJourneyPattern:205339415000025632_205330000112927255" version="any"/>
    <ArrivalTime>07:15:40</ArrivalTime>
    <DepartureTime>07:15:40</DepartureTime>
</TimetabledPassingTime>
<TimetabledPassingTime version="any" id="SE:020:TimetabledPassingTime:205330000115274364">
    <StopPointInJourneyPatternRef ref="SE:020:StopPointInJourneyPattern:205339415000025632_205330000112927256" version="any"/>
    <ArrivalTime>07:16:17</ArrivalTime>
    <DepartureTime>07:16:17</DepartureTime>
</TimetabledPassingTime>
<TimetabledPassingTime version="any" id="SE:020:TimetabledPassingTime:205330000115274365">
    <StopPointInJourneyPatternRef ref="SE:020:StopPointInJourneyPattern:205339415000025632_205330000112927257" version="any"/>
    <ArrivalTime>07:17:00</ArrivalTime>
    <DepartureTime>07:17:00</DepartureTime>
</TimetabledPassingTime>
<TimetabledPassingTime version="any" id="SE:020:TimetabledPassingTime:205330000115274366">
    <StopPointInJourneyPatternRef ref="SE:020:StopPointInJourneyPattern:205339415000025632_205330000112927258" version="any"/>
    <ArrivalTime>07:24:00</ArrivalTime>
    <DepartureTime>07:24:00</DepartureTime>
</TimetabledPassingTime>
<TimetabledPassingTime version="any" id="SE:020:TimetabledPassingTime:205330000115274367">
    <StopPointInJourneyPatternRef ref="SE:020:StopPointInJourneyPattern:205339415000025632_205330000112927259" version="any"/>
    <ArrivalTime>07:26:00</ArrivalTime>
    <DepartureTime>07:26:00</DepartureTime>
</TimetabledPassingTime>
<TimetabledPassingTime version="any" id="SE:020:TimetabledPassingTime:205330000115274368">
    <StopPointInJourneyPatternRef ref="SE:020:StopPointInJourneyPattern:205339415000025632_205330000112927260" version="any"/>
    <ArrivalTime>07:28:00</ArrivalTime>
    <DepartureTime>07:28:00</DepartureTime>
</TimetabledPassingTime>
<TimetabledPassingTime version="any" id="SE:020:TimetabledPassingTime:205330000115274369">
    <StopPointInJourneyPatternRef ref="SE:020:StopPointInJourneyPattern:205339415000025632_205330000112927261" version="any"/>
    <ArrivalTime>07:29:33</ArrivalTime>
    <DepartureTime>07:29:33</DepartureTime>
</TimetabledPassingTime>
<TimetabledPassingTime version="any" id="SE:020:TimetabledPassingTime:205330000115274370">
    <StopPointInJourneyPatternRef ref="SE:020:StopPointInJourneyPattern:205339415000025632_205330000112927262" version="any"/>
    <ArrivalTime>07:30:54</ArrivalTime>
    <DepartureTime>07:30:54</DepartureTime>
</TimetabledPassingTime>
<TimetabledPassingTime version="any" id="SE:020:TimetabledPassingTime:205330000115274371">
    <StopPointInJourneyPatternRef ref="SE:020:StopPointInJourneyPattern:205339415000025632_205330000112927263" version="any"/>
    <ArrivalTime>07:34:00</ArrivalTime>
    <DepartureTime>07:34:00</DepartureTime>
</TimetabledPassingTime>
<TimetabledPassingTime version="any" id="SE:020:TimetabledPassingTime:205330000115274372">
    <StopPointInJourneyPatternRef ref="SE:020:StopPointInJourneyPattern:205339415000025632_205330000112927264" version="any"/>
    <ArrivalTime>07:36:55</ArrivalTime>
    <DepartureTime>07:36:55</DepartureTime>
</TimetabledPassingTime>
<TimetabledPassingTime version="any" id="SE:020:TimetabledPassingTime:205330000115274373">
    <StopPointInJourneyPatternRef ref="SE:020:StopPointInJourneyPattern:205339415000025632_205330000112927265" version="any"/>
    <ArrivalTime>07:40:00</ArrivalTime>
    <DepartureTime>07:40:00</DepartureTime>
</TimetabledPassingTime>
<TimetabledPassingTime version="any" id="SE:020:TimetabledPassingTime:205330000115274374">
    <StopPointInJourneyPatternRef ref="SE:020:StopPointInJourneyPattern:205339415000025632_205330000112927266" version="any"/>
    <ArrivalTime>07:48:00</ArrivalTime>
</TimetabledPassingTime>
                            </passingTimes>
                        </ServiceJourney>
                        <ServiceJourney version="any" id="SE:020:ServiceJourney:205330000115274411">
                            <TransportMode>bus</TransportMode>
                            <TransportSubmode>
<BusSubmode>unknown</BusSubmode>
                            </TransportSubmode>
                            <dayTypes>
<DayTypeRef ref="SE:020:DayType:33jmpmbc08dk2d8au9u7ffjuoo36fro1"/>
                            </dayTypes>
                            <JourneyPatternRef ref="SE:020:JourneyPattern:205339415000025633" version="any"/>
                            <OperatorRef ref="SE:020:Operator:9013020140700000"/>
                            <passingTimes>
<TimetabledPassingTime version="any" id="SE:020:TimetabledPassingTime:205330000115274392">
    <StopPointInJourneyPatternRef ref="SE:020:StopPointInJourneyPattern:205339415000025633_205330000112927283" version="any"/>
    <DepartureTime>14:10:00</DepartureTime>
</TimetabledPassingTime>
<TimetabledPassingTime version="any" id="SE:020:TimetabledPassingTime:205330000115274393">
    <StopPointInJourneyPatternRef ref="SE:020:StopPointInJourneyPattern:205339415000025633_205330000112927284" version="any"/>
    <ArrivalTime>14:12:00</ArrivalTime>
    <DepartureTime>14:12:00</DepartureTime>
</TimetabledPassingTime>
<TimetabledPassingTime version="any" id="SE:020:TimetabledPassingTime:205330000115274394">
    <StopPointInJourneyPatternRef ref="SE:020:StopPointInJourneyPattern:205339415000025633_205330000112927285" version="any"/>
    <ArrivalTime>14:14:00</ArrivalTime>
    <DepartureTime>14:14:00</DepartureTime>
</TimetabledPassingTime>
<TimetabledPassingTime version="any" id="SE:020:TimetabledPassingTime:205330000115274395">
    <StopPointInJourneyPatternRef ref="SE:020:StopPointInJourneyPattern:205339415000025633_205330000112927286" version="any"/>
    <ArrivalTime>14:15:00</ArrivalTime>
    <DepartureTime>14:15:00</DepartureTime>
</TimetabledPassingTime>
<TimetabledPassingTime version="any" id="SE:020:TimetabledPassingTime:205330000115274396">
    <StopPointInJourneyPatternRef ref="SE:020:StopPointInJourneyPattern:205339415000025633_205330000112927287" version="any"/>
    <ArrivalTime>14:25:00</ArrivalTime>
    <DepartureTime>14:25:00</DepartureTime>
</TimetabledPassingTime>
<TimetabledPassingTime version="any" id="SE:020:TimetabledPassingTime:205330000115274397">
    <StopPointInJourneyPatternRef ref="SE:020:StopPointInJourneyPattern:205339415000025633_205330000112927288" version="any"/>
    <ArrivalTime>14:27:00</ArrivalTime>
    <DepartureTime>14:27:00</DepartureTime>
</TimetabledPassingTime>
<TimetabledPassingTime version="any" id="SE:020:TimetabledPassingTime:205330000115274398">
    <StopPointInJourneyPatternRef ref="SE:020:StopPointInJourneyPattern:205339415000025633_205330000112927289" version="any"/>
    <ArrivalTime>14:30:37</ArrivalTime>
    <DepartureTime>14:30:37</DepartureTime>
</TimetabledPassingTime>
<TimetabledPassingTime version="any" id="SE:020:TimetabledPassingTime:205330000115274399">
    <StopPointInJourneyPatternRef ref="SE:020:StopPointInJourneyPattern:205339415000025633_205330000112927290" version="any"/>
    <ArrivalTime>14:31:53</ArrivalTime>
    <DepartureTime>14:31:53</DepartureTime>
</TimetabledPassingTime>
<TimetabledPassingTime version="any" id="SE:020:TimetabledPassingTime:205330000115274400">
    <StopPointInJourneyPatternRef ref="SE:020:StopPointInJourneyPattern:205339415000025633_205330000112927291" version="any"/>
    <ArrivalTime>14:35:00</ArrivalTime>
    <DepartureTime>14:35:00</DepartureTime>
</TimetabledPassingTime>
<TimetabledPassingTime version="any" id="SE:020:TimetabledPassingTime:205330000115274401">
    <StopPointInJourneyPatternRef ref="SE:020:StopPointInJourneyPattern:205339415000025633_205330000112927292" version="any"/>
    <ArrivalTime>14:39:52</ArrivalTime>
    <DepartureTime>14:39:52</DepartureTime>
</TimetabledPassingTime>
<TimetabledPassingTime version="any" id="SE:020:TimetabledPassingTime:205330000115274402">
    <StopPointInJourneyPatternRef ref="SE:020:StopPointInJourneyPattern:205339415000025633_205330000112927293" version="any"/>
    <ArrivalTime>14:45:00</ArrivalTime>
    <DepartureTime>14:45:00</DepartureTime>
</TimetabledPassingTime>
<TimetabledPassingTime version="any" id="SE:020:TimetabledPassingTime:205330000115274403">
    <StopPointInJourneyPatternRef ref="SE:020:StopPointInJourneyPattern:205339415000025633_205330000112927294" version="any"/>
    <ArrivalTime>14:46:16</ArrivalTime>
    <DepartureTime>14:46:16</DepartureTime>
</TimetabledPassingTime>
<TimetabledPassingTime version="any" id="SE:020:TimetabledPassingTime:205330000115274404">
    <StopPointInJourneyPatternRef ref="SE:020:StopPointInJourneyPattern:205339415000025633_205330000112927295" version="any"/>
    <ArrivalTime>14:48:07</ArrivalTime>
    <DepartureTime>14:48:07</DepartureTime>
</TimetabledPassingTime>
<TimetabledPassingTime version="any" id="SE:020:TimetabledPassingTime:205330000115274405">
    <StopPointInJourneyPatternRef ref="SE:020:StopPointInJourneyPattern:205339415000025633_205330000112927296" version="any"/>
    <ArrivalTime>14:50:00</ArrivalTime>
    <DepartureTime>14:50:00</DepartureTime>
</TimetabledPassingTime>
<TimetabledPassingTime version="any" id="SE:020:TimetabledPassingTime:205330000115274406">
    <StopPointInJourneyPatternRef ref="SE:020:StopPointInJourneyPattern:205339415000025633_205330000112927297" version="any"/>
    <ArrivalTime>14:50:40</ArrivalTime>
    <DepartureTime>14:50:40</DepartureTime>
</TimetabledPassingTime>
<TimetabledPassingTime version="any" id="SE:020:TimetabledPassingTime:205330000115274407">
    <StopPointInJourneyPatternRef ref="SE:020:StopPointInJourneyPattern:205339415000025633_205330000112927298" version="any"/>
    <ArrivalTime>14:51:17</ArrivalTime>
    <DepartureTime>14:51:17</DepartureTime>
</TimetabledPassingTime>
<TimetabledPassingTime version="any" id="SE:020:TimetabledPassingTime:205330000115274408">
    <StopPointInJourneyPatternRef ref="SE:020:StopPointInJourneyPattern:205339415000025633_205330000112927299" version="any"/>
    <ArrivalTime>14:52:00</ArrivalTime>
</TimetabledPassingTime>
                            </passingTimes>
                        </ServiceJourney>
                        <ServiceJourney version="any" id="SE:020:ServiceJourney:205330000122734897">
                            <TransportMode>bus</TransportMode>
                            <TransportSubmode>
<BusSubmode>unknown</BusSubmode>
                            </TransportSubmode>
                            <dayTypes>
<DayTypeRef ref="SE:020:DayType:33jmpmbc08dk2d8au9u7ffjuoo36fro1"/>
                            </dayTypes>
                            <JourneyPatternRef ref="SE:020:JourneyPattern:205339415000026326" version="any"/>
                            <OperatorRef ref="SE:020:Operator:9013020140700000"/>
                            <passingTimes>
<TimetabledPassingTime version="any" id="SE:020:TimetabledPassingTime:205330000122734881">
    <StopPointInJourneyPatternRef ref="SE:020:StopPointInJourneyPattern:205339415000026326_205330000122734848" version="any"/>
    <DepartureTime>13:10:00</DepartureTime>
</TimetabledPassingTime>
<TimetabledPassingTime version="any" id="SE:020:TimetabledPassingTime:205330000122734882">
    <StopPointInJourneyPatternRef ref="SE:020:StopPointInJourneyPattern:205339415000026326_205330000122734849" version="any"/>
    <ArrivalTime>13:12:00</ArrivalTime>
    <DepartureTime>13:12:00</DepartureTime>
</TimetabledPassingTime>
<TimetabledPassingTime version="any" id="SE:020:TimetabledPassingTime:205330000122734883">
    <StopPointInJourneyPatternRef ref="SE:020:StopPointInJourneyPattern:205339415000026326_205330000122734850" version="any"/>
    <ArrivalTime>13:14:00</ArrivalTime>
    <DepartureTime>13:14:00</DepartureTime>
</TimetabledPassingTime>
<TimetabledPassingTime version="any" id="SE:020:TimetabledPassingTime:205330000122734884">
    <StopPointInJourneyPatternRef ref="SE:020:StopPointInJourneyPattern:205339415000026326_205330000122734851" version="any"/>
    <ArrivalTime>13:20:00</ArrivalTime>
    <DepartureTime>13:20:00</DepartureTime>
</TimetabledPassingTime>
<TimetabledPassingTime version="any" id="SE:020:TimetabledPassingTime:205330000122734885">
    <StopPointInJourneyPatternRef ref="SE:020:StopPointInJourneyPattern:205339415000026326_205330000122734852" version="any"/>
    <ArrivalTime>13:23:01</ArrivalTime>
    <DepartureTime>13:23:01</DepartureTime>
</TimetabledPassingTime>
<TimetabledPassingTime version="any" id="SE:020:TimetabledPassingTime:205330000122734886">
    <StopPointInJourneyPatternRef ref="SE:020:StopPointInJourneyPattern:205339415000026326_205330000122734853" version="any"/>
    <ArrivalTime>13:27:14</ArrivalTime>
    <DepartureTime>13:27:14</DepartureTime>
</TimetabledPassingTime>
<TimetabledPassingTime version="any" id="SE:020:TimetabledPassingTime:205330000122734887">
    <StopPointInJourneyPatternRef ref="SE:020:StopPointInJourneyPattern:205339415000026326_205330000122734854" version="any"/>
    <ArrivalTime>13:30:00</ArrivalTime>
    <DepartureTime>13:30:00</DepartureTime>
</TimetabledPassingTime>
<TimetabledPassingTime version="any" id="SE:020:TimetabledPassingTime:205330000122734888">
    <StopPointInJourneyPatternRef ref="SE:020:StopPointInJourneyPattern:205339415000026326_205330000122734855" version="any"/>
    <ArrivalTime>13:31:16</ArrivalTime>
    <DepartureTime>13:31:16</DepartureTime>
</TimetabledPassingTime>
<TimetabledPassingTime version="any" id="SE:020:TimetabledPassingTime:205330000122734889">
    <StopPointInJourneyPatternRef ref="SE:020:StopPointInJourneyPattern:205339415000026326_205330000122734856" version="any"/>
    <ArrivalTime>13:33:07</ArrivalTime>
    <DepartureTime>13:33:07</DepartureTime>
</TimetabledPassingTime>
<TimetabledPassingTime version="any" id="SE:020:TimetabledPassingTime:205330000122734890">
    <StopPointInJourneyPatternRef ref="SE:020:StopPointInJourneyPattern:205339415000026326_205330000122734857" version="any"/>
    <ArrivalTime>13:35:00</ArrivalTime>
    <DepartureTime>13:35:00</DepartureTime>
</TimetabledPassingTime>
<TimetabledPassingTime version="any" id="SE:020:TimetabledPassingTime:205330000122734891">
    <StopPointInJourneyPatternRef ref="SE:020:StopPointInJourneyPattern:205339415000026326_205330000122734858" version="any"/>
    <ArrivalTime>13:36:00</ArrivalTime>
    <DepartureTime>13:36:00</DepartureTime>
</TimetabledPassingTime>
<TimetabledPassingTime version="any" id="SE:020:TimetabledPassingTime:205330000122734892">
    <StopPointInJourneyPatternRef ref="SE:020:StopPointInJourneyPattern:205339415000026326_205330000122734859" version="any"/>
    <ArrivalTime>13:36:56</ArrivalTime>
    <DepartureTime>13:36:56</DepartureTime>
</TimetabledPassingTime>
<TimetabledPassingTime version="any" id="SE:020:TimetabledPassingTime:205330000122734893">
    <StopPointInJourneyPatternRef ref="SE:020:StopPointInJourneyPattern:205339415000026326_205330000122734860" version="any"/>
    <ArrivalTime>13:38:00</ArrivalTime>
</TimetabledPassingTime>
                            </passingTimes>
                        </ServiceJourney>
                    </vehicleJourneys>
                </TimetableFrame>
            </frames>
        </CompositeFrame>
    </dataObjects>
</PublicationDelivery>
