<?xml version="1.0" encoding="UTF-8" standalone="yes"?>
<PublicationDelivery xmlns="http://www.netex.org.uk/netex" xmlns:ns2="http://www.opengis.net/gml/3.2" xmlns:ns3="http://www.siri.org.uk/siri" xmlns:ns4="http://www.samtrafiken.se/netex" version="1.11:NO-NeTEx-networktimetable:1.3">
    <PublicationTimestamp>2024-10-09T02:57:23</PublicationTimestamp>
    <ParticipantRef>SAM</ParticipantRef>
    <dataObjects>
        <CompositeFrame created="2024-10-09T02:57:23" version="20241009025723" id="SE:020:CompositeFrame:9011020037600000">
            <ValidBetween>
                <FromDate>1970-01-01T00:00:00</FromDate>
            </ValidBetween>
            <codespaces>
                <Codespace id="SE:020">
                    <Xmlns>SE:020</Xmlns>
                    <XmlnsUrl>http://www.samtrafiken.se/ns/dt</XmlnsUrl>
                </Codespace>
            </codespaces>
            <FrameDefaults>
                <DefaultLocale>
                    <TimeZone>Europe/Stockholm</TimeZone>
                    <DefaultLanguage>se</DefaultLanguage>
                </DefaultLocale>
                <DefaultLocationSystem>4326</DefaultLocationSystem>
            </FrameDefaults>
            <frames>
                <ServiceFrame version="20241009025723" id="SE:020:ServiceFrame:9011020037600000">
                    <routes>
                        <Route version="any" id="SE:020:Route:205330000113935276">
                            <Name>376</Name>
                            <LineRef ref="SE:020:Line:9011020037600000" version="171202"/>
                            <DirectionType>inbound</DirectionType>
                            <pointsInSequence>
<PointOnRoute order="1" version="any" id="SE:020:PointOnRoute:205330000113935281">
    <RoutePointRef ref="SE:020:RoutePoint:9022020582157002"/>
</PointOnRoute>
<PointOnRoute order="2" version="any" id="SE:020:PointOnRoute:205330000113935282">
    <RoutePointRef ref="SE:020:RoutePoint:9022020582127001"/>
</PointOnRoute>
<PointOnRoute order="3" version="any" id="SE:020:PointOnRoute:205330000113935283">
    <RoutePointRef ref="SE:020:RoutePoint:9022020582046001"/>
</PointOnRoute>
<PointOnRoute order="4" version="any" id="SE:020:PointOnRoute:205330000113935284">
    <RoutePointRef ref="SE:020:RoutePoint:9022020582202002"/>
</PointOnRoute>
<PointOnRoute order="5" version="any" id="SE:020:PointOnRoute:205330000113935285">
    <RoutePointRef ref="SE:020:RoutePoint:9022020582203002"/>
</PointOnRoute>
<PointOnRoute order="6" version="any" id="SE:020:PointOnRoute:205330000113935286">
    <RoutePointRef ref="SE:020:RoutePoint:9022020582170001"/>
</PointOnRoute>
<PointOnRoute order="7" version="any" id="SE:020:PointOnRoute:205330000113935287">
    <RoutePointRef ref="SE:020:RoutePoint:9022020582171001"/>
</PointOnRoute>
<PointOnRoute order="8" version="any" id="SE:020:PointOnRoute:205330000113935288">
    <RoutePointRef ref="SE:020:RoutePoint:9022020582170002"/>
</PointOnRoute>
<PointOnRoute order="9" version="any" id="SE:020:PointOnRoute:205330000113935289">
    <RoutePointRef ref="SE:020:RoutePoint:9022020582188002"/>
</PointOnRoute>
<PointOnRoute order="10" version="any" id="SE:020:PointOnRoute:205330000113935290">
    <RoutePointRef ref="SE:020:RoutePoint:9022020582000002"/>
</PointOnRoute>
<PointOnRoute order="11" version="any" id="SE:020:PointOnRoute:205330000113935291">
    <RoutePointRef ref="SE:020:RoutePoint:9022020582184002"/>
</PointOnRoute>
<PointOnRoute order="12" version="any" id="SE:020:PointOnRoute:205330000113935292">
    <RoutePointRef ref="SE:020:RoutePoint:9022020582187001"/>
</PointOnRoute>
                            </pointsInSequence>
                        </Route>
                        <Route version="any" id="SE:020:Route:205330000113935248">
                            <Name>376</Name>
                            <LineRef ref="SE:020:Line:9011020037600000" version="171202"/>
                            <DirectionType>outbound</DirectionType>
                            <pointsInSequence>
<PointOnRoute order="1" version="any" id="SE:020:PointOnRoute:205330000113935253">
    <RoutePointRef ref="SE:020:RoutePoint:9022020582187001"/>
</PointOnRoute>
<PointOnRoute order="2" version="any" id="SE:020:PointOnRoute:205330000113935254">
    <RoutePointRef ref="SE:020:RoutePoint:9022020582184001"/>
</PointOnRoute>
<PointOnRoute order="3" version="any" id="SE:020:PointOnRoute:205330000113935255">
    <RoutePointRef ref="SE:020:RoutePoint:9022020582000001"/>
</PointOnRoute>
<PointOnRoute order="4" version="any" id="SE:020:PointOnRoute:205330000113935256">
    <RoutePointRef ref="SE:020:RoutePoint:9022020582188001"/>
</PointOnRoute>
<PointOnRoute order="5" version="any" id="SE:020:PointOnRoute:205330000113935257">
    <RoutePointRef ref="SE:020:RoutePoint:9022020582170001"/>
</PointOnRoute>
<PointOnRoute order="6" version="any" id="SE:020:PointOnRoute:205330000113935258">
    <RoutePointRef ref="SE:020:RoutePoint:9022020582171001"/>
</PointOnRoute>
<PointOnRoute order="7" version="any" id="SE:020:PointOnRoute:205330000113935259">
    <RoutePointRef ref="SE:020:RoutePoint:9022020582170002"/>
</PointOnRoute>
<PointOnRoute order="8" version="any" id="SE:020:PointOnRoute:205330000113935260">
    <RoutePointRef ref="SE:020:RoutePoint:9022020582203001"/>
</PointOnRoute>
<PointOnRoute order="9" version="any" id="SE:020:PointOnRoute:205330000113935261">
    <RoutePointRef ref="SE:020:RoutePoint:9022020582202001"/>
</PointOnRoute>
<PointOnRoute order="10" version="any" id="SE:020:PointOnRoute:205330000113935262">
    <RoutePointRef ref="SE:020:RoutePoint:9022020582046003"/>
</PointOnRoute>
<PointOnRoute order="11" version="any" id="SE:020:PointOnRoute:205330000113935263">
    <RoutePointRef ref="SE:020:RoutePoint:9022020582127002"/>
</PointOnRoute>
<PointOnRoute order="12" version="any" id="SE:020:PointOnRoute:205330000113935264">
    <RoutePointRef ref="SE:020:RoutePoint:9022020582157002"/>
</PointOnRoute>
                            </pointsInSequence>
                        </Route>
                    </routes>
                    <lines>
                        <Line version="171202" id="SE:020:Line:9011020037600000">
                            <ValidBetween>
<FromDate>2017-12-02T00:00:00</FromDate>
                            </ValidBetween>
                            <Name>376</Name>
                            <TransportMode>taxi</TransportMode>
                            <PublicCode>376</PublicCode>
                            <PrivateCode>376</PrivateCode>
                            <RepresentedByGroupRef ref="SE:020:Network:9010020000000000"/>
                        </Line>
                    </lines>
                    <journeyPatterns>
                        <JourneyPattern version="any" id="SE:020:JourneyPattern:205339415000025070">
                            <RouteRef ref="SE:020:Route:205330000113935276" version="any"/>
                            <pointsInSequence>
<StopPointInJourneyPattern order="1" version="any" id="SE:020:StopPointInJourneyPattern:205339415000025070_205330000113935281">
    <ScheduledStopPointRef ref="SE:020:ScheduledStopPoint:9022020582157002"/>
    <ForAlighting>false</ForAlighting>
    <ForBoarding>true</ForBoarding>
    <DestinationDisplayRef ref="SE:020:DestinationDisplay:205330000113935300"/>
    <RequestStop>true</RequestStop>
</StopPointInJourneyPattern>
<StopPointInJourneyPattern order="2" version="any" id="SE:020:StopPointInJourneyPattern:205339415000025070_205330000113935282">
    <ScheduledStopPointRef ref="SE:020:ScheduledStopPoint:9022020582127001"/>
    <ForAlighting>true</ForAlighting>
    <ForBoarding>true</ForBoarding>
    <RequestStop>true</RequestStop>
</StopPointInJourneyPattern>
<StopPointInJourneyPattern order="3" version="any" id="SE:020:StopPointInJourneyPattern:205339415000025070_205330000113935283">
    <ScheduledStopPointRef ref="SE:020:ScheduledStopPoint:9022020582046001"/>
    <ForAlighting>true</ForAlighting>
    <ForBoarding>true</ForBoarding>
    <RequestStop>true</RequestStop>
</StopPointInJourneyPattern>
<StopPointInJourneyPattern order="4" version="any" id="SE:020:StopPointInJourneyPattern:205339415000025070_205330000113935284">
    <ScheduledStopPointRef ref="SE:020:ScheduledStopPoint:9022020582202002"/>
    <ForAlighting>true</ForAlighting>
    <ForBoarding>true</ForBoarding>
    <RequestStop>true</RequestStop>
</StopPointInJourneyPattern>
<StopPointInJourneyPattern order="5" version="any" id="SE:020:StopPointInJourneyPattern:205339415000025070_205330000113935285">
    <ScheduledStopPointRef ref="SE:020:ScheduledStopPoint:9022020582203002"/>
    <ForAlighting>true</ForAlighting>
    <ForBoarding>true</ForBoarding>
    <RequestStop>true</RequestStop>
</StopPointInJourneyPattern>
<StopPointInJourneyPattern order="6" version="any" id="SE:020:StopPointInJourneyPattern:205339415000025070_205330000113935286">
    <ScheduledStopPointRef ref="SE:020:ScheduledStopPoint:9022020582170001"/>
    <ForAlighting>true</ForAlighting>
    <ForBoarding>true</ForBoarding>
    <RequestStop>true</RequestStop>
</StopPointInJourneyPattern>
<StopPointInJourneyPattern order="7" version="any" id="SE:020:StopPointInJourneyPattern:205339415000025070_205330000113935287">
    <ScheduledStopPointRef ref="SE:020:ScheduledStopPoint:9022020582171001"/>
    <ForAlighting>true</ForAlighting>
    <ForBoarding>true</ForBoarding>
    <RequestStop>true</RequestStop>
</StopPointInJourneyPattern>
<StopPointInJourneyPattern order="8" version="any" id="SE:020:StopPointInJourneyPattern:205339415000025070_205330000113935288">
    <ScheduledStopPointRef ref="SE:020:ScheduledStopPoint:9022020582170002"/>
    <ForAlighting>true</ForAlighting>
    <ForBoarding>true</ForBoarding>
    <RequestStop>true</RequestStop>
</StopPointInJourneyPattern>
<StopPointInJourneyPattern order="9" version="any" id="SE:020:StopPointInJourneyPattern:205339415000025070_205330000113935289">
    <ScheduledStopPointRef ref="SE:020:ScheduledStopPoint:9022020582188002"/>
    <ForAlighting>true</ForAlighting>
    <ForBoarding>true</ForBoarding>
    <RequestStop>true</RequestStop>
</StopPointInJourneyPattern>
<StopPointInJourneyPattern order="10" version="any" id="SE:020:StopPointInJourneyPattern:205339415000025070_205330000113935290">
    <ScheduledStopPointRef ref="SE:020:ScheduledStopPoint:9022020582000002"/>
    <ForAlighting>true</ForAlighting>
    <ForBoarding>true</ForBoarding>
    <RequestStop>true</RequestStop>
</StopPointInJourneyPattern>
<StopPointInJourneyPattern order="11" version="any" id="SE:020:StopPointInJourneyPattern:205339415000025070_205330000113935291">
    <ScheduledStopPointRef ref="SE:020:ScheduledStopPoint:9022020582184002"/>
    <ForAlighting>true</ForAlighting>
    <ForBoarding>true</ForBoarding>
    <RequestStop>true</RequestStop>
</StopPointInJourneyPattern>
<StopPointInJourneyPattern order="12" version="any" id="SE:020:StopPointInJourneyPattern:205339415000025070_205330000113935292">
    <ScheduledStopPointRef ref="SE:020:ScheduledStopPoint:9022020582187001"/>
    <ForAlighting>true</ForAlighting>
    <ForBoarding>false</ForBoarding>
    <RequestStop>true</RequestStop>
</StopPointInJourneyPattern>
                            </pointsInSequence>
                            <linksInSequence>
<ServiceLinkInJourneyPattern order="1" version="any" id="SE:020:ServiceLinkInJourneyPattern:TAXI_36188">
    <ServiceLinkRef ref="SE:020:ServiceLink:TAXI_9025020058215702_9025020058212701"/>
</ServiceLinkInJourneyPattern>
                            </linksInSequence>
                        </JourneyPattern>
                        <JourneyPattern version="any" id="SE:020:JourneyPattern:205339415000025069">
                            <RouteRef ref="SE:020:Route:205330000113935248" version="any"/>
                            <pointsInSequence>
<StopPointInJourneyPattern order="1" version="any" id="SE:020:StopPointInJourneyPattern:205339415000025069_205330000113935253">
    <ScheduledStopPointRef ref="SE:020:ScheduledStopPoint:9022020582187001"/>
    <ForAlighting>false</ForAlighting>
    <ForBoarding>true</ForBoarding>
    <DestinationDisplayRef ref="SE:020:DestinationDisplay:205330000113935272"/>
    <RequestStop>true</RequestStop>
</StopPointInJourneyPattern>
<StopPointInJourneyPattern order="2" version="any" id="SE:020:StopPointInJourneyPattern:205339415000025069_205330000113935254">
    <ScheduledStopPointRef ref="SE:020:ScheduledStopPoint:9022020582184001"/>
    <ForAlighting>true</ForAlighting>
    <ForBoarding>true</ForBoarding>
    <RequestStop>true</RequestStop>
</StopPointInJourneyPattern>
<StopPointInJourneyPattern order="3" version="any" id="SE:020:StopPointInJourneyPattern:205339415000025069_205330000113935255">
    <ScheduledStopPointRef ref="SE:020:ScheduledStopPoint:9022020582000001"/>
    <ForAlighting>true</ForAlighting>
    <ForBoarding>true</ForBoarding>
    <RequestStop>true</RequestStop>
</StopPointInJourneyPattern>
<StopPointInJourneyPattern order="4" version="any" id="SE:020:StopPointInJourneyPattern:205339415000025069_205330000113935256">
    <ScheduledStopPointRef ref="SE:020:ScheduledStopPoint:9022020582188001"/>
    <ForAlighting>true</ForAlighting>
    <ForBoarding>true</ForBoarding>
    <RequestStop>true</RequestStop>
</StopPointInJourneyPattern>
<StopPointInJourneyPattern order="5" version="any" id="SE:020:StopPointInJourneyPattern:205339415000025069_205330000113935257">
    <ScheduledStopPointRef ref="SE:020:ScheduledStopPoint:9022020582170001"/>
    <ForAlighting>true</ForAlighting>
    <ForBoarding>true</ForBoarding>
    <RequestStop>true</RequestStop>
</StopPointInJourneyPattern>
<StopPointInJourneyPattern order="6" version="any" id="SE:020:StopPointInJourneyPattern:205339415000025069_205330000113935258">
    <ScheduledStopPointRef ref="SE:020:ScheduledStopPoint:9022020582171001"/>
    <ForAlighting>true</ForAlighting>
    <ForBoarding>true</ForBoarding>
    <RequestStop>true</RequestStop>
</StopPointInJourneyPattern>
<StopPointInJourneyPattern order="7" version="any" id="SE:020:StopPointInJourneyPattern:205339415000025069_205330000113935259">
    <ScheduledStopPointRef ref="SE:020:ScheduledStopPoint:9022020582170002"/>
    <ForAlighting>true</ForAlighting>
    <ForBoarding>true</ForBoarding>
    <RequestStop>true</RequestStop>
</StopPointInJourneyPattern>
<StopPointInJourneyPattern order="8" version="any" id="SE:020:StopPointInJourneyPattern:205339415000025069_205330000113935260">
    <ScheduledStopPointRef ref="SE:020:ScheduledStopPoint:9022020582203001"/>
    <ForAlighting>true</ForAlighting>
    <ForBoarding>true</ForBoarding>
    <RequestStop>true</RequestStop>
</StopPointInJourneyPattern>
<StopPointInJourneyPattern order="9" version="any" id="SE:020:StopPointInJourneyPattern:205339415000025069_205330000113935261">
    <ScheduledStopPointRef ref="SE:020:ScheduledStopPoint:9022020582202001"/>
    <ForAlighting>true</ForAlighting>
    <ForBoarding>true</ForBoarding>
    <RequestStop>true</RequestStop>
</StopPointInJourneyPattern>
<StopPointInJourneyPattern order="10" version="any" id="SE:020:StopPointInJourneyPattern:205339415000025069_205330000113935262">
    <ScheduledStopPointRef ref="SE:020:ScheduledStopPoint:9022020582046003"/>
    <ForAlighting>true</ForAlighting>
    <ForBoarding>true</ForBoarding>
    <RequestStop>true</RequestStop>
</StopPointInJourneyPattern>
<StopPointInJourneyPattern order="11" version="any" id="SE:020:StopPointInJourneyPattern:205339415000025069_205330000113935263">
    <ScheduledStopPointRef ref="SE:020:ScheduledStopPoint:9022020582127002"/>
    <ForAlighting>true</ForAlighting>
    <ForBoarding>true</ForBoarding>
    <RequestStop>true</RequestStop>
</StopPointInJourneyPattern>
<StopPointInJourneyPattern order="12" version="any" id="SE:020:StopPointInJourneyPattern:205339415000025069_205330000113935264">
    <ScheduledStopPointRef ref="SE:020:ScheduledStopPoint:9022020582157002"/>
    <ForAlighting>true</ForAlighting>
    <ForBoarding>false</ForBoarding>
    <RequestStop>true</RequestStop>
</StopPointInJourneyPattern>
                            </pointsInSequence>
                        </JourneyPattern>
                    </journeyPatterns>
                </ServiceFrame>
                <TimetableFrame version="20241009025723" id="SE:020:TimetableFrame:9011020037600000">
                    <vehicleJourneys>
                        <ServiceJourney version="any" id="SE:020:ServiceJourney:205330000113935323">
                            <TransportMode>bus</TransportMode>
                            <TransportSubmode>
<BusSubmode>unknown</BusSubmode>
                            </TransportSubmode>
                            <dayTypes>
<DayTypeRef ref="SE:020:DayType:33jmpmbc08dk2d8au9u7ffjuoo36fro1"/>
                            </dayTypes>
                            <JourneyPatternRef ref="SE:020:JourneyPattern:205339415000025069" version="any"/>
                            <OperatorRef ref="SE:020:Operator:9013020140700000"/>
                            <passingTimes>
<TimetabledPassingTime version="any" id="SE:020:TimetabledPassingTime:205330000113935308">
    <StopPointInJourneyPatternRef ref="SE:020:StopPointInJourneyPattern:205339415000025069_205330000113935253" version="any"/>
    <DepartureTime>07:50:00</DepartureTime>
</TimetabledPassingTime>
<TimetabledPassingTime version="any" id="SE:020:TimetabledPassingTime:205330000113935309">
    <StopPointInJourneyPatternRef ref="SE:020:StopPointInJourneyPattern:205339415000025069_205330000113935254" version="any"/>
    <ArrivalTime>07:51:21</ArrivalTime>
    <DepartureTime>07:51:21</DepartureTime>
</TimetabledPassingTime>
<TimetabledPassingTime version="any" id="SE:020:TimetabledPassingTime:205330000113935310">
    <StopPointInJourneyPatternRef ref="SE:020:StopPointInJourneyPattern:205339415000025069_205330000113935255" version="any"/>
    <ArrivalTime>07:57:20</ArrivalTime>
    <DepartureTime>07:57:20</DepartureTime>
</TimetabledPassingTime>
<TimetabledPassingTime version="any" id="SE:020:TimetabledPassingTime:205330000113935311">
    <StopPointInJourneyPatternRef ref="SE:020:StopPointInJourneyPattern:205339415000025069_205330000113935256" version="any"/>
    <ArrivalTime>08:00:00</ArrivalTime>
    <DepartureTime>08:00:00</DepartureTime>
</TimetabledPassingTime>
<TimetabledPassingTime version="any" id="SE:020:TimetabledPassingTime:205330000113935312">
    <StopPointInJourneyPatternRef ref="SE:020:StopPointInJourneyPattern:205339415000025069_205330000113935257" version="any"/>
    <ArrivalTime>08:03:41</ArrivalTime>
    <DepartureTime>08:03:41</DepartureTime>
</TimetabledPassingTime>
<TimetabledPassingTime version="any" id="SE:020:TimetabledPassingTime:205330000113935313">
    <StopPointInJourneyPatternRef ref="SE:020:StopPointInJourneyPattern:205339415000025069_205330000113935258" version="any"/>
    <ArrivalTime>08:08:00</ArrivalTime>
    <DepartureTime>08:08:00</DepartureTime>
</TimetabledPassingTime>
<TimetabledPassingTime version="any" id="SE:020:TimetabledPassingTime:205330000113935314">
    <StopPointInJourneyPatternRef ref="SE:020:StopPointInJourneyPattern:205339415000025069_205330000113935259" version="any"/>
    <ArrivalTime>08:13:00</ArrivalTime>
    <DepartureTime>08:13:00</DepartureTime>
</TimetabledPassingTime>
<TimetabledPassingTime version="any" id="SE:020:TimetabledPassingTime:205330000113935315">
    <StopPointInJourneyPatternRef ref="SE:020:StopPointInJourneyPattern:205339415000025069_205330000113935260" version="any"/>
    <ArrivalTime>08:15:17</ArrivalTime>
    <DepartureTime>08:15:17</DepartureTime>
</TimetabledPassingTime>
<TimetabledPassingTime version="any" id="SE:020:TimetabledPassingTime:205330000113935316">
    <StopPointInJourneyPatternRef ref="SE:020:StopPointInJourneyPattern:205339415000025069_205330000113935261" version="any"/>
    <ArrivalTime>08:16:44</ArrivalTime>
    <DepartureTime>08:16:44</DepartureTime>
</TimetabledPassingTime>
<TimetabledPassingTime version="any" id="SE:020:TimetabledPassingTime:205330000113935317">
    <StopPointInJourneyPatternRef ref="SE:020:StopPointInJourneyPattern:205339415000025069_205330000113935262" version="any"/>
    <ArrivalTime>08:20:00</ArrivalTime>
    <DepartureTime>08:20:00</DepartureTime>
</TimetabledPassingTime>
<TimetabledPassingTime version="any" id="SE:020:TimetabledPassingTime:205330000113935318">
    <StopPointInJourneyPatternRef ref="SE:020:StopPointInJourneyPattern:205339415000025069_205330000113935263" version="any"/>
    <ArrivalTime>08:23:29</ArrivalTime>
    <DepartureTime>08:23:29</DepartureTime>
</TimetabledPassingTime>
<TimetabledPassingTime version="any" id="SE:020:TimetabledPassingTime:205330000113935319">
    <StopPointInJourneyPatternRef ref="SE:020:StopPointInJourneyPattern:205339415000025069_205330000113935264" version="any"/>
    <ArrivalTime>08:25:00</ArrivalTime>
</TimetabledPassingTime>
                            </passingTimes>
                        </ServiceJourney>
                        <ServiceJourney version="any" id="SE:020:ServiceJourney:205330000113935347">
                            <TransportMode>bus</TransportMode>
                            <TransportSubmode>
<BusSubmode>unknown</BusSubmode>
                            </TransportSubmode>
                            <dayTypes>
<DayTypeRef ref="SE:020:DayType:33jmpmbc08dk2d8au9u7ffjuoo36fro1"/>
                            </dayTypes>
                            <JourneyPatternRef ref="SE:020:JourneyPattern:205339415000025070" version="any"/>
                            <OperatorRef ref="SE:020:Operator:9013020140700000"/>
                            <passingTimes>
<TimetabledPassingTime version="any" id="SE:020:TimetabledPassingTime:205330000113935332">
    <StopPointInJourneyPatternRef ref="SE:020:StopPointInJourneyPattern:205339415000025070_205330000113935281" version="any"/>
    <DepartureTime>14:00:00</DepartureTime>
</TimetabledPassingTime>
<TimetabledPassingTime version="any" id="SE:020:TimetabledPassingTime:205330000113935333">
    <StopPointInJourneyPatternRef ref="SE:020:StopPointInJourneyPattern:205339415000025070_205330000113935282" version="any"/>
    <ArrivalTime>14:00:58</ArrivalTime>
    <DepartureTime>14:00:58</DepartureTime>
</TimetabledPassingTime>
<TimetabledPassingTime version="any" id="SE:020:TimetabledPassingTime:205330000113935334">
    <StopPointInJourneyPatternRef ref="SE:020:StopPointInJourneyPattern:205339415000025070_205330000113935283" version="any"/>
    <ArrivalTime>14:05:00</ArrivalTime>
    <DepartureTime>14:05:00</DepartureTime>
</TimetabledPassingTime>
<TimetabledPassingTime version="any" id="SE:020:TimetabledPassingTime:205330000113935335">
    <StopPointInJourneyPatternRef ref="SE:020:StopPointInJourneyPattern:205339415000025070_205330000113935284" version="any"/>
    <ArrivalTime>14:07:35</ArrivalTime>
    <DepartureTime>14:07:35</DepartureTime>
</TimetabledPassingTime>
<TimetabledPassingTime version="any" id="SE:020:TimetabledPassingTime:205330000113935336">
    <StopPointInJourneyPatternRef ref="SE:020:StopPointInJourneyPattern:205339415000025070_205330000113935285" version="any"/>
    <ArrivalTime>14:09:01</ArrivalTime>
    <DepartureTime>14:09:01</DepartureTime>
</TimetabledPassingTime>
<TimetabledPassingTime version="any" id="SE:020:TimetabledPassingTime:205330000113935337">
    <StopPointInJourneyPatternRef ref="SE:020:StopPointInJourneyPattern:205339415000025070_205330000113935286" version="any"/>
    <ArrivalTime>14:12:00</ArrivalTime>
    <DepartureTime>14:12:00</DepartureTime>
</TimetabledPassingTime>
<TimetabledPassingTime version="any" id="SE:020:TimetabledPassingTime:205330000113935338">
    <StopPointInJourneyPatternRef ref="SE:020:StopPointInJourneyPattern:205339415000025070_205330000113935287" version="any"/>
    <ArrivalTime>14:17:00</ArrivalTime>
    <DepartureTime>14:17:00</DepartureTime>
</TimetabledPassingTime>
<TimetabledPassingTime version="any" id="SE:020:TimetabledPassingTime:205330000113935339">
    <StopPointInJourneyPatternRef ref="SE:020:StopPointInJourneyPattern:205339415000025070_205330000113935288" version="any"/>
    <ArrivalTime>14:20:32</ArrivalTime>
    <DepartureTime>14:20:32</DepartureTime>
</TimetabledPassingTime>
<TimetabledPassingTime version="any" id="SE:020:TimetabledPassingTime:205330000113935340">
    <StopPointInJourneyPatternRef ref="SE:020:StopPointInJourneyPattern:205339415000025070_205330000113935289" version="any"/>
    <ArrivalTime>14:25:00</ArrivalTime>
    <DepartureTime>14:25:00</DepartureTime>
</TimetabledPassingTime>
<TimetabledPassingTime version="any" id="SE:020:TimetabledPassingTime:205330000113935341">
    <StopPointInJourneyPatternRef ref="SE:020:StopPointInJourneyPattern:205339415000025070_205330000113935290" version="any"/>
    <ArrivalTime>14:26:42</ArrivalTime>
    <DepartureTime>14:26:42</DepartureTime>
</TimetabledPassingTime>
<TimetabledPassingTime version="any" id="SE:020:TimetabledPassingTime:205330000113935342">
    <StopPointInJourneyPatternRef ref="SE:020:StopPointInJourneyPattern:205339415000025070_205330000113935291" version="any"/>
    <ArrivalTime>14:32:40</ArrivalTime>
    <DepartureTime>14:32:40</DepartureTime>
</TimetabledPassingTime>
<TimetabledPassingTime version="any" id="SE:020:TimetabledPassingTime:205330000113935343">
    <StopPointInJourneyPatternRef ref="SE:020:StopPointInJourneyPattern:205339415000025070_205330000113935292" version="any"/>
    <ArrivalTime>14:35:00</ArrivalTime>
</TimetabledPassingTime>
                            </passingTimes>
                        </ServiceJourney>
                        <ServiceJourney version="any" id="SE:020:ServiceJourney:205330000113935395">
                            <TransportMode>bus</TransportMode>
                            <TransportSubmode>
<BusSubmode>unknown</BusSubmode>
                            </TransportSubmode>
                            <dayTypes>
<DayTypeRef ref="SE:020:DayType:33jmpmbc08dk2d8au9u7ffjuoo36fro1"/>
                            </dayTypes>
                            <JourneyPatternRef ref="SE:020:JourneyPattern:205339415000025070" version="any"/>
                            <OperatorRef ref="SE:020:Operator:9013020140700000"/>
                            <passingTimes>
<TimetabledPassingTime version="any" id="SE:020:TimetabledPassingTime:205330000113935380">
    <StopPointInJourneyPatternRef ref="SE:020:StopPointInJourneyPattern:205339415000025070_205330000113935281" version="any"/>
    <DepartureTime>15:55:00</DepartureTime>
</TimetabledPassingTime>
<TimetabledPassingTime version="any" id="SE:020:TimetabledPassingTime:205330000113935381">
    <StopPointInJourneyPatternRef ref="SE:020:StopPointInJourneyPattern:205339415000025070_205330000113935282" version="any"/>
    <ArrivalTime>15:55:58</ArrivalTime>
    <DepartureTime>15:55:58</DepartureTime>
</TimetabledPassingTime>
<TimetabledPassingTime version="any" id="SE:020:TimetabledPassingTime:205330000113935382">
    <StopPointInJourneyPatternRef ref="SE:020:StopPointInJourneyPattern:205339415000025070_205330000113935283" version="any"/>
    <ArrivalTime>16:00:00</ArrivalTime>
    <DepartureTime>16:00:00</DepartureTime>
</TimetabledPassingTime>
<TimetabledPassingTime version="any" id="SE:020:TimetabledPassingTime:205330000113935383">
    <StopPointInJourneyPatternRef ref="SE:020:StopPointInJourneyPattern:205339415000025070_205330000113935284" version="any"/>
    <ArrivalTime>16:02:35</ArrivalTime>
    <DepartureTime>16:02:35</DepartureTime>
</TimetabledPassingTime>
<TimetabledPassingTime version="any" id="SE:020:TimetabledPassingTime:205330000113935384">
    <StopPointInJourneyPatternRef ref="SE:020:StopPointInJourneyPattern:205339415000025070_205330000113935285" version="any"/>
    <ArrivalTime>16:04:01</ArrivalTime>
    <DepartureTime>16:04:01</DepartureTime>
</TimetabledPassingTime>
<TimetabledPassingTime version="any" id="SE:020:TimetabledPassingTime:205330000113935385">
    <StopPointInJourneyPatternRef ref="SE:020:StopPointInJourneyPattern:205339415000025070_205330000113935286" version="any"/>
    <ArrivalTime>16:07:00</ArrivalTime>
    <DepartureTime>16:07:00</DepartureTime>
</TimetabledPassingTime>
<TimetabledPassingTime version="any" id="SE:020:TimetabledPassingTime:205330000113935386">
    <StopPointInJourneyPatternRef ref="SE:020:StopPointInJourneyPattern:205339415000025070_205330000113935287" version="any"/>
    <ArrivalTime>16:12:00</ArrivalTime>
    <DepartureTime>16:12:00</DepartureTime>
</TimetabledPassingTime>
<TimetabledPassingTime version="any" id="SE:020:TimetabledPassingTime:205330000113935387">
    <StopPointInJourneyPatternRef ref="SE:020:StopPointInJourneyPattern:205339415000025070_205330000113935288" version="any"/>
    <ArrivalTime>16:15:32</ArrivalTime>
    <DepartureTime>16:15:32</DepartureTime>
</TimetabledPassingTime>
<TimetabledPassingTime version="any" id="SE:020:TimetabledPassingTime:205330000113935388">
    <StopPointInJourneyPatternRef ref="SE:020:StopPointInJourneyPattern:205339415000025070_205330000113935289" version="any"/>
    <ArrivalTime>16:20:00</ArrivalTime>
    <DepartureTime>16:20:00</DepartureTime>
</TimetabledPassingTime>
<TimetabledPassingTime version="any" id="SE:020:TimetabledPassingTime:205330000113935389">
    <StopPointInJourneyPatternRef ref="SE:020:StopPointInJourneyPattern:205339415000025070_205330000113935290" version="any"/>
    <ArrivalTime>16:21:42</ArrivalTime>
    <DepartureTime>16:21:42</DepartureTime>
</TimetabledPassingTime>
<TimetabledPassingTime version="any" id="SE:020:TimetabledPassingTime:205330000113935390">
    <StopPointInJourneyPatternRef ref="SE:020:StopPointInJourneyPattern:205339415000025070_205330000113935291" version="any"/>
    <ArrivalTime>16:27:40</ArrivalTime>
    <DepartureTime>16:27:40</DepartureTime>
</TimetabledPassingTime>
<TimetabledPassingTime version="any" id="SE:020:TimetabledPassingTime:205330000113935391">
    <StopPointInJourneyPatternRef ref="SE:020:StopPointInJourneyPattern:205339415000025070_205330000113935292" version="any"/>
    <ArrivalTime>16:30:00</ArrivalTime>
</TimetabledPassingTime>
                            </passingTimes>
                        </ServiceJourney>
                        <ServiceJourney version="any" id="SE:020:ServiceJourney:205330000113935371">
                            <TransportMode>bus</TransportMode>
                            <TransportSubmode>
<BusSubmode>unknown</BusSubmode>
                            </TransportSubmode>
                            <dayTypes>
<DayTypeRef ref="SE:020:DayType:33jmpmbc08dk2d8au9u7ffjuoo36fro1"/>
                            </dayTypes>
                            <JourneyPatternRef ref="SE:020:JourneyPattern:205339415000025070" version="any"/>
                            <OperatorRef ref="SE:020:Operator:9013020140700000"/>
                            <passingTimes>
<TimetabledPassingTime version="any" id="SE:020:TimetabledPassingTime:205330000113935356">
    <StopPointInJourneyPatternRef ref="SE:020:StopPointInJourneyPattern:205339415000025070_205330000113935281" version="any"/>
    <DepartureTime>15:08:00</DepartureTime>
</TimetabledPassingTime>
<TimetabledPassingTime version="any" id="SE:020:TimetabledPassingTime:205330000113935357">
    <StopPointInJourneyPatternRef ref="SE:020:StopPointInJourneyPattern:205339415000025070_205330000113935282" version="any"/>
    <ArrivalTime>15:08:58</ArrivalTime>
    <DepartureTime>15:08:58</DepartureTime>
</TimetabledPassingTime>
<TimetabledPassingTime version="any" id="SE:020:TimetabledPassingTime:205330000113935358">
    <StopPointInJourneyPatternRef ref="SE:020:StopPointInJourneyPattern:205339415000025070_205330000113935283" version="any"/>
    <ArrivalTime>15:13:00</ArrivalTime>
    <DepartureTime>15:13:00</DepartureTime>
</TimetabledPassingTime>
<TimetabledPassingTime version="any" id="SE:020:TimetabledPassingTime:205330000113935359">
    <StopPointInJourneyPatternRef ref="SE:020:StopPointInJourneyPattern:205339415000025070_205330000113935284" version="any"/>
    <ArrivalTime>15:15:35</ArrivalTime>
    <DepartureTime>15:15:35</DepartureTime>
</TimetabledPassingTime>
<TimetabledPassingTime version="any" id="SE:020:TimetabledPassingTime:205330000113935360">
    <StopPointInJourneyPatternRef ref="SE:020:StopPointInJourneyPattern:205339415000025070_205330000113935285" version="any"/>
    <ArrivalTime>15:17:01</ArrivalTime>
    <DepartureTime>15:17:01</DepartureTime>
</TimetabledPassingTime>
<TimetabledPassingTime version="any" id="SE:020:TimetabledPassingTime:205330000113935361">
    <StopPointInJourneyPatternRef ref="SE:020:StopPointInJourneyPattern:205339415000025070_205330000113935286" version="any"/>
    <ArrivalTime>15:20:00</ArrivalTime>
    <DepartureTime>15:20:00</DepartureTime>
</TimetabledPassingTime>
<TimetabledPassingTime version="any" id="SE:020:TimetabledPassingTime:205330000113935362">
    <StopPointInJourneyPatternRef ref="SE:020:StopPointInJourneyPattern:205339415000025070_205330000113935287" version="any"/>
    <ArrivalTime>15:25:00</ArrivalTime>
    <DepartureTime>15:25:00</DepartureTime>
</TimetabledPassingTime>
<TimetabledPassingTime version="any" id="SE:020:TimetabledPassingTime:205330000113935363">
    <StopPointInJourneyPatternRef ref="SE:020:StopPointInJourneyPattern:205339415000025070_205330000113935288" version="any"/>
    <ArrivalTime>15:28:32</ArrivalTime>
    <DepartureTime>15:28:32</DepartureTime>
</TimetabledPassingTime>
<TimetabledPassingTime version="any" id="SE:020:TimetabledPassingTime:205330000113935364">
    <StopPointInJourneyPatternRef ref="SE:020:StopPointInJourneyPattern:205339415000025070_205330000113935289" version="any"/>
    <ArrivalTime>15:33:00</ArrivalTime>
    <DepartureTime>15:33:00</DepartureTime>
</TimetabledPassingTime>
<TimetabledPassingTime version="any" id="SE:020:TimetabledPassingTime:205330000113935365">
    <StopPointInJourneyPatternRef ref="SE:020:StopPointInJourneyPattern:205339415000025070_205330000113935290" version="any"/>
    <ArrivalTime>15:34:42</ArrivalTime>
    <DepartureTime>15:34:42</DepartureTime>
</TimetabledPassingTime>
<TimetabledPassingTime version="any" id="SE:020:TimetabledPassingTime:205330000113935366">
    <StopPointInJourneyPatternRef ref="SE:020:StopPointInJourneyPattern:205339415000025070_205330000113935291" version="any"/>
    <ArrivalTime>15:40:40</ArrivalTime>
    <DepartureTime>15:40:40</DepartureTime>
</TimetabledPassingTime>
<TimetabledPassingTime version="any" id="SE:020:TimetabledPassingTime:205330000113935367">
    <StopPointInJourneyPatternRef ref="SE:020:StopPointInJourneyPattern:205339415000025070_205330000113935292" version="any"/>
    <ArrivalTime>15:43:00</ArrivalTime>
</TimetabledPassingTime>
                            </passingTimes>
                        </ServiceJourney>
                    </vehicleJourneys>
                </TimetableFrame>
            </frames>
        </CompositeFrame>
    </dataObjects>
</PublicationDelivery>
