<?xml version="1.0" encoding="UTF-8" standalone="yes"?>
<PublicationDelivery xmlns="http://www.netex.org.uk/netex" xmlns:ns2="http://www.opengis.net/gml/3.2" xmlns:ns3="http://www.siri.org.uk/siri" xmlns:ns4="http://www.samtrafiken.se/netex" version="1.11:NO-NeTEx-networktimetable:1.3">
    <PublicationTimestamp>2024-10-09T02:57:23</PublicationTimestamp>
    <ParticipantRef>SAM</ParticipantRef>
    <dataObjects>
        <CompositeFrame created="2024-10-09T02:57:23" version="20241009025723" id="SE:020:CompositeFrame:9011020051500000">
            <ValidBetween>
                <FromDate>1970-01-01T00:00:00</FromDate>
            </ValidBetween>
            <codespaces>
                <Codespace id="SE:020">
                    <Xmlns>SE:020</Xmlns>
                    <XmlnsUrl>http://www.samtrafiken.se/ns/dt</XmlnsUrl>
                </Codespace>
            </codespaces>
            <FrameDefaults>
                <DefaultLocale>
                    <TimeZone>Europe/Stockholm</TimeZone>
                    <DefaultLanguage>se</DefaultLanguage>
                </DefaultLocale>
                <DefaultLocationSystem>4326</DefaultLocationSystem>
            </FrameDefaults>
            <frames>
                <ServiceFrame version="20241009025723" id="SE:020:ServiceFrame:9011020051500000">
                    <routes>
                        <Route version="any" id="SE:020:Route:205330000091744323">
                            <Name>Flexområde Östra Grängesberg</Name>
                            <LineRef ref="SE:020:Line:9011020051500000" version="190605"/>
                            <DirectionType>outbound</DirectionType>
                            <pointsInSequence>
<PointOnRoute order="1" version="any" id="SE:020:PointOnRoute:205330000091744328">
    <RoutePointRef ref="SE:020:RoutePoint:9022020585124001"/>
</PointOnRoute>
<PointOnRoute order="2" version="any" id="SE:020:PointOnRoute:205330000091744329">
    <RoutePointRef ref="SE:020:RoutePoint:9022020585309002"/>
</PointOnRoute>
<PointOnRoute order="3" version="any" id="SE:020:PointOnRoute:205330000091744330">
    <RoutePointRef ref="SE:020:RoutePoint:9022020585134001"/>
</PointOnRoute>
<PointOnRoute order="4" version="any" id="SE:020:PointOnRoute:205330000091744331">
    <RoutePointRef ref="SE:020:RoutePoint:9022020585936001"/>
</PointOnRoute>
                            </pointsInSequence>
                        </Route>
                        <Route version="any" id="SE:020:Route:205330000091744303">
                            <Name>Flexområde Östra Grängesberg</Name>
                            <LineRef ref="SE:020:Line:9011020051500000" version="190605"/>
                            <DirectionType>outbound</DirectionType>
                            <pointsInSequence>
<PointOnRoute order="1" version="any" id="SE:020:PointOnRoute:205330000091744308">
    <RoutePointRef ref="SE:020:RoutePoint:9022020585936001"/>
</PointOnRoute>
<PointOnRoute order="2" version="any" id="SE:020:PointOnRoute:205330000091744309">
    <RoutePointRef ref="SE:020:RoutePoint:9022020585124001"/>
</PointOnRoute>
<PointOnRoute order="3" version="any" id="SE:020:PointOnRoute:205330000091744310">
    <RoutePointRef ref="SE:020:RoutePoint:9022020585309002"/>
</PointOnRoute>
<PointOnRoute order="4" version="any" id="SE:020:PointOnRoute:205330000091744311">
    <RoutePointRef ref="SE:020:RoutePoint:9022020585134001"/>
</PointOnRoute>
                            </pointsInSequence>
                        </Route>
                    </routes>
                    <lines>
                        <Line version="190605" id="SE:020:Line:9011020051500000">
                            <ValidBetween>
<FromDate>2019-06-05T00:00:00</FromDate>
                            </ValidBetween>
                            <Name>515</Name>
                            <TransportMode>bus</TransportMode>
                            <TransportSubmode>
<BusSubmode>unknown</BusSubmode>
                            </TransportSubmode>
                            <PublicCode>515</PublicCode>
                            <PrivateCode>515</PrivateCode>
                            <RepresentedByGroupRef ref="SE:020:Network:9010020000000000"/>
                        </Line>
                    </lines>
                    <journeyPatterns>
                        <JourneyPattern version="any" id="SE:020:JourneyPattern:205339415000020081">
                            <RouteRef ref="SE:020:Route:205330000091744323" version="any"/>
                            <pointsInSequence>
<StopPointInJourneyPattern order="1" version="any" id="SE:020:StopPointInJourneyPattern:205339415000020081_205330000091744328">
    <ScheduledStopPointRef ref="SE:020:ScheduledStopPoint:9022020585124001"/>
    <ForAlighting>false</ForAlighting>
    <ForBoarding>true</ForBoarding>
    <DestinationDisplayRef ref="SE:020:DestinationDisplay:205330000091744339"/>
    <RequestStop>true</RequestStop>
</StopPointInJourneyPattern>
<StopPointInJourneyPattern order="2" version="any" id="SE:020:StopPointInJourneyPattern:205339415000020081_205330000091744329">
    <ScheduledStopPointRef ref="SE:020:ScheduledStopPoint:9022020585309002"/>
    <ForAlighting>true</ForAlighting>
    <ForBoarding>true</ForBoarding>
    <RequestStop>true</RequestStop>
</StopPointInJourneyPattern>
<StopPointInJourneyPattern order="3" version="any" id="SE:020:StopPointInJourneyPattern:205339415000020081_205330000091744330">
    <ScheduledStopPointRef ref="SE:020:ScheduledStopPoint:9022020585134001"/>
    <ForAlighting>true</ForAlighting>
    <ForBoarding>true</ForBoarding>
    <RequestStop>true</RequestStop>
</StopPointInJourneyPattern>
<StopPointInJourneyPattern order="4" version="any" id="SE:020:StopPointInJourneyPattern:205339415000020081_205330000091744331">
    <ScheduledStopPointRef ref="SE:020:ScheduledStopPoint:9022020585936001"/>
    <ForAlighting>true</ForAlighting>
    <ForBoarding>false</ForBoarding>
    <RequestStop>true</RequestStop>
</StopPointInJourneyPattern>
                            </pointsInSequence>
                            <linksInSequence>
<ServiceLinkInJourneyPattern order="1" version="any" id="SE:020:ServiceLinkInJourneyPattern:BUS_38996">
    <ServiceLinkRef ref="SE:020:ServiceLink:BUS_9025020058512401_9025020058530902"/>
</ServiceLinkInJourneyPattern>
<ServiceLinkInJourneyPattern order="2" version="any" id="SE:020:ServiceLinkInJourneyPattern:BUS_38997">
    <ServiceLinkRef ref="SE:020:ServiceLink:BUS_9025020058530902_9025020058513401"/>
</ServiceLinkInJourneyPattern>
<ServiceLinkInJourneyPattern order="3" version="any" id="SE:020:ServiceLinkInJourneyPattern:BUS_38998">
    <ServiceLinkRef ref="SE:020:ServiceLink:BUS_9025020058513401_9025020058593601"/>
</ServiceLinkInJourneyPattern>
                            </linksInSequence>
                        </JourneyPattern>
                        <JourneyPattern version="any" id="SE:020:JourneyPattern:205339415000020080">
                            <RouteRef ref="SE:020:Route:205330000091744303" version="any"/>
                            <pointsInSequence>
<StopPointInJourneyPattern order="1" version="any" id="SE:020:StopPointInJourneyPattern:205339415000020080_205330000091744308">
    <ScheduledStopPointRef ref="SE:020:ScheduledStopPoint:9022020585936001"/>
    <ForAlighting>false</ForAlighting>
    <ForBoarding>true</ForBoarding>
    <DestinationDisplayRef ref="SE:020:DestinationDisplay:205330000091744319"/>
    <RequestStop>true</RequestStop>
</StopPointInJourneyPattern>
<StopPointInJourneyPattern order="2" version="any" id="SE:020:StopPointInJourneyPattern:205339415000020080_205330000091744309">
    <ScheduledStopPointRef ref="SE:020:ScheduledStopPoint:9022020585124001"/>
    <ForAlighting>true</ForAlighting>
    <ForBoarding>true</ForBoarding>
    <RequestStop>true</RequestStop>
</StopPointInJourneyPattern>
<StopPointInJourneyPattern order="3" version="any" id="SE:020:StopPointInJourneyPattern:205339415000020080_205330000091744310">
    <ScheduledStopPointRef ref="SE:020:ScheduledStopPoint:9022020585309002"/>
    <ForAlighting>true</ForAlighting>
    <ForBoarding>true</ForBoarding>
    <RequestStop>true</RequestStop>
</StopPointInJourneyPattern>
<StopPointInJourneyPattern order="4" version="any" id="SE:020:StopPointInJourneyPattern:205339415000020080_205330000091744311">
    <ScheduledStopPointRef ref="SE:020:ScheduledStopPoint:9022020585134001"/>
    <ForAlighting>true</ForAlighting>
    <ForBoarding>false</ForBoarding>
    <RequestStop>true</RequestStop>
</StopPointInJourneyPattern>
                            </pointsInSequence>
                            <linksInSequence>
<ServiceLinkInJourneyPattern order="1" version="any" id="SE:020:ServiceLinkInJourneyPattern:BUS_38999">
    <ServiceLinkRef ref="SE:020:ServiceLink:BUS_9025020058593601_9025020058512401"/>
</ServiceLinkInJourneyPattern>
<ServiceLinkInJourneyPattern order="2" version="any" id="SE:020:ServiceLinkInJourneyPattern:BUS_39000">
    <ServiceLinkRef ref="SE:020:ServiceLink:BUS_9025020058512401_9025020058530902"/>
</ServiceLinkInJourneyPattern>
<ServiceLinkInJourneyPattern order="3" version="any" id="SE:020:ServiceLinkInJourneyPattern:BUS_39001">
    <ServiceLinkRef ref="SE:020:ServiceLink:BUS_9025020058530902_9025020058513401"/>
</ServiceLinkInJourneyPattern>
                            </linksInSequence>
                        </JourneyPattern>
                    </journeyPatterns>
                </ServiceFrame>
                <TimetableFrame version="20241009025723" id="SE:020:TimetableFrame:9011020051500000">
                    <vehicleJourneys>
                        <ServiceJourney version="any" id="SE:020:ServiceJourney:205330000116444132">
                            <TransportMode>bus</TransportMode>
                            <TransportSubmode>
<BusSubmode>unknown</BusSubmode>
                            </TransportSubmode>
                            <dayTypes>
<DayTypeRef ref="SE:020:DayType:ptjjeabd9982f800r0u719bhro11637u"/>
                            </dayTypes>
                            <JourneyPatternRef ref="SE:020:JourneyPattern:205339415000020081" version="any"/>
                            <OperatorRef ref="SE:020:Operator:9013020810000000"/>
                            <passingTimes>
<TimetabledPassingTime version="any" id="SE:020:TimetabledPassingTime:205330000116444126">
    <StopPointInJourneyPatternRef ref="SE:020:StopPointInJourneyPattern:205339415000020081_205330000091744328" version="any"/>
    <DepartureTime>12:15:00</DepartureTime>
</TimetabledPassingTime>
<TimetabledPassingTime version="any" id="SE:020:TimetabledPassingTime:205330000116444127">
    <StopPointInJourneyPatternRef ref="SE:020:StopPointInJourneyPattern:205339415000020081_205330000091744329" version="any"/>
    <ArrivalTime>12:20:00</ArrivalTime>
    <DepartureTime>12:20:00</DepartureTime>
</TimetabledPassingTime>
<TimetabledPassingTime version="any" id="SE:020:TimetabledPassingTime:205330000116444128">
    <StopPointInJourneyPatternRef ref="SE:020:StopPointInJourneyPattern:205339415000020081_205330000091744330" version="any"/>
    <ArrivalTime>12:25:00</ArrivalTime>
    <DepartureTime>12:25:00</DepartureTime>
</TimetabledPassingTime>
<TimetabledPassingTime version="any" id="SE:020:TimetabledPassingTime:205330000116444129">
    <StopPointInJourneyPatternRef ref="SE:020:StopPointInJourneyPattern:205339415000020081_205330000091744331" version="any"/>
    <ArrivalTime>13:10:00</ArrivalTime>
</TimetabledPassingTime>
                            </passingTimes>
                            <FlexibleServiceProperties>
<FlexibleServiceType>fixedPassingTimes</FlexibleServiceType>
<BookWhen>advanceOnly</BookWhen>
<BookingNote>Turen ska förbeställas senast 2 timmar före bussens avgångstid via telefon 0774-44 00 00.</BookingNote>
                            </FlexibleServiceProperties>
                        </ServiceJourney>
                        <ServiceJourney version="any" id="SE:020:ServiceJourney:205330000116444107">
                            <TransportMode>bus</TransportMode>
                            <TransportSubmode>
<BusSubmode>unknown</BusSubmode>
                            </TransportSubmode>
                            <dayTypes>
<DayTypeRef ref="SE:020:DayType:ptjjeabd9982f800r0u719bhro11637u"/>
                            </dayTypes>
                            <JourneyPatternRef ref="SE:020:JourneyPattern:205339415000020080" version="any"/>
                            <OperatorRef ref="SE:020:Operator:9013020810000000"/>
                            <passingTimes>
<TimetabledPassingTime version="any" id="SE:020:TimetabledPassingTime:205330000116444101">
    <StopPointInJourneyPatternRef ref="SE:020:StopPointInJourneyPattern:205339415000020080_205330000091744308" version="any"/>
    <DepartureTime>09:30:00</DepartureTime>
</TimetabledPassingTime>
<TimetabledPassingTime version="any" id="SE:020:TimetabledPassingTime:205330000116444102">
    <StopPointInJourneyPatternRef ref="SE:020:StopPointInJourneyPattern:205339415000020080_205330000091744309" version="any"/>
    <ArrivalTime>10:15:00</ArrivalTime>
    <DepartureTime>10:15:00</DepartureTime>
</TimetabledPassingTime>
<TimetabledPassingTime version="any" id="SE:020:TimetabledPassingTime:205330000116444103">
    <StopPointInJourneyPatternRef ref="SE:020:StopPointInJourneyPattern:205339415000020080_205330000091744310" version="any"/>
    <ArrivalTime>10:20:00</ArrivalTime>
    <DepartureTime>10:20:00</DepartureTime>
</TimetabledPassingTime>
<TimetabledPassingTime version="any" id="SE:020:TimetabledPassingTime:205330000116444104">
    <StopPointInJourneyPatternRef ref="SE:020:StopPointInJourneyPattern:205339415000020080_205330000091744311" version="any"/>
    <ArrivalTime>10:25:00</ArrivalTime>
</TimetabledPassingTime>
                            </passingTimes>
                            <FlexibleServiceProperties>
<FlexibleServiceType>fixedPassingTimes</FlexibleServiceType>
<BookWhen>advanceOnly</BookWhen>
<BookingNote>Turen ska förbeställas senast 2 timmar före bussens avgångstid via telefon 0774-44 00 00.</BookingNote>
                            </FlexibleServiceProperties>
                        </ServiceJourney>
                    </vehicleJourneys>
                    <journeyInterchanges>
                        <ServiceJourneyInterchange version="any" id="SE:020:ServiceJourneyInterchange:205330000116444132_1">
                            <Priority>0</Priority>
                            <Guaranteed>false</Guaranteed>
                            <Advertised>true</Advertised>
                            <FromPointRef ref="SE:020:ScheduledStopPoint:9022020585134001"/>
                            <ToPointRef ref="SE:020:ScheduledStopPoint:9022020585134001"/>
                            <FromJourneyRef ref="SE:020:ServiceJourney:205330000116088478"/>
                            <ToJourneyRef ref="SE:020:ServiceJourney:205330000116444132" version="any"/>
                        </ServiceJourneyInterchange>
                    </journeyInterchanges>
                </TimetableFrame>
            </frames>
        </CompositeFrame>
    </dataObjects>
</PublicationDelivery>
