<?xml version="1.0" encoding="UTF-8" standalone="yes"?>
<PublicationDelivery xmlns="http://www.netex.org.uk/netex" xmlns:ns2="http://www.opengis.net/gml/3.2" xmlns:ns3="http://www.siri.org.uk/siri" xmlns:ns4="http://www.samtrafiken.se/netex" version="1.11:NO-NeTEx-networktimetable:1.3">
    <PublicationTimestamp>2024-10-09T02:57:23</PublicationTimestamp>
    <ParticipantRef>SAM</ParticipantRef>
    <dataObjects>
        <CompositeFrame created="2024-10-09T02:57:23" version="20241009025723" id="SE:020:CompositeFrame:9011020005400000">
            <ValidBetween>
                <FromDate>1970-01-01T00:00:00</FromDate>
            </ValidBetween>
            <codespaces>
                <Codespace id="SE:020">
                    <Xmlns>SE:020</Xmlns>
                    <XmlnsUrl>http://www.samtrafiken.se/ns/dt</XmlnsUrl>
                </Codespace>
            </codespaces>
            <FrameDefaults>
                <DefaultLocale>
                    <TimeZone>Europe/Stockholm</TimeZone>
                    <DefaultLanguage>se</DefaultLanguage>
                </DefaultLocale>
                <DefaultLocationSystem>4326</DefaultLocationSystem>
            </FrameDefaults>
            <frames>
                <ServiceFrame version="20241009025723" id="SE:020:ServiceFrame:9011020005400000">
                    <routes>
                        <Route version="any" id="SE:020:Route:205330000095829157">
                            <Name>Rödmyren</Name>
                            <LineRef ref="SE:020:Line:9011020005400000" version="111216"/>
                            <DirectionType>inbound</DirectionType>
                            <pointsInSequence>
<PointOnRoute order="1" version="any" id="SE:020:PointOnRoute:205330000095829162">
    <RoutePointRef ref="SE:020:RoutePoint:9022020562152041"/>
</PointOnRoute>
<PointOnRoute order="2" version="any" id="SE:020:PointOnRoute:205330000095829163">
    <RoutePointRef ref="SE:020:RoutePoint:9022020562147002"/>
</PointOnRoute>
<PointOnRoute order="3" version="any" id="SE:020:PointOnRoute:205330000095829164">
    <RoutePointRef ref="SE:020:RoutePoint:9022020562269001"/>
</PointOnRoute>
<PointOnRoute order="4" version="any" id="SE:020:PointOnRoute:205330000095829165">
    <RoutePointRef ref="SE:020:RoutePoint:9022020562271001"/>
</PointOnRoute>
<PointOnRoute order="5" version="any" id="SE:020:PointOnRoute:205330000095829166">
    <RoutePointRef ref="SE:020:RoutePoint:9022020562138002"/>
</PointOnRoute>
<PointOnRoute order="6" version="any" id="SE:020:PointOnRoute:205330000095829167">
    <RoutePointRef ref="SE:020:RoutePoint:9022020562137002"/>
</PointOnRoute>
<PointOnRoute order="7" version="any" id="SE:020:PointOnRoute:205330000095829168">
    <RoutePointRef ref="SE:020:RoutePoint:9022020562136002"/>
</PointOnRoute>
<PointOnRoute order="8" version="any" id="SE:020:PointOnRoute:205330000095829169">
    <RoutePointRef ref="SE:020:RoutePoint:9022020562135002"/>
</PointOnRoute>
<PointOnRoute order="9" version="any" id="SE:020:PointOnRoute:205330000095829170">
    <RoutePointRef ref="SE:020:RoutePoint:9022020562134002"/>
</PointOnRoute>
<PointOnRoute order="10" version="any" id="SE:020:PointOnRoute:205330000095829171">
    <RoutePointRef ref="SE:020:RoutePoint:9022020562133003"/>
</PointOnRoute>
<PointOnRoute order="11" version="any" id="SE:020:PointOnRoute:205330000095829172">
    <RoutePointRef ref="SE:020:RoutePoint:9022020562132002"/>
</PointOnRoute>
<PointOnRoute order="12" version="any" id="SE:020:PointOnRoute:205330000095829173">
    <RoutePointRef ref="SE:020:RoutePoint:9022020562287002"/>
</PointOnRoute>
<PointOnRoute order="13" version="any" id="SE:020:PointOnRoute:205330000095829174">
    <RoutePointRef ref="SE:020:RoutePoint:9022020562136001"/>
</PointOnRoute>
<PointOnRoute order="14" version="any" id="SE:020:PointOnRoute:205330000095829175">
    <RoutePointRef ref="SE:020:RoutePoint:9022020562137001"/>
</PointOnRoute>
<PointOnRoute order="15" version="any" id="SE:020:PointOnRoute:205330000095829176">
    <RoutePointRef ref="SE:020:RoutePoint:9022020562138001"/>
</PointOnRoute>
<PointOnRoute order="16" version="any" id="SE:020:PointOnRoute:205330000095829177">
    <RoutePointRef ref="SE:020:RoutePoint:9022020562139001"/>
</PointOnRoute>
<PointOnRoute order="17" version="any" id="SE:020:PointOnRoute:205330000095829178">
    <RoutePointRef ref="SE:020:RoutePoint:9022020562140001"/>
</PointOnRoute>
<PointOnRoute order="18" version="any" id="SE:020:PointOnRoute:205330000095829179">
    <RoutePointRef ref="SE:020:RoutePoint:9022020562141001"/>
</PointOnRoute>
                            </pointsInSequence>
                        </Route>
                        <Route version="any" id="SE:020:Route:205330000122216927">
                            <Name>Mora resecentrum</Name>
                            <LineRef ref="SE:020:Line:9011020005400000" version="111216"/>
                            <DirectionType>outbound</DirectionType>
                            <pointsInSequence>
<PointOnRoute order="1" version="any" id="SE:020:PointOnRoute:205330000122216932">
    <RoutePointRef ref="SE:020:RoutePoint:9022020562154002"/>
</PointOnRoute>
<PointOnRoute order="2" version="any" id="SE:020:PointOnRoute:205330000122216933">
    <RoutePointRef ref="SE:020:RoutePoint:9022020562153002"/>
</PointOnRoute>
<PointOnRoute order="3" version="any" id="SE:020:PointOnRoute:205330000122216934">
    <RoutePointRef ref="SE:020:RoutePoint:9022020562141002"/>
</PointOnRoute>
<PointOnRoute order="4" version="any" id="SE:020:PointOnRoute:205330000122216935">
    <RoutePointRef ref="SE:020:RoutePoint:9022020562140002"/>
</PointOnRoute>
<PointOnRoute order="5" version="any" id="SE:020:PointOnRoute:205330000122216936">
    <RoutePointRef ref="SE:020:RoutePoint:9022020562139002"/>
</PointOnRoute>
<PointOnRoute order="6" version="any" id="SE:020:PointOnRoute:205330000122216937">
    <RoutePointRef ref="SE:020:RoutePoint:9022020562138002"/>
</PointOnRoute>
<PointOnRoute order="7" version="any" id="SE:020:PointOnRoute:205330000122216938">
    <RoutePointRef ref="SE:020:RoutePoint:9022020562137002"/>
</PointOnRoute>
<PointOnRoute order="8" version="any" id="SE:020:PointOnRoute:205330000122216939">
    <RoutePointRef ref="SE:020:RoutePoint:9022020562136002"/>
</PointOnRoute>
<PointOnRoute order="9" version="any" id="SE:020:PointOnRoute:205330000122216940">
    <RoutePointRef ref="SE:020:RoutePoint:9022020562287001"/>
</PointOnRoute>
<PointOnRoute order="10" version="any" id="SE:020:PointOnRoute:205330000122216941">
    <RoutePointRef ref="SE:020:RoutePoint:9022020562132001"/>
</PointOnRoute>
<PointOnRoute order="11" version="any" id="SE:020:PointOnRoute:205330000122216942">
    <RoutePointRef ref="SE:020:RoutePoint:9022020562133001"/>
</PointOnRoute>
<PointOnRoute order="12" version="any" id="SE:020:PointOnRoute:205330000122216943">
    <RoutePointRef ref="SE:020:RoutePoint:9022020562134001"/>
</PointOnRoute>
<PointOnRoute order="13" version="any" id="SE:020:PointOnRoute:205330000122216944">
    <RoutePointRef ref="SE:020:RoutePoint:9022020562135001"/>
</PointOnRoute>
<PointOnRoute order="14" version="any" id="SE:020:PointOnRoute:205330000122216945">
    <RoutePointRef ref="SE:020:RoutePoint:9022020562136001"/>
</PointOnRoute>
<PointOnRoute order="15" version="any" id="SE:020:PointOnRoute:205330000122216946">
    <RoutePointRef ref="SE:020:RoutePoint:9022020562137001"/>
</PointOnRoute>
<PointOnRoute order="16" version="any" id="SE:020:PointOnRoute:205330000122216947">
    <RoutePointRef ref="SE:020:RoutePoint:9022020562138001"/>
</PointOnRoute>
<PointOnRoute order="17" version="any" id="SE:020:PointOnRoute:205330000122216948">
    <RoutePointRef ref="SE:020:RoutePoint:9022020562271002"/>
</PointOnRoute>
<PointOnRoute order="18" version="any" id="SE:020:PointOnRoute:205330000122216949">
    <RoutePointRef ref="SE:020:RoutePoint:9022020562269002"/>
</PointOnRoute>
<PointOnRoute order="19" version="any" id="SE:020:PointOnRoute:205330000122216950">
    <RoutePointRef ref="SE:020:RoutePoint:9022020562147001"/>
</PointOnRoute>
<PointOnRoute order="20" version="any" id="SE:020:PointOnRoute:205330000122216951">
    <RoutePointRef ref="SE:020:RoutePoint:9022020562152041"/>
</PointOnRoute>
                            </pointsInSequence>
                        </Route>
                    </routes>
                    <lines>
                        <Line version="111216" id="SE:020:Line:9011020005400000">
                            <ValidBetween>
<FromDate>2011-12-16T00:00:00</FromDate>
                            </ValidBetween>
                            <Name>54</Name>
                            <TransportMode>bus</TransportMode>
                            <TransportSubmode>
<BusSubmode>unknown</BusSubmode>
                            </TransportSubmode>
                            <PublicCode>54</PublicCode>
                            <PrivateCode>54</PrivateCode>
                            <RepresentedByGroupRef ref="SE:020:Network:9010020000000000"/>
                        </Line>
                    </lines>
                    <journeyPatterns>
                        <JourneyPattern version="any" id="SE:020:JourneyPattern:205339415000021197">
                            <RouteRef ref="SE:020:Route:205330000095829157" version="any"/>
                            <pointsInSequence>
<StopPointInJourneyPattern order="1" version="any" id="SE:020:StopPointInJourneyPattern:205339415000021197_205330000095829162">
    <ScheduledStopPointRef ref="SE:020:ScheduledStopPoint:9022020562152041"/>
    <ForAlighting>false</ForAlighting>
    <ForBoarding>true</ForBoarding>
    <DestinationDisplayRef ref="SE:020:DestinationDisplay:205330000095829187"/>
    <RequestStop>true</RequestStop>
</StopPointInJourneyPattern>
<StopPointInJourneyPattern order="2" version="any" id="SE:020:StopPointInJourneyPattern:205339415000021197_205330000095829163">
    <ScheduledStopPointRef ref="SE:020:ScheduledStopPoint:9022020562147002"/>
    <ForAlighting>true</ForAlighting>
    <ForBoarding>true</ForBoarding>
    <RequestStop>true</RequestStop>
</StopPointInJourneyPattern>
<StopPointInJourneyPattern order="3" version="any" id="SE:020:StopPointInJourneyPattern:205339415000021197_205330000095829164">
    <ScheduledStopPointRef ref="SE:020:ScheduledStopPoint:9022020562269001"/>
    <ForAlighting>true</ForAlighting>
    <ForBoarding>true</ForBoarding>
    <RequestStop>true</RequestStop>
</StopPointInJourneyPattern>
<StopPointInJourneyPattern order="4" version="any" id="SE:020:StopPointInJourneyPattern:205339415000021197_205330000095829165">
    <ScheduledStopPointRef ref="SE:020:ScheduledStopPoint:9022020562271001"/>
    <ForAlighting>true</ForAlighting>
    <ForBoarding>true</ForBoarding>
    <RequestStop>true</RequestStop>
</StopPointInJourneyPattern>
<StopPointInJourneyPattern order="5" version="any" id="SE:020:StopPointInJourneyPattern:205339415000021197_205330000095829166">
    <ScheduledStopPointRef ref="SE:020:ScheduledStopPoint:9022020562138002"/>
    <ForAlighting>true</ForAlighting>
    <ForBoarding>true</ForBoarding>
    <RequestStop>true</RequestStop>
</StopPointInJourneyPattern>
<StopPointInJourneyPattern order="6" version="any" id="SE:020:StopPointInJourneyPattern:205339415000021197_205330000095829167">
    <ScheduledStopPointRef ref="SE:020:ScheduledStopPoint:9022020562137002"/>
    <ForAlighting>true</ForAlighting>
    <ForBoarding>true</ForBoarding>
    <RequestStop>true</RequestStop>
</StopPointInJourneyPattern>
<StopPointInJourneyPattern order="7" version="any" id="SE:020:StopPointInJourneyPattern:205339415000021197_205330000095829168">
    <ScheduledStopPointRef ref="SE:020:ScheduledStopPoint:9022020562136002"/>
    <ForAlighting>true</ForAlighting>
    <ForBoarding>true</ForBoarding>
    <RequestStop>true</RequestStop>
</StopPointInJourneyPattern>
<StopPointInJourneyPattern order="8" version="any" id="SE:020:StopPointInJourneyPattern:205339415000021197_205330000095829169">
    <ScheduledStopPointRef ref="SE:020:ScheduledStopPoint:9022020562135002"/>
    <ForAlighting>true</ForAlighting>
    <ForBoarding>true</ForBoarding>
    <RequestStop>true</RequestStop>
</StopPointInJourneyPattern>
<StopPointInJourneyPattern order="9" version="any" id="SE:020:StopPointInJourneyPattern:205339415000021197_205330000095829170">
    <ScheduledStopPointRef ref="SE:020:ScheduledStopPoint:9022020562134002"/>
    <ForAlighting>true</ForAlighting>
    <ForBoarding>true</ForBoarding>
    <RequestStop>true</RequestStop>
</StopPointInJourneyPattern>
<StopPointInJourneyPattern order="10" version="any" id="SE:020:StopPointInJourneyPattern:205339415000021197_205330000095829171">
    <ScheduledStopPointRef ref="SE:020:ScheduledStopPoint:9022020562133003"/>
    <ForAlighting>true</ForAlighting>
    <ForBoarding>true</ForBoarding>
    <RequestStop>true</RequestStop>
</StopPointInJourneyPattern>
<StopPointInJourneyPattern order="11" version="any" id="SE:020:StopPointInJourneyPattern:205339415000021197_205330000095829172">
    <ScheduledStopPointRef ref="SE:020:ScheduledStopPoint:9022020562132002"/>
    <ForAlighting>true</ForAlighting>
    <ForBoarding>true</ForBoarding>
    <RequestStop>true</RequestStop>
</StopPointInJourneyPattern>
<StopPointInJourneyPattern order="12" version="any" id="SE:020:StopPointInJourneyPattern:205339415000021197_205330000095829173">
    <ScheduledStopPointRef ref="SE:020:ScheduledStopPoint:9022020562287002"/>
    <ForAlighting>true</ForAlighting>
    <ForBoarding>true</ForBoarding>
    <RequestStop>true</RequestStop>
</StopPointInJourneyPattern>
<StopPointInJourneyPattern order="13" version="any" id="SE:020:StopPointInJourneyPattern:205339415000021197_205330000095829174">
    <ScheduledStopPointRef ref="SE:020:ScheduledStopPoint:9022020562136001"/>
    <ForAlighting>true</ForAlighting>
    <ForBoarding>true</ForBoarding>
    <RequestStop>true</RequestStop>
</StopPointInJourneyPattern>
<StopPointInJourneyPattern order="14" version="any" id="SE:020:StopPointInJourneyPattern:205339415000021197_205330000095829175">
    <ScheduledStopPointRef ref="SE:020:ScheduledStopPoint:9022020562137001"/>
    <ForAlighting>true</ForAlighting>
    <ForBoarding>true</ForBoarding>
    <RequestStop>true</RequestStop>
</StopPointInJourneyPattern>
<StopPointInJourneyPattern order="15" version="any" id="SE:020:StopPointInJourneyPattern:205339415000021197_205330000095829176">
    <ScheduledStopPointRef ref="SE:020:ScheduledStopPoint:9022020562138001"/>
    <ForAlighting>true</ForAlighting>
    <ForBoarding>true</ForBoarding>
    <RequestStop>true</RequestStop>
</StopPointInJourneyPattern>
<StopPointInJourneyPattern order="16" version="any" id="SE:020:StopPointInJourneyPattern:205339415000021197_205330000095829177">
    <ScheduledStopPointRef ref="SE:020:ScheduledStopPoint:9022020562139001"/>
    <ForAlighting>true</ForAlighting>
    <ForBoarding>true</ForBoarding>
    <RequestStop>true</RequestStop>
</StopPointInJourneyPattern>
<StopPointInJourneyPattern order="17" version="any" id="SE:020:StopPointInJourneyPattern:205339415000021197_205330000095829178">
    <ScheduledStopPointRef ref="SE:020:ScheduledStopPoint:9022020562140001"/>
    <ForAlighting>true</ForAlighting>
    <ForBoarding>true</ForBoarding>
    <RequestStop>true</RequestStop>
</StopPointInJourneyPattern>
<StopPointInJourneyPattern order="18" version="any" id="SE:020:StopPointInJourneyPattern:205339415000021197_205330000095829179">
    <ScheduledStopPointRef ref="SE:020:ScheduledStopPoint:9022020562141001"/>
    <ForAlighting>true</ForAlighting>
    <ForBoarding>false</ForBoarding>
    <RequestStop>true</RequestStop>
</StopPointInJourneyPattern>
                            </pointsInSequence>
                            <linksInSequence>
<ServiceLinkInJourneyPattern order="1" version="any" id="SE:020:ServiceLinkInJourneyPattern:BUS_1801">
    <ServiceLinkRef ref="SE:020:ServiceLink:BUS_9025020056215241_9025020056214702"/>
</ServiceLinkInJourneyPattern>
<ServiceLinkInJourneyPattern order="2" version="any" id="SE:020:ServiceLinkInJourneyPattern:BUS_1802">
    <ServiceLinkRef ref="SE:020:ServiceLink:BUS_9025020056214702_9025020056226901"/>
</ServiceLinkInJourneyPattern>
<ServiceLinkInJourneyPattern order="3" version="any" id="SE:020:ServiceLinkInJourneyPattern:BUS_1803">
    <ServiceLinkRef ref="SE:020:ServiceLink:BUS_9025020056226901_9025020056227101"/>
</ServiceLinkInJourneyPattern>
<ServiceLinkInJourneyPattern order="4" version="any" id="SE:020:ServiceLinkInJourneyPattern:BUS_1804">
    <ServiceLinkRef ref="SE:020:ServiceLink:BUS_9025020056227101_9025020056213802"/>
</ServiceLinkInJourneyPattern>
<ServiceLinkInJourneyPattern order="5" version="any" id="SE:020:ServiceLinkInJourneyPattern:BUS_1805">
    <ServiceLinkRef ref="SE:020:ServiceLink:BUS_9025020056213802_9025020056213702"/>
</ServiceLinkInJourneyPattern>
<ServiceLinkInJourneyPattern order="6" version="any" id="SE:020:ServiceLinkInJourneyPattern:BUS_1806">
    <ServiceLinkRef ref="SE:020:ServiceLink:BUS_9025020056213702_9025020056213602"/>
</ServiceLinkInJourneyPattern>
<ServiceLinkInJourneyPattern order="7" version="any" id="SE:020:ServiceLinkInJourneyPattern:BUS_1807">
    <ServiceLinkRef ref="SE:020:ServiceLink:BUS_9025020056213602_9025020056213502"/>
</ServiceLinkInJourneyPattern>
<ServiceLinkInJourneyPattern order="8" version="any" id="SE:020:ServiceLinkInJourneyPattern:BUS_1808">
    <ServiceLinkRef ref="SE:020:ServiceLink:BUS_9025020056213502_9025020056213402"/>
</ServiceLinkInJourneyPattern>
<ServiceLinkInJourneyPattern order="9" version="any" id="SE:020:ServiceLinkInJourneyPattern:BUS_1809">
    <ServiceLinkRef ref="SE:020:ServiceLink:BUS_9025020056213402_9025020056213303"/>
</ServiceLinkInJourneyPattern>
<ServiceLinkInJourneyPattern order="10" version="any" id="SE:020:ServiceLinkInJourneyPattern:BUS_1810">
    <ServiceLinkRef ref="SE:020:ServiceLink:BUS_9025020056213303_9025020056213202"/>
</ServiceLinkInJourneyPattern>
<ServiceLinkInJourneyPattern order="11" version="any" id="SE:020:ServiceLinkInJourneyPattern:BUS_1811">
    <ServiceLinkRef ref="SE:020:ServiceLink:BUS_9025020056213202_9025020056228702"/>
</ServiceLinkInJourneyPattern>
<ServiceLinkInJourneyPattern order="12" version="any" id="SE:020:ServiceLinkInJourneyPattern:BUS_1812">
    <ServiceLinkRef ref="SE:020:ServiceLink:BUS_9025020056228702_9025020056213601"/>
</ServiceLinkInJourneyPattern>
<ServiceLinkInJourneyPattern order="13" version="any" id="SE:020:ServiceLinkInJourneyPattern:BUS_1813">
    <ServiceLinkRef ref="SE:020:ServiceLink:BUS_9025020056213601_9025020056213701"/>
</ServiceLinkInJourneyPattern>
<ServiceLinkInJourneyPattern order="14" version="any" id="SE:020:ServiceLinkInJourneyPattern:BUS_1814">
    <ServiceLinkRef ref="SE:020:ServiceLink:BUS_9025020056213701_9025020056213801"/>
</ServiceLinkInJourneyPattern>
<ServiceLinkInJourneyPattern order="15" version="any" id="SE:020:ServiceLinkInJourneyPattern:BUS_1815">
    <ServiceLinkRef ref="SE:020:ServiceLink:BUS_9025020056213801_9025020056213901"/>
</ServiceLinkInJourneyPattern>
<ServiceLinkInJourneyPattern order="16" version="any" id="SE:020:ServiceLinkInJourneyPattern:BUS_1816">
    <ServiceLinkRef ref="SE:020:ServiceLink:BUS_9025020056213901_9025020056214001"/>
</ServiceLinkInJourneyPattern>
<ServiceLinkInJourneyPattern order="17" version="any" id="SE:020:ServiceLinkInJourneyPattern:BUS_1817">
    <ServiceLinkRef ref="SE:020:ServiceLink:BUS_9025020056214001_9025020056214101"/>
</ServiceLinkInJourneyPattern>
                            </linksInSequence>
                        </JourneyPattern>
                        <JourneyPattern version="any" id="SE:020:JourneyPattern:205339415000024726">
                            <RouteRef ref="SE:020:Route:205330000095829157" version="any"/>
                            <pointsInSequence>
<StopPointInJourneyPattern order="1" version="any" id="SE:020:StopPointInJourneyPattern:205339415000024726_205330000095829162">
    <ScheduledStopPointRef ref="SE:020:ScheduledStopPoint:9022020562152041"/>
    <ForAlighting>false</ForAlighting>
    <ForBoarding>true</ForBoarding>
    <DestinationDisplayRef ref="SE:020:DestinationDisplay:205330000113771010"/>
    <RequestStop>true</RequestStop>
</StopPointInJourneyPattern>
<StopPointInJourneyPattern order="2" version="any" id="SE:020:StopPointInJourneyPattern:205339415000024726_205330000095829163">
    <ScheduledStopPointRef ref="SE:020:ScheduledStopPoint:9022020562147002"/>
    <ForAlighting>true</ForAlighting>
    <ForBoarding>true</ForBoarding>
    <RequestStop>true</RequestStop>
</StopPointInJourneyPattern>
<StopPointInJourneyPattern order="3" version="any" id="SE:020:StopPointInJourneyPattern:205339415000024726_205330000095829164">
    <ScheduledStopPointRef ref="SE:020:ScheduledStopPoint:9022020562269001"/>
    <ForAlighting>true</ForAlighting>
    <ForBoarding>true</ForBoarding>
    <RequestStop>true</RequestStop>
</StopPointInJourneyPattern>
<StopPointInJourneyPattern order="4" version="any" id="SE:020:StopPointInJourneyPattern:205339415000024726_205330000095829165">
    <ScheduledStopPointRef ref="SE:020:ScheduledStopPoint:9022020562271001"/>
    <ForAlighting>true</ForAlighting>
    <ForBoarding>true</ForBoarding>
    <RequestStop>true</RequestStop>
</StopPointInJourneyPattern>
<StopPointInJourneyPattern order="5" version="any" id="SE:020:StopPointInJourneyPattern:205339415000024726_205330000095829166">
    <ScheduledStopPointRef ref="SE:020:ScheduledStopPoint:9022020562138002"/>
    <ForAlighting>true</ForAlighting>
    <ForBoarding>true</ForBoarding>
    <RequestStop>true</RequestStop>
</StopPointInJourneyPattern>
<StopPointInJourneyPattern order="6" version="any" id="SE:020:StopPointInJourneyPattern:205339415000024726_205330000095829167">
    <ScheduledStopPointRef ref="SE:020:ScheduledStopPoint:9022020562137002"/>
    <ForAlighting>true</ForAlighting>
    <ForBoarding>true</ForBoarding>
    <RequestStop>true</RequestStop>
</StopPointInJourneyPattern>
<StopPointInJourneyPattern order="7" version="any" id="SE:020:StopPointInJourneyPattern:205339415000024726_205330000095829168">
    <ScheduledStopPointRef ref="SE:020:ScheduledStopPoint:9022020562136002"/>
    <ForAlighting>true</ForAlighting>
    <ForBoarding>true</ForBoarding>
    <RequestStop>true</RequestStop>
</StopPointInJourneyPattern>
<StopPointInJourneyPattern order="8" version="any" id="SE:020:StopPointInJourneyPattern:205339415000024726_205330000095829169">
    <ScheduledStopPointRef ref="SE:020:ScheduledStopPoint:9022020562135002"/>
    <ForAlighting>true</ForAlighting>
    <ForBoarding>true</ForBoarding>
    <RequestStop>true</RequestStop>
</StopPointInJourneyPattern>
<StopPointInJourneyPattern order="9" version="any" id="SE:020:StopPointInJourneyPattern:205339415000024726_205330000095829170">
    <ScheduledStopPointRef ref="SE:020:ScheduledStopPoint:9022020562134002"/>
    <ForAlighting>true</ForAlighting>
    <ForBoarding>true</ForBoarding>
    <RequestStop>true</RequestStop>
</StopPointInJourneyPattern>
<StopPointInJourneyPattern order="10" version="any" id="SE:020:StopPointInJourneyPattern:205339415000024726_205330000095829171">
    <ScheduledStopPointRef ref="SE:020:ScheduledStopPoint:9022020562133003"/>
    <ForAlighting>true</ForAlighting>
    <ForBoarding>true</ForBoarding>
    <RequestStop>true</RequestStop>
</StopPointInJourneyPattern>
<StopPointInJourneyPattern order="11" version="any" id="SE:020:StopPointInJourneyPattern:205339415000024726_205330000095829172">
    <ScheduledStopPointRef ref="SE:020:ScheduledStopPoint:9022020562132002"/>
    <ForAlighting>true</ForAlighting>
    <ForBoarding>true</ForBoarding>
    <RequestStop>true</RequestStop>
</StopPointInJourneyPattern>
<StopPointInJourneyPattern order="12" version="any" id="SE:020:StopPointInJourneyPattern:205339415000024726_205330000095829173">
    <ScheduledStopPointRef ref="SE:020:ScheduledStopPoint:9022020562287002"/>
    <ForAlighting>true</ForAlighting>
    <ForBoarding>true</ForBoarding>
    <RequestStop>true</RequestStop>
</StopPointInJourneyPattern>
<StopPointInJourneyPattern order="13" version="any" id="SE:020:StopPointInJourneyPattern:205339415000024726_205330000095829174">
    <ScheduledStopPointRef ref="SE:020:ScheduledStopPoint:9022020562136001"/>
    <ForAlighting>true</ForAlighting>
    <ForBoarding>true</ForBoarding>
    <RequestStop>true</RequestStop>
</StopPointInJourneyPattern>
<StopPointInJourneyPattern order="14" version="any" id="SE:020:StopPointInJourneyPattern:205339415000024726_205330000095829175">
    <ScheduledStopPointRef ref="SE:020:ScheduledStopPoint:9022020562137001"/>
    <ForAlighting>true</ForAlighting>
    <ForBoarding>true</ForBoarding>
    <RequestStop>true</RequestStop>
</StopPointInJourneyPattern>
<StopPointInJourneyPattern order="15" version="any" id="SE:020:StopPointInJourneyPattern:205339415000024726_205330000095829176">
    <ScheduledStopPointRef ref="SE:020:ScheduledStopPoint:9022020562138001"/>
    <ForAlighting>true</ForAlighting>
    <ForBoarding>true</ForBoarding>
    <RequestStop>true</RequestStop>
</StopPointInJourneyPattern>
<StopPointInJourneyPattern order="16" version="any" id="SE:020:StopPointInJourneyPattern:205339415000024726_205330000095829177">
    <ScheduledStopPointRef ref="SE:020:ScheduledStopPoint:9022020562139001"/>
    <ForAlighting>true</ForAlighting>
    <ForBoarding>true</ForBoarding>
    <RequestStop>true</RequestStop>
</StopPointInJourneyPattern>
<StopPointInJourneyPattern order="17" version="any" id="SE:020:StopPointInJourneyPattern:205339415000024726_205330000095829178">
    <ScheduledStopPointRef ref="SE:020:ScheduledStopPoint:9022020562140001"/>
    <ForAlighting>true</ForAlighting>
    <ForBoarding>true</ForBoarding>
    <RequestStop>true</RequestStop>
</StopPointInJourneyPattern>
<StopPointInJourneyPattern order="18" version="any" id="SE:020:StopPointInJourneyPattern:205339415000024726_205330000095829179">
    <ScheduledStopPointRef ref="SE:020:ScheduledStopPoint:9022020562141001"/>
    <ForAlighting>true</ForAlighting>
    <ForBoarding>false</ForBoarding>
    <RequestStop>true</RequestStop>
</StopPointInJourneyPattern>
                            </pointsInSequence>
                            <linksInSequence>
<ServiceLinkInJourneyPattern order="1" version="any" id="SE:020:ServiceLinkInJourneyPattern:BUS_1818">
    <ServiceLinkRef ref="SE:020:ServiceLink:BUS_9025020056215241_9025020056214702"/>
</ServiceLinkInJourneyPattern>
<ServiceLinkInJourneyPattern order="2" version="any" id="SE:020:ServiceLinkInJourneyPattern:BUS_1819">
    <ServiceLinkRef ref="SE:020:ServiceLink:BUS_9025020056214702_9025020056226901"/>
</ServiceLinkInJourneyPattern>
<ServiceLinkInJourneyPattern order="3" version="any" id="SE:020:ServiceLinkInJourneyPattern:BUS_1820">
    <ServiceLinkRef ref="SE:020:ServiceLink:BUS_9025020056226901_9025020056227101"/>
</ServiceLinkInJourneyPattern>
<ServiceLinkInJourneyPattern order="4" version="any" id="SE:020:ServiceLinkInJourneyPattern:BUS_1821">
    <ServiceLinkRef ref="SE:020:ServiceLink:BUS_9025020056227101_9025020056213802"/>
</ServiceLinkInJourneyPattern>
<ServiceLinkInJourneyPattern order="5" version="any" id="SE:020:ServiceLinkInJourneyPattern:BUS_1822">
    <ServiceLinkRef ref="SE:020:ServiceLink:BUS_9025020056213802_9025020056213702"/>
</ServiceLinkInJourneyPattern>
<ServiceLinkInJourneyPattern order="6" version="any" id="SE:020:ServiceLinkInJourneyPattern:BUS_1823">
    <ServiceLinkRef ref="SE:020:ServiceLink:BUS_9025020056213702_9025020056213602"/>
</ServiceLinkInJourneyPattern>
<ServiceLinkInJourneyPattern order="7" version="any" id="SE:020:ServiceLinkInJourneyPattern:BUS_1824">
    <ServiceLinkRef ref="SE:020:ServiceLink:BUS_9025020056213602_9025020056213502"/>
</ServiceLinkInJourneyPattern>
<ServiceLinkInJourneyPattern order="8" version="any" id="SE:020:ServiceLinkInJourneyPattern:BUS_1825">
    <ServiceLinkRef ref="SE:020:ServiceLink:BUS_9025020056213502_9025020056213402"/>
</ServiceLinkInJourneyPattern>
<ServiceLinkInJourneyPattern order="9" version="any" id="SE:020:ServiceLinkInJourneyPattern:BUS_1826">
    <ServiceLinkRef ref="SE:020:ServiceLink:BUS_9025020056213402_9025020056213303"/>
</ServiceLinkInJourneyPattern>
<ServiceLinkInJourneyPattern order="10" version="any" id="SE:020:ServiceLinkInJourneyPattern:BUS_1827">
    <ServiceLinkRef ref="SE:020:ServiceLink:BUS_9025020056213303_9025020056213202"/>
</ServiceLinkInJourneyPattern>
<ServiceLinkInJourneyPattern order="11" version="any" id="SE:020:ServiceLinkInJourneyPattern:BUS_1828">
    <ServiceLinkRef ref="SE:020:ServiceLink:BUS_9025020056213202_9025020056228702"/>
</ServiceLinkInJourneyPattern>
<ServiceLinkInJourneyPattern order="12" version="any" id="SE:020:ServiceLinkInJourneyPattern:BUS_1829">
    <ServiceLinkRef ref="SE:020:ServiceLink:BUS_9025020056228702_9025020056213601"/>
</ServiceLinkInJourneyPattern>
<ServiceLinkInJourneyPattern order="13" version="any" id="SE:020:ServiceLinkInJourneyPattern:BUS_1830">
    <ServiceLinkRef ref="SE:020:ServiceLink:BUS_9025020056213601_9025020056213701"/>
</ServiceLinkInJourneyPattern>
<ServiceLinkInJourneyPattern order="14" version="any" id="SE:020:ServiceLinkInJourneyPattern:BUS_1831">
    <ServiceLinkRef ref="SE:020:ServiceLink:BUS_9025020056213701_9025020056213801"/>
</ServiceLinkInJourneyPattern>
<ServiceLinkInJourneyPattern order="15" version="any" id="SE:020:ServiceLinkInJourneyPattern:BUS_1832">
    <ServiceLinkRef ref="SE:020:ServiceLink:BUS_9025020056213801_9025020056213901"/>
</ServiceLinkInJourneyPattern>
<ServiceLinkInJourneyPattern order="16" version="any" id="SE:020:ServiceLinkInJourneyPattern:BUS_1833">
    <ServiceLinkRef ref="SE:020:ServiceLink:BUS_9025020056213901_9025020056214001"/>
</ServiceLinkInJourneyPattern>
<ServiceLinkInJourneyPattern order="17" version="any" id="SE:020:ServiceLinkInJourneyPattern:BUS_1834">
    <ServiceLinkRef ref="SE:020:ServiceLink:BUS_9025020056214001_9025020056214101"/>
</ServiceLinkInJourneyPattern>
                            </linksInSequence>
                        </JourneyPattern>
                        <JourneyPattern version="any" id="SE:020:JourneyPattern:205339415000026110">
                            <RouteRef ref="SE:020:Route:205330000122216927" version="any"/>
                            <pointsInSequence>
<StopPointInJourneyPattern order="1" version="any" id="SE:020:StopPointInJourneyPattern:205339415000026110_205330000122216932">
    <ScheduledStopPointRef ref="SE:020:ScheduledStopPoint:9022020562154002"/>
    <ForAlighting>false</ForAlighting>
    <ForBoarding>true</ForBoarding>
    <DestinationDisplayRef ref="SE:020:DestinationDisplay:205330000122216960"/>
    <RequestStop>true</RequestStop>
</StopPointInJourneyPattern>
<StopPointInJourneyPattern order="2" version="any" id="SE:020:StopPointInJourneyPattern:205339415000026110_205330000122216933">
    <ScheduledStopPointRef ref="SE:020:ScheduledStopPoint:9022020562153002"/>
    <ForAlighting>true</ForAlighting>
    <ForBoarding>true</ForBoarding>
    <RequestStop>true</RequestStop>
</StopPointInJourneyPattern>
<StopPointInJourneyPattern order="3" version="any" id="SE:020:StopPointInJourneyPattern:205339415000026110_205330000122216934">
    <ScheduledStopPointRef ref="SE:020:ScheduledStopPoint:9022020562141002"/>
    <ForAlighting>true</ForAlighting>
    <ForBoarding>true</ForBoarding>
    <RequestStop>true</RequestStop>
</StopPointInJourneyPattern>
<StopPointInJourneyPattern order="4" version="any" id="SE:020:StopPointInJourneyPattern:205339415000026110_205330000122216935">
    <ScheduledStopPointRef ref="SE:020:ScheduledStopPoint:9022020562140002"/>
    <ForAlighting>true</ForAlighting>
    <ForBoarding>true</ForBoarding>
    <RequestStop>true</RequestStop>
</StopPointInJourneyPattern>
<StopPointInJourneyPattern order="5" version="any" id="SE:020:StopPointInJourneyPattern:205339415000026110_205330000122216936">
    <ScheduledStopPointRef ref="SE:020:ScheduledStopPoint:9022020562139002"/>
    <ForAlighting>true</ForAlighting>
    <ForBoarding>true</ForBoarding>
    <RequestStop>true</RequestStop>
</StopPointInJourneyPattern>
<StopPointInJourneyPattern order="6" version="any" id="SE:020:StopPointInJourneyPattern:205339415000026110_205330000122216937">
    <ScheduledStopPointRef ref="SE:020:ScheduledStopPoint:9022020562138002"/>
    <ForAlighting>true</ForAlighting>
    <ForBoarding>true</ForBoarding>
    <RequestStop>true</RequestStop>
</StopPointInJourneyPattern>
<StopPointInJourneyPattern order="7" version="any" id="SE:020:StopPointInJourneyPattern:205339415000026110_205330000122216938">
    <ScheduledStopPointRef ref="SE:020:ScheduledStopPoint:9022020562137002"/>
    <ForAlighting>true</ForAlighting>
    <ForBoarding>true</ForBoarding>
    <RequestStop>true</RequestStop>
</StopPointInJourneyPattern>
<StopPointInJourneyPattern order="8" version="any" id="SE:020:StopPointInJourneyPattern:205339415000026110_205330000122216939">
    <ScheduledStopPointRef ref="SE:020:ScheduledStopPoint:9022020562136002"/>
    <ForAlighting>true</ForAlighting>
    <ForBoarding>true</ForBoarding>
    <DestinationDisplayRef ref="SE:020:DestinationDisplay:205330000122216964"/>
    <RequestStop>true</RequestStop>
</StopPointInJourneyPattern>
<StopPointInJourneyPattern order="9" version="any" id="SE:020:StopPointInJourneyPattern:205339415000026110_205330000122216940">
    <ScheduledStopPointRef ref="SE:020:ScheduledStopPoint:9022020562287001"/>
    <ForAlighting>true</ForAlighting>
    <ForBoarding>true</ForBoarding>
    <RequestStop>true</RequestStop>
</StopPointInJourneyPattern>
<StopPointInJourneyPattern order="10" version="any" id="SE:020:StopPointInJourneyPattern:205339415000026110_205330000122216941">
    <ScheduledStopPointRef ref="SE:020:ScheduledStopPoint:9022020562132001"/>
    <ForAlighting>true</ForAlighting>
    <ForBoarding>true</ForBoarding>
    <RequestStop>true</RequestStop>
</StopPointInJourneyPattern>
<StopPointInJourneyPattern order="11" version="any" id="SE:020:StopPointInJourneyPattern:205339415000026110_205330000122216942">
    <ScheduledStopPointRef ref="SE:020:ScheduledStopPoint:9022020562133001"/>
    <ForAlighting>true</ForAlighting>
    <ForBoarding>true</ForBoarding>
    <RequestStop>true</RequestStop>
</StopPointInJourneyPattern>
<StopPointInJourneyPattern order="12" version="any" id="SE:020:StopPointInJourneyPattern:205339415000026110_205330000122216943">
    <ScheduledStopPointRef ref="SE:020:ScheduledStopPoint:9022020562134001"/>
    <ForAlighting>true</ForAlighting>
    <ForBoarding>true</ForBoarding>
    <RequestStop>true</RequestStop>
</StopPointInJourneyPattern>
<StopPointInJourneyPattern order="13" version="any" id="SE:020:StopPointInJourneyPattern:205339415000026110_205330000122216944">
    <ScheduledStopPointRef ref="SE:020:ScheduledStopPoint:9022020562135001"/>
    <ForAlighting>true</ForAlighting>
    <ForBoarding>true</ForBoarding>
    <RequestStop>true</RequestStop>
</StopPointInJourneyPattern>
<StopPointInJourneyPattern order="14" version="any" id="SE:020:StopPointInJourneyPattern:205339415000026110_205330000122216945">
    <ScheduledStopPointRef ref="SE:020:ScheduledStopPoint:9022020562136001"/>
    <ForAlighting>true</ForAlighting>
    <ForBoarding>true</ForBoarding>
    <RequestStop>true</RequestStop>
</StopPointInJourneyPattern>
<StopPointInJourneyPattern order="15" version="any" id="SE:020:StopPointInJourneyPattern:205339415000026110_205330000122216946">
    <ScheduledStopPointRef ref="SE:020:ScheduledStopPoint:9022020562137001"/>
    <ForAlighting>true</ForAlighting>
    <ForBoarding>true</ForBoarding>
    <RequestStop>true</RequestStop>
</StopPointInJourneyPattern>
<StopPointInJourneyPattern order="16" version="any" id="SE:020:StopPointInJourneyPattern:205339415000026110_205330000122216947">
    <ScheduledStopPointRef ref="SE:020:ScheduledStopPoint:9022020562138001"/>
    <ForAlighting>true</ForAlighting>
    <ForBoarding>true</ForBoarding>
    <RequestStop>true</RequestStop>
</StopPointInJourneyPattern>
<StopPointInJourneyPattern order="17" version="any" id="SE:020:StopPointInJourneyPattern:205339415000026110_205330000122216948">
    <ScheduledStopPointRef ref="SE:020:ScheduledStopPoint:9022020562271002"/>
    <ForAlighting>true</ForAlighting>
    <ForBoarding>true</ForBoarding>
    <RequestStop>true</RequestStop>
</StopPointInJourneyPattern>
<StopPointInJourneyPattern order="18" version="any" id="SE:020:StopPointInJourneyPattern:205339415000026110_205330000122216949">
    <ScheduledStopPointRef ref="SE:020:ScheduledStopPoint:9022020562269002"/>
    <ForAlighting>true</ForAlighting>
    <ForBoarding>true</ForBoarding>
    <RequestStop>true</RequestStop>
</StopPointInJourneyPattern>
<StopPointInJourneyPattern order="19" version="any" id="SE:020:StopPointInJourneyPattern:205339415000026110_205330000122216950">
    <ScheduledStopPointRef ref="SE:020:ScheduledStopPoint:9022020562147001"/>
    <ForAlighting>true</ForAlighting>
    <ForBoarding>true</ForBoarding>
    <RequestStop>true</RequestStop>
</StopPointInJourneyPattern>
<StopPointInJourneyPattern order="20" version="any" id="SE:020:StopPointInJourneyPattern:205339415000026110_205330000122216951">
    <ScheduledStopPointRef ref="SE:020:ScheduledStopPoint:9022020562152041"/>
    <ForAlighting>true</ForAlighting>
    <ForBoarding>false</ForBoarding>
    <RequestStop>true</RequestStop>
</StopPointInJourneyPattern>
                            </pointsInSequence>
                            <linksInSequence>
<ServiceLinkInJourneyPattern order="1" version="any" id="SE:020:ServiceLinkInJourneyPattern:BUS_1835">
    <ServiceLinkRef ref="SE:020:ServiceLink:BUS_9025020056215402_9025020056215302"/>
</ServiceLinkInJourneyPattern>
<ServiceLinkInJourneyPattern order="2" version="any" id="SE:020:ServiceLinkInJourneyPattern:BUS_1836">
    <ServiceLinkRef ref="SE:020:ServiceLink:BUS_9025020056215302_9025020056214102"/>
</ServiceLinkInJourneyPattern>
<ServiceLinkInJourneyPattern order="3" version="any" id="SE:020:ServiceLinkInJourneyPattern:BUS_1837">
    <ServiceLinkRef ref="SE:020:ServiceLink:BUS_9025020056214102_9025020056214002"/>
</ServiceLinkInJourneyPattern>
<ServiceLinkInJourneyPattern order="4" version="any" id="SE:020:ServiceLinkInJourneyPattern:BUS_1838">
    <ServiceLinkRef ref="SE:020:ServiceLink:BUS_9025020056214002_9025020056213902"/>
</ServiceLinkInJourneyPattern>
<ServiceLinkInJourneyPattern order="5" version="any" id="SE:020:ServiceLinkInJourneyPattern:BUS_1839">
    <ServiceLinkRef ref="SE:020:ServiceLink:BUS_9025020056213902_9025020056213802"/>
</ServiceLinkInJourneyPattern>
<ServiceLinkInJourneyPattern order="6" version="any" id="SE:020:ServiceLinkInJourneyPattern:BUS_1840">
    <ServiceLinkRef ref="SE:020:ServiceLink:BUS_9025020056213802_9025020056213702"/>
</ServiceLinkInJourneyPattern>
<ServiceLinkInJourneyPattern order="7" version="any" id="SE:020:ServiceLinkInJourneyPattern:BUS_1841">
    <ServiceLinkRef ref="SE:020:ServiceLink:BUS_9025020056213702_9025020056213602"/>
</ServiceLinkInJourneyPattern>
<ServiceLinkInJourneyPattern order="8" version="any" id="SE:020:ServiceLinkInJourneyPattern:BUS_1842">
    <ServiceLinkRef ref="SE:020:ServiceLink:BUS_9025020056213602_9025020056228701"/>
</ServiceLinkInJourneyPattern>
<ServiceLinkInJourneyPattern order="9" version="any" id="SE:020:ServiceLinkInJourneyPattern:BUS_1843">
    <ServiceLinkRef ref="SE:020:ServiceLink:BUS_9025020056228701_9025020056213201"/>
</ServiceLinkInJourneyPattern>
<ServiceLinkInJourneyPattern order="10" version="any" id="SE:020:ServiceLinkInJourneyPattern:BUS_1844">
    <ServiceLinkRef ref="SE:020:ServiceLink:BUS_9025020056213201_9025020056213301"/>
</ServiceLinkInJourneyPattern>
<ServiceLinkInJourneyPattern order="11" version="any" id="SE:020:ServiceLinkInJourneyPattern:BUS_1845">
    <ServiceLinkRef ref="SE:020:ServiceLink:BUS_9025020056213301_9025020056213401"/>
</ServiceLinkInJourneyPattern>
<ServiceLinkInJourneyPattern order="12" version="any" id="SE:020:ServiceLinkInJourneyPattern:BUS_1846">
    <ServiceLinkRef ref="SE:020:ServiceLink:BUS_9025020056213401_9025020056213501"/>
</ServiceLinkInJourneyPattern>
<ServiceLinkInJourneyPattern order="13" version="any" id="SE:020:ServiceLinkInJourneyPattern:BUS_1847">
    <ServiceLinkRef ref="SE:020:ServiceLink:BUS_9025020056213501_9025020056213601"/>
</ServiceLinkInJourneyPattern>
<ServiceLinkInJourneyPattern order="14" version="any" id="SE:020:ServiceLinkInJourneyPattern:BUS_1848">
    <ServiceLinkRef ref="SE:020:ServiceLink:BUS_9025020056213601_9025020056213701"/>
</ServiceLinkInJourneyPattern>
<ServiceLinkInJourneyPattern order="15" version="any" id="SE:020:ServiceLinkInJourneyPattern:BUS_1849">
    <ServiceLinkRef ref="SE:020:ServiceLink:BUS_9025020056213701_9025020056213801"/>
</ServiceLinkInJourneyPattern>
<ServiceLinkInJourneyPattern order="16" version="any" id="SE:020:ServiceLinkInJourneyPattern:BUS_1850">
    <ServiceLinkRef ref="SE:020:ServiceLink:BUS_9025020056213801_9025020056227102"/>
</ServiceLinkInJourneyPattern>
<ServiceLinkInJourneyPattern order="17" version="any" id="SE:020:ServiceLinkInJourneyPattern:BUS_1851">
    <ServiceLinkRef ref="SE:020:ServiceLink:BUS_9025020056227102_9025020056226902"/>
</ServiceLinkInJourneyPattern>
<ServiceLinkInJourneyPattern order="18" version="any" id="SE:020:ServiceLinkInJourneyPattern:BUS_1852">
    <ServiceLinkRef ref="SE:020:ServiceLink:BUS_9025020056226902_9025020056214701"/>
</ServiceLinkInJourneyPattern>
<ServiceLinkInJourneyPattern order="19" version="any" id="SE:020:ServiceLinkInJourneyPattern:BUS_1853">
    <ServiceLinkRef ref="SE:020:ServiceLink:BUS_9025020056214701_9025020056215241"/>
</ServiceLinkInJourneyPattern>
                            </linksInSequence>
                        </JourneyPattern>
                    </journeyPatterns>
                </ServiceFrame>
                <TimetableFrame version="20241009025723" id="SE:020:TimetableFrame:9011020005400000">
                    <vehicleJourneys>
                        <ServiceJourney version="any" id="SE:020:ServiceJourney:205330000122216994">
                            <TransportMode>bus</TransportMode>
                            <TransportSubmode>
<BusSubmode>unknown</BusSubmode>
                            </TransportSubmode>
                            <dayTypes>
<DayTypeRef ref="SE:020:DayType:33jmpmbc08dk2d8au9u7ffjuoo36fro1"/>
                            </dayTypes>
                            <JourneyPatternRef ref="SE:020:JourneyPattern:205339415000026110" version="any"/>
                            <OperatorRef ref="SE:020:Operator:9013020140700000"/>
                            <passingTimes>
<TimetabledPassingTime version="any" id="SE:020:TimetabledPassingTime:205330000122216972">
    <StopPointInJourneyPatternRef ref="SE:020:StopPointInJourneyPattern:205339415000026110_205330000122216932" version="any"/>
    <DepartureTime>07:50:00</DepartureTime>
</TimetabledPassingTime>
<TimetabledPassingTime version="any" id="SE:020:TimetabledPassingTime:205330000122216973">
    <StopPointInJourneyPatternRef ref="SE:020:StopPointInJourneyPattern:205339415000026110_205330000122216933" version="any"/>
    <ArrivalTime>07:52:22</ArrivalTime>
    <DepartureTime>07:52:22</DepartureTime>
</TimetabledPassingTime>
<TimetabledPassingTime version="any" id="SE:020:TimetabledPassingTime:205330000122216974">
    <StopPointInJourneyPatternRef ref="SE:020:StopPointInJourneyPattern:205339415000026110_205330000122216934" version="any"/>
    <ArrivalTime>08:00:00</ArrivalTime>
    <DepartureTime>08:00:00</DepartureTime>
</TimetabledPassingTime>
<TimetabledPassingTime version="any" id="SE:020:TimetabledPassingTime:205330000122216975">
    <StopPointInJourneyPatternRef ref="SE:020:StopPointInJourneyPattern:205339415000026110_205330000122216935" version="any"/>
    <ArrivalTime>08:00:34</ArrivalTime>
    <DepartureTime>08:00:34</DepartureTime>
</TimetabledPassingTime>
<TimetabledPassingTime version="any" id="SE:020:TimetabledPassingTime:205330000122216976">
    <StopPointInJourneyPatternRef ref="SE:020:StopPointInJourneyPattern:205339415000026110_205330000122216936" version="any"/>
    <ArrivalTime>08:01:14</ArrivalTime>
    <DepartureTime>08:01:14</DepartureTime>
</TimetabledPassingTime>
<TimetabledPassingTime version="any" id="SE:020:TimetabledPassingTime:205330000122216977">
    <StopPointInJourneyPatternRef ref="SE:020:StopPointInJourneyPattern:205339415000026110_205330000122216937" version="any"/>
    <ArrivalTime>08:02:42</ArrivalTime>
    <DepartureTime>08:02:42</DepartureTime>
</TimetabledPassingTime>
<TimetabledPassingTime version="any" id="SE:020:TimetabledPassingTime:205330000122216978">
    <StopPointInJourneyPatternRef ref="SE:020:StopPointInJourneyPattern:205339415000026110_205330000122216938" version="any"/>
    <ArrivalTime>08:03:17</ArrivalTime>
    <DepartureTime>08:03:17</DepartureTime>
</TimetabledPassingTime>
<TimetabledPassingTime version="any" id="SE:020:TimetabledPassingTime:205330000122216979">
    <StopPointInJourneyPatternRef ref="SE:020:StopPointInJourneyPattern:205339415000026110_205330000122216939" version="any"/>
    <ArrivalTime>08:03:38</ArrivalTime>
    <DepartureTime>08:03:38</DepartureTime>
</TimetabledPassingTime>
<TimetabledPassingTime version="any" id="SE:020:TimetabledPassingTime:205330000122216980">
    <StopPointInJourneyPatternRef ref="SE:020:StopPointInJourneyPattern:205339415000026110_205330000122216940" version="any"/>
    <ArrivalTime>08:05:00</ArrivalTime>
    <DepartureTime>08:05:00</DepartureTime>
</TimetabledPassingTime>
<TimetabledPassingTime version="any" id="SE:020:TimetabledPassingTime:205330000122216981">
    <StopPointInJourneyPatternRef ref="SE:020:StopPointInJourneyPattern:205339415000026110_205330000122216941" version="any"/>
    <ArrivalTime>08:06:22</ArrivalTime>
    <DepartureTime>08:06:22</DepartureTime>
</TimetabledPassingTime>
<TimetabledPassingTime version="any" id="SE:020:TimetabledPassingTime:205330000122216982">
    <StopPointInJourneyPatternRef ref="SE:020:StopPointInJourneyPattern:205339415000026110_205330000122216942" version="any"/>
    <ArrivalTime>08:07:32</ArrivalTime>
    <DepartureTime>08:07:32</DepartureTime>
</TimetabledPassingTime>
<TimetabledPassingTime version="any" id="SE:020:TimetabledPassingTime:205330000122216983">
    <StopPointInJourneyPatternRef ref="SE:020:StopPointInJourneyPattern:205339415000026110_205330000122216943" version="any"/>
    <ArrivalTime>08:08:31</ArrivalTime>
    <DepartureTime>08:08:31</DepartureTime>
</TimetabledPassingTime>
<TimetabledPassingTime version="any" id="SE:020:TimetabledPassingTime:205330000122216984">
    <StopPointInJourneyPatternRef ref="SE:020:StopPointInJourneyPattern:205339415000026110_205330000122216944" version="any"/>
    <ArrivalTime>08:10:00</ArrivalTime>
    <DepartureTime>08:10:00</DepartureTime>
</TimetabledPassingTime>
<TimetabledPassingTime version="any" id="SE:020:TimetabledPassingTime:205330000122216985">
    <StopPointInJourneyPatternRef ref="SE:020:StopPointInJourneyPattern:205339415000026110_205330000122216945" version="any"/>
    <ArrivalTime>08:11:01</ArrivalTime>
    <DepartureTime>08:11:01</DepartureTime>
</TimetabledPassingTime>
<TimetabledPassingTime version="any" id="SE:020:TimetabledPassingTime:205330000122216986">
    <StopPointInJourneyPatternRef ref="SE:020:StopPointInJourneyPattern:205339415000026110_205330000122216946" version="any"/>
    <ArrivalTime>08:11:41</ArrivalTime>
    <DepartureTime>08:11:41</DepartureTime>
</TimetabledPassingTime>
<TimetabledPassingTime version="any" id="SE:020:TimetabledPassingTime:205330000122216987">
    <StopPointInJourneyPatternRef ref="SE:020:StopPointInJourneyPattern:205339415000026110_205330000122216947" version="any"/>
    <ArrivalTime>08:12:44</ArrivalTime>
    <DepartureTime>08:12:44</DepartureTime>
</TimetabledPassingTime>
<TimetabledPassingTime version="any" id="SE:020:TimetabledPassingTime:205330000122216988">
    <StopPointInJourneyPatternRef ref="SE:020:StopPointInJourneyPattern:205339415000026110_205330000122216948" version="any"/>
    <ArrivalTime>08:15:00</ArrivalTime>
    <DepartureTime>08:15:00</DepartureTime>
</TimetabledPassingTime>
<TimetabledPassingTime version="any" id="SE:020:TimetabledPassingTime:205330000122216989">
    <StopPointInJourneyPatternRef ref="SE:020:StopPointInJourneyPattern:205339415000026110_205330000122216949" version="any"/>
    <ArrivalTime>08:15:54</ArrivalTime>
    <DepartureTime>08:15:54</DepartureTime>
</TimetabledPassingTime>
<TimetabledPassingTime version="any" id="SE:020:TimetabledPassingTime:205330000122216990">
    <StopPointInJourneyPatternRef ref="SE:020:StopPointInJourneyPattern:205339415000026110_205330000122216950" version="any"/>
    <ArrivalTime>08:16:52</ArrivalTime>
    <DepartureTime>08:16:52</DepartureTime>
</TimetabledPassingTime>
<TimetabledPassingTime version="any" id="SE:020:TimetabledPassingTime:205330000122216991">
    <StopPointInJourneyPatternRef ref="SE:020:StopPointInJourneyPattern:205339415000026110_205330000122216951" version="any"/>
    <ArrivalTime>08:20:00</ArrivalTime>
</TimetabledPassingTime>
                            </passingTimes>
                        </ServiceJourney>
                        <ServiceJourney version="any" id="SE:020:ServiceJourney:205330000115999095">
                            <TransportMode>bus</TransportMode>
                            <TransportSubmode>
<BusSubmode>unknown</BusSubmode>
                            </TransportSubmode>
                            <dayTypes>
<DayTypeRef ref="SE:020:DayType:33jmpmbc08dk2d8au9u7ffjuoo36fro1"/>
                            </dayTypes>
                            <JourneyPatternRef ref="SE:020:JourneyPattern:205339415000024726" version="any"/>
                            <OperatorRef ref="SE:020:Operator:9013020140700000"/>
                            <passingTimes>
<TimetabledPassingTime version="any" id="SE:020:TimetabledPassingTime:205330000115999075">
    <StopPointInJourneyPatternRef ref="SE:020:StopPointInJourneyPattern:205339415000024726_205330000095829162" version="any"/>
    <DepartureTime>14:50:00</DepartureTime>
</TimetabledPassingTime>
<TimetabledPassingTime version="any" id="SE:020:TimetabledPassingTime:205330000115999076">
    <StopPointInJourneyPatternRef ref="SE:020:StopPointInJourneyPattern:205339415000024726_205330000095829163" version="any"/>
    <ArrivalTime>14:52:39</ArrivalTime>
    <DepartureTime>14:52:39</DepartureTime>
</TimetabledPassingTime>
<TimetabledPassingTime version="any" id="SE:020:TimetabledPassingTime:205330000115999077">
    <StopPointInJourneyPatternRef ref="SE:020:StopPointInJourneyPattern:205339415000024726_205330000095829164" version="any"/>
    <ArrivalTime>14:53:54</ArrivalTime>
    <DepartureTime>14:53:54</DepartureTime>
</TimetabledPassingTime>
<TimetabledPassingTime version="any" id="SE:020:TimetabledPassingTime:205330000115999078">
    <StopPointInJourneyPatternRef ref="SE:020:StopPointInJourneyPattern:205339415000024726_205330000095829165" version="any"/>
    <ArrivalTime>14:55:00</ArrivalTime>
    <DepartureTime>14:55:00</DepartureTime>
</TimetabledPassingTime>
<TimetabledPassingTime version="any" id="SE:020:TimetabledPassingTime:205330000115999079">
    <StopPointInJourneyPatternRef ref="SE:020:StopPointInJourneyPattern:205339415000024726_205330000095829166" version="any"/>
    <ArrivalTime>14:55:42</ArrivalTime>
    <DepartureTime>14:55:42</DepartureTime>
</TimetabledPassingTime>
<TimetabledPassingTime version="any" id="SE:020:TimetabledPassingTime:205330000115999080">
    <StopPointInJourneyPatternRef ref="SE:020:StopPointInJourneyPattern:205339415000024726_205330000095829167" version="any"/>
    <ArrivalTime>14:56:08</ArrivalTime>
    <DepartureTime>14:56:08</DepartureTime>
</TimetabledPassingTime>
<TimetabledPassingTime version="any" id="SE:020:TimetabledPassingTime:205330000115999081">
    <StopPointInJourneyPatternRef ref="SE:020:StopPointInJourneyPattern:205339415000024726_205330000095829168" version="any"/>
    <ArrivalTime>14:56:23</ArrivalTime>
    <DepartureTime>14:56:23</DepartureTime>
</TimetabledPassingTime>
<TimetabledPassingTime version="any" id="SE:020:TimetabledPassingTime:205330000115999082">
    <StopPointInJourneyPatternRef ref="SE:020:StopPointInJourneyPattern:205339415000024726_205330000095829169" version="any"/>
    <ArrivalTime>14:57:00</ArrivalTime>
    <DepartureTime>14:57:00</DepartureTime>
</TimetabledPassingTime>
<TimetabledPassingTime version="any" id="SE:020:TimetabledPassingTime:205330000115999083">
    <StopPointInJourneyPatternRef ref="SE:020:StopPointInJourneyPattern:205339415000024726_205330000095829170" version="any"/>
    <ArrivalTime>14:57:30</ArrivalTime>
    <DepartureTime>14:57:30</DepartureTime>
</TimetabledPassingTime>
<TimetabledPassingTime version="any" id="SE:020:TimetabledPassingTime:205330000115999084">
    <StopPointInJourneyPatternRef ref="SE:020:StopPointInJourneyPattern:205339415000024726_205330000095829171" version="any"/>
    <ArrivalTime>14:58:16</ArrivalTime>
    <DepartureTime>14:58:16</DepartureTime>
</TimetabledPassingTime>
<TimetabledPassingTime version="any" id="SE:020:TimetabledPassingTime:205330000115999085">
    <StopPointInJourneyPatternRef ref="SE:020:StopPointInJourneyPattern:205339415000024726_205330000095829172" version="any"/>
    <ArrivalTime>14:58:51</ArrivalTime>
    <DepartureTime>14:58:51</DepartureTime>
</TimetabledPassingTime>
<TimetabledPassingTime version="any" id="SE:020:TimetabledPassingTime:205330000115999086">
    <StopPointInJourneyPatternRef ref="SE:020:StopPointInJourneyPattern:205339415000024726_205330000095829173" version="any"/>
    <ArrivalTime>15:00:00</ArrivalTime>
    <DepartureTime>15:00:00</DepartureTime>
</TimetabledPassingTime>
<TimetabledPassingTime version="any" id="SE:020:TimetabledPassingTime:205330000115999087">
    <StopPointInJourneyPatternRef ref="SE:020:StopPointInJourneyPattern:205339415000024726_205330000095829174" version="any"/>
    <ArrivalTime>15:01:52</ArrivalTime>
    <DepartureTime>15:01:52</DepartureTime>
</TimetabledPassingTime>
<TimetabledPassingTime version="any" id="SE:020:TimetabledPassingTime:205330000115999088">
    <StopPointInJourneyPatternRef ref="SE:020:StopPointInJourneyPattern:205339415000024726_205330000095829175" version="any"/>
    <ArrivalTime>15:02:33</ArrivalTime>
    <DepartureTime>15:02:33</DepartureTime>
</TimetabledPassingTime>
<TimetabledPassingTime version="any" id="SE:020:TimetabledPassingTime:205330000115999089">
    <StopPointInJourneyPatternRef ref="SE:020:StopPointInJourneyPattern:205339415000024726_205330000095829176" version="any"/>
    <ArrivalTime>15:03:37</ArrivalTime>
    <DepartureTime>15:03:37</DepartureTime>
</TimetabledPassingTime>
<TimetabledPassingTime version="any" id="SE:020:TimetabledPassingTime:205330000115999090">
    <StopPointInJourneyPatternRef ref="SE:020:StopPointInJourneyPattern:205339415000024726_205330000095829177" version="any"/>
    <ArrivalTime>15:06:31</ArrivalTime>
    <DepartureTime>15:06:31</DepartureTime>
</TimetabledPassingTime>
<TimetabledPassingTime version="any" id="SE:020:TimetabledPassingTime:205330000115999091">
    <StopPointInJourneyPatternRef ref="SE:020:StopPointInJourneyPattern:205339415000024726_205330000095829178" version="any"/>
    <ArrivalTime>15:07:51</ArrivalTime>
    <DepartureTime>15:07:51</DepartureTime>
</TimetabledPassingTime>
<TimetabledPassingTime version="any" id="SE:020:TimetabledPassingTime:205330000115999092">
    <StopPointInJourneyPatternRef ref="SE:020:StopPointInJourneyPattern:205339415000024726_205330000095829179" version="any"/>
    <ArrivalTime>15:10:00</ArrivalTime>
</TimetabledPassingTime>
                            </passingTimes>
                        </ServiceJourney>
                        <ServiceJourney version="any" id="SE:020:ServiceJourney:205330000115999025">
                            <TransportMode>bus</TransportMode>
                            <TransportSubmode>
<BusSubmode>unknown</BusSubmode>
                            </TransportSubmode>
                            <dayTypes>
<DayTypeRef ref="SE:020:DayType:33jmpmbc08dk2d8au9u7ffjuoo36fro1"/>
                            </dayTypes>
                            <JourneyPatternRef ref="SE:020:JourneyPattern:205339415000024726" version="any"/>
                            <OperatorRef ref="SE:020:Operator:9013020140700000"/>
                            <passingTimes>
<TimetabledPassingTime version="any" id="SE:020:TimetabledPassingTime:205330000115999005">
    <StopPointInJourneyPatternRef ref="SE:020:StopPointInJourneyPattern:205339415000024726_205330000095829162" version="any"/>
    <DepartureTime>13:30:00</DepartureTime>
</TimetabledPassingTime>
<TimetabledPassingTime version="any" id="SE:020:TimetabledPassingTime:205330000115999006">
    <StopPointInJourneyPatternRef ref="SE:020:StopPointInJourneyPattern:205339415000024726_205330000095829163" version="any"/>
    <ArrivalTime>13:32:39</ArrivalTime>
    <DepartureTime>13:32:39</DepartureTime>
</TimetabledPassingTime>
<TimetabledPassingTime version="any" id="SE:020:TimetabledPassingTime:205330000115999007">
    <StopPointInJourneyPatternRef ref="SE:020:StopPointInJourneyPattern:205339415000024726_205330000095829164" version="any"/>
    <ArrivalTime>13:33:54</ArrivalTime>
    <DepartureTime>13:33:54</DepartureTime>
</TimetabledPassingTime>
<TimetabledPassingTime version="any" id="SE:020:TimetabledPassingTime:205330000115999008">
    <StopPointInJourneyPatternRef ref="SE:020:StopPointInJourneyPattern:205339415000024726_205330000095829165" version="any"/>
    <ArrivalTime>13:35:00</ArrivalTime>
    <DepartureTime>13:35:00</DepartureTime>
</TimetabledPassingTime>
<TimetabledPassingTime version="any" id="SE:020:TimetabledPassingTime:205330000115999009">
    <StopPointInJourneyPatternRef ref="SE:020:StopPointInJourneyPattern:205339415000024726_205330000095829166" version="any"/>
    <ArrivalTime>13:35:42</ArrivalTime>
    <DepartureTime>13:35:42</DepartureTime>
</TimetabledPassingTime>
<TimetabledPassingTime version="any" id="SE:020:TimetabledPassingTime:205330000115999010">
    <StopPointInJourneyPatternRef ref="SE:020:StopPointInJourneyPattern:205339415000024726_205330000095829167" version="any"/>
    <ArrivalTime>13:36:08</ArrivalTime>
    <DepartureTime>13:36:08</DepartureTime>
</TimetabledPassingTime>
<TimetabledPassingTime version="any" id="SE:020:TimetabledPassingTime:205330000115999011">
    <StopPointInJourneyPatternRef ref="SE:020:StopPointInJourneyPattern:205339415000024726_205330000095829168" version="any"/>
    <ArrivalTime>13:36:23</ArrivalTime>
    <DepartureTime>13:36:23</DepartureTime>
</TimetabledPassingTime>
<TimetabledPassingTime version="any" id="SE:020:TimetabledPassingTime:205330000115999012">
    <StopPointInJourneyPatternRef ref="SE:020:StopPointInJourneyPattern:205339415000024726_205330000095829169" version="any"/>
    <ArrivalTime>13:37:00</ArrivalTime>
    <DepartureTime>13:37:00</DepartureTime>
</TimetabledPassingTime>
<TimetabledPassingTime version="any" id="SE:020:TimetabledPassingTime:205330000115999013">
    <StopPointInJourneyPatternRef ref="SE:020:StopPointInJourneyPattern:205339415000024726_205330000095829170" version="any"/>
    <ArrivalTime>13:37:30</ArrivalTime>
    <DepartureTime>13:37:30</DepartureTime>
</TimetabledPassingTime>
<TimetabledPassingTime version="any" id="SE:020:TimetabledPassingTime:205330000115999014">
    <StopPointInJourneyPatternRef ref="SE:020:StopPointInJourneyPattern:205339415000024726_205330000095829171" version="any"/>
    <ArrivalTime>13:38:16</ArrivalTime>
    <DepartureTime>13:38:16</DepartureTime>
</TimetabledPassingTime>
<TimetabledPassingTime version="any" id="SE:020:TimetabledPassingTime:205330000115999015">
    <StopPointInJourneyPatternRef ref="SE:020:StopPointInJourneyPattern:205339415000024726_205330000095829172" version="any"/>
    <ArrivalTime>13:38:51</ArrivalTime>
    <DepartureTime>13:38:51</DepartureTime>
</TimetabledPassingTime>
<TimetabledPassingTime version="any" id="SE:020:TimetabledPassingTime:205330000115999016">
    <StopPointInJourneyPatternRef ref="SE:020:StopPointInJourneyPattern:205339415000024726_205330000095829173" version="any"/>
    <ArrivalTime>13:40:00</ArrivalTime>
    <DepartureTime>13:40:00</DepartureTime>
</TimetabledPassingTime>
<TimetabledPassingTime version="any" id="SE:020:TimetabledPassingTime:205330000115999017">
    <StopPointInJourneyPatternRef ref="SE:020:StopPointInJourneyPattern:205339415000024726_205330000095829174" version="any"/>
    <ArrivalTime>13:41:52</ArrivalTime>
    <DepartureTime>13:41:52</DepartureTime>
</TimetabledPassingTime>
<TimetabledPassingTime version="any" id="SE:020:TimetabledPassingTime:205330000115999018">
    <StopPointInJourneyPatternRef ref="SE:020:StopPointInJourneyPattern:205339415000024726_205330000095829175" version="any"/>
    <ArrivalTime>13:42:33</ArrivalTime>
    <DepartureTime>13:42:33</DepartureTime>
</TimetabledPassingTime>
<TimetabledPassingTime version="any" id="SE:020:TimetabledPassingTime:205330000115999019">
    <StopPointInJourneyPatternRef ref="SE:020:StopPointInJourneyPattern:205339415000024726_205330000095829176" version="any"/>
    <ArrivalTime>13:43:37</ArrivalTime>
    <DepartureTime>13:43:37</DepartureTime>
</TimetabledPassingTime>
<TimetabledPassingTime version="any" id="SE:020:TimetabledPassingTime:205330000115999020">
    <StopPointInJourneyPatternRef ref="SE:020:StopPointInJourneyPattern:205339415000024726_205330000095829177" version="any"/>
    <ArrivalTime>13:46:31</ArrivalTime>
    <DepartureTime>13:46:31</DepartureTime>
</TimetabledPassingTime>
<TimetabledPassingTime version="any" id="SE:020:TimetabledPassingTime:205330000115999021">
    <StopPointInJourneyPatternRef ref="SE:020:StopPointInJourneyPattern:205339415000024726_205330000095829178" version="any"/>
    <ArrivalTime>13:47:51</ArrivalTime>
    <DepartureTime>13:47:51</DepartureTime>
</TimetabledPassingTime>
<TimetabledPassingTime version="any" id="SE:020:TimetabledPassingTime:205330000115999022">
    <StopPointInJourneyPatternRef ref="SE:020:StopPointInJourneyPattern:205339415000024726_205330000095829179" version="any"/>
    <ArrivalTime>13:50:00</ArrivalTime>
</TimetabledPassingTime>
                            </passingTimes>
                        </ServiceJourney>
                    </vehicleJourneys>
                </TimetableFrame>
            </frames>
        </CompositeFrame>
    </dataObjects>
</PublicationDelivery>
