<?xml version="1.0" encoding="UTF-8" standalone="yes"?>
<PublicationDelivery xmlns="http://www.netex.org.uk/netex" xmlns:ns2="http://www.opengis.net/gml/3.2" xmlns:ns3="http://www.siri.org.uk/siri" xmlns:ns4="http://www.samtrafiken.se/netex" version="1.11:NO-NeTEx-networktimetable:1.3">
    <PublicationTimestamp>2024-10-09T02:57:23</PublicationTimestamp>
    <ParticipantRef>SAM</ParticipantRef>
    <dataObjects>
        <CompositeFrame created="2024-10-09T02:57:23" version="20241009025723" id="SE:020:CompositeFrame:9011020079400000">
            <ValidBetween>
                <FromDate>1970-01-01T00:00:00</FromDate>
            </ValidBetween>
            <codespaces>
                <Codespace id="SE:020">
                    <Xmlns>SE:020</Xmlns>
                    <XmlnsUrl>http://www.samtrafiken.se/ns/dt</XmlnsUrl>
                </Codespace>
            </codespaces>
            <FrameDefaults>
                <DefaultLocale>
                    <TimeZone>Europe/Stockholm</TimeZone>
                    <DefaultLanguage>se</DefaultLanguage>
                </DefaultLocale>
                <DefaultLocationSystem>4326</DefaultLocationSystem>
            </FrameDefaults>
            <frames>
                <ServiceFrame version="20241009025723" id="SE:020:ServiceFrame:9011020079400000">
                    <routes>
                        <Route version="any" id="SE:020:Route:205330000091712993">
                            <Name>Flextrafik</Name>
                            <LineRef ref="SE:020:Line:9011020079400000" version="190529"/>
                            <DirectionType>outbound</DirectionType>
                            <pointsInSequence>
<PointOnRoute order="1" version="any" id="SE:020:PointOnRoute:205330000091712998">
    <RoutePointRef ref="SE:020:RoutePoint:9022020539195001"/>
</PointOnRoute>
<PointOnRoute order="2" version="any" id="SE:020:PointOnRoute:205330000091712999">
    <RoutePointRef ref="SE:020:RoutePoint:9022020539193001"/>
</PointOnRoute>
<PointOnRoute order="3" version="any" id="SE:020:PointOnRoute:205330000091713000">
    <RoutePointRef ref="SE:020:RoutePoint:9022020539162004"/>
</PointOnRoute>
<PointOnRoute order="4" version="any" id="SE:020:PointOnRoute:205330000091713001">
    <RoutePointRef ref="SE:020:RoutePoint:9022020539115001"/>
</PointOnRoute>
<PointOnRoute order="5" version="any" id="SE:020:PointOnRoute:205330000091713002">
    <RoutePointRef ref="SE:020:RoutePoint:9022020539192001"/>
</PointOnRoute>
<PointOnRoute order="6" version="any" id="SE:020:PointOnRoute:205330000091713003">
    <RoutePointRef ref="SE:020:RoutePoint:9022020539196001"/>
</PointOnRoute>
<PointOnRoute order="7" version="any" id="SE:020:PointOnRoute:205330000091713004">
    <RoutePointRef ref="SE:020:RoutePoint:9022020539194001"/>
</PointOnRoute>
<PointOnRoute order="8" version="any" id="SE:020:PointOnRoute:205330000091713005">
    <RoutePointRef ref="SE:020:RoutePoint:9022020539147001"/>
</PointOnRoute>
<PointOnRoute order="9" version="any" id="SE:020:PointOnRoute:205330000091713006">
    <RoutePointRef ref="SE:020:RoutePoint:9022020539122001"/>
</PointOnRoute>
<PointOnRoute order="10" version="any" id="SE:020:PointOnRoute:205330000091713007">
    <RoutePointRef ref="SE:020:RoutePoint:9022020539986001"/>
</PointOnRoute>
                            </pointsInSequence>
                        </Route>
                        <Route version="any" id="SE:020:Route:205330000091712967">
                            <Name>Flextrafik</Name>
                            <LineRef ref="SE:020:Line:9011020079400000" version="190529"/>
                            <DirectionType>outbound</DirectionType>
                            <pointsInSequence>
<PointOnRoute order="1" version="any" id="SE:020:PointOnRoute:205330000091712972">
    <RoutePointRef ref="SE:020:RoutePoint:9022020539986001"/>
</PointOnRoute>
<PointOnRoute order="2" version="any" id="SE:020:PointOnRoute:205330000091712973">
    <RoutePointRef ref="SE:020:RoutePoint:9022020539122001"/>
</PointOnRoute>
<PointOnRoute order="3" version="any" id="SE:020:PointOnRoute:205330000091712974">
    <RoutePointRef ref="SE:020:RoutePoint:9022020539147002"/>
</PointOnRoute>
<PointOnRoute order="4" version="any" id="SE:020:PointOnRoute:205330000091712975">
    <RoutePointRef ref="SE:020:RoutePoint:9022020539194001"/>
</PointOnRoute>
<PointOnRoute order="5" version="any" id="SE:020:PointOnRoute:205330000091712976">
    <RoutePointRef ref="SE:020:RoutePoint:9022020539195001"/>
</PointOnRoute>
<PointOnRoute order="6" version="any" id="SE:020:PointOnRoute:205330000091712977">
    <RoutePointRef ref="SE:020:RoutePoint:9022020539193001"/>
</PointOnRoute>
<PointOnRoute order="7" version="any" id="SE:020:PointOnRoute:205330000091712978">
    <RoutePointRef ref="SE:020:RoutePoint:9022020539162004"/>
</PointOnRoute>
<PointOnRoute order="8" version="any" id="SE:020:PointOnRoute:205330000091712979">
    <RoutePointRef ref="SE:020:RoutePoint:9022020539115001"/>
</PointOnRoute>
<PointOnRoute order="9" version="any" id="SE:020:PointOnRoute:205330000091712980">
    <RoutePointRef ref="SE:020:RoutePoint:9022020539192001"/>
</PointOnRoute>
<PointOnRoute order="10" version="any" id="SE:020:PointOnRoute:205330000091712981">
    <RoutePointRef ref="SE:020:RoutePoint:9022020539196001"/>
</PointOnRoute>
                            </pointsInSequence>
                        </Route>
                    </routes>
                    <lines>
                        <Line version="190529" id="SE:020:Line:9011020079400000">
                            <ValidBetween>
<FromDate>2019-05-29T00:00:00</FromDate>
                            </ValidBetween>
                            <Name>794</Name>
                            <TransportMode>taxi</TransportMode>
                            <PublicCode>794</PublicCode>
                            <PrivateCode>794</PrivateCode>
                            <RepresentedByGroupRef ref="SE:020:Network:9010020000000000"/>
                        </Line>
                    </lines>
                    <journeyPatterns>
                        <JourneyPattern version="any" id="SE:020:JourneyPattern:205339415000020077">
                            <RouteRef ref="SE:020:Route:205330000091712993" version="any"/>
                            <pointsInSequence>
<StopPointInJourneyPattern order="1" version="any" id="SE:020:StopPointInJourneyPattern:205339415000020077_205330000091712998">
    <ScheduledStopPointRef ref="SE:020:ScheduledStopPoint:9022020539195001"/>
    <ForAlighting>false</ForAlighting>
    <ForBoarding>true</ForBoarding>
    <DestinationDisplayRef ref="SE:020:DestinationDisplay:205330000091713015"/>
    <RequestStop>true</RequestStop>
</StopPointInJourneyPattern>
<StopPointInJourneyPattern order="2" version="any" id="SE:020:StopPointInJourneyPattern:205339415000020077_205330000091712999">
    <ScheduledStopPointRef ref="SE:020:ScheduledStopPoint:9022020539193001"/>
    <ForAlighting>true</ForAlighting>
    <ForBoarding>true</ForBoarding>
    <RequestStop>true</RequestStop>
</StopPointInJourneyPattern>
<StopPointInJourneyPattern order="3" version="any" id="SE:020:StopPointInJourneyPattern:205339415000020077_205330000091713000">
    <ScheduledStopPointRef ref="SE:020:ScheduledStopPoint:9022020539162004"/>
    <ForAlighting>true</ForAlighting>
    <ForBoarding>true</ForBoarding>
    <RequestStop>true</RequestStop>
</StopPointInJourneyPattern>
<StopPointInJourneyPattern order="4" version="any" id="SE:020:StopPointInJourneyPattern:205339415000020077_205330000091713001">
    <ScheduledStopPointRef ref="SE:020:ScheduledStopPoint:9022020539115001"/>
    <ForAlighting>true</ForAlighting>
    <ForBoarding>true</ForBoarding>
    <RequestStop>true</RequestStop>
</StopPointInJourneyPattern>
<StopPointInJourneyPattern order="5" version="any" id="SE:020:StopPointInJourneyPattern:205339415000020077_205330000091713002">
    <ScheduledStopPointRef ref="SE:020:ScheduledStopPoint:9022020539192001"/>
    <ForAlighting>true</ForAlighting>
    <ForBoarding>true</ForBoarding>
    <RequestStop>true</RequestStop>
</StopPointInJourneyPattern>
<StopPointInJourneyPattern order="6" version="any" id="SE:020:StopPointInJourneyPattern:205339415000020077_205330000091713003">
    <ScheduledStopPointRef ref="SE:020:ScheduledStopPoint:9022020539196001"/>
    <ForAlighting>true</ForAlighting>
    <ForBoarding>true</ForBoarding>
    <RequestStop>true</RequestStop>
</StopPointInJourneyPattern>
<StopPointInJourneyPattern order="7" version="any" id="SE:020:StopPointInJourneyPattern:205339415000020077_205330000091713004">
    <ScheduledStopPointRef ref="SE:020:ScheduledStopPoint:9022020539194001"/>
    <ForAlighting>true</ForAlighting>
    <ForBoarding>true</ForBoarding>
    <RequestStop>true</RequestStop>
</StopPointInJourneyPattern>
<StopPointInJourneyPattern order="8" version="any" id="SE:020:StopPointInJourneyPattern:205339415000020077_205330000091713005">
    <ScheduledStopPointRef ref="SE:020:ScheduledStopPoint:9022020539147001"/>
    <ForAlighting>true</ForAlighting>
    <ForBoarding>true</ForBoarding>
    <RequestStop>true</RequestStop>
</StopPointInJourneyPattern>
<StopPointInJourneyPattern order="9" version="any" id="SE:020:StopPointInJourneyPattern:205339415000020077_205330000091713006">
    <ScheduledStopPointRef ref="SE:020:ScheduledStopPoint:9022020539122001"/>
    <ForAlighting>true</ForAlighting>
    <ForBoarding>true</ForBoarding>
    <RequestStop>true</RequestStop>
</StopPointInJourneyPattern>
<StopPointInJourneyPattern order="10" version="any" id="SE:020:StopPointInJourneyPattern:205339415000020077_205330000091713007">
    <ScheduledStopPointRef ref="SE:020:ScheduledStopPoint:9022020539986001"/>
    <ForAlighting>true</ForAlighting>
    <ForBoarding>false</ForBoarding>
    <RequestStop>true</RequestStop>
</StopPointInJourneyPattern>
                            </pointsInSequence>
                            <linksInSequence>
<ServiceLinkInJourneyPattern order="1" version="any" id="SE:020:ServiceLinkInJourneyPattern:TAXI_38383">
    <ServiceLinkRef ref="SE:020:ServiceLink:TAXI_9025020053919501_9025020053919301"/>
</ServiceLinkInJourneyPattern>
<ServiceLinkInJourneyPattern order="2" version="any" id="SE:020:ServiceLinkInJourneyPattern:TAXI_38384">
    <ServiceLinkRef ref="SE:020:ServiceLink:TAXI_9025020053919301_9025020053916204"/>
</ServiceLinkInJourneyPattern>
<ServiceLinkInJourneyPattern order="3" version="any" id="SE:020:ServiceLinkInJourneyPattern:TAXI_38385">
    <ServiceLinkRef ref="SE:020:ServiceLink:TAXI_9025020053916204_9025020053911501"/>
</ServiceLinkInJourneyPattern>
<ServiceLinkInJourneyPattern order="4" version="any" id="SE:020:ServiceLinkInJourneyPattern:TAXI_38386">
    <ServiceLinkRef ref="SE:020:ServiceLink:TAXI_9025020053911501_9025020053919201"/>
</ServiceLinkInJourneyPattern>
<ServiceLinkInJourneyPattern order="5" version="any" id="SE:020:ServiceLinkInJourneyPattern:TAXI_38387">
    <ServiceLinkRef ref="SE:020:ServiceLink:TAXI_9025020053919201_9025020053919601"/>
</ServiceLinkInJourneyPattern>
<ServiceLinkInJourneyPattern order="6" version="any" id="SE:020:ServiceLinkInJourneyPattern:TAXI_38388">
    <ServiceLinkRef ref="SE:020:ServiceLink:TAXI_9025020053919601_9025020053919401"/>
</ServiceLinkInJourneyPattern>
<ServiceLinkInJourneyPattern order="7" version="any" id="SE:020:ServiceLinkInJourneyPattern:TAXI_38389">
    <ServiceLinkRef ref="SE:020:ServiceLink:TAXI_9025020053919401_9025020053914701"/>
</ServiceLinkInJourneyPattern>
<ServiceLinkInJourneyPattern order="8" version="any" id="SE:020:ServiceLinkInJourneyPattern:TAXI_38390">
    <ServiceLinkRef ref="SE:020:ServiceLink:TAXI_9025020053914701_9025020053912201"/>
</ServiceLinkInJourneyPattern>
<ServiceLinkInJourneyPattern order="9" version="any" id="SE:020:ServiceLinkInJourneyPattern:TAXI_38391">
    <ServiceLinkRef ref="SE:020:ServiceLink:TAXI_9025020053912201_9025020053998601"/>
</ServiceLinkInJourneyPattern>
                            </linksInSequence>
                        </JourneyPattern>
                        <JourneyPattern version="any" id="SE:020:JourneyPattern:205339415000024692">
                            <RouteRef ref="SE:020:Route:205330000091712993" version="any"/>
                            <pointsInSequence>
<StopPointInJourneyPattern order="1" version="any" id="SE:020:StopPointInJourneyPattern:205339415000024692_205330000091712998">
    <ScheduledStopPointRef ref="SE:020:ScheduledStopPoint:9022020539195001"/>
    <ForAlighting>false</ForAlighting>
    <ForBoarding>true</ForBoarding>
    <DestinationDisplayRef ref="SE:020:DestinationDisplay:205330000113221085"/>
    <RequestStop>true</RequestStop>
</StopPointInJourneyPattern>
<StopPointInJourneyPattern order="2" version="any" id="SE:020:StopPointInJourneyPattern:205339415000024692_205330000091712999">
    <ScheduledStopPointRef ref="SE:020:ScheduledStopPoint:9022020539193001"/>
    <ForAlighting>true</ForAlighting>
    <ForBoarding>true</ForBoarding>
    <RequestStop>true</RequestStop>
</StopPointInJourneyPattern>
<StopPointInJourneyPattern order="3" version="any" id="SE:020:StopPointInJourneyPattern:205339415000024692_205330000091713000">
    <ScheduledStopPointRef ref="SE:020:ScheduledStopPoint:9022020539162004"/>
    <ForAlighting>true</ForAlighting>
    <ForBoarding>true</ForBoarding>
    <RequestStop>true</RequestStop>
</StopPointInJourneyPattern>
<StopPointInJourneyPattern order="4" version="any" id="SE:020:StopPointInJourneyPattern:205339415000024692_205330000091713001">
    <ScheduledStopPointRef ref="SE:020:ScheduledStopPoint:9022020539115001"/>
    <ForAlighting>true</ForAlighting>
    <ForBoarding>true</ForBoarding>
    <RequestStop>true</RequestStop>
</StopPointInJourneyPattern>
<StopPointInJourneyPattern order="5" version="any" id="SE:020:StopPointInJourneyPattern:205339415000024692_205330000091713002">
    <ScheduledStopPointRef ref="SE:020:ScheduledStopPoint:9022020539192001"/>
    <ForAlighting>true</ForAlighting>
    <ForBoarding>true</ForBoarding>
    <RequestStop>true</RequestStop>
</StopPointInJourneyPattern>
<StopPointInJourneyPattern order="6" version="any" id="SE:020:StopPointInJourneyPattern:205339415000024692_205330000091713003">
    <ScheduledStopPointRef ref="SE:020:ScheduledStopPoint:9022020539196001"/>
    <ForAlighting>true</ForAlighting>
    <ForBoarding>true</ForBoarding>
    <RequestStop>true</RequestStop>
</StopPointInJourneyPattern>
<StopPointInJourneyPattern order="7" version="any" id="SE:020:StopPointInJourneyPattern:205339415000024692_205330000091713004">
    <ScheduledStopPointRef ref="SE:020:ScheduledStopPoint:9022020539194001"/>
    <ForAlighting>true</ForAlighting>
    <ForBoarding>true</ForBoarding>
    <RequestStop>true</RequestStop>
</StopPointInJourneyPattern>
<StopPointInJourneyPattern order="8" version="any" id="SE:020:StopPointInJourneyPattern:205339415000024692_205330000091713005">
    <ScheduledStopPointRef ref="SE:020:ScheduledStopPoint:9022020539147001"/>
    <ForAlighting>true</ForAlighting>
    <ForBoarding>true</ForBoarding>
    <RequestStop>true</RequestStop>
</StopPointInJourneyPattern>
<StopPointInJourneyPattern order="9" version="any" id="SE:020:StopPointInJourneyPattern:205339415000024692_205330000091713006">
    <ScheduledStopPointRef ref="SE:020:ScheduledStopPoint:9022020539122001"/>
    <ForAlighting>true</ForAlighting>
    <ForBoarding>true</ForBoarding>
    <RequestStop>true</RequestStop>
</StopPointInJourneyPattern>
<StopPointInJourneyPattern order="10" version="any" id="SE:020:StopPointInJourneyPattern:205339415000024692_205330000091713007">
    <ScheduledStopPointRef ref="SE:020:ScheduledStopPoint:9022020539986001"/>
    <ForAlighting>true</ForAlighting>
    <ForBoarding>false</ForBoarding>
    <RequestStop>true</RequestStop>
</StopPointInJourneyPattern>
                            </pointsInSequence>
                            <linksInSequence>
<ServiceLinkInJourneyPattern order="1" version="any" id="SE:020:ServiceLinkInJourneyPattern:TAXI_38392">
    <ServiceLinkRef ref="SE:020:ServiceLink:TAXI_9025020053919501_9025020053919301"/>
</ServiceLinkInJourneyPattern>
<ServiceLinkInJourneyPattern order="2" version="any" id="SE:020:ServiceLinkInJourneyPattern:TAXI_38393">
    <ServiceLinkRef ref="SE:020:ServiceLink:TAXI_9025020053919301_9025020053916204"/>
</ServiceLinkInJourneyPattern>
<ServiceLinkInJourneyPattern order="3" version="any" id="SE:020:ServiceLinkInJourneyPattern:TAXI_38394">
    <ServiceLinkRef ref="SE:020:ServiceLink:TAXI_9025020053916204_9025020053911501"/>
</ServiceLinkInJourneyPattern>
<ServiceLinkInJourneyPattern order="4" version="any" id="SE:020:ServiceLinkInJourneyPattern:TAXI_38395">
    <ServiceLinkRef ref="SE:020:ServiceLink:TAXI_9025020053911501_9025020053919201"/>
</ServiceLinkInJourneyPattern>
<ServiceLinkInJourneyPattern order="5" version="any" id="SE:020:ServiceLinkInJourneyPattern:TAXI_38396">
    <ServiceLinkRef ref="SE:020:ServiceLink:TAXI_9025020053919201_9025020053919601"/>
</ServiceLinkInJourneyPattern>
<ServiceLinkInJourneyPattern order="6" version="any" id="SE:020:ServiceLinkInJourneyPattern:TAXI_38397">
    <ServiceLinkRef ref="SE:020:ServiceLink:TAXI_9025020053919601_9025020053919401"/>
</ServiceLinkInJourneyPattern>
<ServiceLinkInJourneyPattern order="7" version="any" id="SE:020:ServiceLinkInJourneyPattern:TAXI_38398">
    <ServiceLinkRef ref="SE:020:ServiceLink:TAXI_9025020053919401_9025020053914701"/>
</ServiceLinkInJourneyPattern>
<ServiceLinkInJourneyPattern order="8" version="any" id="SE:020:ServiceLinkInJourneyPattern:TAXI_38399">
    <ServiceLinkRef ref="SE:020:ServiceLink:TAXI_9025020053914701_9025020053912201"/>
</ServiceLinkInJourneyPattern>
<ServiceLinkInJourneyPattern order="9" version="any" id="SE:020:ServiceLinkInJourneyPattern:TAXI_38400">
    <ServiceLinkRef ref="SE:020:ServiceLink:TAXI_9025020053912201_9025020053998601"/>
</ServiceLinkInJourneyPattern>
                            </linksInSequence>
                        </JourneyPattern>
                        <JourneyPattern version="any" id="SE:020:JourneyPattern:205339415000020076">
                            <RouteRef ref="SE:020:Route:205330000091712967" version="any"/>
                            <pointsInSequence>
<StopPointInJourneyPattern order="1" version="any" id="SE:020:StopPointInJourneyPattern:205339415000020076_205330000091712972">
    <ScheduledStopPointRef ref="SE:020:ScheduledStopPoint:9022020539986001"/>
    <ForAlighting>false</ForAlighting>
    <ForBoarding>true</ForBoarding>
    <DestinationDisplayRef ref="SE:020:DestinationDisplay:205330000091712989"/>
    <RequestStop>true</RequestStop>
</StopPointInJourneyPattern>
<StopPointInJourneyPattern order="2" version="any" id="SE:020:StopPointInJourneyPattern:205339415000020076_205330000091712973">
    <ScheduledStopPointRef ref="SE:020:ScheduledStopPoint:9022020539122001"/>
    <ForAlighting>true</ForAlighting>
    <ForBoarding>true</ForBoarding>
    <RequestStop>true</RequestStop>
</StopPointInJourneyPattern>
<StopPointInJourneyPattern order="3" version="any" id="SE:020:StopPointInJourneyPattern:205339415000020076_205330000091712974">
    <ScheduledStopPointRef ref="SE:020:ScheduledStopPoint:9022020539147002"/>
    <ForAlighting>true</ForAlighting>
    <ForBoarding>true</ForBoarding>
    <RequestStop>true</RequestStop>
</StopPointInJourneyPattern>
<StopPointInJourneyPattern order="4" version="any" id="SE:020:StopPointInJourneyPattern:205339415000020076_205330000091712975">
    <ScheduledStopPointRef ref="SE:020:ScheduledStopPoint:9022020539194001"/>
    <ForAlighting>true</ForAlighting>
    <ForBoarding>true</ForBoarding>
    <RequestStop>true</RequestStop>
</StopPointInJourneyPattern>
<StopPointInJourneyPattern order="5" version="any" id="SE:020:StopPointInJourneyPattern:205339415000020076_205330000091712976">
    <ScheduledStopPointRef ref="SE:020:ScheduledStopPoint:9022020539195001"/>
    <ForAlighting>true</ForAlighting>
    <ForBoarding>true</ForBoarding>
    <RequestStop>true</RequestStop>
</StopPointInJourneyPattern>
<StopPointInJourneyPattern order="6" version="any" id="SE:020:StopPointInJourneyPattern:205339415000020076_205330000091712977">
    <ScheduledStopPointRef ref="SE:020:ScheduledStopPoint:9022020539193001"/>
    <ForAlighting>true</ForAlighting>
    <ForBoarding>true</ForBoarding>
    <RequestStop>true</RequestStop>
</StopPointInJourneyPattern>
<StopPointInJourneyPattern order="7" version="any" id="SE:020:StopPointInJourneyPattern:205339415000020076_205330000091712978">
    <ScheduledStopPointRef ref="SE:020:ScheduledStopPoint:9022020539162004"/>
    <ForAlighting>true</ForAlighting>
    <ForBoarding>true</ForBoarding>
    <RequestStop>true</RequestStop>
</StopPointInJourneyPattern>
<StopPointInJourneyPattern order="8" version="any" id="SE:020:StopPointInJourneyPattern:205339415000020076_205330000091712979">
    <ScheduledStopPointRef ref="SE:020:ScheduledStopPoint:9022020539115001"/>
    <ForAlighting>true</ForAlighting>
    <ForBoarding>true</ForBoarding>
    <RequestStop>true</RequestStop>
</StopPointInJourneyPattern>
<StopPointInJourneyPattern order="9" version="any" id="SE:020:StopPointInJourneyPattern:205339415000020076_205330000091712980">
    <ScheduledStopPointRef ref="SE:020:ScheduledStopPoint:9022020539192001"/>
    <ForAlighting>true</ForAlighting>
    <ForBoarding>true</ForBoarding>
    <RequestStop>true</RequestStop>
</StopPointInJourneyPattern>
<StopPointInJourneyPattern order="10" version="any" id="SE:020:StopPointInJourneyPattern:205339415000020076_205330000091712981">
    <ScheduledStopPointRef ref="SE:020:ScheduledStopPoint:9022020539196001"/>
    <ForAlighting>true</ForAlighting>
    <ForBoarding>false</ForBoarding>
    <RequestStop>true</RequestStop>
</StopPointInJourneyPattern>
                            </pointsInSequence>
                            <linksInSequence>
<ServiceLinkInJourneyPattern order="1" version="any" id="SE:020:ServiceLinkInJourneyPattern:TAXI_38401">
    <ServiceLinkRef ref="SE:020:ServiceLink:TAXI_9025020053998601_9025020053912201"/>
</ServiceLinkInJourneyPattern>
<ServiceLinkInJourneyPattern order="2" version="any" id="SE:020:ServiceLinkInJourneyPattern:TAXI_38402">
    <ServiceLinkRef ref="SE:020:ServiceLink:TAXI_9025020053912201_9025020053914702"/>
</ServiceLinkInJourneyPattern>
<ServiceLinkInJourneyPattern order="3" version="any" id="SE:020:ServiceLinkInJourneyPattern:TAXI_38403">
    <ServiceLinkRef ref="SE:020:ServiceLink:TAXI_9025020053914702_9025020053919401"/>
</ServiceLinkInJourneyPattern>
<ServiceLinkInJourneyPattern order="4" version="any" id="SE:020:ServiceLinkInJourneyPattern:TAXI_38404">
    <ServiceLinkRef ref="SE:020:ServiceLink:TAXI_9025020053919401_9025020053919501"/>
</ServiceLinkInJourneyPattern>
<ServiceLinkInJourneyPattern order="5" version="any" id="SE:020:ServiceLinkInJourneyPattern:TAXI_38405">
    <ServiceLinkRef ref="SE:020:ServiceLink:TAXI_9025020053919501_9025020053919301"/>
</ServiceLinkInJourneyPattern>
<ServiceLinkInJourneyPattern order="6" version="any" id="SE:020:ServiceLinkInJourneyPattern:TAXI_38406">
    <ServiceLinkRef ref="SE:020:ServiceLink:TAXI_9025020053919301_9025020053916204"/>
</ServiceLinkInJourneyPattern>
<ServiceLinkInJourneyPattern order="7" version="any" id="SE:020:ServiceLinkInJourneyPattern:TAXI_38407">
    <ServiceLinkRef ref="SE:020:ServiceLink:TAXI_9025020053916204_9025020053911501"/>
</ServiceLinkInJourneyPattern>
<ServiceLinkInJourneyPattern order="8" version="any" id="SE:020:ServiceLinkInJourneyPattern:TAXI_38408">
    <ServiceLinkRef ref="SE:020:ServiceLink:TAXI_9025020053911501_9025020053919201"/>
</ServiceLinkInJourneyPattern>
<ServiceLinkInJourneyPattern order="9" version="any" id="SE:020:ServiceLinkInJourneyPattern:TAXI_38409">
    <ServiceLinkRef ref="SE:020:ServiceLink:TAXI_9025020053919201_9025020053919601"/>
</ServiceLinkInJourneyPattern>
                            </linksInSequence>
                        </JourneyPattern>
                    </journeyPatterns>
                </ServiceFrame>
                <TimetableFrame version="20241009025723" id="SE:020:TimetableFrame:9011020079400000">
                    <vehicleJourneys>
                        <ServiceJourney version="any" id="SE:020:ServiceJourney:205330000113221105">
                            <TransportMode>bus</TransportMode>
                            <TransportSubmode>
<BusSubmode>unknown</BusSubmode>
                            </TransportSubmode>
                            <dayTypes>
<DayTypeRef ref="SE:020:DayType:307pj9abcf51sh6fua920i71q5gagge7"/>
                            </dayTypes>
                            <JourneyPatternRef ref="SE:020:JourneyPattern:205339415000020076" version="any"/>
                            <OperatorRef ref="SE:020:Operator:9013020810000000"/>
                            <passingTimes>
<TimetabledPassingTime version="any" id="SE:020:TimetabledPassingTime:205330000113221093">
    <StopPointInJourneyPatternRef ref="SE:020:StopPointInJourneyPattern:205339415000020076_205330000091712972" version="any"/>
    <DepartureTime>10:25:00</DepartureTime>
</TimetabledPassingTime>
<TimetabledPassingTime version="any" id="SE:020:TimetabledPassingTime:205330000113221094">
    <StopPointInJourneyPatternRef ref="SE:020:StopPointInJourneyPattern:205339415000020076_205330000091712973" version="any"/>
    <ArrivalTime>10:55:00</ArrivalTime>
    <DepartureTime>10:55:00</DepartureTime>
</TimetabledPassingTime>
<TimetabledPassingTime version="any" id="SE:020:TimetabledPassingTime:205330000113221095">
    <StopPointInJourneyPatternRef ref="SE:020:StopPointInJourneyPattern:205339415000020076_205330000091712974" version="any"/>
    <ArrivalTime>11:00:00</ArrivalTime>
    <DepartureTime>11:00:00</DepartureTime>
</TimetabledPassingTime>
<TimetabledPassingTime version="any" id="SE:020:TimetabledPassingTime:205330000113221096">
    <StopPointInJourneyPatternRef ref="SE:020:StopPointInJourneyPattern:205339415000020076_205330000091712975" version="any"/>
    <ArrivalTime>11:02:00</ArrivalTime>
    <DepartureTime>11:02:00</DepartureTime>
</TimetabledPassingTime>
<TimetabledPassingTime version="any" id="SE:020:TimetabledPassingTime:205330000113221097">
    <StopPointInJourneyPatternRef ref="SE:020:StopPointInJourneyPattern:205339415000020076_205330000091712976" version="any"/>
    <ArrivalTime>11:04:00</ArrivalTime>
    <DepartureTime>11:04:00</DepartureTime>
</TimetabledPassingTime>
<TimetabledPassingTime version="any" id="SE:020:TimetabledPassingTime:205330000113221098">
    <StopPointInJourneyPatternRef ref="SE:020:StopPointInJourneyPattern:205339415000020076_205330000091712977" version="any"/>
    <ArrivalTime>11:06:00</ArrivalTime>
    <DepartureTime>11:06:00</DepartureTime>
</TimetabledPassingTime>
<TimetabledPassingTime version="any" id="SE:020:TimetabledPassingTime:205330000113221099">
    <StopPointInJourneyPatternRef ref="SE:020:StopPointInJourneyPattern:205339415000020076_205330000091712978" version="any"/>
    <ArrivalTime>11:08:00</ArrivalTime>
    <DepartureTime>11:08:00</DepartureTime>
</TimetabledPassingTime>
<TimetabledPassingTime version="any" id="SE:020:TimetabledPassingTime:205330000113221100">
    <StopPointInJourneyPatternRef ref="SE:020:StopPointInJourneyPattern:205339415000020076_205330000091712979" version="any"/>
    <ArrivalTime>11:09:00</ArrivalTime>
    <DepartureTime>11:09:00</DepartureTime>
</TimetabledPassingTime>
<TimetabledPassingTime version="any" id="SE:020:TimetabledPassingTime:205330000113221101">
    <StopPointInJourneyPatternRef ref="SE:020:StopPointInJourneyPattern:205339415000020076_205330000091712980" version="any"/>
    <ArrivalTime>11:10:00</ArrivalTime>
    <DepartureTime>11:10:00</DepartureTime>
</TimetabledPassingTime>
<TimetabledPassingTime version="any" id="SE:020:TimetabledPassingTime:205330000113221102">
    <StopPointInJourneyPatternRef ref="SE:020:StopPointInJourneyPattern:205339415000020076_205330000091712981" version="any"/>
    <ArrivalTime>11:12:00</ArrivalTime>
</TimetabledPassingTime>
                            </passingTimes>
                            <FlexibleServiceProperties>
<FlexibleServiceType>fixedPassingTimes</FlexibleServiceType>
<BookWhen>advanceOnly</BookWhen>
<BookingNote>Turen ska förbeställas senast 3 timmar före bussens avgångstid via telefon 0774-44 00 00.</BookingNote>
                            </FlexibleServiceProperties>
                        </ServiceJourney>
                        <ServiceJourney version="any" id="SE:020:ServiceJourney:205330000113221124">
                            <TransportMode>bus</TransportMode>
                            <TransportSubmode>
<BusSubmode>unknown</BusSubmode>
                            </TransportSubmode>
                            <dayTypes>
<DayTypeRef ref="SE:020:DayType:307pj9abcf51sh6fua920i71q5gagge7"/>
                            </dayTypes>
                            <JourneyPatternRef ref="SE:020:JourneyPattern:205339415000024692" version="any"/>
                            <OperatorRef ref="SE:020:Operator:9013020810000000"/>
                            <passingTimes>
<TimetabledPassingTime version="any" id="SE:020:TimetabledPassingTime:205330000113221112">
    <StopPointInJourneyPatternRef ref="SE:020:StopPointInJourneyPattern:205339415000024692_205330000091712998" version="any"/>
    <DepartureTime>13:04:00</DepartureTime>
</TimetabledPassingTime>
<TimetabledPassingTime version="any" id="SE:020:TimetabledPassingTime:205330000113221113">
    <StopPointInJourneyPatternRef ref="SE:020:StopPointInJourneyPattern:205339415000024692_205330000091712999" version="any"/>
    <ArrivalTime>13:06:00</ArrivalTime>
    <DepartureTime>13:06:00</DepartureTime>
</TimetabledPassingTime>
<TimetabledPassingTime version="any" id="SE:020:TimetabledPassingTime:205330000113221114">
    <StopPointInJourneyPatternRef ref="SE:020:StopPointInJourneyPattern:205339415000024692_205330000091713000" version="any"/>
    <ArrivalTime>13:08:00</ArrivalTime>
    <DepartureTime>13:08:00</DepartureTime>
</TimetabledPassingTime>
<TimetabledPassingTime version="any" id="SE:020:TimetabledPassingTime:205330000113221115">
    <StopPointInJourneyPatternRef ref="SE:020:StopPointInJourneyPattern:205339415000024692_205330000091713001" version="any"/>
    <ArrivalTime>13:09:00</ArrivalTime>
    <DepartureTime>13:09:00</DepartureTime>
</TimetabledPassingTime>
<TimetabledPassingTime version="any" id="SE:020:TimetabledPassingTime:205330000113221116">
    <StopPointInJourneyPatternRef ref="SE:020:StopPointInJourneyPattern:205339415000024692_205330000091713002" version="any"/>
    <ArrivalTime>13:10:00</ArrivalTime>
    <DepartureTime>13:10:00</DepartureTime>
</TimetabledPassingTime>
<TimetabledPassingTime version="any" id="SE:020:TimetabledPassingTime:205330000113221117">
    <StopPointInJourneyPatternRef ref="SE:020:StopPointInJourneyPattern:205339415000024692_205330000091713003" version="any"/>
    <ArrivalTime>13:12:00</ArrivalTime>
    <DepartureTime>13:12:00</DepartureTime>
</TimetabledPassingTime>
<TimetabledPassingTime version="any" id="SE:020:TimetabledPassingTime:205330000113221118">
    <StopPointInJourneyPatternRef ref="SE:020:StopPointInJourneyPattern:205339415000024692_205330000091713004" version="any"/>
    <ArrivalTime>13:15:00</ArrivalTime>
    <DepartureTime>13:15:00</DepartureTime>
</TimetabledPassingTime>
<TimetabledPassingTime version="any" id="SE:020:TimetabledPassingTime:205330000113221119">
    <StopPointInJourneyPatternRef ref="SE:020:StopPointInJourneyPattern:205339415000024692_205330000091713005" version="any"/>
    <ArrivalTime>13:17:00</ArrivalTime>
    <DepartureTime>13:17:00</DepartureTime>
</TimetabledPassingTime>
<TimetabledPassingTime version="any" id="SE:020:TimetabledPassingTime:205330000113221120">
    <StopPointInJourneyPatternRef ref="SE:020:StopPointInJourneyPattern:205339415000024692_205330000091713006" version="any"/>
    <ArrivalTime>13:21:00</ArrivalTime>
    <DepartureTime>13:21:00</DepartureTime>
</TimetabledPassingTime>
<TimetabledPassingTime version="any" id="SE:020:TimetabledPassingTime:205330000113221121">
    <StopPointInJourneyPatternRef ref="SE:020:StopPointInJourneyPattern:205339415000024692_205330000091713007" version="any"/>
    <ArrivalTime>13:50:00</ArrivalTime>
</TimetabledPassingTime>
                            </passingTimes>
                            <FlexibleServiceProperties>
<FlexibleServiceType>fixedPassingTimes</FlexibleServiceType>
<BookWhen>advanceOnly</BookWhen>
<BookingNote>Turen ska förbeställas senast 3 timmar före bussens avgångstid via telefon 0774-44 00 00.</BookingNote>
                            </FlexibleServiceProperties>
                        </ServiceJourney>
                    </vehicleJourneys>
                </TimetableFrame>
            </frames>
        </CompositeFrame>
    </dataObjects>
</PublicationDelivery>
