<?xml version="1.0" encoding="UTF-8" standalone="yes"?>
<PublicationDelivery xmlns="http://www.netex.org.uk/netex" xmlns:ns2="http://www.opengis.net/gml/3.2" xmlns:ns3="http://www.siri.org.uk/siri" xmlns:ns4="http://www.samtrafiken.se/netex" version="1.11:NO-NeTEx-networktimetable:1.3">
    <PublicationTimestamp>2024-10-09T02:57:23</PublicationTimestamp>
    <ParticipantRef>SAM</ParticipantRef>
    <dataObjects>
        <CompositeFrame created="2024-10-09T02:57:23" version="20241009025723" id="SE:020:CompositeFrame:9011020005500000">
            <ValidBetween>
                <FromDate>1970-01-01T00:00:00</FromDate>
            </ValidBetween>
            <codespaces>
                <Codespace id="SE:020">
                    <Xmlns>SE:020</Xmlns>
                    <XmlnsUrl>http://www.samtrafiken.se/ns/dt</XmlnsUrl>
                </Codespace>
            </codespaces>
            <FrameDefaults>
                <DefaultLocale>
                    <TimeZone>Europe/Stockholm</TimeZone>
                    <DefaultLanguage>se</DefaultLanguage>
                </DefaultLocale>
                <DefaultLocationSystem>4326</DefaultLocationSystem>
            </FrameDefaults>
            <frames>
                <ServiceFrame version="20241009025723" id="SE:020:ServiceFrame:9011020005500000">
                    <routes>
                        <Route version="any" id="SE:020:Route:205330000113771235">
                            <Name>Öna - Resecentrum</Name>
                            <LineRef ref="SE:020:Line:9011020005500000" version="111216"/>
                            <DirectionType>outbound</DirectionType>
                            <pointsInSequence>
<PointOnRoute order="1" version="any" id="SE:020:PointOnRoute:205330000113771240">
    <RoutePointRef ref="SE:020:RoutePoint:9022020562152041"/>
</PointOnRoute>
<PointOnRoute order="2" version="any" id="SE:020:PointOnRoute:205330000113771241">
    <RoutePointRef ref="SE:020:RoutePoint:9022020562216001"/>
</PointOnRoute>
<PointOnRoute order="3" version="any" id="SE:020:PointOnRoute:205330000113771242">
    <RoutePointRef ref="SE:020:RoutePoint:9022020562215001"/>
</PointOnRoute>
<PointOnRoute order="4" version="any" id="SE:020:PointOnRoute:205330000113771243">
    <RoutePointRef ref="SE:020:RoutePoint:9022020562019001"/>
</PointOnRoute>
<PointOnRoute order="5" version="any" id="SE:020:PointOnRoute:205330000113771244">
    <RoutePointRef ref="SE:020:RoutePoint:9022020562018002"/>
</PointOnRoute>
<PointOnRoute order="6" version="any" id="SE:020:PointOnRoute:205330000113771245">
    <RoutePointRef ref="SE:020:RoutePoint:9022020562198002"/>
</PointOnRoute>
<PointOnRoute order="7" version="any" id="SE:020:PointOnRoute:205330000113771246">
    <RoutePointRef ref="SE:020:RoutePoint:9022020562197002"/>
</PointOnRoute>
<PointOnRoute order="8" version="any" id="SE:020:PointOnRoute:205330000113771247">
    <RoutePointRef ref="SE:020:RoutePoint:9022020562196002"/>
</PointOnRoute>
<PointOnRoute order="9" version="any" id="SE:020:PointOnRoute:205330000113771248">
    <RoutePointRef ref="SE:020:RoutePoint:9022020562195002"/>
</PointOnRoute>
<PointOnRoute order="10" version="any" id="SE:020:PointOnRoute:205330000113771249">
    <RoutePointRef ref="SE:020:RoutePoint:9022020562214002"/>
</PointOnRoute>
<PointOnRoute order="11" version="any" id="SE:020:PointOnRoute:205330000113771250">
    <RoutePointRef ref="SE:020:RoutePoint:9022020562215002"/>
</PointOnRoute>
<PointOnRoute order="12" version="any" id="SE:020:PointOnRoute:205330000113771251">
    <RoutePointRef ref="SE:020:RoutePoint:9022020562216002"/>
</PointOnRoute>
<PointOnRoute order="13" version="any" id="SE:020:PointOnRoute:205330000113771252">
    <RoutePointRef ref="SE:020:RoutePoint:9022020562152001"/>
</PointOnRoute>
<PointOnRoute order="14" version="any" id="SE:020:PointOnRoute:205330000113771253">
    <RoutePointRef ref="SE:020:RoutePoint:9022020562147002"/>
</PointOnRoute>
<PointOnRoute order="15" version="any" id="SE:020:PointOnRoute:205330000113771254">
    <RoutePointRef ref="SE:020:RoutePoint:9022020562145002"/>
</PointOnRoute>
                            </pointsInSequence>
                        </Route>
                        <Route version="any" id="SE:020:Route:205330000113771270">
                            <Name>Öna - Resecentrum</Name>
                            <LineRef ref="SE:020:Line:9011020005500000" version="111216"/>
                            <DirectionType>outbound</DirectionType>
                            <pointsInSequence>
<PointOnRoute order="1" version="any" id="SE:020:PointOnRoute:205330000113771275">
    <RoutePointRef ref="SE:020:RoutePoint:9022020562145002"/>
</PointOnRoute>
<PointOnRoute order="2" version="any" id="SE:020:PointOnRoute:205330000113771276">
    <RoutePointRef ref="SE:020:RoutePoint:9022020562269002"/>
</PointOnRoute>
<PointOnRoute order="3" version="any" id="SE:020:PointOnRoute:205330000113771277">
    <RoutePointRef ref="SE:020:RoutePoint:9022020562147001"/>
</PointOnRoute>
<PointOnRoute order="4" version="any" id="SE:020:PointOnRoute:205330000113771278">
    <RoutePointRef ref="SE:020:RoutePoint:9022020562152041"/>
</PointOnRoute>
<PointOnRoute order="5" version="any" id="SE:020:PointOnRoute:205330000113771279">
    <RoutePointRef ref="SE:020:RoutePoint:9022020562216001"/>
</PointOnRoute>
<PointOnRoute order="6" version="any" id="SE:020:PointOnRoute:205330000113771280">
    <RoutePointRef ref="SE:020:RoutePoint:9022020562215001"/>
</PointOnRoute>
<PointOnRoute order="7" version="any" id="SE:020:PointOnRoute:205330000113771281">
    <RoutePointRef ref="SE:020:RoutePoint:9022020562019001"/>
</PointOnRoute>
<PointOnRoute order="8" version="any" id="SE:020:PointOnRoute:205330000113771282">
    <RoutePointRef ref="SE:020:RoutePoint:9022020562018002"/>
</PointOnRoute>
<PointOnRoute order="9" version="any" id="SE:020:PointOnRoute:205330000113771283">
    <RoutePointRef ref="SE:020:RoutePoint:9022020562198002"/>
</PointOnRoute>
<PointOnRoute order="10" version="any" id="SE:020:PointOnRoute:205330000113771284">
    <RoutePointRef ref="SE:020:RoutePoint:9022020562197002"/>
</PointOnRoute>
<PointOnRoute order="11" version="any" id="SE:020:PointOnRoute:205330000113771285">
    <RoutePointRef ref="SE:020:RoutePoint:9022020562196002"/>
</PointOnRoute>
<PointOnRoute order="12" version="any" id="SE:020:PointOnRoute:205330000113771286">
    <RoutePointRef ref="SE:020:RoutePoint:9022020562195002"/>
</PointOnRoute>
<PointOnRoute order="13" version="any" id="SE:020:PointOnRoute:205330000113771287">
    <RoutePointRef ref="SE:020:RoutePoint:9022020562214002"/>
</PointOnRoute>
<PointOnRoute order="14" version="any" id="SE:020:PointOnRoute:205330000113771288">
    <RoutePointRef ref="SE:020:RoutePoint:9022020562215002"/>
</PointOnRoute>
<PointOnRoute order="15" version="any" id="SE:020:PointOnRoute:205330000113771289">
    <RoutePointRef ref="SE:020:RoutePoint:9022020562216002"/>
</PointOnRoute>
<PointOnRoute order="16" version="any" id="SE:020:PointOnRoute:205330000113771290">
    <RoutePointRef ref="SE:020:RoutePoint:9022020562152041"/>
</PointOnRoute>
                            </pointsInSequence>
                        </Route>
                        <Route version="any" id="SE:020:Route:205330000113771306">
                            <Name>Öna - Resecentrum</Name>
                            <LineRef ref="SE:020:Line:9011020005500000" version="111216"/>
                            <DirectionType>outbound</DirectionType>
                            <pointsInSequence>
<PointOnRoute order="1" version="any" id="SE:020:PointOnRoute:205330000113771311">
    <RoutePointRef ref="SE:020:RoutePoint:9022020562145002"/>
</PointOnRoute>
<PointOnRoute order="2" version="any" id="SE:020:PointOnRoute:205330000113771312">
    <RoutePointRef ref="SE:020:RoutePoint:9022020562269002"/>
</PointOnRoute>
<PointOnRoute order="3" version="any" id="SE:020:PointOnRoute:205330000113771313">
    <RoutePointRef ref="SE:020:RoutePoint:9022020562147001"/>
</PointOnRoute>
<PointOnRoute order="4" version="any" id="SE:020:PointOnRoute:205330000113771314">
    <RoutePointRef ref="SE:020:RoutePoint:9022020562152044"/>
</PointOnRoute>
<PointOnRoute order="5" version="any" id="SE:020:PointOnRoute:205330000113771315">
    <RoutePointRef ref="SE:020:RoutePoint:9022020562216001"/>
</PointOnRoute>
<PointOnRoute order="6" version="any" id="SE:020:PointOnRoute:205330000113771316">
    <RoutePointRef ref="SE:020:RoutePoint:9022020562215001"/>
</PointOnRoute>
<PointOnRoute order="7" version="any" id="SE:020:PointOnRoute:205330000113771317">
    <RoutePointRef ref="SE:020:RoutePoint:9022020562019001"/>
</PointOnRoute>
<PointOnRoute order="8" version="any" id="SE:020:PointOnRoute:205330000113771318">
    <RoutePointRef ref="SE:020:RoutePoint:9022020562018002"/>
</PointOnRoute>
<PointOnRoute order="9" version="any" id="SE:020:PointOnRoute:205330000113771319">
    <RoutePointRef ref="SE:020:RoutePoint:9022020562198002"/>
</PointOnRoute>
<PointOnRoute order="10" version="any" id="SE:020:PointOnRoute:205330000113771320">
    <RoutePointRef ref="SE:020:RoutePoint:9022020562197002"/>
</PointOnRoute>
<PointOnRoute order="11" version="any" id="SE:020:PointOnRoute:205330000113771321">
    <RoutePointRef ref="SE:020:RoutePoint:9022020562196002"/>
</PointOnRoute>
<PointOnRoute order="12" version="any" id="SE:020:PointOnRoute:205330000113771322">
    <RoutePointRef ref="SE:020:RoutePoint:9022020562195002"/>
</PointOnRoute>
<PointOnRoute order="13" version="any" id="SE:020:PointOnRoute:205330000113771323">
    <RoutePointRef ref="SE:020:RoutePoint:9022020562214002"/>
</PointOnRoute>
<PointOnRoute order="14" version="any" id="SE:020:PointOnRoute:205330000113771324">
    <RoutePointRef ref="SE:020:RoutePoint:9022020562215002"/>
</PointOnRoute>
<PointOnRoute order="15" version="any" id="SE:020:PointOnRoute:205330000113771325">
    <RoutePointRef ref="SE:020:RoutePoint:9022020562216002"/>
</PointOnRoute>
<PointOnRoute order="16" version="any" id="SE:020:PointOnRoute:205330000113771326">
    <RoutePointRef ref="SE:020:RoutePoint:9022020562152041"/>
</PointOnRoute>
                            </pointsInSequence>
                        </Route>
                    </routes>
                    <lines>
                        <Line version="111216" id="SE:020:Line:9011020005500000">
                            <ValidBetween>
<FromDate>2011-12-16T00:00:00</FromDate>
                            </ValidBetween>
                            <Name>55</Name>
                            <TransportMode>bus</TransportMode>
                            <TransportSubmode>
<BusSubmode>unknown</BusSubmode>
                            </TransportSubmode>
                            <PublicCode>55</PublicCode>
                            <PrivateCode>55</PrivateCode>
                            <RepresentedByGroupRef ref="SE:020:Network:9010020000000000"/>
                        </Line>
                    </lines>
                    <journeyPatterns>
                        <JourneyPattern version="any" id="SE:020:JourneyPattern:205339415000024727">
                            <RouteRef ref="SE:020:Route:205330000113771235" version="any"/>
                            <pointsInSequence>
<StopPointInJourneyPattern order="1" version="any" id="SE:020:StopPointInJourneyPattern:205339415000024727_205330000113771240">
    <ScheduledStopPointRef ref="SE:020:ScheduledStopPoint:9022020562152041"/>
    <ForAlighting>false</ForAlighting>
    <ForBoarding>true</ForBoarding>
    <DestinationDisplayRef ref="SE:020:DestinationDisplay:205330000113771262"/>
    <RequestStop>true</RequestStop>
</StopPointInJourneyPattern>
<StopPointInJourneyPattern order="2" version="any" id="SE:020:StopPointInJourneyPattern:205339415000024727_205330000113771241">
    <ScheduledStopPointRef ref="SE:020:ScheduledStopPoint:9022020562216001"/>
    <ForAlighting>true</ForAlighting>
    <ForBoarding>true</ForBoarding>
    <RequestStop>true</RequestStop>
</StopPointInJourneyPattern>
<StopPointInJourneyPattern order="3" version="any" id="SE:020:StopPointInJourneyPattern:205339415000024727_205330000113771242">
    <ScheduledStopPointRef ref="SE:020:ScheduledStopPoint:9022020562215001"/>
    <ForAlighting>true</ForAlighting>
    <ForBoarding>true</ForBoarding>
    <DestinationDisplayRef ref="SE:020:DestinationDisplay:205330000113771266"/>
    <RequestStop>true</RequestStop>
</StopPointInJourneyPattern>
<StopPointInJourneyPattern order="4" version="any" id="SE:020:StopPointInJourneyPattern:205339415000024727_205330000113771243">
    <ScheduledStopPointRef ref="SE:020:ScheduledStopPoint:9022020562019001"/>
    <ForAlighting>true</ForAlighting>
    <ForBoarding>true</ForBoarding>
    <RequestStop>true</RequestStop>
</StopPointInJourneyPattern>
<StopPointInJourneyPattern order="5" version="any" id="SE:020:StopPointInJourneyPattern:205339415000024727_205330000113771244">
    <ScheduledStopPointRef ref="SE:020:ScheduledStopPoint:9022020562018002"/>
    <ForAlighting>true</ForAlighting>
    <ForBoarding>true</ForBoarding>
    <RequestStop>true</RequestStop>
</StopPointInJourneyPattern>
<StopPointInJourneyPattern order="6" version="any" id="SE:020:StopPointInJourneyPattern:205339415000024727_205330000113771245">
    <ScheduledStopPointRef ref="SE:020:ScheduledStopPoint:9022020562198002"/>
    <ForAlighting>true</ForAlighting>
    <ForBoarding>true</ForBoarding>
    <RequestStop>true</RequestStop>
</StopPointInJourneyPattern>
<StopPointInJourneyPattern order="7" version="any" id="SE:020:StopPointInJourneyPattern:205339415000024727_205330000113771246">
    <ScheduledStopPointRef ref="SE:020:ScheduledStopPoint:9022020562197002"/>
    <ForAlighting>true</ForAlighting>
    <ForBoarding>true</ForBoarding>
    <RequestStop>true</RequestStop>
</StopPointInJourneyPattern>
<StopPointInJourneyPattern order="8" version="any" id="SE:020:StopPointInJourneyPattern:205339415000024727_205330000113771247">
    <ScheduledStopPointRef ref="SE:020:ScheduledStopPoint:9022020562196002"/>
    <ForAlighting>true</ForAlighting>
    <ForBoarding>true</ForBoarding>
    <RequestStop>true</RequestStop>
</StopPointInJourneyPattern>
<StopPointInJourneyPattern order="9" version="any" id="SE:020:StopPointInJourneyPattern:205339415000024727_205330000113771248">
    <ScheduledStopPointRef ref="SE:020:ScheduledStopPoint:9022020562195002"/>
    <ForAlighting>true</ForAlighting>
    <ForBoarding>true</ForBoarding>
    <RequestStop>true</RequestStop>
</StopPointInJourneyPattern>
<StopPointInJourneyPattern order="10" version="any" id="SE:020:StopPointInJourneyPattern:205339415000024727_205330000113771249">
    <ScheduledStopPointRef ref="SE:020:ScheduledStopPoint:9022020562214002"/>
    <ForAlighting>true</ForAlighting>
    <ForBoarding>true</ForBoarding>
    <RequestStop>true</RequestStop>
</StopPointInJourneyPattern>
<StopPointInJourneyPattern order="11" version="any" id="SE:020:StopPointInJourneyPattern:205339415000024727_205330000113771250">
    <ScheduledStopPointRef ref="SE:020:ScheduledStopPoint:9022020562215002"/>
    <ForAlighting>true</ForAlighting>
    <ForBoarding>true</ForBoarding>
    <RequestStop>true</RequestStop>
</StopPointInJourneyPattern>
<StopPointInJourneyPattern order="12" version="any" id="SE:020:StopPointInJourneyPattern:205339415000024727_205330000113771251">
    <ScheduledStopPointRef ref="SE:020:ScheduledStopPoint:9022020562216002"/>
    <ForAlighting>true</ForAlighting>
    <ForBoarding>true</ForBoarding>
    <RequestStop>true</RequestStop>
</StopPointInJourneyPattern>
<StopPointInJourneyPattern order="13" version="any" id="SE:020:StopPointInJourneyPattern:205339415000024727_205330000113771252">
    <ScheduledStopPointRef ref="SE:020:ScheduledStopPoint:9022020562152001"/>
    <ForAlighting>true</ForAlighting>
    <ForBoarding>true</ForBoarding>
    <RequestStop>true</RequestStop>
</StopPointInJourneyPattern>
<StopPointInJourneyPattern order="14" version="any" id="SE:020:StopPointInJourneyPattern:205339415000024727_205330000113771253">
    <ScheduledStopPointRef ref="SE:020:ScheduledStopPoint:9022020562147002"/>
    <ForAlighting>true</ForAlighting>
    <ForBoarding>true</ForBoarding>
    <RequestStop>true</RequestStop>
</StopPointInJourneyPattern>
<StopPointInJourneyPattern order="15" version="any" id="SE:020:StopPointInJourneyPattern:205339415000024727_205330000113771254">
    <ScheduledStopPointRef ref="SE:020:ScheduledStopPoint:9022020562145002"/>
    <ForAlighting>true</ForAlighting>
    <ForBoarding>false</ForBoarding>
    <RequestStop>true</RequestStop>
</StopPointInJourneyPattern>
                            </pointsInSequence>
                            <linksInSequence>
<ServiceLinkInJourneyPattern order="1" version="any" id="SE:020:ServiceLinkInJourneyPattern:BUS_1854">
    <ServiceLinkRef ref="SE:020:ServiceLink:BUS_9025020056215241_9025020056221601"/>
</ServiceLinkInJourneyPattern>
<ServiceLinkInJourneyPattern order="2" version="any" id="SE:020:ServiceLinkInJourneyPattern:BUS_1855">
    <ServiceLinkRef ref="SE:020:ServiceLink:BUS_9025020056221601_9025020056221501"/>
</ServiceLinkInJourneyPattern>
<ServiceLinkInJourneyPattern order="3" version="any" id="SE:020:ServiceLinkInJourneyPattern:BUS_1856">
    <ServiceLinkRef ref="SE:020:ServiceLink:BUS_9025020056221501_9025020056201901"/>
</ServiceLinkInJourneyPattern>
<ServiceLinkInJourneyPattern order="4" version="any" id="SE:020:ServiceLinkInJourneyPattern:BUS_1857">
    <ServiceLinkRef ref="SE:020:ServiceLink:BUS_9025020056201901_9025020056201802"/>
</ServiceLinkInJourneyPattern>
<ServiceLinkInJourneyPattern order="5" version="any" id="SE:020:ServiceLinkInJourneyPattern:BUS_1858">
    <ServiceLinkRef ref="SE:020:ServiceLink:BUS_9025020056201802_9025020056219802"/>
</ServiceLinkInJourneyPattern>
<ServiceLinkInJourneyPattern order="6" version="any" id="SE:020:ServiceLinkInJourneyPattern:BUS_1859">
    <ServiceLinkRef ref="SE:020:ServiceLink:BUS_9025020056219802_9025020056219702"/>
</ServiceLinkInJourneyPattern>
<ServiceLinkInJourneyPattern order="7" version="any" id="SE:020:ServiceLinkInJourneyPattern:BUS_1860">
    <ServiceLinkRef ref="SE:020:ServiceLink:BUS_9025020056219702_9025020056219602"/>
</ServiceLinkInJourneyPattern>
<ServiceLinkInJourneyPattern order="8" version="any" id="SE:020:ServiceLinkInJourneyPattern:BUS_1861">
    <ServiceLinkRef ref="SE:020:ServiceLink:BUS_9025020056219602_9025020056219502"/>
</ServiceLinkInJourneyPattern>
<ServiceLinkInJourneyPattern order="9" version="any" id="SE:020:ServiceLinkInJourneyPattern:BUS_1862">
    <ServiceLinkRef ref="SE:020:ServiceLink:BUS_9025020056219502_9025020056221402"/>
</ServiceLinkInJourneyPattern>
<ServiceLinkInJourneyPattern order="10" version="any" id="SE:020:ServiceLinkInJourneyPattern:BUS_1863">
    <ServiceLinkRef ref="SE:020:ServiceLink:BUS_9025020056221402_9025020056221502"/>
</ServiceLinkInJourneyPattern>
<ServiceLinkInJourneyPattern order="11" version="any" id="SE:020:ServiceLinkInJourneyPattern:BUS_1864">
    <ServiceLinkRef ref="SE:020:ServiceLink:BUS_9025020056221502_9025020056221602"/>
</ServiceLinkInJourneyPattern>
<ServiceLinkInJourneyPattern order="12" version="any" id="SE:020:ServiceLinkInJourneyPattern:BUS_1865">
    <ServiceLinkRef ref="SE:020:ServiceLink:BUS_9025020056221602_9025020056215201"/>
</ServiceLinkInJourneyPattern>
<ServiceLinkInJourneyPattern order="13" version="any" id="SE:020:ServiceLinkInJourneyPattern:BUS_1866">
    <ServiceLinkRef ref="SE:020:ServiceLink:BUS_9025020056215201_9025020056214702"/>
</ServiceLinkInJourneyPattern>
<ServiceLinkInJourneyPattern order="14" version="any" id="SE:020:ServiceLinkInJourneyPattern:BUS_1867">
    <ServiceLinkRef ref="SE:020:ServiceLink:BUS_9025020056214702_9025020056214502"/>
</ServiceLinkInJourneyPattern>
                            </linksInSequence>
                        </JourneyPattern>
                        <JourneyPattern version="any" id="SE:020:JourneyPattern:205339415000024728">
                            <RouteRef ref="SE:020:Route:205330000113771270" version="any"/>
                            <pointsInSequence>
<StopPointInJourneyPattern order="1" version="any" id="SE:020:StopPointInJourneyPattern:205339415000024728_205330000113771275">
    <ScheduledStopPointRef ref="SE:020:ScheduledStopPoint:9022020562145002"/>
    <ForAlighting>false</ForAlighting>
    <ForBoarding>true</ForBoarding>
    <DestinationDisplayRef ref="SE:020:DestinationDisplay:205330000113771298"/>
    <RequestStop>true</RequestStop>
</StopPointInJourneyPattern>
<StopPointInJourneyPattern order="2" version="any" id="SE:020:StopPointInJourneyPattern:205339415000024728_205330000113771276">
    <ScheduledStopPointRef ref="SE:020:ScheduledStopPoint:9022020562269002"/>
    <ForAlighting>true</ForAlighting>
    <ForBoarding>true</ForBoarding>
    <RequestStop>true</RequestStop>
</StopPointInJourneyPattern>
<StopPointInJourneyPattern order="3" version="any" id="SE:020:StopPointInJourneyPattern:205339415000024728_205330000113771277">
    <ScheduledStopPointRef ref="SE:020:ScheduledStopPoint:9022020562147001"/>
    <ForAlighting>true</ForAlighting>
    <ForBoarding>true</ForBoarding>
    <RequestStop>true</RequestStop>
</StopPointInJourneyPattern>
<StopPointInJourneyPattern order="4" version="any" id="SE:020:StopPointInJourneyPattern:205339415000024728_205330000113771278">
    <ScheduledStopPointRef ref="SE:020:ScheduledStopPoint:9022020562152041"/>
    <ForAlighting>true</ForAlighting>
    <ForBoarding>true</ForBoarding>
    <RequestStop>true</RequestStop>
</StopPointInJourneyPattern>
<StopPointInJourneyPattern order="5" version="any" id="SE:020:StopPointInJourneyPattern:205339415000024728_205330000113771279">
    <ScheduledStopPointRef ref="SE:020:ScheduledStopPoint:9022020562216001"/>
    <ForAlighting>true</ForAlighting>
    <ForBoarding>true</ForBoarding>
    <RequestStop>true</RequestStop>
</StopPointInJourneyPattern>
<StopPointInJourneyPattern order="6" version="any" id="SE:020:StopPointInJourneyPattern:205339415000024728_205330000113771280">
    <ScheduledStopPointRef ref="SE:020:ScheduledStopPoint:9022020562215001"/>
    <ForAlighting>true</ForAlighting>
    <ForBoarding>true</ForBoarding>
    <DestinationDisplayRef ref="SE:020:DestinationDisplay:205330000113771302"/>
    <RequestStop>true</RequestStop>
</StopPointInJourneyPattern>
<StopPointInJourneyPattern order="7" version="any" id="SE:020:StopPointInJourneyPattern:205339415000024728_205330000113771281">
    <ScheduledStopPointRef ref="SE:020:ScheduledStopPoint:9022020562019001"/>
    <ForAlighting>true</ForAlighting>
    <ForBoarding>true</ForBoarding>
    <RequestStop>true</RequestStop>
</StopPointInJourneyPattern>
<StopPointInJourneyPattern order="8" version="any" id="SE:020:StopPointInJourneyPattern:205339415000024728_205330000113771282">
    <ScheduledStopPointRef ref="SE:020:ScheduledStopPoint:9022020562018002"/>
    <ForAlighting>true</ForAlighting>
    <ForBoarding>true</ForBoarding>
    <RequestStop>true</RequestStop>
</StopPointInJourneyPattern>
<StopPointInJourneyPattern order="9" version="any" id="SE:020:StopPointInJourneyPattern:205339415000024728_205330000113771283">
    <ScheduledStopPointRef ref="SE:020:ScheduledStopPoint:9022020562198002"/>
    <ForAlighting>true</ForAlighting>
    <ForBoarding>true</ForBoarding>
    <RequestStop>true</RequestStop>
</StopPointInJourneyPattern>
<StopPointInJourneyPattern order="10" version="any" id="SE:020:StopPointInJourneyPattern:205339415000024728_205330000113771284">
    <ScheduledStopPointRef ref="SE:020:ScheduledStopPoint:9022020562197002"/>
    <ForAlighting>true</ForAlighting>
    <ForBoarding>true</ForBoarding>
    <RequestStop>true</RequestStop>
</StopPointInJourneyPattern>
<StopPointInJourneyPattern order="11" version="any" id="SE:020:StopPointInJourneyPattern:205339415000024728_205330000113771285">
    <ScheduledStopPointRef ref="SE:020:ScheduledStopPoint:9022020562196002"/>
    <ForAlighting>true</ForAlighting>
    <ForBoarding>true</ForBoarding>
    <RequestStop>true</RequestStop>
</StopPointInJourneyPattern>
<StopPointInJourneyPattern order="12" version="any" id="SE:020:StopPointInJourneyPattern:205339415000024728_205330000113771286">
    <ScheduledStopPointRef ref="SE:020:ScheduledStopPoint:9022020562195002"/>
    <ForAlighting>true</ForAlighting>
    <ForBoarding>true</ForBoarding>
    <RequestStop>true</RequestStop>
</StopPointInJourneyPattern>
<StopPointInJourneyPattern order="13" version="any" id="SE:020:StopPointInJourneyPattern:205339415000024728_205330000113771287">
    <ScheduledStopPointRef ref="SE:020:ScheduledStopPoint:9022020562214002"/>
    <ForAlighting>true</ForAlighting>
    <ForBoarding>true</ForBoarding>
    <RequestStop>true</RequestStop>
</StopPointInJourneyPattern>
<StopPointInJourneyPattern order="14" version="any" id="SE:020:StopPointInJourneyPattern:205339415000024728_205330000113771288">
    <ScheduledStopPointRef ref="SE:020:ScheduledStopPoint:9022020562215002"/>
    <ForAlighting>true</ForAlighting>
    <ForBoarding>true</ForBoarding>
    <RequestStop>true</RequestStop>
</StopPointInJourneyPattern>
<StopPointInJourneyPattern order="15" version="any" id="SE:020:StopPointInJourneyPattern:205339415000024728_205330000113771289">
    <ScheduledStopPointRef ref="SE:020:ScheduledStopPoint:9022020562216002"/>
    <ForAlighting>true</ForAlighting>
    <ForBoarding>true</ForBoarding>
    <RequestStop>true</RequestStop>
</StopPointInJourneyPattern>
<StopPointInJourneyPattern order="16" version="any" id="SE:020:StopPointInJourneyPattern:205339415000024728_205330000113771290">
    <ScheduledStopPointRef ref="SE:020:ScheduledStopPoint:9022020562152041"/>
    <ForAlighting>true</ForAlighting>
    <ForBoarding>false</ForBoarding>
    <RequestStop>true</RequestStop>
</StopPointInJourneyPattern>
                            </pointsInSequence>
                            <linksInSequence>
<ServiceLinkInJourneyPattern order="1" version="any" id="SE:020:ServiceLinkInJourneyPattern:BUS_1868">
    <ServiceLinkRef ref="SE:020:ServiceLink:BUS_9025020056214502_9025020056226902"/>
</ServiceLinkInJourneyPattern>
<ServiceLinkInJourneyPattern order="2" version="any" id="SE:020:ServiceLinkInJourneyPattern:BUS_1869">
    <ServiceLinkRef ref="SE:020:ServiceLink:BUS_9025020056226902_9025020056214701"/>
</ServiceLinkInJourneyPattern>
<ServiceLinkInJourneyPattern order="3" version="any" id="SE:020:ServiceLinkInJourneyPattern:BUS_1870">
    <ServiceLinkRef ref="SE:020:ServiceLink:BUS_9025020056214701_9025020056215241"/>
</ServiceLinkInJourneyPattern>
<ServiceLinkInJourneyPattern order="4" version="any" id="SE:020:ServiceLinkInJourneyPattern:BUS_1871">
    <ServiceLinkRef ref="SE:020:ServiceLink:BUS_9025020056215241_9025020056221601"/>
</ServiceLinkInJourneyPattern>
<ServiceLinkInJourneyPattern order="5" version="any" id="SE:020:ServiceLinkInJourneyPattern:BUS_1872">
    <ServiceLinkRef ref="SE:020:ServiceLink:BUS_9025020056221601_9025020056221501"/>
</ServiceLinkInJourneyPattern>
<ServiceLinkInJourneyPattern order="6" version="any" id="SE:020:ServiceLinkInJourneyPattern:BUS_1873">
    <ServiceLinkRef ref="SE:020:ServiceLink:BUS_9025020056221501_9025020056201901"/>
</ServiceLinkInJourneyPattern>
<ServiceLinkInJourneyPattern order="7" version="any" id="SE:020:ServiceLinkInJourneyPattern:BUS_1874">
    <ServiceLinkRef ref="SE:020:ServiceLink:BUS_9025020056201901_9025020056201802"/>
</ServiceLinkInJourneyPattern>
<ServiceLinkInJourneyPattern order="8" version="any" id="SE:020:ServiceLinkInJourneyPattern:BUS_1875">
    <ServiceLinkRef ref="SE:020:ServiceLink:BUS_9025020056201802_9025020056219802"/>
</ServiceLinkInJourneyPattern>
<ServiceLinkInJourneyPattern order="9" version="any" id="SE:020:ServiceLinkInJourneyPattern:BUS_1876">
    <ServiceLinkRef ref="SE:020:ServiceLink:BUS_9025020056219802_9025020056219702"/>
</ServiceLinkInJourneyPattern>
<ServiceLinkInJourneyPattern order="10" version="any" id="SE:020:ServiceLinkInJourneyPattern:BUS_1877">
    <ServiceLinkRef ref="SE:020:ServiceLink:BUS_9025020056219702_9025020056219602"/>
</ServiceLinkInJourneyPattern>
<ServiceLinkInJourneyPattern order="11" version="any" id="SE:020:ServiceLinkInJourneyPattern:BUS_1878">
    <ServiceLinkRef ref="SE:020:ServiceLink:BUS_9025020056219602_9025020056219502"/>
</ServiceLinkInJourneyPattern>
<ServiceLinkInJourneyPattern order="12" version="any" id="SE:020:ServiceLinkInJourneyPattern:BUS_1879">
    <ServiceLinkRef ref="SE:020:ServiceLink:BUS_9025020056219502_9025020056221402"/>
</ServiceLinkInJourneyPattern>
<ServiceLinkInJourneyPattern order="13" version="any" id="SE:020:ServiceLinkInJourneyPattern:BUS_1880">
    <ServiceLinkRef ref="SE:020:ServiceLink:BUS_9025020056221402_9025020056221502"/>
</ServiceLinkInJourneyPattern>
<ServiceLinkInJourneyPattern order="14" version="any" id="SE:020:ServiceLinkInJourneyPattern:BUS_1881">
    <ServiceLinkRef ref="SE:020:ServiceLink:BUS_9025020056221502_9025020056221602"/>
</ServiceLinkInJourneyPattern>
<ServiceLinkInJourneyPattern order="15" version="any" id="SE:020:ServiceLinkInJourneyPattern:BUS_1882">
    <ServiceLinkRef ref="SE:020:ServiceLink:BUS_9025020056221602_9025020056215241"/>
</ServiceLinkInJourneyPattern>
                            </linksInSequence>
                        </JourneyPattern>
                        <JourneyPattern version="any" id="SE:020:JourneyPattern:205339415000024729">
                            <RouteRef ref="SE:020:Route:205330000113771306" version="any"/>
                            <pointsInSequence>
<StopPointInJourneyPattern order="1" version="any" id="SE:020:StopPointInJourneyPattern:205339415000024729_205330000113771311">
    <ScheduledStopPointRef ref="SE:020:ScheduledStopPoint:9022020562145002"/>
    <ForAlighting>false</ForAlighting>
    <ForBoarding>true</ForBoarding>
    <DestinationDisplayRef ref="SE:020:DestinationDisplay:205330000113771334"/>
    <RequestStop>true</RequestStop>
</StopPointInJourneyPattern>
<StopPointInJourneyPattern order="2" version="any" id="SE:020:StopPointInJourneyPattern:205339415000024729_205330000113771312">
    <ScheduledStopPointRef ref="SE:020:ScheduledStopPoint:9022020562269002"/>
    <ForAlighting>true</ForAlighting>
    <ForBoarding>true</ForBoarding>
    <RequestStop>true</RequestStop>
</StopPointInJourneyPattern>
<StopPointInJourneyPattern order="3" version="any" id="SE:020:StopPointInJourneyPattern:205339415000024729_205330000113771313">
    <ScheduledStopPointRef ref="SE:020:ScheduledStopPoint:9022020562147001"/>
    <ForAlighting>true</ForAlighting>
    <ForBoarding>true</ForBoarding>
    <RequestStop>true</RequestStop>
</StopPointInJourneyPattern>
<StopPointInJourneyPattern order="4" version="any" id="SE:020:StopPointInJourneyPattern:205339415000024729_205330000113771314">
    <ScheduledStopPointRef ref="SE:020:ScheduledStopPoint:9022020562152044"/>
    <ForAlighting>true</ForAlighting>
    <ForBoarding>true</ForBoarding>
    <RequestStop>true</RequestStop>
</StopPointInJourneyPattern>
<StopPointInJourneyPattern order="5" version="any" id="SE:020:StopPointInJourneyPattern:205339415000024729_205330000113771315">
    <ScheduledStopPointRef ref="SE:020:ScheduledStopPoint:9022020562216001"/>
    <ForAlighting>true</ForAlighting>
    <ForBoarding>true</ForBoarding>
    <RequestStop>true</RequestStop>
</StopPointInJourneyPattern>
<StopPointInJourneyPattern order="6" version="any" id="SE:020:StopPointInJourneyPattern:205339415000024729_205330000113771316">
    <ScheduledStopPointRef ref="SE:020:ScheduledStopPoint:9022020562215001"/>
    <ForAlighting>true</ForAlighting>
    <ForBoarding>true</ForBoarding>
    <DestinationDisplayRef ref="SE:020:DestinationDisplay:205330000113771338"/>
    <RequestStop>true</RequestStop>
</StopPointInJourneyPattern>
<StopPointInJourneyPattern order="7" version="any" id="SE:020:StopPointInJourneyPattern:205339415000024729_205330000113771317">
    <ScheduledStopPointRef ref="SE:020:ScheduledStopPoint:9022020562019001"/>
    <ForAlighting>true</ForAlighting>
    <ForBoarding>true</ForBoarding>
    <RequestStop>true</RequestStop>
</StopPointInJourneyPattern>
<StopPointInJourneyPattern order="8" version="any" id="SE:020:StopPointInJourneyPattern:205339415000024729_205330000113771318">
    <ScheduledStopPointRef ref="SE:020:ScheduledStopPoint:9022020562018002"/>
    <ForAlighting>true</ForAlighting>
    <ForBoarding>true</ForBoarding>
    <RequestStop>true</RequestStop>
</StopPointInJourneyPattern>
<StopPointInJourneyPattern order="9" version="any" id="SE:020:StopPointInJourneyPattern:205339415000024729_205330000113771319">
    <ScheduledStopPointRef ref="SE:020:ScheduledStopPoint:9022020562198002"/>
    <ForAlighting>true</ForAlighting>
    <ForBoarding>true</ForBoarding>
    <RequestStop>true</RequestStop>
</StopPointInJourneyPattern>
<StopPointInJourneyPattern order="10" version="any" id="SE:020:StopPointInJourneyPattern:205339415000024729_205330000113771320">
    <ScheduledStopPointRef ref="SE:020:ScheduledStopPoint:9022020562197002"/>
    <ForAlighting>true</ForAlighting>
    <ForBoarding>true</ForBoarding>
    <RequestStop>true</RequestStop>
</StopPointInJourneyPattern>
<StopPointInJourneyPattern order="11" version="any" id="SE:020:StopPointInJourneyPattern:205339415000024729_205330000113771321">
    <ScheduledStopPointRef ref="SE:020:ScheduledStopPoint:9022020562196002"/>
    <ForAlighting>true</ForAlighting>
    <ForBoarding>true</ForBoarding>
    <RequestStop>true</RequestStop>
</StopPointInJourneyPattern>
<StopPointInJourneyPattern order="12" version="any" id="SE:020:StopPointInJourneyPattern:205339415000024729_205330000113771322">
    <ScheduledStopPointRef ref="SE:020:ScheduledStopPoint:9022020562195002"/>
    <ForAlighting>true</ForAlighting>
    <ForBoarding>true</ForBoarding>
    <RequestStop>true</RequestStop>
</StopPointInJourneyPattern>
<StopPointInJourneyPattern order="13" version="any" id="SE:020:StopPointInJourneyPattern:205339415000024729_205330000113771323">
    <ScheduledStopPointRef ref="SE:020:ScheduledStopPoint:9022020562214002"/>
    <ForAlighting>true</ForAlighting>
    <ForBoarding>true</ForBoarding>
    <RequestStop>true</RequestStop>
</StopPointInJourneyPattern>
<StopPointInJourneyPattern order="14" version="any" id="SE:020:StopPointInJourneyPattern:205339415000024729_205330000113771324">
    <ScheduledStopPointRef ref="SE:020:ScheduledStopPoint:9022020562215002"/>
    <ForAlighting>true</ForAlighting>
    <ForBoarding>true</ForBoarding>
    <RequestStop>true</RequestStop>
</StopPointInJourneyPattern>
<StopPointInJourneyPattern order="15" version="any" id="SE:020:StopPointInJourneyPattern:205339415000024729_205330000113771325">
    <ScheduledStopPointRef ref="SE:020:ScheduledStopPoint:9022020562216002"/>
    <ForAlighting>true</ForAlighting>
    <ForBoarding>true</ForBoarding>
    <RequestStop>true</RequestStop>
</StopPointInJourneyPattern>
<StopPointInJourneyPattern order="16" version="any" id="SE:020:StopPointInJourneyPattern:205339415000024729_205330000113771326">
    <ScheduledStopPointRef ref="SE:020:ScheduledStopPoint:9022020562152041"/>
    <ForAlighting>true</ForAlighting>
    <ForBoarding>false</ForBoarding>
    <RequestStop>true</RequestStop>
</StopPointInJourneyPattern>
                            </pointsInSequence>
                            <linksInSequence>
<ServiceLinkInJourneyPattern order="1" version="any" id="SE:020:ServiceLinkInJourneyPattern:BUS_1883">
    <ServiceLinkRef ref="SE:020:ServiceLink:BUS_9025020056214502_9025020056226902"/>
</ServiceLinkInJourneyPattern>
<ServiceLinkInJourneyPattern order="2" version="any" id="SE:020:ServiceLinkInJourneyPattern:BUS_1884">
    <ServiceLinkRef ref="SE:020:ServiceLink:BUS_9025020056226902_9025020056214701"/>
</ServiceLinkInJourneyPattern>
<ServiceLinkInJourneyPattern order="3" version="any" id="SE:020:ServiceLinkInJourneyPattern:BUS_1885">
    <ServiceLinkRef ref="SE:020:ServiceLink:BUS_9025020056214701_9025020056215244"/>
</ServiceLinkInJourneyPattern>
<ServiceLinkInJourneyPattern order="4" version="any" id="SE:020:ServiceLinkInJourneyPattern:BUS_1886">
    <ServiceLinkRef ref="SE:020:ServiceLink:BUS_9025020056215244_9025020056221601"/>
</ServiceLinkInJourneyPattern>
<ServiceLinkInJourneyPattern order="5" version="any" id="SE:020:ServiceLinkInJourneyPattern:BUS_1887">
    <ServiceLinkRef ref="SE:020:ServiceLink:BUS_9025020056221601_9025020056221501"/>
</ServiceLinkInJourneyPattern>
<ServiceLinkInJourneyPattern order="6" version="any" id="SE:020:ServiceLinkInJourneyPattern:BUS_1888">
    <ServiceLinkRef ref="SE:020:ServiceLink:BUS_9025020056221501_9025020056201901"/>
</ServiceLinkInJourneyPattern>
<ServiceLinkInJourneyPattern order="7" version="any" id="SE:020:ServiceLinkInJourneyPattern:BUS_1889">
    <ServiceLinkRef ref="SE:020:ServiceLink:BUS_9025020056201901_9025020056201802"/>
</ServiceLinkInJourneyPattern>
<ServiceLinkInJourneyPattern order="8" version="any" id="SE:020:ServiceLinkInJourneyPattern:BUS_1890">
    <ServiceLinkRef ref="SE:020:ServiceLink:BUS_9025020056201802_9025020056219802"/>
</ServiceLinkInJourneyPattern>
<ServiceLinkInJourneyPattern order="9" version="any" id="SE:020:ServiceLinkInJourneyPattern:BUS_1891">
    <ServiceLinkRef ref="SE:020:ServiceLink:BUS_9025020056219802_9025020056219702"/>
</ServiceLinkInJourneyPattern>
<ServiceLinkInJourneyPattern order="10" version="any" id="SE:020:ServiceLinkInJourneyPattern:BUS_1892">
    <ServiceLinkRef ref="SE:020:ServiceLink:BUS_9025020056219702_9025020056219602"/>
</ServiceLinkInJourneyPattern>
<ServiceLinkInJourneyPattern order="11" version="any" id="SE:020:ServiceLinkInJourneyPattern:BUS_1893">
    <ServiceLinkRef ref="SE:020:ServiceLink:BUS_9025020056219602_9025020056219502"/>
</ServiceLinkInJourneyPattern>
<ServiceLinkInJourneyPattern order="12" version="any" id="SE:020:ServiceLinkInJourneyPattern:BUS_1894">
    <ServiceLinkRef ref="SE:020:ServiceLink:BUS_9025020056219502_9025020056221402"/>
</ServiceLinkInJourneyPattern>
<ServiceLinkInJourneyPattern order="13" version="any" id="SE:020:ServiceLinkInJourneyPattern:BUS_1895">
    <ServiceLinkRef ref="SE:020:ServiceLink:BUS_9025020056221402_9025020056221502"/>
</ServiceLinkInJourneyPattern>
<ServiceLinkInJourneyPattern order="14" version="any" id="SE:020:ServiceLinkInJourneyPattern:BUS_1896">
    <ServiceLinkRef ref="SE:020:ServiceLink:BUS_9025020056221502_9025020056221602"/>
</ServiceLinkInJourneyPattern>
<ServiceLinkInJourneyPattern order="15" version="any" id="SE:020:ServiceLinkInJourneyPattern:BUS_1897">
    <ServiceLinkRef ref="SE:020:ServiceLink:BUS_9025020056221602_9025020056215241"/>
</ServiceLinkInJourneyPattern>
                            </linksInSequence>
                        </JourneyPattern>
                    </journeyPatterns>
                </ServiceFrame>
                <TimetableFrame version="20241009025723" id="SE:020:TimetableFrame:9011020005500000">
                    <vehicleJourneys>
                        <ServiceJourney version="any" id="SE:020:ServiceJourney:205330000115999282">
                            <TransportMode>bus</TransportMode>
                            <TransportSubmode>
<BusSubmode>unknown</BusSubmode>
                            </TransportSubmode>
                            <dayTypes>
<DayTypeRef ref="SE:020:DayType:hbn3mnf3di33g97sfqgfkvfvbag9g6ds"/>
                            </dayTypes>
                            <JourneyPatternRef ref="SE:020:JourneyPattern:205339415000024727" version="any"/>
                            <OperatorRef ref="SE:020:Operator:9013020140700000"/>
                            <passingTimes>
<TimetabledPassingTime version="any" id="SE:020:TimetabledPassingTime:205330000115999265">
    <StopPointInJourneyPatternRef ref="SE:020:StopPointInJourneyPattern:205339415000024727_205330000113771240" version="any"/>
    <DepartureTime>08:15:00</DepartureTime>
</TimetabledPassingTime>
<TimetabledPassingTime version="any" id="SE:020:TimetabledPassingTime:205330000115999266">
    <StopPointInJourneyPatternRef ref="SE:020:StopPointInJourneyPattern:205339415000024727_205330000113771241" version="any"/>
    <ArrivalTime>08:17:13</ArrivalTime>
    <DepartureTime>08:17:13</DepartureTime>
</TimetabledPassingTime>
<TimetabledPassingTime version="any" id="SE:020:TimetabledPassingTime:205330000115999267">
    <StopPointInJourneyPatternRef ref="SE:020:StopPointInJourneyPattern:205339415000024727_205330000113771242" version="any"/>
    <ArrivalTime>08:18:19</ArrivalTime>
    <DepartureTime>08:18:19</DepartureTime>
</TimetabledPassingTime>
<TimetabledPassingTime version="any" id="SE:020:TimetabledPassingTime:205330000115999268">
    <StopPointInJourneyPatternRef ref="SE:020:StopPointInJourneyPattern:205339415000024727_205330000113771243" version="any"/>
    <ArrivalTime>08:21:00</ArrivalTime>
    <DepartureTime>08:21:00</DepartureTime>
</TimetabledPassingTime>
<TimetabledPassingTime version="any" id="SE:020:TimetabledPassingTime:205330000115999269">
    <StopPointInJourneyPatternRef ref="SE:020:StopPointInJourneyPattern:205339415000024727_205330000113771244" version="any"/>
    <ArrivalTime>08:22:01</ArrivalTime>
    <DepartureTime>08:22:01</DepartureTime>
</TimetabledPassingTime>
<TimetabledPassingTime version="any" id="SE:020:TimetabledPassingTime:205330000115999270">
    <StopPointInJourneyPatternRef ref="SE:020:StopPointInJourneyPattern:205339415000024727_205330000113771245" version="any"/>
    <ArrivalTime>08:25:00</ArrivalTime>
    <DepartureTime>08:25:00</DepartureTime>
</TimetabledPassingTime>
<TimetabledPassingTime version="any" id="SE:020:TimetabledPassingTime:205330000115999271">
    <StopPointInJourneyPatternRef ref="SE:020:StopPointInJourneyPattern:205339415000024727_205330000113771246" version="any"/>
    <ArrivalTime>08:26:17</ArrivalTime>
    <DepartureTime>08:26:17</DepartureTime>
</TimetabledPassingTime>
<TimetabledPassingTime version="any" id="SE:020:TimetabledPassingTime:205330000115999272">
    <StopPointInJourneyPatternRef ref="SE:020:StopPointInJourneyPattern:205339415000024727_205330000113771247" version="any"/>
    <ArrivalTime>08:27:02</ArrivalTime>
    <DepartureTime>08:27:02</DepartureTime>
</TimetabledPassingTime>
<TimetabledPassingTime version="any" id="SE:020:TimetabledPassingTime:205330000115999273">
    <StopPointInJourneyPatternRef ref="SE:020:StopPointInJourneyPattern:205339415000024727_205330000113771248" version="any"/>
    <ArrivalTime>08:27:51</ArrivalTime>
    <DepartureTime>08:27:51</DepartureTime>
</TimetabledPassingTime>
<TimetabledPassingTime version="any" id="SE:020:TimetabledPassingTime:205330000115999274">
    <StopPointInJourneyPatternRef ref="SE:020:StopPointInJourneyPattern:205339415000024727_205330000113771249" version="any"/>
    <ArrivalTime>08:28:52</ArrivalTime>
    <DepartureTime>08:28:52</DepartureTime>
</TimetabledPassingTime>
<TimetabledPassingTime version="any" id="SE:020:TimetabledPassingTime:205330000115999275">
    <StopPointInJourneyPatternRef ref="SE:020:StopPointInJourneyPattern:205339415000024727_205330000113771250" version="any"/>
    <ArrivalTime>08:29:18</ArrivalTime>
    <DepartureTime>08:29:18</DepartureTime>
</TimetabledPassingTime>
<TimetabledPassingTime version="any" id="SE:020:TimetabledPassingTime:205330000115999276">
    <StopPointInJourneyPatternRef ref="SE:020:StopPointInJourneyPattern:205339415000024727_205330000113771251" version="any"/>
    <ArrivalTime>08:31:08</ArrivalTime>
    <DepartureTime>08:31:08</DepartureTime>
</TimetabledPassingTime>
<TimetabledPassingTime version="any" id="SE:020:TimetabledPassingTime:205330000115999277">
    <StopPointInJourneyPatternRef ref="SE:020:StopPointInJourneyPattern:205339415000024727_205330000113771252" version="any"/>
    <ArrivalTime>08:35:00</ArrivalTime>
    <DepartureTime>08:35:00</DepartureTime>
</TimetabledPassingTime>
<TimetabledPassingTime version="any" id="SE:020:TimetabledPassingTime:205330000115999278">
    <StopPointInJourneyPatternRef ref="SE:020:StopPointInJourneyPattern:205339415000024727_205330000113771253" version="any"/>
    <ArrivalTime>08:38:44</ArrivalTime>
    <DepartureTime>08:38:44</DepartureTime>
</TimetabledPassingTime>
<TimetabledPassingTime version="any" id="SE:020:TimetabledPassingTime:205330000115999279">
    <StopPointInJourneyPatternRef ref="SE:020:StopPointInJourneyPattern:205339415000024727_205330000113771254" version="any"/>
    <ArrivalTime>08:40:00</ArrivalTime>
</TimetabledPassingTime>
                            </passingTimes>
                        </ServiceJourney>
                        <ServiceJourney version="any" id="SE:020:ServiceJourney:205330000115999496">
                            <TransportMode>bus</TransportMode>
                            <TransportSubmode>
<BusSubmode>unknown</BusSubmode>
                            </TransportSubmode>
                            <dayTypes>
<DayTypeRef ref="SE:020:DayType:hbn3mnf3di33g97sfqgfkvfvbag9g6ds"/>
                            </dayTypes>
                            <JourneyPatternRef ref="SE:020:JourneyPattern:205339415000024728" version="any"/>
                            <OperatorRef ref="SE:020:Operator:9013020140700000"/>
                            <passingTimes>
<TimetabledPassingTime version="any" id="SE:020:TimetabledPassingTime:205330000115999478">
    <StopPointInJourneyPatternRef ref="SE:020:StopPointInJourneyPattern:205339415000024728_205330000113771275" version="any"/>
    <DepartureTime>15:10:00</DepartureTime>
</TimetabledPassingTime>
<TimetabledPassingTime version="any" id="SE:020:TimetabledPassingTime:205330000115999479">
    <StopPointInJourneyPatternRef ref="SE:020:StopPointInJourneyPattern:205339415000024728_205330000113771276" version="any"/>
    <ArrivalTime>15:11:18</ArrivalTime>
    <DepartureTime>15:11:18</DepartureTime>
</TimetabledPassingTime>
<TimetabledPassingTime version="any" id="SE:020:TimetabledPassingTime:205330000115999480">
    <StopPointInJourneyPatternRef ref="SE:020:StopPointInJourneyPattern:205339415000024728_205330000113771277" version="any"/>
    <ArrivalTime>15:12:09</ArrivalTime>
    <DepartureTime>15:12:09</DepartureTime>
</TimetabledPassingTime>
<TimetabledPassingTime version="any" id="SE:020:TimetabledPassingTime:205330000115999481">
    <StopPointInJourneyPatternRef ref="SE:020:StopPointInJourneyPattern:205339415000024728_205330000113771278" version="any"/>
    <ArrivalTime>15:15:00</ArrivalTime>
    <DepartureTime>15:15:00</DepartureTime>
</TimetabledPassingTime>
<TimetabledPassingTime version="any" id="SE:020:TimetabledPassingTime:205330000115999482">
    <StopPointInJourneyPatternRef ref="SE:020:StopPointInJourneyPattern:205339415000024728_205330000113771279" version="any"/>
    <ArrivalTime>15:17:13</ArrivalTime>
    <DepartureTime>15:17:13</DepartureTime>
</TimetabledPassingTime>
<TimetabledPassingTime version="any" id="SE:020:TimetabledPassingTime:205330000115999483">
    <StopPointInJourneyPatternRef ref="SE:020:StopPointInJourneyPattern:205339415000024728_205330000113771280" version="any"/>
    <ArrivalTime>15:18:19</ArrivalTime>
    <DepartureTime>15:18:19</DepartureTime>
</TimetabledPassingTime>
<TimetabledPassingTime version="any" id="SE:020:TimetabledPassingTime:205330000115999484">
    <StopPointInJourneyPatternRef ref="SE:020:StopPointInJourneyPattern:205339415000024728_205330000113771281" version="any"/>
    <ArrivalTime>15:21:00</ArrivalTime>
    <DepartureTime>15:21:00</DepartureTime>
</TimetabledPassingTime>
<TimetabledPassingTime version="any" id="SE:020:TimetabledPassingTime:205330000115999485">
    <StopPointInJourneyPatternRef ref="SE:020:StopPointInJourneyPattern:205339415000024728_205330000113771282" version="any"/>
    <ArrivalTime>15:22:01</ArrivalTime>
    <DepartureTime>15:22:01</DepartureTime>
</TimetabledPassingTime>
<TimetabledPassingTime version="any" id="SE:020:TimetabledPassingTime:205330000115999486">
    <StopPointInJourneyPatternRef ref="SE:020:StopPointInJourneyPattern:205339415000024728_205330000113771283" version="any"/>
    <ArrivalTime>15:25:00</ArrivalTime>
    <DepartureTime>15:25:00</DepartureTime>
</TimetabledPassingTime>
<TimetabledPassingTime version="any" id="SE:020:TimetabledPassingTime:205330000115999487">
    <StopPointInJourneyPatternRef ref="SE:020:StopPointInJourneyPattern:205339415000024728_205330000113771284" version="any"/>
    <ArrivalTime>15:26:16</ArrivalTime>
    <DepartureTime>15:26:16</DepartureTime>
</TimetabledPassingTime>
<TimetabledPassingTime version="any" id="SE:020:TimetabledPassingTime:205330000115999488">
    <StopPointInJourneyPatternRef ref="SE:020:StopPointInJourneyPattern:205339415000024728_205330000113771285" version="any"/>
    <ArrivalTime>15:27:00</ArrivalTime>
    <DepartureTime>15:27:00</DepartureTime>
</TimetabledPassingTime>
<TimetabledPassingTime version="any" id="SE:020:TimetabledPassingTime:205330000115999489">
    <StopPointInJourneyPatternRef ref="SE:020:StopPointInJourneyPattern:205339415000024728_205330000113771286" version="any"/>
    <ArrivalTime>15:27:49</ArrivalTime>
    <DepartureTime>15:27:49</DepartureTime>
</TimetabledPassingTime>
<TimetabledPassingTime version="any" id="SE:020:TimetabledPassingTime:205330000115999490">
    <StopPointInJourneyPatternRef ref="SE:020:StopPointInJourneyPattern:205339415000024728_205330000113771287" version="any"/>
    <ArrivalTime>15:28:49</ArrivalTime>
    <DepartureTime>15:28:49</DepartureTime>
</TimetabledPassingTime>
<TimetabledPassingTime version="any" id="SE:020:TimetabledPassingTime:205330000115999491">
    <StopPointInJourneyPatternRef ref="SE:020:StopPointInJourneyPattern:205339415000024728_205330000113771288" version="any"/>
    <ArrivalTime>15:29:15</ArrivalTime>
    <DepartureTime>15:29:15</DepartureTime>
</TimetabledPassingTime>
<TimetabledPassingTime version="any" id="SE:020:TimetabledPassingTime:205330000115999492">
    <StopPointInJourneyPatternRef ref="SE:020:StopPointInJourneyPattern:205339415000024728_205330000113771289" version="any"/>
    <ArrivalTime>15:31:04</ArrivalTime>
    <DepartureTime>15:31:04</DepartureTime>
</TimetabledPassingTime>
<TimetabledPassingTime version="any" id="SE:020:TimetabledPassingTime:205330000115999493">
    <StopPointInJourneyPatternRef ref="SE:020:StopPointInJourneyPattern:205339415000024728_205330000113771290" version="any"/>
    <ArrivalTime>15:35:00</ArrivalTime>
</TimetabledPassingTime>
                            </passingTimes>
                        </ServiceJourney>
                        <ServiceJourney version="any" id="SE:020:ServiceJourney:205330000115999389">
                            <TransportMode>bus</TransportMode>
                            <TransportSubmode>
<BusSubmode>unknown</BusSubmode>
                            </TransportSubmode>
                            <dayTypes>
<DayTypeRef ref="SE:020:DayType:hbn3mnf3di33g97sfqgfkvfvbag9g6ds"/>
                            </dayTypes>
                            <JourneyPatternRef ref="SE:020:JourneyPattern:205339415000024728" version="any"/>
                            <OperatorRef ref="SE:020:Operator:9013020140700000"/>
                            <passingTimes>
<TimetabledPassingTime version="any" id="SE:020:TimetabledPassingTime:205330000115999371">
    <StopPointInJourneyPatternRef ref="SE:020:StopPointInJourneyPattern:205339415000024728_205330000113771275" version="any"/>
    <DepartureTime>13:50:00</DepartureTime>
</TimetabledPassingTime>
<TimetabledPassingTime version="any" id="SE:020:TimetabledPassingTime:205330000115999372">
    <StopPointInJourneyPatternRef ref="SE:020:StopPointInJourneyPattern:205339415000024728_205330000113771276" version="any"/>
    <ArrivalTime>13:51:18</ArrivalTime>
    <DepartureTime>13:51:18</DepartureTime>
</TimetabledPassingTime>
<TimetabledPassingTime version="any" id="SE:020:TimetabledPassingTime:205330000115999373">
    <StopPointInJourneyPatternRef ref="SE:020:StopPointInJourneyPattern:205339415000024728_205330000113771277" version="any"/>
    <ArrivalTime>13:52:09</ArrivalTime>
    <DepartureTime>13:52:09</DepartureTime>
</TimetabledPassingTime>
<TimetabledPassingTime version="any" id="SE:020:TimetabledPassingTime:205330000115999374">
    <StopPointInJourneyPatternRef ref="SE:020:StopPointInJourneyPattern:205339415000024728_205330000113771278" version="any"/>
    <ArrivalTime>13:55:00</ArrivalTime>
    <DepartureTime>13:55:00</DepartureTime>
</TimetabledPassingTime>
<TimetabledPassingTime version="any" id="SE:020:TimetabledPassingTime:205330000115999375">
    <StopPointInJourneyPatternRef ref="SE:020:StopPointInJourneyPattern:205339415000024728_205330000113771279" version="any"/>
    <ArrivalTime>13:57:13</ArrivalTime>
    <DepartureTime>13:57:13</DepartureTime>
</TimetabledPassingTime>
<TimetabledPassingTime version="any" id="SE:020:TimetabledPassingTime:205330000115999376">
    <StopPointInJourneyPatternRef ref="SE:020:StopPointInJourneyPattern:205339415000024728_205330000113771280" version="any"/>
    <ArrivalTime>13:58:19</ArrivalTime>
    <DepartureTime>13:58:19</DepartureTime>
</TimetabledPassingTime>
<TimetabledPassingTime version="any" id="SE:020:TimetabledPassingTime:205330000115999377">
    <StopPointInJourneyPatternRef ref="SE:020:StopPointInJourneyPattern:205339415000024728_205330000113771281" version="any"/>
    <ArrivalTime>14:01:00</ArrivalTime>
    <DepartureTime>14:01:00</DepartureTime>
</TimetabledPassingTime>
<TimetabledPassingTime version="any" id="SE:020:TimetabledPassingTime:205330000115999378">
    <StopPointInJourneyPatternRef ref="SE:020:StopPointInJourneyPattern:205339415000024728_205330000113771282" version="any"/>
    <ArrivalTime>14:02:01</ArrivalTime>
    <DepartureTime>14:02:01</DepartureTime>
</TimetabledPassingTime>
<TimetabledPassingTime version="any" id="SE:020:TimetabledPassingTime:205330000115999379">
    <StopPointInJourneyPatternRef ref="SE:020:StopPointInJourneyPattern:205339415000024728_205330000113771283" version="any"/>
    <ArrivalTime>14:05:00</ArrivalTime>
    <DepartureTime>14:05:00</DepartureTime>
</TimetabledPassingTime>
<TimetabledPassingTime version="any" id="SE:020:TimetabledPassingTime:205330000115999380">
    <StopPointInJourneyPatternRef ref="SE:020:StopPointInJourneyPattern:205339415000024728_205330000113771284" version="any"/>
    <ArrivalTime>14:06:16</ArrivalTime>
    <DepartureTime>14:06:16</DepartureTime>
</TimetabledPassingTime>
<TimetabledPassingTime version="any" id="SE:020:TimetabledPassingTime:205330000115999381">
    <StopPointInJourneyPatternRef ref="SE:020:StopPointInJourneyPattern:205339415000024728_205330000113771285" version="any"/>
    <ArrivalTime>14:07:00</ArrivalTime>
    <DepartureTime>14:07:00</DepartureTime>
</TimetabledPassingTime>
<TimetabledPassingTime version="any" id="SE:020:TimetabledPassingTime:205330000115999382">
    <StopPointInJourneyPatternRef ref="SE:020:StopPointInJourneyPattern:205339415000024728_205330000113771286" version="any"/>
    <ArrivalTime>14:07:49</ArrivalTime>
    <DepartureTime>14:07:49</DepartureTime>
</TimetabledPassingTime>
<TimetabledPassingTime version="any" id="SE:020:TimetabledPassingTime:205330000115999383">
    <StopPointInJourneyPatternRef ref="SE:020:StopPointInJourneyPattern:205339415000024728_205330000113771287" version="any"/>
    <ArrivalTime>14:08:49</ArrivalTime>
    <DepartureTime>14:08:49</DepartureTime>
</TimetabledPassingTime>
<TimetabledPassingTime version="any" id="SE:020:TimetabledPassingTime:205330000115999384">
    <StopPointInJourneyPatternRef ref="SE:020:StopPointInJourneyPattern:205339415000024728_205330000113771288" version="any"/>
    <ArrivalTime>14:09:15</ArrivalTime>
    <DepartureTime>14:09:15</DepartureTime>
</TimetabledPassingTime>
<TimetabledPassingTime version="any" id="SE:020:TimetabledPassingTime:205330000115999385">
    <StopPointInJourneyPatternRef ref="SE:020:StopPointInJourneyPattern:205339415000024728_205330000113771289" version="any"/>
    <ArrivalTime>14:11:04</ArrivalTime>
    <DepartureTime>14:11:04</DepartureTime>
</TimetabledPassingTime>
<TimetabledPassingTime version="any" id="SE:020:TimetabledPassingTime:205330000115999386">
    <StopPointInJourneyPatternRef ref="SE:020:StopPointInJourneyPattern:205339415000024728_205330000113771290" version="any"/>
    <ArrivalTime>14:15:00</ArrivalTime>
</TimetabledPassingTime>
                            </passingTimes>
                        </ServiceJourney>
                        <ServiceJourney version="any" id="SE:020:ServiceJourney:205330000115999605">
                            <TransportMode>bus</TransportMode>
                            <TransportSubmode>
<BusSubmode>unknown</BusSubmode>
                            </TransportSubmode>
                            <dayTypes>
<DayTypeRef ref="SE:020:DayType:hbn3mnf3di33g97sfqgfkvfvbag9g6ds"/>
                            </dayTypes>
                            <JourneyPatternRef ref="SE:020:JourneyPattern:205339415000024729" version="any"/>
                            <OperatorRef ref="SE:020:Operator:9013020140700000"/>
                            <passingTimes>
<TimetabledPassingTime version="any" id="SE:020:TimetabledPassingTime:205330000115999587">
    <StopPointInJourneyPatternRef ref="SE:020:StopPointInJourneyPattern:205339415000024729_205330000113771311" version="any"/>
    <DepartureTime>16:10:00</DepartureTime>
</TimetabledPassingTime>
<TimetabledPassingTime version="any" id="SE:020:TimetabledPassingTime:205330000115999588">
    <StopPointInJourneyPatternRef ref="SE:020:StopPointInJourneyPattern:205339415000024729_205330000113771312" version="any"/>
    <ArrivalTime>16:11:18</ArrivalTime>
    <DepartureTime>16:11:18</DepartureTime>
</TimetabledPassingTime>
<TimetabledPassingTime version="any" id="SE:020:TimetabledPassingTime:205330000115999589">
    <StopPointInJourneyPatternRef ref="SE:020:StopPointInJourneyPattern:205339415000024729_205330000113771313" version="any"/>
    <ArrivalTime>16:12:10</ArrivalTime>
    <DepartureTime>16:12:10</DepartureTime>
</TimetabledPassingTime>
<TimetabledPassingTime version="any" id="SE:020:TimetabledPassingTime:205330000115999590">
    <StopPointInJourneyPatternRef ref="SE:020:StopPointInJourneyPattern:205339415000024729_205330000113771314" version="any"/>
    <ArrivalTime>16:15:00</ArrivalTime>
    <DepartureTime>16:15:00</DepartureTime>
</TimetabledPassingTime>
<TimetabledPassingTime version="any" id="SE:020:TimetabledPassingTime:205330000115999591">
    <StopPointInJourneyPatternRef ref="SE:020:StopPointInJourneyPattern:205339415000024729_205330000113771315" version="any"/>
    <ArrivalTime>16:17:29</ArrivalTime>
    <DepartureTime>16:17:29</DepartureTime>
</TimetabledPassingTime>
<TimetabledPassingTime version="any" id="SE:020:TimetabledPassingTime:205330000115999592">
    <StopPointInJourneyPatternRef ref="SE:020:StopPointInJourneyPattern:205339415000024729_205330000113771316" version="any"/>
    <ArrivalTime>16:18:29</ArrivalTime>
    <DepartureTime>16:18:29</DepartureTime>
</TimetabledPassingTime>
<TimetabledPassingTime version="any" id="SE:020:TimetabledPassingTime:205330000115999593">
    <StopPointInJourneyPatternRef ref="SE:020:StopPointInJourneyPattern:205339415000024729_205330000113771317" version="any"/>
    <ArrivalTime>16:21:00</ArrivalTime>
    <DepartureTime>16:21:00</DepartureTime>
</TimetabledPassingTime>
<TimetabledPassingTime version="any" id="SE:020:TimetabledPassingTime:205330000115999594">
    <StopPointInJourneyPatternRef ref="SE:020:StopPointInJourneyPattern:205339415000024729_205330000113771318" version="any"/>
    <ArrivalTime>16:22:01</ArrivalTime>
    <DepartureTime>16:22:01</DepartureTime>
</TimetabledPassingTime>
<TimetabledPassingTime version="any" id="SE:020:TimetabledPassingTime:205330000115999595">
    <StopPointInJourneyPatternRef ref="SE:020:StopPointInJourneyPattern:205339415000024729_205330000113771319" version="any"/>
    <ArrivalTime>16:25:00</ArrivalTime>
    <DepartureTime>16:25:00</DepartureTime>
</TimetabledPassingTime>
<TimetabledPassingTime version="any" id="SE:020:TimetabledPassingTime:205330000115999596">
    <StopPointInJourneyPatternRef ref="SE:020:StopPointInJourneyPattern:205339415000024729_205330000113771320" version="any"/>
    <ArrivalTime>16:26:16</ArrivalTime>
    <DepartureTime>16:26:16</DepartureTime>
</TimetabledPassingTime>
<TimetabledPassingTime version="any" id="SE:020:TimetabledPassingTime:205330000115999597">
    <StopPointInJourneyPatternRef ref="SE:020:StopPointInJourneyPattern:205339415000024729_205330000113771321" version="any"/>
    <ArrivalTime>16:27:00</ArrivalTime>
    <DepartureTime>16:27:00</DepartureTime>
</TimetabledPassingTime>
<TimetabledPassingTime version="any" id="SE:020:TimetabledPassingTime:205330000115999598">
    <StopPointInJourneyPatternRef ref="SE:020:StopPointInJourneyPattern:205339415000024729_205330000113771322" version="any"/>
    <ArrivalTime>16:27:49</ArrivalTime>
    <DepartureTime>16:27:49</DepartureTime>
</TimetabledPassingTime>
<TimetabledPassingTime version="any" id="SE:020:TimetabledPassingTime:205330000115999599">
    <StopPointInJourneyPatternRef ref="SE:020:StopPointInJourneyPattern:205339415000024729_205330000113771323" version="any"/>
    <ArrivalTime>16:28:49</ArrivalTime>
    <DepartureTime>16:28:49</DepartureTime>
</TimetabledPassingTime>
<TimetabledPassingTime version="any" id="SE:020:TimetabledPassingTime:205330000115999600">
    <StopPointInJourneyPatternRef ref="SE:020:StopPointInJourneyPattern:205339415000024729_205330000113771324" version="any"/>
    <ArrivalTime>16:29:15</ArrivalTime>
    <DepartureTime>16:29:15</DepartureTime>
</TimetabledPassingTime>
<TimetabledPassingTime version="any" id="SE:020:TimetabledPassingTime:205330000115999601">
    <StopPointInJourneyPatternRef ref="SE:020:StopPointInJourneyPattern:205339415000024729_205330000113771325" version="any"/>
    <ArrivalTime>16:31:04</ArrivalTime>
    <DepartureTime>16:31:04</DepartureTime>
</TimetabledPassingTime>
<TimetabledPassingTime version="any" id="SE:020:TimetabledPassingTime:205330000115999602">
    <StopPointInJourneyPatternRef ref="SE:020:StopPointInJourneyPattern:205339415000024729_205330000113771326" version="any"/>
    <ArrivalTime>16:35:00</ArrivalTime>
</TimetabledPassingTime>
                            </passingTimes>
                        </ServiceJourney>
                        <ServiceJourney version="any" id="SE:020:ServiceJourney:205330000115999176">
                            <TransportMode>bus</TransportMode>
                            <TransportSubmode>
<BusSubmode>unknown</BusSubmode>
                            </TransportSubmode>
                            <dayTypes>
<DayTypeRef ref="SE:020:DayType:hbn3mnf3di33g97sfqgfkvfvbag9g6ds"/>
                            </dayTypes>
                            <JourneyPatternRef ref="SE:020:JourneyPattern:205339415000024727" version="any"/>
                            <OperatorRef ref="SE:020:Operator:9013020140700000"/>
                            <passingTimes>
<TimetabledPassingTime version="any" id="SE:020:TimetabledPassingTime:205330000115999159">
    <StopPointInJourneyPatternRef ref="SE:020:StopPointInJourneyPattern:205339415000024727_205330000113771240" version="any"/>
    <DepartureTime>07:15:00</DepartureTime>
</TimetabledPassingTime>
<TimetabledPassingTime version="any" id="SE:020:TimetabledPassingTime:205330000115999160">
    <StopPointInJourneyPatternRef ref="SE:020:StopPointInJourneyPattern:205339415000024727_205330000113771241" version="any"/>
    <ArrivalTime>07:17:13</ArrivalTime>
    <DepartureTime>07:17:13</DepartureTime>
</TimetabledPassingTime>
<TimetabledPassingTime version="any" id="SE:020:TimetabledPassingTime:205330000115999161">
    <StopPointInJourneyPatternRef ref="SE:020:StopPointInJourneyPattern:205339415000024727_205330000113771242" version="any"/>
    <ArrivalTime>07:18:19</ArrivalTime>
    <DepartureTime>07:18:19</DepartureTime>
</TimetabledPassingTime>
<TimetabledPassingTime version="any" id="SE:020:TimetabledPassingTime:205330000115999162">
    <StopPointInJourneyPatternRef ref="SE:020:StopPointInJourneyPattern:205339415000024727_205330000113771243" version="any"/>
    <ArrivalTime>07:21:00</ArrivalTime>
    <DepartureTime>07:21:00</DepartureTime>
</TimetabledPassingTime>
<TimetabledPassingTime version="any" id="SE:020:TimetabledPassingTime:205330000115999163">
    <StopPointInJourneyPatternRef ref="SE:020:StopPointInJourneyPattern:205339415000024727_205330000113771244" version="any"/>
    <ArrivalTime>07:22:01</ArrivalTime>
    <DepartureTime>07:22:01</DepartureTime>
</TimetabledPassingTime>
<TimetabledPassingTime version="any" id="SE:020:TimetabledPassingTime:205330000115999164">
    <StopPointInJourneyPatternRef ref="SE:020:StopPointInJourneyPattern:205339415000024727_205330000113771245" version="any"/>
    <ArrivalTime>07:25:00</ArrivalTime>
    <DepartureTime>07:25:00</DepartureTime>
</TimetabledPassingTime>
<TimetabledPassingTime version="any" id="SE:020:TimetabledPassingTime:205330000115999165">
    <StopPointInJourneyPatternRef ref="SE:020:StopPointInJourneyPattern:205339415000024727_205330000113771246" version="any"/>
    <ArrivalTime>07:26:17</ArrivalTime>
    <DepartureTime>07:26:17</DepartureTime>
</TimetabledPassingTime>
<TimetabledPassingTime version="any" id="SE:020:TimetabledPassingTime:205330000115999166">
    <StopPointInJourneyPatternRef ref="SE:020:StopPointInJourneyPattern:205339415000024727_205330000113771247" version="any"/>
    <ArrivalTime>07:27:02</ArrivalTime>
    <DepartureTime>07:27:02</DepartureTime>
</TimetabledPassingTime>
<TimetabledPassingTime version="any" id="SE:020:TimetabledPassingTime:205330000115999167">
    <StopPointInJourneyPatternRef ref="SE:020:StopPointInJourneyPattern:205339415000024727_205330000113771248" version="any"/>
    <ArrivalTime>07:27:51</ArrivalTime>
    <DepartureTime>07:27:51</DepartureTime>
</TimetabledPassingTime>
<TimetabledPassingTime version="any" id="SE:020:TimetabledPassingTime:205330000115999168">
    <StopPointInJourneyPatternRef ref="SE:020:StopPointInJourneyPattern:205339415000024727_205330000113771249" version="any"/>
    <ArrivalTime>07:28:52</ArrivalTime>
    <DepartureTime>07:28:52</DepartureTime>
</TimetabledPassingTime>
<TimetabledPassingTime version="any" id="SE:020:TimetabledPassingTime:205330000115999169">
    <StopPointInJourneyPatternRef ref="SE:020:StopPointInJourneyPattern:205339415000024727_205330000113771250" version="any"/>
    <ArrivalTime>07:29:18</ArrivalTime>
    <DepartureTime>07:29:18</DepartureTime>
</TimetabledPassingTime>
<TimetabledPassingTime version="any" id="SE:020:TimetabledPassingTime:205330000115999170">
    <StopPointInJourneyPatternRef ref="SE:020:StopPointInJourneyPattern:205339415000024727_205330000113771251" version="any"/>
    <ArrivalTime>07:31:08</ArrivalTime>
    <DepartureTime>07:31:08</DepartureTime>
</TimetabledPassingTime>
<TimetabledPassingTime version="any" id="SE:020:TimetabledPassingTime:205330000115999171">
    <StopPointInJourneyPatternRef ref="SE:020:StopPointInJourneyPattern:205339415000024727_205330000113771252" version="any"/>
    <ArrivalTime>07:35:00</ArrivalTime>
    <DepartureTime>07:35:00</DepartureTime>
</TimetabledPassingTime>
<TimetabledPassingTime version="any" id="SE:020:TimetabledPassingTime:205330000115999172">
    <StopPointInJourneyPatternRef ref="SE:020:StopPointInJourneyPattern:205339415000024727_205330000113771253" version="any"/>
    <ArrivalTime>07:38:44</ArrivalTime>
    <DepartureTime>07:38:44</DepartureTime>
</TimetabledPassingTime>
<TimetabledPassingTime version="any" id="SE:020:TimetabledPassingTime:205330000115999173">
    <StopPointInJourneyPatternRef ref="SE:020:StopPointInJourneyPattern:205339415000024727_205330000113771254" version="any"/>
    <ArrivalTime>07:40:00</ArrivalTime>
</TimetabledPassingTime>
                            </passingTimes>
                        </ServiceJourney>
                    </vehicleJourneys>
                </TimetableFrame>
            </frames>
        </CompositeFrame>
    </dataObjects>
</PublicationDelivery>
