<?xml version="1.0" encoding="UTF-8" standalone="yes"?>
<PublicationDelivery xmlns="http://www.netex.org.uk/netex" xmlns:ns2="http://www.opengis.net/gml/3.2" xmlns:ns3="http://www.siri.org.uk/siri" xmlns:ns4="http://www.samtrafiken.se/netex" version="1.11:NO-NeTEx-networktimetable:1.3">
    <PublicationTimestamp>2024-10-09T02:57:23</PublicationTimestamp>
    <ParticipantRef>SAM</ParticipantRef>
    <dataObjects>
        <CompositeFrame created="2024-10-09T02:57:23" version="20241009025723" id="SE:020:CompositeFrame:9011020062400000">
            <ValidBetween>
                <FromDate>1970-01-01T00:00:00</FromDate>
            </ValidBetween>
            <codespaces>
                <Codespace id="SE:020">
                    <Xmlns>SE:020</Xmlns>
                    <XmlnsUrl>http://www.samtrafiken.se/ns/dt</XmlnsUrl>
                </Codespace>
            </codespaces>
            <FrameDefaults>
                <DefaultLocale>
                    <TimeZone>Europe/Stockholm</TimeZone>
                    <DefaultLanguage>se</DefaultLanguage>
                </DefaultLocale>
                <DefaultLocationSystem>4326</DefaultLocationSystem>
            </FrameDefaults>
            <frames>
                <ServiceFrame version="20241009025723" id="SE:020:ServiceFrame:9011020062400000">
                    <routes>
                        <Route version="any" id="SE:020:Route:205330000088914977">
                            <Name>624</Name>
                            <LineRef ref="SE:020:Line:9011020062400000" version="181204"/>
                            <DirectionType>inbound</DirectionType>
                            <pointsInSequence>
<PointOnRoute order="1" version="any" id="SE:020:PointOnRoute:205330000088914982">
    <RoutePointRef ref="SE:020:RoutePoint:9022020580091001"/>
</PointOnRoute>
<PointOnRoute order="2" version="any" id="SE:020:PointOnRoute:205330000088914983">
    <RoutePointRef ref="SE:020:RoutePoint:9022020580018001"/>
</PointOnRoute>
<PointOnRoute order="3" version="any" id="SE:020:PointOnRoute:205330000088914984">
    <RoutePointRef ref="SE:020:RoutePoint:9022020580017001"/>
</PointOnRoute>
<PointOnRoute order="4" version="any" id="SE:020:PointOnRoute:205330000088914985">
    <RoutePointRef ref="SE:020:RoutePoint:9022020580029001"/>
</PointOnRoute>
<PointOnRoute order="5" version="any" id="SE:020:PointOnRoute:205330000088914986">
    <RoutePointRef ref="SE:020:RoutePoint:9022020580028003"/>
</PointOnRoute>
<PointOnRoute order="6" version="any" id="SE:020:PointOnRoute:205330000088914987">
    <RoutePointRef ref="SE:020:RoutePoint:9022020580710001"/>
</PointOnRoute>
<PointOnRoute order="7" version="any" id="SE:020:PointOnRoute:205330000088914988">
    <RoutePointRef ref="SE:020:RoutePoint:9022020580711001"/>
</PointOnRoute>
<PointOnRoute order="8" version="any" id="SE:020:PointOnRoute:205330000088914989">
    <RoutePointRef ref="SE:020:RoutePoint:9022020580806001"/>
</PointOnRoute>
<PointOnRoute order="9" version="any" id="SE:020:PointOnRoute:205330000088914990">
    <RoutePointRef ref="SE:020:RoutePoint:9022020580646001"/>
</PointOnRoute>
<PointOnRoute order="10" version="any" id="SE:020:PointOnRoute:205330000088914991">
    <RoutePointRef ref="SE:020:RoutePoint:9022020580007001"/>
</PointOnRoute>
<PointOnRoute order="11" version="any" id="SE:020:PointOnRoute:205330000088914992">
    <RoutePointRef ref="SE:020:RoutePoint:9022020580805001"/>
</PointOnRoute>
                            </pointsInSequence>
                        </Route>
                        <Route version="any" id="SE:020:Route:205330000088914950">
                            <Name>624</Name>
                            <LineRef ref="SE:020:Line:9011020062400000" version="181204"/>
                            <DirectionType>outbound</DirectionType>
                            <pointsInSequence>
<PointOnRoute order="1" version="any" id="SE:020:PointOnRoute:205330000088914955">
    <RoutePointRef ref="SE:020:RoutePoint:9022020580805001"/>
</PointOnRoute>
<PointOnRoute order="2" version="any" id="SE:020:PointOnRoute:205330000088914956">
    <RoutePointRef ref="SE:020:RoutePoint:9022020580007002"/>
</PointOnRoute>
<PointOnRoute order="3" version="any" id="SE:020:PointOnRoute:205330000088914957">
    <RoutePointRef ref="SE:020:RoutePoint:9022020580646002"/>
</PointOnRoute>
<PointOnRoute order="4" version="any" id="SE:020:PointOnRoute:205330000088914958">
    <RoutePointRef ref="SE:020:RoutePoint:9022020580806001"/>
</PointOnRoute>
<PointOnRoute order="5" version="any" id="SE:020:PointOnRoute:205330000088914959">
    <RoutePointRef ref="SE:020:RoutePoint:9022020580711002"/>
</PointOnRoute>
<PointOnRoute order="6" version="any" id="SE:020:PointOnRoute:205330000088914960">
    <RoutePointRef ref="SE:020:RoutePoint:9022020580710002"/>
</PointOnRoute>
<PointOnRoute order="7" version="any" id="SE:020:PointOnRoute:205330000088914961">
    <RoutePointRef ref="SE:020:RoutePoint:9022020580028004"/>
</PointOnRoute>
<PointOnRoute order="8" version="any" id="SE:020:PointOnRoute:205330000088914962">
    <RoutePointRef ref="SE:020:RoutePoint:9022020580029002"/>
</PointOnRoute>
<PointOnRoute order="9" version="any" id="SE:020:PointOnRoute:205330000088914963">
    <RoutePointRef ref="SE:020:RoutePoint:9022020580017002"/>
</PointOnRoute>
<PointOnRoute order="10" version="any" id="SE:020:PointOnRoute:205330000088914964">
    <RoutePointRef ref="SE:020:RoutePoint:9022020580018002"/>
</PointOnRoute>
<PointOnRoute order="11" version="any" id="SE:020:PointOnRoute:205330000088914965">
    <RoutePointRef ref="SE:020:RoutePoint:9022020580091002"/>
</PointOnRoute>
                            </pointsInSequence>
                        </Route>
                    </routes>
                    <lines>
                        <Line version="181204" id="SE:020:Line:9011020062400000">
                            <ValidBetween>
<FromDate>2018-12-04T00:00:00</FromDate>
                            </ValidBetween>
                            <Name>624</Name>
                            <TransportMode>bus</TransportMode>
                            <TransportSubmode>
<BusSubmode>unknown</BusSubmode>
                            </TransportSubmode>
                            <PublicCode>624</PublicCode>
                            <PrivateCode>624</PrivateCode>
                            <RepresentedByGroupRef ref="SE:020:Network:9010020000000000"/>
                        </Line>
                    </lines>
                    <journeyPatterns>
                        <JourneyPattern version="any" id="SE:020:JourneyPattern:205339415000018962">
                            <RouteRef ref="SE:020:Route:205330000088914977" version="any"/>
                            <pointsInSequence>
<StopPointInJourneyPattern order="1" version="any" id="SE:020:StopPointInJourneyPattern:205339415000018962_205330000088914982">
    <ScheduledStopPointRef ref="SE:020:ScheduledStopPoint:9022020580091001"/>
    <ForAlighting>false</ForAlighting>
    <ForBoarding>true</ForBoarding>
    <DestinationDisplayRef ref="SE:020:DestinationDisplay:205330000088915000"/>
    <RequestStop>true</RequestStop>
</StopPointInJourneyPattern>
<StopPointInJourneyPattern order="2" version="any" id="SE:020:StopPointInJourneyPattern:205339415000018962_205330000088914983">
    <ScheduledStopPointRef ref="SE:020:ScheduledStopPoint:9022020580018001"/>
    <ForAlighting>false</ForAlighting>
    <ForBoarding>true</ForBoarding>
    <RequestStop>true</RequestStop>
</StopPointInJourneyPattern>
<StopPointInJourneyPattern order="3" version="any" id="SE:020:StopPointInJourneyPattern:205339415000018962_205330000088914984">
    <ScheduledStopPointRef ref="SE:020:ScheduledStopPoint:9022020580017001"/>
    <ForAlighting>false</ForAlighting>
    <ForBoarding>true</ForBoarding>
    <RequestStop>true</RequestStop>
</StopPointInJourneyPattern>
<StopPointInJourneyPattern order="4" version="any" id="SE:020:StopPointInJourneyPattern:205339415000018962_205330000088914985">
    <ScheduledStopPointRef ref="SE:020:ScheduledStopPoint:9022020580029001"/>
    <ForAlighting>true</ForAlighting>
    <ForBoarding>true</ForBoarding>
    <RequestStop>true</RequestStop>
</StopPointInJourneyPattern>
<StopPointInJourneyPattern order="5" version="any" id="SE:020:StopPointInJourneyPattern:205339415000018962_205330000088914986">
    <ScheduledStopPointRef ref="SE:020:ScheduledStopPoint:9022020580028003"/>
    <ForAlighting>true</ForAlighting>
    <ForBoarding>true</ForBoarding>
    <RequestStop>true</RequestStop>
</StopPointInJourneyPattern>
<StopPointInJourneyPattern order="6" version="any" id="SE:020:StopPointInJourneyPattern:205339415000018962_205330000088914987">
    <ScheduledStopPointRef ref="SE:020:ScheduledStopPoint:9022020580710001"/>
    <ForAlighting>true</ForAlighting>
    <ForBoarding>true</ForBoarding>
    <RequestStop>true</RequestStop>
</StopPointInJourneyPattern>
<StopPointInJourneyPattern order="7" version="any" id="SE:020:StopPointInJourneyPattern:205339415000018962_205330000088914988">
    <ScheduledStopPointRef ref="SE:020:ScheduledStopPoint:9022020580711001"/>
    <ForAlighting>true</ForAlighting>
    <ForBoarding>true</ForBoarding>
    <RequestStop>true</RequestStop>
</StopPointInJourneyPattern>
<StopPointInJourneyPattern order="8" version="any" id="SE:020:StopPointInJourneyPattern:205339415000018962_205330000088914989">
    <ScheduledStopPointRef ref="SE:020:ScheduledStopPoint:9022020580806001"/>
    <ForAlighting>true</ForAlighting>
    <ForBoarding>true</ForBoarding>
    <RequestStop>true</RequestStop>
</StopPointInJourneyPattern>
<StopPointInJourneyPattern order="9" version="any" id="SE:020:StopPointInJourneyPattern:205339415000018962_205330000088914990">
    <ScheduledStopPointRef ref="SE:020:ScheduledStopPoint:9022020580646001"/>
    <ForAlighting>true</ForAlighting>
    <ForBoarding>true</ForBoarding>
    <RequestStop>true</RequestStop>
</StopPointInJourneyPattern>
<StopPointInJourneyPattern order="10" version="any" id="SE:020:StopPointInJourneyPattern:205339415000018962_205330000088914991">
    <ScheduledStopPointRef ref="SE:020:ScheduledStopPoint:9022020580007001"/>
    <ForAlighting>true</ForAlighting>
    <ForBoarding>true</ForBoarding>
    <RequestStop>true</RequestStop>
</StopPointInJourneyPattern>
<StopPointInJourneyPattern order="11" version="any" id="SE:020:StopPointInJourneyPattern:205339415000018962_205330000088914992">
    <ScheduledStopPointRef ref="SE:020:ScheduledStopPoint:9022020580805001"/>
    <ForAlighting>true</ForAlighting>
    <ForBoarding>false</ForBoarding>
    <RequestStop>true</RequestStop>
</StopPointInJourneyPattern>
                            </pointsInSequence>
                            <linksInSequence>
<ServiceLinkInJourneyPattern order="1" version="any" id="SE:020:ServiceLinkInJourneyPattern:BUS_37768">
    <ServiceLinkRef ref="SE:020:ServiceLink:BUS_9025020058009101_9025020058001801"/>
</ServiceLinkInJourneyPattern>
<ServiceLinkInJourneyPattern order="2" version="any" id="SE:020:ServiceLinkInJourneyPattern:BUS_37769">
    <ServiceLinkRef ref="SE:020:ServiceLink:BUS_9025020058001801_9025020058001701"/>
</ServiceLinkInJourneyPattern>
<ServiceLinkInJourneyPattern order="3" version="any" id="SE:020:ServiceLinkInJourneyPattern:BUS_37770">
    <ServiceLinkRef ref="SE:020:ServiceLink:BUS_9025020058001701_9025020058002901"/>
</ServiceLinkInJourneyPattern>
<ServiceLinkInJourneyPattern order="4" version="any" id="SE:020:ServiceLinkInJourneyPattern:BUS_37771">
    <ServiceLinkRef ref="SE:020:ServiceLink:BUS_9025020058002901_9025020058002803"/>
</ServiceLinkInJourneyPattern>
<ServiceLinkInJourneyPattern order="5" version="any" id="SE:020:ServiceLinkInJourneyPattern:BUS_37772">
    <ServiceLinkRef ref="SE:020:ServiceLink:BUS_9025020058002803_9025020058071001"/>
</ServiceLinkInJourneyPattern>
<ServiceLinkInJourneyPattern order="6" version="any" id="SE:020:ServiceLinkInJourneyPattern:BUS_37773">
    <ServiceLinkRef ref="SE:020:ServiceLink:BUS_9025020058071001_9025020058071101"/>
</ServiceLinkInJourneyPattern>
<ServiceLinkInJourneyPattern order="7" version="any" id="SE:020:ServiceLinkInJourneyPattern:BUS_37774">
    <ServiceLinkRef ref="SE:020:ServiceLink:BUS_9025020058071101_9025020058080601"/>
</ServiceLinkInJourneyPattern>
<ServiceLinkInJourneyPattern order="8" version="any" id="SE:020:ServiceLinkInJourneyPattern:BUS_37775">
    <ServiceLinkRef ref="SE:020:ServiceLink:BUS_9025020058080601_9025020058064601"/>
</ServiceLinkInJourneyPattern>
<ServiceLinkInJourneyPattern order="9" version="any" id="SE:020:ServiceLinkInJourneyPattern:BUS_37776">
    <ServiceLinkRef ref="SE:020:ServiceLink:BUS_9025020058064601_9025020058000701"/>
</ServiceLinkInJourneyPattern>
<ServiceLinkInJourneyPattern order="10" version="any" id="SE:020:ServiceLinkInJourneyPattern:BUS_37777">
    <ServiceLinkRef ref="SE:020:ServiceLink:BUS_9025020058000701_9025020058080501"/>
</ServiceLinkInJourneyPattern>
                            </linksInSequence>
                        </JourneyPattern>
                        <JourneyPattern version="any" id="SE:020:JourneyPattern:205339415000024679">
                            <RouteRef ref="SE:020:Route:205330000088914977" version="any"/>
                            <pointsInSequence>
<StopPointInJourneyPattern order="1" version="any" id="SE:020:StopPointInJourneyPattern:205339415000024679_205330000088914982">
    <ScheduledStopPointRef ref="SE:020:ScheduledStopPoint:9022020580091001"/>
    <ForAlighting>false</ForAlighting>
    <ForBoarding>true</ForBoarding>
    <DestinationDisplayRef ref="SE:020:DestinationDisplay:205330000113218903"/>
    <RequestStop>true</RequestStop>
</StopPointInJourneyPattern>
<StopPointInJourneyPattern order="2" version="any" id="SE:020:StopPointInJourneyPattern:205339415000024679_205330000088914983">
    <ScheduledStopPointRef ref="SE:020:ScheduledStopPoint:9022020580018001"/>
    <ForAlighting>false</ForAlighting>
    <ForBoarding>true</ForBoarding>
    <RequestStop>true</RequestStop>
</StopPointInJourneyPattern>
<StopPointInJourneyPattern order="3" version="any" id="SE:020:StopPointInJourneyPattern:205339415000024679_205330000088914984">
    <ScheduledStopPointRef ref="SE:020:ScheduledStopPoint:9022020580017001"/>
    <ForAlighting>false</ForAlighting>
    <ForBoarding>true</ForBoarding>
    <RequestStop>true</RequestStop>
</StopPointInJourneyPattern>
<StopPointInJourneyPattern order="4" version="any" id="SE:020:StopPointInJourneyPattern:205339415000024679_205330000088914985">
    <ScheduledStopPointRef ref="SE:020:ScheduledStopPoint:9022020580029001"/>
    <ForAlighting>true</ForAlighting>
    <ForBoarding>true</ForBoarding>
    <RequestStop>true</RequestStop>
</StopPointInJourneyPattern>
<StopPointInJourneyPattern order="5" version="any" id="SE:020:StopPointInJourneyPattern:205339415000024679_205330000088914986">
    <ScheduledStopPointRef ref="SE:020:ScheduledStopPoint:9022020580028003"/>
    <ForAlighting>true</ForAlighting>
    <ForBoarding>true</ForBoarding>
    <RequestStop>true</RequestStop>
</StopPointInJourneyPattern>
<StopPointInJourneyPattern order="6" version="any" id="SE:020:StopPointInJourneyPattern:205339415000024679_205330000088914987">
    <ScheduledStopPointRef ref="SE:020:ScheduledStopPoint:9022020580710001"/>
    <ForAlighting>true</ForAlighting>
    <ForBoarding>true</ForBoarding>
    <RequestStop>true</RequestStop>
</StopPointInJourneyPattern>
<StopPointInJourneyPattern order="7" version="any" id="SE:020:StopPointInJourneyPattern:205339415000024679_205330000088914988">
    <ScheduledStopPointRef ref="SE:020:ScheduledStopPoint:9022020580711001"/>
    <ForAlighting>true</ForAlighting>
    <ForBoarding>true</ForBoarding>
    <RequestStop>true</RequestStop>
</StopPointInJourneyPattern>
<StopPointInJourneyPattern order="8" version="any" id="SE:020:StopPointInJourneyPattern:205339415000024679_205330000088914989">
    <ScheduledStopPointRef ref="SE:020:ScheduledStopPoint:9022020580806001"/>
    <ForAlighting>true</ForAlighting>
    <ForBoarding>true</ForBoarding>
    <RequestStop>true</RequestStop>
</StopPointInJourneyPattern>
<StopPointInJourneyPattern order="9" version="any" id="SE:020:StopPointInJourneyPattern:205339415000024679_205330000088914990">
    <ScheduledStopPointRef ref="SE:020:ScheduledStopPoint:9022020580646001"/>
    <ForAlighting>true</ForAlighting>
    <ForBoarding>true</ForBoarding>
    <RequestStop>true</RequestStop>
</StopPointInJourneyPattern>
<StopPointInJourneyPattern order="10" version="any" id="SE:020:StopPointInJourneyPattern:205339415000024679_205330000088914991">
    <ScheduledStopPointRef ref="SE:020:ScheduledStopPoint:9022020580007001"/>
    <ForAlighting>true</ForAlighting>
    <ForBoarding>true</ForBoarding>
    <RequestStop>true</RequestStop>
</StopPointInJourneyPattern>
<StopPointInJourneyPattern order="11" version="any" id="SE:020:StopPointInJourneyPattern:205339415000024679_205330000088914992">
    <ScheduledStopPointRef ref="SE:020:ScheduledStopPoint:9022020580805001"/>
    <ForAlighting>true</ForAlighting>
    <ForBoarding>false</ForBoarding>
    <RequestStop>true</RequestStop>
</StopPointInJourneyPattern>
                            </pointsInSequence>
                            <linksInSequence>
<ServiceLinkInJourneyPattern order="1" version="any" id="SE:020:ServiceLinkInJourneyPattern:BUS_37778">
    <ServiceLinkRef ref="SE:020:ServiceLink:BUS_9025020058009101_9025020058001801"/>
</ServiceLinkInJourneyPattern>
<ServiceLinkInJourneyPattern order="2" version="any" id="SE:020:ServiceLinkInJourneyPattern:BUS_37779">
    <ServiceLinkRef ref="SE:020:ServiceLink:BUS_9025020058001801_9025020058001701"/>
</ServiceLinkInJourneyPattern>
<ServiceLinkInJourneyPattern order="3" version="any" id="SE:020:ServiceLinkInJourneyPattern:BUS_37780">
    <ServiceLinkRef ref="SE:020:ServiceLink:BUS_9025020058001701_9025020058002901"/>
</ServiceLinkInJourneyPattern>
<ServiceLinkInJourneyPattern order="4" version="any" id="SE:020:ServiceLinkInJourneyPattern:BUS_37781">
    <ServiceLinkRef ref="SE:020:ServiceLink:BUS_9025020058002901_9025020058002803"/>
</ServiceLinkInJourneyPattern>
<ServiceLinkInJourneyPattern order="5" version="any" id="SE:020:ServiceLinkInJourneyPattern:BUS_37782">
    <ServiceLinkRef ref="SE:020:ServiceLink:BUS_9025020058002803_9025020058071001"/>
</ServiceLinkInJourneyPattern>
<ServiceLinkInJourneyPattern order="6" version="any" id="SE:020:ServiceLinkInJourneyPattern:BUS_37783">
    <ServiceLinkRef ref="SE:020:ServiceLink:BUS_9025020058071001_9025020058071101"/>
</ServiceLinkInJourneyPattern>
<ServiceLinkInJourneyPattern order="7" version="any" id="SE:020:ServiceLinkInJourneyPattern:BUS_37784">
    <ServiceLinkRef ref="SE:020:ServiceLink:BUS_9025020058071101_9025020058080601"/>
</ServiceLinkInJourneyPattern>
<ServiceLinkInJourneyPattern order="8" version="any" id="SE:020:ServiceLinkInJourneyPattern:BUS_37785">
    <ServiceLinkRef ref="SE:020:ServiceLink:BUS_9025020058080601_9025020058064601"/>
</ServiceLinkInJourneyPattern>
<ServiceLinkInJourneyPattern order="9" version="any" id="SE:020:ServiceLinkInJourneyPattern:BUS_37786">
    <ServiceLinkRef ref="SE:020:ServiceLink:BUS_9025020058064601_9025020058000701"/>
</ServiceLinkInJourneyPattern>
<ServiceLinkInJourneyPattern order="10" version="any" id="SE:020:ServiceLinkInJourneyPattern:BUS_37787">
    <ServiceLinkRef ref="SE:020:ServiceLink:BUS_9025020058000701_9025020058080501"/>
</ServiceLinkInJourneyPattern>
                            </linksInSequence>
                        </JourneyPattern>
                        <JourneyPattern version="any" id="SE:020:JourneyPattern:205339415000018961">
                            <RouteRef ref="SE:020:Route:205330000088914950" version="any"/>
                            <pointsInSequence>
<StopPointInJourneyPattern order="1" version="any" id="SE:020:StopPointInJourneyPattern:205339415000018961_205330000088914955">
    <ScheduledStopPointRef ref="SE:020:ScheduledStopPoint:9022020580805001"/>
    <ForAlighting>false</ForAlighting>
    <ForBoarding>true</ForBoarding>
    <DestinationDisplayRef ref="SE:020:DestinationDisplay:205330000088914973"/>
    <RequestStop>true</RequestStop>
</StopPointInJourneyPattern>
<StopPointInJourneyPattern order="2" version="any" id="SE:020:StopPointInJourneyPattern:205339415000018961_205330000088914956">
    <ScheduledStopPointRef ref="SE:020:ScheduledStopPoint:9022020580007002"/>
    <ForAlighting>true</ForAlighting>
    <ForBoarding>true</ForBoarding>
    <RequestStop>true</RequestStop>
</StopPointInJourneyPattern>
<StopPointInJourneyPattern order="3" version="any" id="SE:020:StopPointInJourneyPattern:205339415000018961_205330000088914957">
    <ScheduledStopPointRef ref="SE:020:ScheduledStopPoint:9022020580646002"/>
    <ForAlighting>true</ForAlighting>
    <ForBoarding>true</ForBoarding>
    <RequestStop>true</RequestStop>
</StopPointInJourneyPattern>
<StopPointInJourneyPattern order="4" version="any" id="SE:020:StopPointInJourneyPattern:205339415000018961_205330000088914958">
    <ScheduledStopPointRef ref="SE:020:ScheduledStopPoint:9022020580806001"/>
    <ForAlighting>true</ForAlighting>
    <ForBoarding>true</ForBoarding>
    <RequestStop>true</RequestStop>
</StopPointInJourneyPattern>
<StopPointInJourneyPattern order="5" version="any" id="SE:020:StopPointInJourneyPattern:205339415000018961_205330000088914959">
    <ScheduledStopPointRef ref="SE:020:ScheduledStopPoint:9022020580711002"/>
    <ForAlighting>true</ForAlighting>
    <ForBoarding>true</ForBoarding>
    <RequestStop>true</RequestStop>
</StopPointInJourneyPattern>
<StopPointInJourneyPattern order="6" version="any" id="SE:020:StopPointInJourneyPattern:205339415000018961_205330000088914960">
    <ScheduledStopPointRef ref="SE:020:ScheduledStopPoint:9022020580710002"/>
    <ForAlighting>true</ForAlighting>
    <ForBoarding>true</ForBoarding>
    <RequestStop>true</RequestStop>
</StopPointInJourneyPattern>
<StopPointInJourneyPattern order="7" version="any" id="SE:020:StopPointInJourneyPattern:205339415000018961_205330000088914961">
    <ScheduledStopPointRef ref="SE:020:ScheduledStopPoint:9022020580028004"/>
    <ForAlighting>true</ForAlighting>
    <ForBoarding>true</ForBoarding>
    <RequestStop>true</RequestStop>
</StopPointInJourneyPattern>
<StopPointInJourneyPattern order="8" version="any" id="SE:020:StopPointInJourneyPattern:205339415000018961_205330000088914962">
    <ScheduledStopPointRef ref="SE:020:ScheduledStopPoint:9022020580029002"/>
    <ForAlighting>true</ForAlighting>
    <ForBoarding>true</ForBoarding>
    <RequestStop>true</RequestStop>
</StopPointInJourneyPattern>
<StopPointInJourneyPattern order="9" version="any" id="SE:020:StopPointInJourneyPattern:205339415000018961_205330000088914963">
    <ScheduledStopPointRef ref="SE:020:ScheduledStopPoint:9022020580017002"/>
    <ForAlighting>true</ForAlighting>
    <ForBoarding>false</ForBoarding>
    <RequestStop>true</RequestStop>
</StopPointInJourneyPattern>
<StopPointInJourneyPattern order="10" version="any" id="SE:020:StopPointInJourneyPattern:205339415000018961_205330000088914964">
    <ScheduledStopPointRef ref="SE:020:ScheduledStopPoint:9022020580018002"/>
    <ForAlighting>true</ForAlighting>
    <ForBoarding>false</ForBoarding>
    <RequestStop>true</RequestStop>
</StopPointInJourneyPattern>
<StopPointInJourneyPattern order="11" version="any" id="SE:020:StopPointInJourneyPattern:205339415000018961_205330000088914965">
    <ScheduledStopPointRef ref="SE:020:ScheduledStopPoint:9022020580091002"/>
    <ForAlighting>true</ForAlighting>
    <ForBoarding>false</ForBoarding>
    <RequestStop>true</RequestStop>
</StopPointInJourneyPattern>
                            </pointsInSequence>
                            <linksInSequence>
<ServiceLinkInJourneyPattern order="1" version="any" id="SE:020:ServiceLinkInJourneyPattern:BUS_37788">
    <ServiceLinkRef ref="SE:020:ServiceLink:BUS_9025020058080501_9025020058000702"/>
</ServiceLinkInJourneyPattern>
<ServiceLinkInJourneyPattern order="2" version="any" id="SE:020:ServiceLinkInJourneyPattern:BUS_37789">
    <ServiceLinkRef ref="SE:020:ServiceLink:BUS_9025020058000702_9025020058064602"/>
</ServiceLinkInJourneyPattern>
<ServiceLinkInJourneyPattern order="3" version="any" id="SE:020:ServiceLinkInJourneyPattern:BUS_37790">
    <ServiceLinkRef ref="SE:020:ServiceLink:BUS_9025020058064602_9025020058080601"/>
</ServiceLinkInJourneyPattern>
<ServiceLinkInJourneyPattern order="4" version="any" id="SE:020:ServiceLinkInJourneyPattern:BUS_37791">
    <ServiceLinkRef ref="SE:020:ServiceLink:BUS_9025020058080601_9025020058071102"/>
</ServiceLinkInJourneyPattern>
<ServiceLinkInJourneyPattern order="5" version="any" id="SE:020:ServiceLinkInJourneyPattern:BUS_37792">
    <ServiceLinkRef ref="SE:020:ServiceLink:BUS_9025020058071102_9025020058071002"/>
</ServiceLinkInJourneyPattern>
<ServiceLinkInJourneyPattern order="6" version="any" id="SE:020:ServiceLinkInJourneyPattern:BUS_37793">
    <ServiceLinkRef ref="SE:020:ServiceLink:BUS_9025020058071002_9025020058002804"/>
</ServiceLinkInJourneyPattern>
<ServiceLinkInJourneyPattern order="7" version="any" id="SE:020:ServiceLinkInJourneyPattern:BUS_37794">
    <ServiceLinkRef ref="SE:020:ServiceLink:BUS_9025020058002804_9025020058002902"/>
</ServiceLinkInJourneyPattern>
<ServiceLinkInJourneyPattern order="8" version="any" id="SE:020:ServiceLinkInJourneyPattern:BUS_37795">
    <ServiceLinkRef ref="SE:020:ServiceLink:BUS_9025020058002902_9025020058001702"/>
</ServiceLinkInJourneyPattern>
<ServiceLinkInJourneyPattern order="9" version="any" id="SE:020:ServiceLinkInJourneyPattern:BUS_37796">
    <ServiceLinkRef ref="SE:020:ServiceLink:BUS_9025020058001702_9025020058001802"/>
</ServiceLinkInJourneyPattern>
<ServiceLinkInJourneyPattern order="10" version="any" id="SE:020:ServiceLinkInJourneyPattern:BUS_37797">
    <ServiceLinkRef ref="SE:020:ServiceLink:BUS_9025020058001802_9025020058009102"/>
</ServiceLinkInJourneyPattern>
                            </linksInSequence>
                        </JourneyPattern>
                        <JourneyPattern version="any" id="SE:020:JourneyPattern:205339415000024678">
                            <RouteRef ref="SE:020:Route:205330000088914950" version="any"/>
                            <pointsInSequence>
<StopPointInJourneyPattern order="1" version="any" id="SE:020:StopPointInJourneyPattern:205339415000024678_205330000088914955">
    <ScheduledStopPointRef ref="SE:020:ScheduledStopPoint:9022020580805001"/>
    <ForAlighting>false</ForAlighting>
    <ForBoarding>true</ForBoarding>
    <DestinationDisplayRef ref="SE:020:DestinationDisplay:205330000113218889"/>
    <RequestStop>true</RequestStop>
</StopPointInJourneyPattern>
<StopPointInJourneyPattern order="2" version="any" id="SE:020:StopPointInJourneyPattern:205339415000024678_205330000088914956">
    <ScheduledStopPointRef ref="SE:020:ScheduledStopPoint:9022020580007002"/>
    <ForAlighting>true</ForAlighting>
    <ForBoarding>true</ForBoarding>
    <RequestStop>true</RequestStop>
</StopPointInJourneyPattern>
<StopPointInJourneyPattern order="3" version="any" id="SE:020:StopPointInJourneyPattern:205339415000024678_205330000088914957">
    <ScheduledStopPointRef ref="SE:020:ScheduledStopPoint:9022020580646002"/>
    <ForAlighting>true</ForAlighting>
    <ForBoarding>true</ForBoarding>
    <RequestStop>true</RequestStop>
</StopPointInJourneyPattern>
<StopPointInJourneyPattern order="4" version="any" id="SE:020:StopPointInJourneyPattern:205339415000024678_205330000088914958">
    <ScheduledStopPointRef ref="SE:020:ScheduledStopPoint:9022020580806001"/>
    <ForAlighting>true</ForAlighting>
    <ForBoarding>true</ForBoarding>
    <RequestStop>true</RequestStop>
</StopPointInJourneyPattern>
<StopPointInJourneyPattern order="5" version="any" id="SE:020:StopPointInJourneyPattern:205339415000024678_205330000088914959">
    <ScheduledStopPointRef ref="SE:020:ScheduledStopPoint:9022020580711002"/>
    <ForAlighting>true</ForAlighting>
    <ForBoarding>true</ForBoarding>
    <RequestStop>true</RequestStop>
</StopPointInJourneyPattern>
<StopPointInJourneyPattern order="6" version="any" id="SE:020:StopPointInJourneyPattern:205339415000024678_205330000088914960">
    <ScheduledStopPointRef ref="SE:020:ScheduledStopPoint:9022020580710002"/>
    <ForAlighting>true</ForAlighting>
    <ForBoarding>true</ForBoarding>
    <RequestStop>true</RequestStop>
</StopPointInJourneyPattern>
<StopPointInJourneyPattern order="7" version="any" id="SE:020:StopPointInJourneyPattern:205339415000024678_205330000088914961">
    <ScheduledStopPointRef ref="SE:020:ScheduledStopPoint:9022020580028004"/>
    <ForAlighting>true</ForAlighting>
    <ForBoarding>true</ForBoarding>
    <RequestStop>true</RequestStop>
</StopPointInJourneyPattern>
<StopPointInJourneyPattern order="8" version="any" id="SE:020:StopPointInJourneyPattern:205339415000024678_205330000088914962">
    <ScheduledStopPointRef ref="SE:020:ScheduledStopPoint:9022020580029002"/>
    <ForAlighting>true</ForAlighting>
    <ForBoarding>true</ForBoarding>
    <RequestStop>true</RequestStop>
</StopPointInJourneyPattern>
<StopPointInJourneyPattern order="9" version="any" id="SE:020:StopPointInJourneyPattern:205339415000024678_205330000088914963">
    <ScheduledStopPointRef ref="SE:020:ScheduledStopPoint:9022020580017002"/>
    <ForAlighting>true</ForAlighting>
    <ForBoarding>false</ForBoarding>
    <RequestStop>true</RequestStop>
</StopPointInJourneyPattern>
<StopPointInJourneyPattern order="10" version="any" id="SE:020:StopPointInJourneyPattern:205339415000024678_205330000088914964">
    <ScheduledStopPointRef ref="SE:020:ScheduledStopPoint:9022020580018002"/>
    <ForAlighting>true</ForAlighting>
    <ForBoarding>false</ForBoarding>
    <RequestStop>true</RequestStop>
</StopPointInJourneyPattern>
<StopPointInJourneyPattern order="11" version="any" id="SE:020:StopPointInJourneyPattern:205339415000024678_205330000088914965">
    <ScheduledStopPointRef ref="SE:020:ScheduledStopPoint:9022020580091002"/>
    <ForAlighting>true</ForAlighting>
    <ForBoarding>false</ForBoarding>
    <RequestStop>true</RequestStop>
</StopPointInJourneyPattern>
                            </pointsInSequence>
                            <linksInSequence>
<ServiceLinkInJourneyPattern order="1" version="any" id="SE:020:ServiceLinkInJourneyPattern:BUS_37798">
    <ServiceLinkRef ref="SE:020:ServiceLink:BUS_9025020058080501_9025020058000702"/>
</ServiceLinkInJourneyPattern>
<ServiceLinkInJourneyPattern order="2" version="any" id="SE:020:ServiceLinkInJourneyPattern:BUS_37799">
    <ServiceLinkRef ref="SE:020:ServiceLink:BUS_9025020058000702_9025020058064602"/>
</ServiceLinkInJourneyPattern>
<ServiceLinkInJourneyPattern order="3" version="any" id="SE:020:ServiceLinkInJourneyPattern:BUS_37800">
    <ServiceLinkRef ref="SE:020:ServiceLink:BUS_9025020058064602_9025020058080601"/>
</ServiceLinkInJourneyPattern>
<ServiceLinkInJourneyPattern order="4" version="any" id="SE:020:ServiceLinkInJourneyPattern:BUS_37801">
    <ServiceLinkRef ref="SE:020:ServiceLink:BUS_9025020058080601_9025020058071102"/>
</ServiceLinkInJourneyPattern>
<ServiceLinkInJourneyPattern order="5" version="any" id="SE:020:ServiceLinkInJourneyPattern:BUS_37802">
    <ServiceLinkRef ref="SE:020:ServiceLink:BUS_9025020058071102_9025020058071002"/>
</ServiceLinkInJourneyPattern>
<ServiceLinkInJourneyPattern order="6" version="any" id="SE:020:ServiceLinkInJourneyPattern:BUS_37803">
    <ServiceLinkRef ref="SE:020:ServiceLink:BUS_9025020058071002_9025020058002804"/>
</ServiceLinkInJourneyPattern>
<ServiceLinkInJourneyPattern order="7" version="any" id="SE:020:ServiceLinkInJourneyPattern:BUS_37804">
    <ServiceLinkRef ref="SE:020:ServiceLink:BUS_9025020058002804_9025020058002902"/>
</ServiceLinkInJourneyPattern>
<ServiceLinkInJourneyPattern order="8" version="any" id="SE:020:ServiceLinkInJourneyPattern:BUS_37805">
    <ServiceLinkRef ref="SE:020:ServiceLink:BUS_9025020058002902_9025020058001702"/>
</ServiceLinkInJourneyPattern>
<ServiceLinkInJourneyPattern order="9" version="any" id="SE:020:ServiceLinkInJourneyPattern:BUS_37806">
    <ServiceLinkRef ref="SE:020:ServiceLink:BUS_9025020058001702_9025020058001802"/>
</ServiceLinkInJourneyPattern>
<ServiceLinkInJourneyPattern order="10" version="any" id="SE:020:ServiceLinkInJourneyPattern:BUS_37807">
    <ServiceLinkRef ref="SE:020:ServiceLink:BUS_9025020058001802_9025020058009102"/>
</ServiceLinkInJourneyPattern>
                            </linksInSequence>
                        </JourneyPattern>
                    </journeyPatterns>
                </ServiceFrame>
                <TimetableFrame version="20241009025723" id="SE:020:TimetableFrame:9011020062400000">
                    <vehicleJourneys>
                        <ServiceJourney version="any" id="SE:020:ServiceJourney:205330000113218924">
                            <TransportMode>bus</TransportMode>
                            <TransportSubmode>
<BusSubmode>unknown</BusSubmode>
                            </TransportSubmode>
                            <dayTypes>
<DayTypeRef ref="SE:020:DayType:307pj9abcf51sh6fua920i71q5gagge7"/>
                            </dayTypes>
                            <JourneyPatternRef ref="SE:020:JourneyPattern:205339415000024678" version="any"/>
                            <OperatorRef ref="SE:020:Operator:9013020810000000"/>
                            <passingTimes>
<TimetabledPassingTime version="any" id="SE:020:TimetabledPassingTime:205330000113218911">
    <StopPointInJourneyPatternRef ref="SE:020:StopPointInJourneyPattern:205339415000024678_205330000088914955" version="any"/>
    <DepartureTime>09:00:00</DepartureTime>
</TimetabledPassingTime>
<TimetabledPassingTime version="any" id="SE:020:TimetabledPassingTime:205330000113218912">
    <StopPointInJourneyPatternRef ref="SE:020:StopPointInJourneyPattern:205339415000024678_205330000088914956" version="any"/>
    <ArrivalTime>09:08:03</ArrivalTime>
    <DepartureTime>09:08:03</DepartureTime>
</TimetabledPassingTime>
<TimetabledPassingTime version="any" id="SE:020:TimetabledPassingTime:205330000113218913">
    <StopPointInJourneyPatternRef ref="SE:020:StopPointInJourneyPattern:205339415000024678_205330000088914957" version="any"/>
    <ArrivalTime>09:11:01</ArrivalTime>
    <DepartureTime>09:11:01</DepartureTime>
</TimetabledPassingTime>
<TimetabledPassingTime version="any" id="SE:020:TimetabledPassingTime:205330000113218914">
    <StopPointInJourneyPatternRef ref="SE:020:StopPointInJourneyPattern:205339415000024678_205330000088914958" version="any"/>
    <ArrivalTime>09:15:00</ArrivalTime>
    <DepartureTime>09:15:00</DepartureTime>
</TimetabledPassingTime>
<TimetabledPassingTime version="any" id="SE:020:TimetabledPassingTime:205330000113218915">
    <StopPointInJourneyPatternRef ref="SE:020:StopPointInJourneyPattern:205339415000024678_205330000088914959" version="any"/>
    <ArrivalTime>09:18:26</ArrivalTime>
    <DepartureTime>09:18:26</DepartureTime>
</TimetabledPassingTime>
<TimetabledPassingTime version="any" id="SE:020:TimetabledPassingTime:205330000113218916">
    <StopPointInJourneyPatternRef ref="SE:020:StopPointInJourneyPattern:205339415000024678_205330000088914960" version="any"/>
    <ArrivalTime>09:20:17</ArrivalTime>
    <DepartureTime>09:20:17</DepartureTime>
</TimetabledPassingTime>
<TimetabledPassingTime version="any" id="SE:020:TimetabledPassingTime:205330000113218917">
    <StopPointInJourneyPatternRef ref="SE:020:StopPointInJourneyPattern:205339415000024678_205330000088914961" version="any"/>
    <ArrivalTime>09:21:27</ArrivalTime>
    <DepartureTime>09:21:27</DepartureTime>
</TimetabledPassingTime>
<TimetabledPassingTime version="any" id="SE:020:TimetabledPassingTime:205330000113218918">
    <StopPointInJourneyPatternRef ref="SE:020:StopPointInJourneyPattern:205339415000024678_205330000088914962" version="any"/>
    <ArrivalTime>09:24:43</ArrivalTime>
    <DepartureTime>09:24:43</DepartureTime>
</TimetabledPassingTime>
<TimetabledPassingTime version="any" id="SE:020:TimetabledPassingTime:205330000113218919">
    <StopPointInJourneyPatternRef ref="SE:020:StopPointInJourneyPattern:205339415000024678_205330000088914963" version="any"/>
    <ArrivalTime>09:26:36</ArrivalTime>
    <DepartureTime>09:26:36</DepartureTime>
</TimetabledPassingTime>
<TimetabledPassingTime version="any" id="SE:020:TimetabledPassingTime:205330000113218920">
    <StopPointInJourneyPatternRef ref="SE:020:StopPointInJourneyPattern:205339415000024678_205330000088914964" version="any"/>
    <ArrivalTime>09:27:50</ArrivalTime>
    <DepartureTime>09:27:50</DepartureTime>
</TimetabledPassingTime>
<TimetabledPassingTime version="any" id="SE:020:TimetabledPassingTime:205330000113218921">
    <StopPointInJourneyPatternRef ref="SE:020:StopPointInJourneyPattern:205339415000024678_205330000088914965" version="any"/>
    <ArrivalTime>09:30:00</ArrivalTime>
</TimetabledPassingTime>
                            </passingTimes>
                            <FlexibleServiceProperties>
<FlexibleServiceType>fixedPassingTimes</FlexibleServiceType>
<BookWhen>advanceOnly</BookWhen>
<BookingNote>Turen ska förbeställas senast 2 timmar före bussens avgångstid, gäller i vår app Dalatrafik eller via telefon 0774-44 00 00.</BookingNote>
                            </FlexibleServiceProperties>
                        </ServiceJourney>
                        <ServiceJourney version="any" id="SE:020:ServiceJourney:205330000113218944">
                            <TransportMode>bus</TransportMode>
                            <TransportSubmode>
<BusSubmode>unknown</BusSubmode>
                            </TransportSubmode>
                            <dayTypes>
<DayTypeRef ref="SE:020:DayType:307pj9abcf51sh6fua920i71q5gagge7"/>
                            </dayTypes>
                            <JourneyPatternRef ref="SE:020:JourneyPattern:205339415000024679" version="any"/>
                            <OperatorRef ref="SE:020:Operator:9013020810000000"/>
                            <passingTimes>
<TimetabledPassingTime version="any" id="SE:020:TimetabledPassingTime:205330000113218931">
    <StopPointInJourneyPatternRef ref="SE:020:StopPointInJourneyPattern:205339415000024679_205330000088914982" version="any"/>
    <DepartureTime>11:30:00</DepartureTime>
</TimetabledPassingTime>
<TimetabledPassingTime version="any" id="SE:020:TimetabledPassingTime:205330000113218932">
    <StopPointInJourneyPatternRef ref="SE:020:StopPointInJourneyPattern:205339415000024679_205330000088914983" version="any"/>
    <ArrivalTime>11:30:25</ArrivalTime>
    <DepartureTime>11:30:25</DepartureTime>
</TimetabledPassingTime>
<TimetabledPassingTime version="any" id="SE:020:TimetabledPassingTime:205330000113218933">
    <StopPointInJourneyPatternRef ref="SE:020:StopPointInJourneyPattern:205339415000024679_205330000088914984" version="any"/>
    <ArrivalTime>11:31:27</ArrivalTime>
    <DepartureTime>11:31:27</DepartureTime>
</TimetabledPassingTime>
<TimetabledPassingTime version="any" id="SE:020:TimetabledPassingTime:205330000113218934">
    <StopPointInJourneyPatternRef ref="SE:020:StopPointInJourneyPattern:205339415000024679_205330000088914985" version="any"/>
    <ArrivalTime>11:32:57</ArrivalTime>
    <DepartureTime>11:32:57</DepartureTime>
</TimetabledPassingTime>
<TimetabledPassingTime version="any" id="SE:020:TimetabledPassingTime:205330000113218935">
    <StopPointInJourneyPatternRef ref="SE:020:StopPointInJourneyPattern:205339415000024679_205330000088914986" version="any"/>
    <ArrivalTime>11:35:32</ArrivalTime>
    <DepartureTime>11:35:32</DepartureTime>
</TimetabledPassingTime>
<TimetabledPassingTime version="any" id="SE:020:TimetabledPassingTime:205330000113218936">
    <StopPointInJourneyPatternRef ref="SE:020:StopPointInJourneyPattern:205339415000024679_205330000088914987" version="any"/>
    <ArrivalTime>11:36:31</ArrivalTime>
    <DepartureTime>11:36:31</DepartureTime>
</TimetabledPassingTime>
<TimetabledPassingTime version="any" id="SE:020:TimetabledPassingTime:205330000113218937">
    <StopPointInJourneyPatternRef ref="SE:020:StopPointInJourneyPattern:205339415000024679_205330000088914988" version="any"/>
    <ArrivalTime>11:38:01</ArrivalTime>
    <DepartureTime>11:38:01</DepartureTime>
</TimetabledPassingTime>
<TimetabledPassingTime version="any" id="SE:020:TimetabledPassingTime:205330000113218938">
    <StopPointInJourneyPatternRef ref="SE:020:StopPointInJourneyPattern:205339415000024679_205330000088914989" version="any"/>
    <ArrivalTime>11:42:00</ArrivalTime>
    <DepartureTime>11:42:00</DepartureTime>
</TimetabledPassingTime>
<TimetabledPassingTime version="any" id="SE:020:TimetabledPassingTime:205330000113218939">
    <StopPointInJourneyPatternRef ref="SE:020:StopPointInJourneyPattern:205339415000024679_205330000088914990" version="any"/>
    <ArrivalTime>11:44:58</ArrivalTime>
    <DepartureTime>11:44:58</DepartureTime>
</TimetabledPassingTime>
<TimetabledPassingTime version="any" id="SE:020:TimetabledPassingTime:205330000113218940">
    <StopPointInJourneyPatternRef ref="SE:020:StopPointInJourneyPattern:205339415000024679_205330000088914991" version="any"/>
    <ArrivalTime>11:48:42</ArrivalTime>
    <DepartureTime>11:48:42</DepartureTime>
</TimetabledPassingTime>
<TimetabledPassingTime version="any" id="SE:020:TimetabledPassingTime:205330000113218941">
    <StopPointInJourneyPatternRef ref="SE:020:StopPointInJourneyPattern:205339415000024679_205330000088914992" version="any"/>
    <ArrivalTime>12:00:00</ArrivalTime>
</TimetabledPassingTime>
                            </passingTimes>
                            <FlexibleServiceProperties>
<FlexibleServiceType>fixedPassingTimes</FlexibleServiceType>
<BookWhen>advanceOnly</BookWhen>
<BookingNote>Turen ska förbeställas senast 2 timmar före bussens avgångstid, gäller i vår app Dalatrafik eller via telefon 0774-44 00 00.</BookingNote>
                            </FlexibleServiceProperties>
                        </ServiceJourney>
                    </vehicleJourneys>
                </TimetableFrame>
            </frames>
        </CompositeFrame>
    </dataObjects>
</PublicationDelivery>
