<?xml version="1.0" encoding="UTF-8" standalone="yes"?>
<PublicationDelivery xmlns="http://www.netex.org.uk/netex" xmlns:ns2="http://www.opengis.net/gml/3.2" xmlns:ns3="http://www.siri.org.uk/siri" xmlns:ns4="http://www.samtrafiken.se/netex" version="1.11:NO-NeTEx-networktimetable:1.3">
    <PublicationTimestamp>2024-10-09T02:57:23</PublicationTimestamp>
    <ParticipantRef>SAM</ParticipantRef>
    <dataObjects>
        <CompositeFrame created="2024-10-09T02:57:23" version="20241009025723" id="SE:020:CompositeFrame:9011020077400000">
            <ValidBetween>
                <FromDate>1970-01-01T00:00:00</FromDate>
            </ValidBetween>
            <codespaces>
                <Codespace id="SE:020">
                    <Xmlns>SE:020</Xmlns>
                    <XmlnsUrl>http://www.samtrafiken.se/ns/dt</XmlnsUrl>
                </Codespace>
            </codespaces>
            <FrameDefaults>
                <DefaultLocale>
                    <TimeZone>Europe/Stockholm</TimeZone>
                    <DefaultLanguage>se</DefaultLanguage>
                </DefaultLocale>
                <DefaultLocationSystem>4326</DefaultLocationSystem>
            </FrameDefaults>
            <frames>
                <ServiceFrame version="20241009025723" id="SE:020:ServiceFrame:9011020077400000">
                    <routes>
                        <Route version="any" id="SE:020:Route:205330000095467094">
                            <Name>Flextrafik Kullsbjörken-Tällberg</Name>
                            <LineRef ref="SE:020:Line:9011020077400000" version="200616"/>
                            <DirectionType>outbound</DirectionType>
                            <pointsInSequence>
<PointOnRoute order="1" version="any" id="SE:020:PointOnRoute:205330000095467099">
    <RoutePointRef ref="SE:020:RoutePoint:9022020529078001"/>
</PointOnRoute>
<PointOnRoute order="2" version="any" id="SE:020:PointOnRoute:205330000095467100">
    <RoutePointRef ref="SE:020:RoutePoint:9022020529079002"/>
</PointOnRoute>
<PointOnRoute order="3" version="any" id="SE:020:PointOnRoute:205330000095467101">
    <RoutePointRef ref="SE:020:RoutePoint:9022020529080002"/>
</PointOnRoute>
<PointOnRoute order="4" version="any" id="SE:020:PointOnRoute:205330000095467102">
    <RoutePointRef ref="SE:020:RoutePoint:9022020529006002"/>
</PointOnRoute>
<PointOnRoute order="5" version="any" id="SE:020:PointOnRoute:205330000095467103">
    <RoutePointRef ref="SE:020:RoutePoint:9022020529007002"/>
</PointOnRoute>
<PointOnRoute order="6" version="any" id="SE:020:PointOnRoute:205330000095467104">
    <RoutePointRef ref="SE:020:RoutePoint:9022020529008002"/>
</PointOnRoute>
<PointOnRoute order="7" version="any" id="SE:020:PointOnRoute:205330000095467105">
    <RoutePointRef ref="SE:020:RoutePoint:9022020529009002"/>
</PointOnRoute>
<PointOnRoute order="8" version="any" id="SE:020:PointOnRoute:205330000095467106">
    <RoutePointRef ref="SE:020:RoutePoint:9022020529081002"/>
</PointOnRoute>
<PointOnRoute order="9" version="any" id="SE:020:PointOnRoute:205330000095467107">
    <RoutePointRef ref="SE:020:RoutePoint:9022020529082002"/>
</PointOnRoute>
<PointOnRoute order="10" version="any" id="SE:020:PointOnRoute:205330000095467108">
    <RoutePointRef ref="SE:020:RoutePoint:9022020529083002"/>
</PointOnRoute>
<PointOnRoute order="11" version="any" id="SE:020:PointOnRoute:205330000095467109">
    <RoutePointRef ref="SE:020:RoutePoint:9022020529084002"/>
</PointOnRoute>
<PointOnRoute order="12" version="any" id="SE:020:PointOnRoute:205330000095467110">
    <RoutePointRef ref="SE:020:RoutePoint:9022020529085002"/>
</PointOnRoute>
<PointOnRoute order="13" version="any" id="SE:020:PointOnRoute:205330000095467111">
    <RoutePointRef ref="SE:020:RoutePoint:9022020529086002"/>
</PointOnRoute>
<PointOnRoute order="14" version="any" id="SE:020:PointOnRoute:205330000095467112">
    <RoutePointRef ref="SE:020:RoutePoint:9022020529087002"/>
</PointOnRoute>
<PointOnRoute order="15" version="any" id="SE:020:PointOnRoute:205330000095467113">
    <RoutePointRef ref="SE:020:RoutePoint:9022020529088002"/>
</PointOnRoute>
<PointOnRoute order="16" version="any" id="SE:020:PointOnRoute:205330000095467114">
    <RoutePointRef ref="SE:020:RoutePoint:9022020529089002"/>
</PointOnRoute>
<PointOnRoute order="17" version="any" id="SE:020:PointOnRoute:205330000095467115">
    <RoutePointRef ref="SE:020:RoutePoint:9022020529012002"/>
</PointOnRoute>
<PointOnRoute order="18" version="any" id="SE:020:PointOnRoute:205330000095467116">
    <RoutePointRef ref="SE:020:RoutePoint:9022020529052001"/>
</PointOnRoute>
<PointOnRoute order="19" version="any" id="SE:020:PointOnRoute:205330000095467117">
    <RoutePointRef ref="SE:020:RoutePoint:9022020529053001"/>
</PointOnRoute>
<PointOnRoute order="20" version="any" id="SE:020:PointOnRoute:205330000095467118">
    <RoutePointRef ref="SE:020:RoutePoint:9022020529054001"/>
</PointOnRoute>
                            </pointsInSequence>
                        </Route>
                        <Route version="any" id="SE:020:Route:205330000095467130">
                            <Name>Flextrafik Tällberg-Kullsbjörken</Name>
                            <LineRef ref="SE:020:Line:9011020077400000" version="200616"/>
                            <DirectionType>inbound</DirectionType>
                            <pointsInSequence>
<PointOnRoute order="1" version="any" id="SE:020:PointOnRoute:205330000095467135">
    <RoutePointRef ref="SE:020:RoutePoint:9022020529054002"/>
</PointOnRoute>
<PointOnRoute order="2" version="any" id="SE:020:PointOnRoute:205330000095467136">
    <RoutePointRef ref="SE:020:RoutePoint:9022020529053001"/>
</PointOnRoute>
<PointOnRoute order="3" version="any" id="SE:020:PointOnRoute:205330000095467137">
    <RoutePointRef ref="SE:020:RoutePoint:9022020529052002"/>
</PointOnRoute>
<PointOnRoute order="4" version="any" id="SE:020:PointOnRoute:205330000095467138">
    <RoutePointRef ref="SE:020:RoutePoint:9022020529012001"/>
</PointOnRoute>
<PointOnRoute order="5" version="any" id="SE:020:PointOnRoute:205330000095467139">
    <RoutePointRef ref="SE:020:RoutePoint:9022020529089001"/>
</PointOnRoute>
<PointOnRoute order="6" version="any" id="SE:020:PointOnRoute:205330000095467140">
    <RoutePointRef ref="SE:020:RoutePoint:9022020529088001"/>
</PointOnRoute>
<PointOnRoute order="7" version="any" id="SE:020:PointOnRoute:205330000095467141">
    <RoutePointRef ref="SE:020:RoutePoint:9022020529087001"/>
</PointOnRoute>
<PointOnRoute order="8" version="any" id="SE:020:PointOnRoute:205330000095467142">
    <RoutePointRef ref="SE:020:RoutePoint:9022020529086001"/>
</PointOnRoute>
<PointOnRoute order="9" version="any" id="SE:020:PointOnRoute:205330000095467143">
    <RoutePointRef ref="SE:020:RoutePoint:9022020529085001"/>
</PointOnRoute>
<PointOnRoute order="10" version="any" id="SE:020:PointOnRoute:205330000095467144">
    <RoutePointRef ref="SE:020:RoutePoint:9022020529084001"/>
</PointOnRoute>
<PointOnRoute order="11" version="any" id="SE:020:PointOnRoute:205330000095467145">
    <RoutePointRef ref="SE:020:RoutePoint:9022020529083001"/>
</PointOnRoute>
<PointOnRoute order="12" version="any" id="SE:020:PointOnRoute:205330000095467146">
    <RoutePointRef ref="SE:020:RoutePoint:9022020529082001"/>
</PointOnRoute>
<PointOnRoute order="13" version="any" id="SE:020:PointOnRoute:205330000095467147">
    <RoutePointRef ref="SE:020:RoutePoint:9022020529081001"/>
</PointOnRoute>
<PointOnRoute order="14" version="any" id="SE:020:PointOnRoute:205330000095467148">
    <RoutePointRef ref="SE:020:RoutePoint:9022020529009001"/>
</PointOnRoute>
<PointOnRoute order="15" version="any" id="SE:020:PointOnRoute:205330000095467149">
    <RoutePointRef ref="SE:020:RoutePoint:9022020529008001"/>
</PointOnRoute>
<PointOnRoute order="16" version="any" id="SE:020:PointOnRoute:205330000095467150">
    <RoutePointRef ref="SE:020:RoutePoint:9022020529007001"/>
</PointOnRoute>
<PointOnRoute order="17" version="any" id="SE:020:PointOnRoute:205330000095467151">
    <RoutePointRef ref="SE:020:RoutePoint:9022020529006001"/>
</PointOnRoute>
<PointOnRoute order="18" version="any" id="SE:020:PointOnRoute:205330000095467152">
    <RoutePointRef ref="SE:020:RoutePoint:9022020529080001"/>
</PointOnRoute>
<PointOnRoute order="19" version="any" id="SE:020:PointOnRoute:205330000095467153">
    <RoutePointRef ref="SE:020:RoutePoint:9022020529079001"/>
</PointOnRoute>
<PointOnRoute order="20" version="any" id="SE:020:PointOnRoute:205330000095467154">
    <RoutePointRef ref="SE:020:RoutePoint:9022020529078002"/>
</PointOnRoute>
                            </pointsInSequence>
                        </Route>
                    </routes>
                    <lines>
                        <Line version="200616" id="SE:020:Line:9011020077400000">
                            <ValidBetween>
<FromDate>2020-06-16T00:00:00</FromDate>
                            </ValidBetween>
                            <Name>774</Name>
                            <TransportMode>bus</TransportMode>
                            <TransportSubmode>
<BusSubmode>unknown</BusSubmode>
                            </TransportSubmode>
                            <PublicCode>774</PublicCode>
                            <PrivateCode>774</PrivateCode>
                            <RepresentedByGroupRef ref="SE:020:Network:9010020000000000"/>
                        </Line>
                    </lines>
                    <journeyPatterns>
                        <JourneyPattern version="any" id="SE:020:JourneyPattern:205339415000021132">
                            <RouteRef ref="SE:020:Route:205330000095467094" version="any"/>
                            <pointsInSequence>
<StopPointInJourneyPattern order="1" version="any" id="SE:020:StopPointInJourneyPattern:205339415000021132_205330000095467099">
    <ScheduledStopPointRef ref="SE:020:ScheduledStopPoint:9022020529078001"/>
    <ForAlighting>false</ForAlighting>
    <ForBoarding>true</ForBoarding>
    <DestinationDisplayRef ref="SE:020:DestinationDisplay:205330000095467126"/>
    <RequestStop>true</RequestStop>
</StopPointInJourneyPattern>
<StopPointInJourneyPattern order="2" version="any" id="SE:020:StopPointInJourneyPattern:205339415000021132_205330000095467100">
    <ScheduledStopPointRef ref="SE:020:ScheduledStopPoint:9022020529079002"/>
    <ForAlighting>true</ForAlighting>
    <ForBoarding>true</ForBoarding>
    <RequestStop>true</RequestStop>
</StopPointInJourneyPattern>
<StopPointInJourneyPattern order="3" version="any" id="SE:020:StopPointInJourneyPattern:205339415000021132_205330000095467101">
    <ScheduledStopPointRef ref="SE:020:ScheduledStopPoint:9022020529080002"/>
    <ForAlighting>true</ForAlighting>
    <ForBoarding>true</ForBoarding>
    <RequestStop>true</RequestStop>
</StopPointInJourneyPattern>
<StopPointInJourneyPattern order="4" version="any" id="SE:020:StopPointInJourneyPattern:205339415000021132_205330000095467102">
    <ScheduledStopPointRef ref="SE:020:ScheduledStopPoint:9022020529006002"/>
    <ForAlighting>true</ForAlighting>
    <ForBoarding>true</ForBoarding>
    <RequestStop>true</RequestStop>
</StopPointInJourneyPattern>
<StopPointInJourneyPattern order="5" version="any" id="SE:020:StopPointInJourneyPattern:205339415000021132_205330000095467103">
    <ScheduledStopPointRef ref="SE:020:ScheduledStopPoint:9022020529007002"/>
    <ForAlighting>true</ForAlighting>
    <ForBoarding>true</ForBoarding>
    <RequestStop>true</RequestStop>
</StopPointInJourneyPattern>
<StopPointInJourneyPattern order="6" version="any" id="SE:020:StopPointInJourneyPattern:205339415000021132_205330000095467104">
    <ScheduledStopPointRef ref="SE:020:ScheduledStopPoint:9022020529008002"/>
    <ForAlighting>true</ForAlighting>
    <ForBoarding>true</ForBoarding>
    <RequestStop>true</RequestStop>
</StopPointInJourneyPattern>
<StopPointInJourneyPattern order="7" version="any" id="SE:020:StopPointInJourneyPattern:205339415000021132_205330000095467105">
    <ScheduledStopPointRef ref="SE:020:ScheduledStopPoint:9022020529009002"/>
    <ForAlighting>true</ForAlighting>
    <ForBoarding>true</ForBoarding>
    <RequestStop>true</RequestStop>
</StopPointInJourneyPattern>
<StopPointInJourneyPattern order="8" version="any" id="SE:020:StopPointInJourneyPattern:205339415000021132_205330000095467106">
    <ScheduledStopPointRef ref="SE:020:ScheduledStopPoint:9022020529081002"/>
    <ForAlighting>true</ForAlighting>
    <ForBoarding>true</ForBoarding>
    <RequestStop>true</RequestStop>
</StopPointInJourneyPattern>
<StopPointInJourneyPattern order="9" version="any" id="SE:020:StopPointInJourneyPattern:205339415000021132_205330000095467107">
    <ScheduledStopPointRef ref="SE:020:ScheduledStopPoint:9022020529082002"/>
    <ForAlighting>true</ForAlighting>
    <ForBoarding>true</ForBoarding>
    <RequestStop>true</RequestStop>
</StopPointInJourneyPattern>
<StopPointInJourneyPattern order="10" version="any" id="SE:020:StopPointInJourneyPattern:205339415000021132_205330000095467108">
    <ScheduledStopPointRef ref="SE:020:ScheduledStopPoint:9022020529083002"/>
    <ForAlighting>true</ForAlighting>
    <ForBoarding>true</ForBoarding>
    <RequestStop>true</RequestStop>
</StopPointInJourneyPattern>
<StopPointInJourneyPattern order="11" version="any" id="SE:020:StopPointInJourneyPattern:205339415000021132_205330000095467109">
    <ScheduledStopPointRef ref="SE:020:ScheduledStopPoint:9022020529084002"/>
    <ForAlighting>true</ForAlighting>
    <ForBoarding>true</ForBoarding>
    <RequestStop>true</RequestStop>
</StopPointInJourneyPattern>
<StopPointInJourneyPattern order="12" version="any" id="SE:020:StopPointInJourneyPattern:205339415000021132_205330000095467110">
    <ScheduledStopPointRef ref="SE:020:ScheduledStopPoint:9022020529085002"/>
    <ForAlighting>true</ForAlighting>
    <ForBoarding>true</ForBoarding>
    <RequestStop>true</RequestStop>
</StopPointInJourneyPattern>
<StopPointInJourneyPattern order="13" version="any" id="SE:020:StopPointInJourneyPattern:205339415000021132_205330000095467111">
    <ScheduledStopPointRef ref="SE:020:ScheduledStopPoint:9022020529086002"/>
    <ForAlighting>true</ForAlighting>
    <ForBoarding>true</ForBoarding>
    <RequestStop>true</RequestStop>
</StopPointInJourneyPattern>
<StopPointInJourneyPattern order="14" version="any" id="SE:020:StopPointInJourneyPattern:205339415000021132_205330000095467112">
    <ScheduledStopPointRef ref="SE:020:ScheduledStopPoint:9022020529087002"/>
    <ForAlighting>true</ForAlighting>
    <ForBoarding>true</ForBoarding>
    <RequestStop>true</RequestStop>
</StopPointInJourneyPattern>
<StopPointInJourneyPattern order="15" version="any" id="SE:020:StopPointInJourneyPattern:205339415000021132_205330000095467113">
    <ScheduledStopPointRef ref="SE:020:ScheduledStopPoint:9022020529088002"/>
    <ForAlighting>true</ForAlighting>
    <ForBoarding>true</ForBoarding>
    <RequestStop>true</RequestStop>
</StopPointInJourneyPattern>
<StopPointInJourneyPattern order="16" version="any" id="SE:020:StopPointInJourneyPattern:205339415000021132_205330000095467114">
    <ScheduledStopPointRef ref="SE:020:ScheduledStopPoint:9022020529089002"/>
    <ForAlighting>true</ForAlighting>
    <ForBoarding>true</ForBoarding>
    <RequestStop>true</RequestStop>
</StopPointInJourneyPattern>
<StopPointInJourneyPattern order="17" version="any" id="SE:020:StopPointInJourneyPattern:205339415000021132_205330000095467115">
    <ScheduledStopPointRef ref="SE:020:ScheduledStopPoint:9022020529012002"/>
    <ForAlighting>true</ForAlighting>
    <ForBoarding>true</ForBoarding>
    <RequestStop>true</RequestStop>
</StopPointInJourneyPattern>
<StopPointInJourneyPattern order="18" version="any" id="SE:020:StopPointInJourneyPattern:205339415000021132_205330000095467116">
    <ScheduledStopPointRef ref="SE:020:ScheduledStopPoint:9022020529052001"/>
    <ForAlighting>true</ForAlighting>
    <ForBoarding>true</ForBoarding>
    <RequestStop>true</RequestStop>
</StopPointInJourneyPattern>
<StopPointInJourneyPattern order="19" version="any" id="SE:020:StopPointInJourneyPattern:205339415000021132_205330000095467117">
    <ScheduledStopPointRef ref="SE:020:ScheduledStopPoint:9022020529053001"/>
    <ForAlighting>true</ForAlighting>
    <ForBoarding>true</ForBoarding>
    <RequestStop>true</RequestStop>
</StopPointInJourneyPattern>
<StopPointInJourneyPattern order="20" version="any" id="SE:020:StopPointInJourneyPattern:205339415000021132_205330000095467118">
    <ScheduledStopPointRef ref="SE:020:ScheduledStopPoint:9022020529054001"/>
    <ForAlighting>true</ForAlighting>
    <ForBoarding>false</ForBoarding>
    <RequestStop>true</RequestStop>
</StopPointInJourneyPattern>
                            </pointsInSequence>
                            <linksInSequence>
<ServiceLinkInJourneyPattern order="1" version="any" id="SE:020:ServiceLinkInJourneyPattern:BUS_40423">
    <ServiceLinkRef ref="SE:020:ServiceLink:BUS_9025020052907801_9025020052907902"/>
</ServiceLinkInJourneyPattern>
<ServiceLinkInJourneyPattern order="2" version="any" id="SE:020:ServiceLinkInJourneyPattern:BUS_40424">
    <ServiceLinkRef ref="SE:020:ServiceLink:BUS_9025020052907902_9025020052908002"/>
</ServiceLinkInJourneyPattern>
<ServiceLinkInJourneyPattern order="3" version="any" id="SE:020:ServiceLinkInJourneyPattern:BUS_40425">
    <ServiceLinkRef ref="SE:020:ServiceLink:BUS_9025020052908002_9025020052900602"/>
</ServiceLinkInJourneyPattern>
<ServiceLinkInJourneyPattern order="4" version="any" id="SE:020:ServiceLinkInJourneyPattern:BUS_40426">
    <ServiceLinkRef ref="SE:020:ServiceLink:BUS_9025020052900602_9025020052900702"/>
</ServiceLinkInJourneyPattern>
<ServiceLinkInJourneyPattern order="5" version="any" id="SE:020:ServiceLinkInJourneyPattern:BUS_40427">
    <ServiceLinkRef ref="SE:020:ServiceLink:BUS_9025020052900702_9025020052900802"/>
</ServiceLinkInJourneyPattern>
<ServiceLinkInJourneyPattern order="6" version="any" id="SE:020:ServiceLinkInJourneyPattern:BUS_40428">
    <ServiceLinkRef ref="SE:020:ServiceLink:BUS_9025020052900802_9025020052900902"/>
</ServiceLinkInJourneyPattern>
<ServiceLinkInJourneyPattern order="7" version="any" id="SE:020:ServiceLinkInJourneyPattern:BUS_40429">
    <ServiceLinkRef ref="SE:020:ServiceLink:BUS_9025020052900902_9025020052908102"/>
</ServiceLinkInJourneyPattern>
<ServiceLinkInJourneyPattern order="8" version="any" id="SE:020:ServiceLinkInJourneyPattern:BUS_40430">
    <ServiceLinkRef ref="SE:020:ServiceLink:BUS_9025020052908102_9025020052908202"/>
</ServiceLinkInJourneyPattern>
<ServiceLinkInJourneyPattern order="9" version="any" id="SE:020:ServiceLinkInJourneyPattern:BUS_40431">
    <ServiceLinkRef ref="SE:020:ServiceLink:BUS_9025020052908202_9025020052908302"/>
</ServiceLinkInJourneyPattern>
<ServiceLinkInJourneyPattern order="10" version="any" id="SE:020:ServiceLinkInJourneyPattern:BUS_40432">
    <ServiceLinkRef ref="SE:020:ServiceLink:BUS_9025020052908302_9025020052908402"/>
</ServiceLinkInJourneyPattern>
<ServiceLinkInJourneyPattern order="11" version="any" id="SE:020:ServiceLinkInJourneyPattern:BUS_40433">
    <ServiceLinkRef ref="SE:020:ServiceLink:BUS_9025020052908402_9025020052908502"/>
</ServiceLinkInJourneyPattern>
<ServiceLinkInJourneyPattern order="12" version="any" id="SE:020:ServiceLinkInJourneyPattern:BUS_40434">
    <ServiceLinkRef ref="SE:020:ServiceLink:BUS_9025020052908502_9025020052908602"/>
</ServiceLinkInJourneyPattern>
<ServiceLinkInJourneyPattern order="13" version="any" id="SE:020:ServiceLinkInJourneyPattern:BUS_40435">
    <ServiceLinkRef ref="SE:020:ServiceLink:BUS_9025020052908602_9025020052908702"/>
</ServiceLinkInJourneyPattern>
<ServiceLinkInJourneyPattern order="14" version="any" id="SE:020:ServiceLinkInJourneyPattern:BUS_40436">
    <ServiceLinkRef ref="SE:020:ServiceLink:BUS_9025020052908702_9025020052908802"/>
</ServiceLinkInJourneyPattern>
<ServiceLinkInJourneyPattern order="15" version="any" id="SE:020:ServiceLinkInJourneyPattern:BUS_40437">
    <ServiceLinkRef ref="SE:020:ServiceLink:BUS_9025020052908802_9025020052908902"/>
</ServiceLinkInJourneyPattern>
<ServiceLinkInJourneyPattern order="16" version="any" id="SE:020:ServiceLinkInJourneyPattern:BUS_40438">
    <ServiceLinkRef ref="SE:020:ServiceLink:BUS_9025020052908902_9025020052901202"/>
</ServiceLinkInJourneyPattern>
<ServiceLinkInJourneyPattern order="17" version="any" id="SE:020:ServiceLinkInJourneyPattern:BUS_40439">
    <ServiceLinkRef ref="SE:020:ServiceLink:BUS_9025020052901202_9025020052905201"/>
</ServiceLinkInJourneyPattern>
<ServiceLinkInJourneyPattern order="18" version="any" id="SE:020:ServiceLinkInJourneyPattern:BUS_40440">
    <ServiceLinkRef ref="SE:020:ServiceLink:BUS_9025020052905201_9025020052905301"/>
</ServiceLinkInJourneyPattern>
<ServiceLinkInJourneyPattern order="19" version="any" id="SE:020:ServiceLinkInJourneyPattern:BUS_40441">
    <ServiceLinkRef ref="SE:020:ServiceLink:BUS_9025020052905301_9025020052905401"/>
</ServiceLinkInJourneyPattern>
                            </linksInSequence>
                        </JourneyPattern>
                        <JourneyPattern version="any" id="SE:020:JourneyPattern:205339415000024683">
                            <RouteRef ref="SE:020:Route:205330000095467094" version="any"/>
                            <pointsInSequence>
<StopPointInJourneyPattern order="1" version="any" id="SE:020:StopPointInJourneyPattern:205339415000024683_205330000095467099">
    <ScheduledStopPointRef ref="SE:020:ScheduledStopPoint:9022020529078001"/>
    <ForAlighting>false</ForAlighting>
    <ForBoarding>true</ForBoarding>
    <DestinationDisplayRef ref="SE:020:DestinationDisplay:205330000113220344"/>
    <RequestStop>true</RequestStop>
</StopPointInJourneyPattern>
<StopPointInJourneyPattern order="2" version="any" id="SE:020:StopPointInJourneyPattern:205339415000024683_205330000095467100">
    <ScheduledStopPointRef ref="SE:020:ScheduledStopPoint:9022020529079002"/>
    <ForAlighting>true</ForAlighting>
    <ForBoarding>true</ForBoarding>
    <RequestStop>true</RequestStop>
</StopPointInJourneyPattern>
<StopPointInJourneyPattern order="3" version="any" id="SE:020:StopPointInJourneyPattern:205339415000024683_205330000095467101">
    <ScheduledStopPointRef ref="SE:020:ScheduledStopPoint:9022020529080002"/>
    <ForAlighting>true</ForAlighting>
    <ForBoarding>true</ForBoarding>
    <RequestStop>true</RequestStop>
</StopPointInJourneyPattern>
<StopPointInJourneyPattern order="4" version="any" id="SE:020:StopPointInJourneyPattern:205339415000024683_205330000095467102">
    <ScheduledStopPointRef ref="SE:020:ScheduledStopPoint:9022020529006002"/>
    <ForAlighting>true</ForAlighting>
    <ForBoarding>true</ForBoarding>
    <RequestStop>true</RequestStop>
</StopPointInJourneyPattern>
<StopPointInJourneyPattern order="5" version="any" id="SE:020:StopPointInJourneyPattern:205339415000024683_205330000095467103">
    <ScheduledStopPointRef ref="SE:020:ScheduledStopPoint:9022020529007002"/>
    <ForAlighting>true</ForAlighting>
    <ForBoarding>true</ForBoarding>
    <RequestStop>true</RequestStop>
</StopPointInJourneyPattern>
<StopPointInJourneyPattern order="6" version="any" id="SE:020:StopPointInJourneyPattern:205339415000024683_205330000095467104">
    <ScheduledStopPointRef ref="SE:020:ScheduledStopPoint:9022020529008002"/>
    <ForAlighting>true</ForAlighting>
    <ForBoarding>true</ForBoarding>
    <RequestStop>true</RequestStop>
</StopPointInJourneyPattern>
<StopPointInJourneyPattern order="7" version="any" id="SE:020:StopPointInJourneyPattern:205339415000024683_205330000095467105">
    <ScheduledStopPointRef ref="SE:020:ScheduledStopPoint:9022020529009002"/>
    <ForAlighting>true</ForAlighting>
    <ForBoarding>true</ForBoarding>
    <RequestStop>true</RequestStop>
</StopPointInJourneyPattern>
<StopPointInJourneyPattern order="8" version="any" id="SE:020:StopPointInJourneyPattern:205339415000024683_205330000095467106">
    <ScheduledStopPointRef ref="SE:020:ScheduledStopPoint:9022020529081002"/>
    <ForAlighting>true</ForAlighting>
    <ForBoarding>true</ForBoarding>
    <RequestStop>true</RequestStop>
</StopPointInJourneyPattern>
<StopPointInJourneyPattern order="9" version="any" id="SE:020:StopPointInJourneyPattern:205339415000024683_205330000095467107">
    <ScheduledStopPointRef ref="SE:020:ScheduledStopPoint:9022020529082002"/>
    <ForAlighting>true</ForAlighting>
    <ForBoarding>true</ForBoarding>
    <RequestStop>true</RequestStop>
</StopPointInJourneyPattern>
<StopPointInJourneyPattern order="10" version="any" id="SE:020:StopPointInJourneyPattern:205339415000024683_205330000095467108">
    <ScheduledStopPointRef ref="SE:020:ScheduledStopPoint:9022020529083002"/>
    <ForAlighting>true</ForAlighting>
    <ForBoarding>true</ForBoarding>
    <RequestStop>true</RequestStop>
</StopPointInJourneyPattern>
<StopPointInJourneyPattern order="11" version="any" id="SE:020:StopPointInJourneyPattern:205339415000024683_205330000095467109">
    <ScheduledStopPointRef ref="SE:020:ScheduledStopPoint:9022020529084002"/>
    <ForAlighting>true</ForAlighting>
    <ForBoarding>true</ForBoarding>
    <RequestStop>true</RequestStop>
</StopPointInJourneyPattern>
<StopPointInJourneyPattern order="12" version="any" id="SE:020:StopPointInJourneyPattern:205339415000024683_205330000095467110">
    <ScheduledStopPointRef ref="SE:020:ScheduledStopPoint:9022020529085002"/>
    <ForAlighting>true</ForAlighting>
    <ForBoarding>true</ForBoarding>
    <RequestStop>true</RequestStop>
</StopPointInJourneyPattern>
<StopPointInJourneyPattern order="13" version="any" id="SE:020:StopPointInJourneyPattern:205339415000024683_205330000095467111">
    <ScheduledStopPointRef ref="SE:020:ScheduledStopPoint:9022020529086002"/>
    <ForAlighting>true</ForAlighting>
    <ForBoarding>true</ForBoarding>
    <RequestStop>true</RequestStop>
</StopPointInJourneyPattern>
<StopPointInJourneyPattern order="14" version="any" id="SE:020:StopPointInJourneyPattern:205339415000024683_205330000095467112">
    <ScheduledStopPointRef ref="SE:020:ScheduledStopPoint:9022020529087002"/>
    <ForAlighting>true</ForAlighting>
    <ForBoarding>true</ForBoarding>
    <RequestStop>true</RequestStop>
</StopPointInJourneyPattern>
<StopPointInJourneyPattern order="15" version="any" id="SE:020:StopPointInJourneyPattern:205339415000024683_205330000095467113">
    <ScheduledStopPointRef ref="SE:020:ScheduledStopPoint:9022020529088002"/>
    <ForAlighting>true</ForAlighting>
    <ForBoarding>true</ForBoarding>
    <RequestStop>true</RequestStop>
</StopPointInJourneyPattern>
<StopPointInJourneyPattern order="16" version="any" id="SE:020:StopPointInJourneyPattern:205339415000024683_205330000095467114">
    <ScheduledStopPointRef ref="SE:020:ScheduledStopPoint:9022020529089002"/>
    <ForAlighting>true</ForAlighting>
    <ForBoarding>true</ForBoarding>
    <RequestStop>true</RequestStop>
</StopPointInJourneyPattern>
<StopPointInJourneyPattern order="17" version="any" id="SE:020:StopPointInJourneyPattern:205339415000024683_205330000095467115">
    <ScheduledStopPointRef ref="SE:020:ScheduledStopPoint:9022020529012002"/>
    <ForAlighting>true</ForAlighting>
    <ForBoarding>true</ForBoarding>
    <RequestStop>true</RequestStop>
</StopPointInJourneyPattern>
<StopPointInJourneyPattern order="18" version="any" id="SE:020:StopPointInJourneyPattern:205339415000024683_205330000095467116">
    <ScheduledStopPointRef ref="SE:020:ScheduledStopPoint:9022020529052001"/>
    <ForAlighting>true</ForAlighting>
    <ForBoarding>true</ForBoarding>
    <RequestStop>true</RequestStop>
</StopPointInJourneyPattern>
<StopPointInJourneyPattern order="19" version="any" id="SE:020:StopPointInJourneyPattern:205339415000024683_205330000095467117">
    <ScheduledStopPointRef ref="SE:020:ScheduledStopPoint:9022020529053001"/>
    <ForAlighting>true</ForAlighting>
    <ForBoarding>true</ForBoarding>
    <RequestStop>true</RequestStop>
</StopPointInJourneyPattern>
<StopPointInJourneyPattern order="20" version="any" id="SE:020:StopPointInJourneyPattern:205339415000024683_205330000095467118">
    <ScheduledStopPointRef ref="SE:020:ScheduledStopPoint:9022020529054001"/>
    <ForAlighting>true</ForAlighting>
    <ForBoarding>false</ForBoarding>
    <RequestStop>true</RequestStop>
</StopPointInJourneyPattern>
                            </pointsInSequence>
                            <linksInSequence>
<ServiceLinkInJourneyPattern order="1" version="any" id="SE:020:ServiceLinkInJourneyPattern:BUS_40442">
    <ServiceLinkRef ref="SE:020:ServiceLink:BUS_9025020052907801_9025020052907902"/>
</ServiceLinkInJourneyPattern>
<ServiceLinkInJourneyPattern order="2" version="any" id="SE:020:ServiceLinkInJourneyPattern:BUS_40443">
    <ServiceLinkRef ref="SE:020:ServiceLink:BUS_9025020052907902_9025020052908002"/>
</ServiceLinkInJourneyPattern>
<ServiceLinkInJourneyPattern order="3" version="any" id="SE:020:ServiceLinkInJourneyPattern:BUS_40444">
    <ServiceLinkRef ref="SE:020:ServiceLink:BUS_9025020052908002_9025020052900602"/>
</ServiceLinkInJourneyPattern>
<ServiceLinkInJourneyPattern order="4" version="any" id="SE:020:ServiceLinkInJourneyPattern:BUS_40445">
    <ServiceLinkRef ref="SE:020:ServiceLink:BUS_9025020052900602_9025020052900702"/>
</ServiceLinkInJourneyPattern>
<ServiceLinkInJourneyPattern order="5" version="any" id="SE:020:ServiceLinkInJourneyPattern:BUS_40446">
    <ServiceLinkRef ref="SE:020:ServiceLink:BUS_9025020052900702_9025020052900802"/>
</ServiceLinkInJourneyPattern>
<ServiceLinkInJourneyPattern order="6" version="any" id="SE:020:ServiceLinkInJourneyPattern:BUS_40447">
    <ServiceLinkRef ref="SE:020:ServiceLink:BUS_9025020052900802_9025020052900902"/>
</ServiceLinkInJourneyPattern>
<ServiceLinkInJourneyPattern order="7" version="any" id="SE:020:ServiceLinkInJourneyPattern:BUS_40448">
    <ServiceLinkRef ref="SE:020:ServiceLink:BUS_9025020052900902_9025020052908102"/>
</ServiceLinkInJourneyPattern>
<ServiceLinkInJourneyPattern order="8" version="any" id="SE:020:ServiceLinkInJourneyPattern:BUS_40449">
    <ServiceLinkRef ref="SE:020:ServiceLink:BUS_9025020052908102_9025020052908202"/>
</ServiceLinkInJourneyPattern>
<ServiceLinkInJourneyPattern order="9" version="any" id="SE:020:ServiceLinkInJourneyPattern:BUS_40450">
    <ServiceLinkRef ref="SE:020:ServiceLink:BUS_9025020052908202_9025020052908302"/>
</ServiceLinkInJourneyPattern>
<ServiceLinkInJourneyPattern order="10" version="any" id="SE:020:ServiceLinkInJourneyPattern:BUS_40451">
    <ServiceLinkRef ref="SE:020:ServiceLink:BUS_9025020052908302_9025020052908402"/>
</ServiceLinkInJourneyPattern>
<ServiceLinkInJourneyPattern order="11" version="any" id="SE:020:ServiceLinkInJourneyPattern:BUS_40452">
    <ServiceLinkRef ref="SE:020:ServiceLink:BUS_9025020052908402_9025020052908502"/>
</ServiceLinkInJourneyPattern>
<ServiceLinkInJourneyPattern order="12" version="any" id="SE:020:ServiceLinkInJourneyPattern:BUS_40453">
    <ServiceLinkRef ref="SE:020:ServiceLink:BUS_9025020052908502_9025020052908602"/>
</ServiceLinkInJourneyPattern>
<ServiceLinkInJourneyPattern order="13" version="any" id="SE:020:ServiceLinkInJourneyPattern:BUS_40454">
    <ServiceLinkRef ref="SE:020:ServiceLink:BUS_9025020052908602_9025020052908702"/>
</ServiceLinkInJourneyPattern>
<ServiceLinkInJourneyPattern order="14" version="any" id="SE:020:ServiceLinkInJourneyPattern:BUS_40455">
    <ServiceLinkRef ref="SE:020:ServiceLink:BUS_9025020052908702_9025020052908802"/>
</ServiceLinkInJourneyPattern>
<ServiceLinkInJourneyPattern order="15" version="any" id="SE:020:ServiceLinkInJourneyPattern:BUS_40456">
    <ServiceLinkRef ref="SE:020:ServiceLink:BUS_9025020052908802_9025020052908902"/>
</ServiceLinkInJourneyPattern>
<ServiceLinkInJourneyPattern order="16" version="any" id="SE:020:ServiceLinkInJourneyPattern:BUS_40457">
    <ServiceLinkRef ref="SE:020:ServiceLink:BUS_9025020052908902_9025020052901202"/>
</ServiceLinkInJourneyPattern>
<ServiceLinkInJourneyPattern order="17" version="any" id="SE:020:ServiceLinkInJourneyPattern:BUS_40458">
    <ServiceLinkRef ref="SE:020:ServiceLink:BUS_9025020052901202_9025020052905201"/>
</ServiceLinkInJourneyPattern>
<ServiceLinkInJourneyPattern order="18" version="any" id="SE:020:ServiceLinkInJourneyPattern:BUS_40459">
    <ServiceLinkRef ref="SE:020:ServiceLink:BUS_9025020052905201_9025020052905301"/>
</ServiceLinkInJourneyPattern>
<ServiceLinkInJourneyPattern order="19" version="any" id="SE:020:ServiceLinkInJourneyPattern:BUS_40460">
    <ServiceLinkRef ref="SE:020:ServiceLink:BUS_9025020052905301_9025020052905401"/>
</ServiceLinkInJourneyPattern>
                            </linksInSequence>
                        </JourneyPattern>
                        <JourneyPattern version="any" id="SE:020:JourneyPattern:205339415000021133">
                            <RouteRef ref="SE:020:Route:205330000095467130" version="any"/>
                            <pointsInSequence>
<StopPointInJourneyPattern order="1" version="any" id="SE:020:StopPointInJourneyPattern:205339415000021133_205330000095467135">
    <ScheduledStopPointRef ref="SE:020:ScheduledStopPoint:9022020529054002"/>
    <ForAlighting>false</ForAlighting>
    <ForBoarding>true</ForBoarding>
    <DestinationDisplayRef ref="SE:020:DestinationDisplay:205330000095467162"/>
    <RequestStop>true</RequestStop>
</StopPointInJourneyPattern>
<StopPointInJourneyPattern order="2" version="any" id="SE:020:StopPointInJourneyPattern:205339415000021133_205330000095467136">
    <ScheduledStopPointRef ref="SE:020:ScheduledStopPoint:9022020529053001"/>
    <ForAlighting>true</ForAlighting>
    <ForBoarding>true</ForBoarding>
    <RequestStop>true</RequestStop>
</StopPointInJourneyPattern>
<StopPointInJourneyPattern order="3" version="any" id="SE:020:StopPointInJourneyPattern:205339415000021133_205330000095467137">
    <ScheduledStopPointRef ref="SE:020:ScheduledStopPoint:9022020529052002"/>
    <ForAlighting>true</ForAlighting>
    <ForBoarding>true</ForBoarding>
    <RequestStop>true</RequestStop>
</StopPointInJourneyPattern>
<StopPointInJourneyPattern order="4" version="any" id="SE:020:StopPointInJourneyPattern:205339415000021133_205330000095467138">
    <ScheduledStopPointRef ref="SE:020:ScheduledStopPoint:9022020529012001"/>
    <ForAlighting>true</ForAlighting>
    <ForBoarding>true</ForBoarding>
    <RequestStop>true</RequestStop>
</StopPointInJourneyPattern>
<StopPointInJourneyPattern order="5" version="any" id="SE:020:StopPointInJourneyPattern:205339415000021133_205330000095467139">
    <ScheduledStopPointRef ref="SE:020:ScheduledStopPoint:9022020529089001"/>
    <ForAlighting>true</ForAlighting>
    <ForBoarding>true</ForBoarding>
    <RequestStop>true</RequestStop>
</StopPointInJourneyPattern>
<StopPointInJourneyPattern order="6" version="any" id="SE:020:StopPointInJourneyPattern:205339415000021133_205330000095467140">
    <ScheduledStopPointRef ref="SE:020:ScheduledStopPoint:9022020529088001"/>
    <ForAlighting>true</ForAlighting>
    <ForBoarding>true</ForBoarding>
    <RequestStop>true</RequestStop>
</StopPointInJourneyPattern>
<StopPointInJourneyPattern order="7" version="any" id="SE:020:StopPointInJourneyPattern:205339415000021133_205330000095467141">
    <ScheduledStopPointRef ref="SE:020:ScheduledStopPoint:9022020529087001"/>
    <ForAlighting>true</ForAlighting>
    <ForBoarding>true</ForBoarding>
    <RequestStop>true</RequestStop>
</StopPointInJourneyPattern>
<StopPointInJourneyPattern order="8" version="any" id="SE:020:StopPointInJourneyPattern:205339415000021133_205330000095467142">
    <ScheduledStopPointRef ref="SE:020:ScheduledStopPoint:9022020529086001"/>
    <ForAlighting>true</ForAlighting>
    <ForBoarding>true</ForBoarding>
    <RequestStop>true</RequestStop>
</StopPointInJourneyPattern>
<StopPointInJourneyPattern order="9" version="any" id="SE:020:StopPointInJourneyPattern:205339415000021133_205330000095467143">
    <ScheduledStopPointRef ref="SE:020:ScheduledStopPoint:9022020529085001"/>
    <ForAlighting>true</ForAlighting>
    <ForBoarding>true</ForBoarding>
    <RequestStop>true</RequestStop>
</StopPointInJourneyPattern>
<StopPointInJourneyPattern order="10" version="any" id="SE:020:StopPointInJourneyPattern:205339415000021133_205330000095467144">
    <ScheduledStopPointRef ref="SE:020:ScheduledStopPoint:9022020529084001"/>
    <ForAlighting>true</ForAlighting>
    <ForBoarding>true</ForBoarding>
    <RequestStop>true</RequestStop>
</StopPointInJourneyPattern>
<StopPointInJourneyPattern order="11" version="any" id="SE:020:StopPointInJourneyPattern:205339415000021133_205330000095467145">
    <ScheduledStopPointRef ref="SE:020:ScheduledStopPoint:9022020529083001"/>
    <ForAlighting>true</ForAlighting>
    <ForBoarding>true</ForBoarding>
    <RequestStop>true</RequestStop>
</StopPointInJourneyPattern>
<StopPointInJourneyPattern order="12" version="any" id="SE:020:StopPointInJourneyPattern:205339415000021133_205330000095467146">
    <ScheduledStopPointRef ref="SE:020:ScheduledStopPoint:9022020529082001"/>
    <ForAlighting>true</ForAlighting>
    <ForBoarding>true</ForBoarding>
    <RequestStop>true</RequestStop>
</StopPointInJourneyPattern>
<StopPointInJourneyPattern order="13" version="any" id="SE:020:StopPointInJourneyPattern:205339415000021133_205330000095467147">
    <ScheduledStopPointRef ref="SE:020:ScheduledStopPoint:9022020529081001"/>
    <ForAlighting>true</ForAlighting>
    <ForBoarding>true</ForBoarding>
    <RequestStop>true</RequestStop>
</StopPointInJourneyPattern>
<StopPointInJourneyPattern order="14" version="any" id="SE:020:StopPointInJourneyPattern:205339415000021133_205330000095467148">
    <ScheduledStopPointRef ref="SE:020:ScheduledStopPoint:9022020529009001"/>
    <ForAlighting>true</ForAlighting>
    <ForBoarding>true</ForBoarding>
    <RequestStop>true</RequestStop>
</StopPointInJourneyPattern>
<StopPointInJourneyPattern order="15" version="any" id="SE:020:StopPointInJourneyPattern:205339415000021133_205330000095467149">
    <ScheduledStopPointRef ref="SE:020:ScheduledStopPoint:9022020529008001"/>
    <ForAlighting>true</ForAlighting>
    <ForBoarding>true</ForBoarding>
    <RequestStop>true</RequestStop>
</StopPointInJourneyPattern>
<StopPointInJourneyPattern order="16" version="any" id="SE:020:StopPointInJourneyPattern:205339415000021133_205330000095467150">
    <ScheduledStopPointRef ref="SE:020:ScheduledStopPoint:9022020529007001"/>
    <ForAlighting>true</ForAlighting>
    <ForBoarding>true</ForBoarding>
    <RequestStop>true</RequestStop>
</StopPointInJourneyPattern>
<StopPointInJourneyPattern order="17" version="any" id="SE:020:StopPointInJourneyPattern:205339415000021133_205330000095467151">
    <ScheduledStopPointRef ref="SE:020:ScheduledStopPoint:9022020529006001"/>
    <ForAlighting>true</ForAlighting>
    <ForBoarding>true</ForBoarding>
    <RequestStop>true</RequestStop>
</StopPointInJourneyPattern>
<StopPointInJourneyPattern order="18" version="any" id="SE:020:StopPointInJourneyPattern:205339415000021133_205330000095467152">
    <ScheduledStopPointRef ref="SE:020:ScheduledStopPoint:9022020529080001"/>
    <ForAlighting>true</ForAlighting>
    <ForBoarding>true</ForBoarding>
    <RequestStop>true</RequestStop>
</StopPointInJourneyPattern>
<StopPointInJourneyPattern order="19" version="any" id="SE:020:StopPointInJourneyPattern:205339415000021133_205330000095467153">
    <ScheduledStopPointRef ref="SE:020:ScheduledStopPoint:9022020529079001"/>
    <ForAlighting>true</ForAlighting>
    <ForBoarding>true</ForBoarding>
    <RequestStop>true</RequestStop>
</StopPointInJourneyPattern>
<StopPointInJourneyPattern order="20" version="any" id="SE:020:StopPointInJourneyPattern:205339415000021133_205330000095467154">
    <ScheduledStopPointRef ref="SE:020:ScheduledStopPoint:9022020529078002"/>
    <ForAlighting>true</ForAlighting>
    <ForBoarding>false</ForBoarding>
    <RequestStop>true</RequestStop>
</StopPointInJourneyPattern>
                            </pointsInSequence>
                            <linksInSequence>
<ServiceLinkInJourneyPattern order="1" version="any" id="SE:020:ServiceLinkInJourneyPattern:BUS_40461">
    <ServiceLinkRef ref="SE:020:ServiceLink:BUS_9025020052905402_9025020052905301"/>
</ServiceLinkInJourneyPattern>
<ServiceLinkInJourneyPattern order="2" version="any" id="SE:020:ServiceLinkInJourneyPattern:BUS_40462">
    <ServiceLinkRef ref="SE:020:ServiceLink:BUS_9025020052905301_9025020052905202"/>
</ServiceLinkInJourneyPattern>
<ServiceLinkInJourneyPattern order="3" version="any" id="SE:020:ServiceLinkInJourneyPattern:BUS_40463">
    <ServiceLinkRef ref="SE:020:ServiceLink:BUS_9025020052905202_9025020052901201"/>
</ServiceLinkInJourneyPattern>
<ServiceLinkInJourneyPattern order="4" version="any" id="SE:020:ServiceLinkInJourneyPattern:BUS_40464">
    <ServiceLinkRef ref="SE:020:ServiceLink:BUS_9025020052901201_9025020052908901"/>
</ServiceLinkInJourneyPattern>
<ServiceLinkInJourneyPattern order="5" version="any" id="SE:020:ServiceLinkInJourneyPattern:BUS_40465">
    <ServiceLinkRef ref="SE:020:ServiceLink:BUS_9025020052908901_9025020052908801"/>
</ServiceLinkInJourneyPattern>
<ServiceLinkInJourneyPattern order="6" version="any" id="SE:020:ServiceLinkInJourneyPattern:BUS_40466">
    <ServiceLinkRef ref="SE:020:ServiceLink:BUS_9025020052908801_9025020052908701"/>
</ServiceLinkInJourneyPattern>
<ServiceLinkInJourneyPattern order="7" version="any" id="SE:020:ServiceLinkInJourneyPattern:BUS_40467">
    <ServiceLinkRef ref="SE:020:ServiceLink:BUS_9025020052908701_9025020052908601"/>
</ServiceLinkInJourneyPattern>
<ServiceLinkInJourneyPattern order="8" version="any" id="SE:020:ServiceLinkInJourneyPattern:BUS_40468">
    <ServiceLinkRef ref="SE:020:ServiceLink:BUS_9025020052908601_9025020052908501"/>
</ServiceLinkInJourneyPattern>
<ServiceLinkInJourneyPattern order="9" version="any" id="SE:020:ServiceLinkInJourneyPattern:BUS_40469">
    <ServiceLinkRef ref="SE:020:ServiceLink:BUS_9025020052908501_9025020052908401"/>
</ServiceLinkInJourneyPattern>
<ServiceLinkInJourneyPattern order="10" version="any" id="SE:020:ServiceLinkInJourneyPattern:BUS_40470">
    <ServiceLinkRef ref="SE:020:ServiceLink:BUS_9025020052908401_9025020052908301"/>
</ServiceLinkInJourneyPattern>
<ServiceLinkInJourneyPattern order="11" version="any" id="SE:020:ServiceLinkInJourneyPattern:BUS_40471">
    <ServiceLinkRef ref="SE:020:ServiceLink:BUS_9025020052908301_9025020052908201"/>
</ServiceLinkInJourneyPattern>
<ServiceLinkInJourneyPattern order="12" version="any" id="SE:020:ServiceLinkInJourneyPattern:BUS_40472">
    <ServiceLinkRef ref="SE:020:ServiceLink:BUS_9025020052908201_9025020052908101"/>
</ServiceLinkInJourneyPattern>
<ServiceLinkInJourneyPattern order="13" version="any" id="SE:020:ServiceLinkInJourneyPattern:BUS_40473">
    <ServiceLinkRef ref="SE:020:ServiceLink:BUS_9025020052908101_9025020052900901"/>
</ServiceLinkInJourneyPattern>
<ServiceLinkInJourneyPattern order="14" version="any" id="SE:020:ServiceLinkInJourneyPattern:BUS_40474">
    <ServiceLinkRef ref="SE:020:ServiceLink:BUS_9025020052900901_9025020052900801"/>
</ServiceLinkInJourneyPattern>
<ServiceLinkInJourneyPattern order="15" version="any" id="SE:020:ServiceLinkInJourneyPattern:BUS_40475">
    <ServiceLinkRef ref="SE:020:ServiceLink:BUS_9025020052900801_9025020052900701"/>
</ServiceLinkInJourneyPattern>
<ServiceLinkInJourneyPattern order="16" version="any" id="SE:020:ServiceLinkInJourneyPattern:BUS_40476">
    <ServiceLinkRef ref="SE:020:ServiceLink:BUS_9025020052900701_9025020052900601"/>
</ServiceLinkInJourneyPattern>
<ServiceLinkInJourneyPattern order="17" version="any" id="SE:020:ServiceLinkInJourneyPattern:BUS_40477">
    <ServiceLinkRef ref="SE:020:ServiceLink:BUS_9025020052900601_9025020052908001"/>
</ServiceLinkInJourneyPattern>
<ServiceLinkInJourneyPattern order="18" version="any" id="SE:020:ServiceLinkInJourneyPattern:BUS_40478">
    <ServiceLinkRef ref="SE:020:ServiceLink:BUS_9025020052908001_9025020052907901"/>
</ServiceLinkInJourneyPattern>
<ServiceLinkInJourneyPattern order="19" version="any" id="SE:020:ServiceLinkInJourneyPattern:BUS_40479">
    <ServiceLinkRef ref="SE:020:ServiceLink:BUS_9025020052907901_9025020052907802"/>
</ServiceLinkInJourneyPattern>
                            </linksInSequence>
                        </JourneyPattern>
                        <JourneyPattern version="any" id="SE:020:JourneyPattern:205339415000024684">
                            <RouteRef ref="SE:020:Route:205330000095467130" version="any"/>
                            <pointsInSequence>
<StopPointInJourneyPattern order="1" version="any" id="SE:020:StopPointInJourneyPattern:205339415000024684_205330000095467135">
    <ScheduledStopPointRef ref="SE:020:ScheduledStopPoint:9022020529054002"/>
    <ForAlighting>false</ForAlighting>
    <ForBoarding>true</ForBoarding>
    <DestinationDisplayRef ref="SE:020:DestinationDisplay:205330000113220358"/>
    <RequestStop>true</RequestStop>
</StopPointInJourneyPattern>
<StopPointInJourneyPattern order="2" version="any" id="SE:020:StopPointInJourneyPattern:205339415000024684_205330000095467136">
    <ScheduledStopPointRef ref="SE:020:ScheduledStopPoint:9022020529053001"/>
    <ForAlighting>true</ForAlighting>
    <ForBoarding>true</ForBoarding>
    <RequestStop>true</RequestStop>
</StopPointInJourneyPattern>
<StopPointInJourneyPattern order="3" version="any" id="SE:020:StopPointInJourneyPattern:205339415000024684_205330000095467137">
    <ScheduledStopPointRef ref="SE:020:ScheduledStopPoint:9022020529052002"/>
    <ForAlighting>true</ForAlighting>
    <ForBoarding>true</ForBoarding>
    <RequestStop>true</RequestStop>
</StopPointInJourneyPattern>
<StopPointInJourneyPattern order="4" version="any" id="SE:020:StopPointInJourneyPattern:205339415000024684_205330000095467138">
    <ScheduledStopPointRef ref="SE:020:ScheduledStopPoint:9022020529012001"/>
    <ForAlighting>true</ForAlighting>
    <ForBoarding>true</ForBoarding>
    <RequestStop>true</RequestStop>
</StopPointInJourneyPattern>
<StopPointInJourneyPattern order="5" version="any" id="SE:020:StopPointInJourneyPattern:205339415000024684_205330000095467139">
    <ScheduledStopPointRef ref="SE:020:ScheduledStopPoint:9022020529089001"/>
    <ForAlighting>true</ForAlighting>
    <ForBoarding>true</ForBoarding>
    <RequestStop>true</RequestStop>
</StopPointInJourneyPattern>
<StopPointInJourneyPattern order="6" version="any" id="SE:020:StopPointInJourneyPattern:205339415000024684_205330000095467140">
    <ScheduledStopPointRef ref="SE:020:ScheduledStopPoint:9022020529088001"/>
    <ForAlighting>true</ForAlighting>
    <ForBoarding>true</ForBoarding>
    <RequestStop>true</RequestStop>
</StopPointInJourneyPattern>
<StopPointInJourneyPattern order="7" version="any" id="SE:020:StopPointInJourneyPattern:205339415000024684_205330000095467141">
    <ScheduledStopPointRef ref="SE:020:ScheduledStopPoint:9022020529087001"/>
    <ForAlighting>true</ForAlighting>
    <ForBoarding>true</ForBoarding>
    <RequestStop>true</RequestStop>
</StopPointInJourneyPattern>
<StopPointInJourneyPattern order="8" version="any" id="SE:020:StopPointInJourneyPattern:205339415000024684_205330000095467142">
    <ScheduledStopPointRef ref="SE:020:ScheduledStopPoint:9022020529086001"/>
    <ForAlighting>true</ForAlighting>
    <ForBoarding>true</ForBoarding>
    <RequestStop>true</RequestStop>
</StopPointInJourneyPattern>
<StopPointInJourneyPattern order="9" version="any" id="SE:020:StopPointInJourneyPattern:205339415000024684_205330000095467143">
    <ScheduledStopPointRef ref="SE:020:ScheduledStopPoint:9022020529085001"/>
    <ForAlighting>true</ForAlighting>
    <ForBoarding>true</ForBoarding>
    <RequestStop>true</RequestStop>
</StopPointInJourneyPattern>
<StopPointInJourneyPattern order="10" version="any" id="SE:020:StopPointInJourneyPattern:205339415000024684_205330000095467144">
    <ScheduledStopPointRef ref="SE:020:ScheduledStopPoint:9022020529084001"/>
    <ForAlighting>true</ForAlighting>
    <ForBoarding>true</ForBoarding>
    <RequestStop>true</RequestStop>
</StopPointInJourneyPattern>
<StopPointInJourneyPattern order="11" version="any" id="SE:020:StopPointInJourneyPattern:205339415000024684_205330000095467145">
    <ScheduledStopPointRef ref="SE:020:ScheduledStopPoint:9022020529083001"/>
    <ForAlighting>true</ForAlighting>
    <ForBoarding>true</ForBoarding>
    <RequestStop>true</RequestStop>
</StopPointInJourneyPattern>
<StopPointInJourneyPattern order="12" version="any" id="SE:020:StopPointInJourneyPattern:205339415000024684_205330000095467146">
    <ScheduledStopPointRef ref="SE:020:ScheduledStopPoint:9022020529082001"/>
    <ForAlighting>true</ForAlighting>
    <ForBoarding>true</ForBoarding>
    <RequestStop>true</RequestStop>
</StopPointInJourneyPattern>
<StopPointInJourneyPattern order="13" version="any" id="SE:020:StopPointInJourneyPattern:205339415000024684_205330000095467147">
    <ScheduledStopPointRef ref="SE:020:ScheduledStopPoint:9022020529081001"/>
    <ForAlighting>true</ForAlighting>
    <ForBoarding>true</ForBoarding>
    <RequestStop>true</RequestStop>
</StopPointInJourneyPattern>
<StopPointInJourneyPattern order="14" version="any" id="SE:020:StopPointInJourneyPattern:205339415000024684_205330000095467148">
    <ScheduledStopPointRef ref="SE:020:ScheduledStopPoint:9022020529009001"/>
    <ForAlighting>true</ForAlighting>
    <ForBoarding>true</ForBoarding>
    <RequestStop>true</RequestStop>
</StopPointInJourneyPattern>
<StopPointInJourneyPattern order="15" version="any" id="SE:020:StopPointInJourneyPattern:205339415000024684_205330000095467149">
    <ScheduledStopPointRef ref="SE:020:ScheduledStopPoint:9022020529008001"/>
    <ForAlighting>true</ForAlighting>
    <ForBoarding>true</ForBoarding>
    <RequestStop>true</RequestStop>
</StopPointInJourneyPattern>
<StopPointInJourneyPattern order="16" version="any" id="SE:020:StopPointInJourneyPattern:205339415000024684_205330000095467150">
    <ScheduledStopPointRef ref="SE:020:ScheduledStopPoint:9022020529007001"/>
    <ForAlighting>true</ForAlighting>
    <ForBoarding>true</ForBoarding>
    <RequestStop>true</RequestStop>
</StopPointInJourneyPattern>
<StopPointInJourneyPattern order="17" version="any" id="SE:020:StopPointInJourneyPattern:205339415000024684_205330000095467151">
    <ScheduledStopPointRef ref="SE:020:ScheduledStopPoint:9022020529006001"/>
    <ForAlighting>true</ForAlighting>
    <ForBoarding>true</ForBoarding>
    <RequestStop>true</RequestStop>
</StopPointInJourneyPattern>
<StopPointInJourneyPattern order="18" version="any" id="SE:020:StopPointInJourneyPattern:205339415000024684_205330000095467152">
    <ScheduledStopPointRef ref="SE:020:ScheduledStopPoint:9022020529080001"/>
    <ForAlighting>true</ForAlighting>
    <ForBoarding>true</ForBoarding>
    <RequestStop>true</RequestStop>
</StopPointInJourneyPattern>
<StopPointInJourneyPattern order="19" version="any" id="SE:020:StopPointInJourneyPattern:205339415000024684_205330000095467153">
    <ScheduledStopPointRef ref="SE:020:ScheduledStopPoint:9022020529079001"/>
    <ForAlighting>true</ForAlighting>
    <ForBoarding>true</ForBoarding>
    <RequestStop>true</RequestStop>
</StopPointInJourneyPattern>
<StopPointInJourneyPattern order="20" version="any" id="SE:020:StopPointInJourneyPattern:205339415000024684_205330000095467154">
    <ScheduledStopPointRef ref="SE:020:ScheduledStopPoint:9022020529078002"/>
    <ForAlighting>true</ForAlighting>
    <ForBoarding>false</ForBoarding>
    <RequestStop>true</RequestStop>
</StopPointInJourneyPattern>
                            </pointsInSequence>
                            <linksInSequence>
<ServiceLinkInJourneyPattern order="1" version="any" id="SE:020:ServiceLinkInJourneyPattern:BUS_40480">
    <ServiceLinkRef ref="SE:020:ServiceLink:BUS_9025020052905402_9025020052905301"/>
</ServiceLinkInJourneyPattern>
<ServiceLinkInJourneyPattern order="2" version="any" id="SE:020:ServiceLinkInJourneyPattern:BUS_40481">
    <ServiceLinkRef ref="SE:020:ServiceLink:BUS_9025020052905301_9025020052905202"/>
</ServiceLinkInJourneyPattern>
<ServiceLinkInJourneyPattern order="3" version="any" id="SE:020:ServiceLinkInJourneyPattern:BUS_40482">
    <ServiceLinkRef ref="SE:020:ServiceLink:BUS_9025020052905202_9025020052901201"/>
</ServiceLinkInJourneyPattern>
<ServiceLinkInJourneyPattern order="4" version="any" id="SE:020:ServiceLinkInJourneyPattern:BUS_40483">
    <ServiceLinkRef ref="SE:020:ServiceLink:BUS_9025020052901201_9025020052908901"/>
</ServiceLinkInJourneyPattern>
<ServiceLinkInJourneyPattern order="5" version="any" id="SE:020:ServiceLinkInJourneyPattern:BUS_40484">
    <ServiceLinkRef ref="SE:020:ServiceLink:BUS_9025020052908901_9025020052908801"/>
</ServiceLinkInJourneyPattern>
<ServiceLinkInJourneyPattern order="6" version="any" id="SE:020:ServiceLinkInJourneyPattern:BUS_40485">
    <ServiceLinkRef ref="SE:020:ServiceLink:BUS_9025020052908801_9025020052908701"/>
</ServiceLinkInJourneyPattern>
<ServiceLinkInJourneyPattern order="7" version="any" id="SE:020:ServiceLinkInJourneyPattern:BUS_40486">
    <ServiceLinkRef ref="SE:020:ServiceLink:BUS_9025020052908701_9025020052908601"/>
</ServiceLinkInJourneyPattern>
<ServiceLinkInJourneyPattern order="8" version="any" id="SE:020:ServiceLinkInJourneyPattern:BUS_40487">
    <ServiceLinkRef ref="SE:020:ServiceLink:BUS_9025020052908601_9025020052908501"/>
</ServiceLinkInJourneyPattern>
<ServiceLinkInJourneyPattern order="9" version="any" id="SE:020:ServiceLinkInJourneyPattern:BUS_40488">
    <ServiceLinkRef ref="SE:020:ServiceLink:BUS_9025020052908501_9025020052908401"/>
</ServiceLinkInJourneyPattern>
<ServiceLinkInJourneyPattern order="10" version="any" id="SE:020:ServiceLinkInJourneyPattern:BUS_40489">
    <ServiceLinkRef ref="SE:020:ServiceLink:BUS_9025020052908401_9025020052908301"/>
</ServiceLinkInJourneyPattern>
<ServiceLinkInJourneyPattern order="11" version="any" id="SE:020:ServiceLinkInJourneyPattern:BUS_40490">
    <ServiceLinkRef ref="SE:020:ServiceLink:BUS_9025020052908301_9025020052908201"/>
</ServiceLinkInJourneyPattern>
<ServiceLinkInJourneyPattern order="12" version="any" id="SE:020:ServiceLinkInJourneyPattern:BUS_40491">
    <ServiceLinkRef ref="SE:020:ServiceLink:BUS_9025020052908201_9025020052908101"/>
</ServiceLinkInJourneyPattern>
<ServiceLinkInJourneyPattern order="13" version="any" id="SE:020:ServiceLinkInJourneyPattern:BUS_40492">
    <ServiceLinkRef ref="SE:020:ServiceLink:BUS_9025020052908101_9025020052900901"/>
</ServiceLinkInJourneyPattern>
<ServiceLinkInJourneyPattern order="14" version="any" id="SE:020:ServiceLinkInJourneyPattern:BUS_40493">
    <ServiceLinkRef ref="SE:020:ServiceLink:BUS_9025020052900901_9025020052900801"/>
</ServiceLinkInJourneyPattern>
<ServiceLinkInJourneyPattern order="15" version="any" id="SE:020:ServiceLinkInJourneyPattern:BUS_40494">
    <ServiceLinkRef ref="SE:020:ServiceLink:BUS_9025020052900801_9025020052900701"/>
</ServiceLinkInJourneyPattern>
<ServiceLinkInJourneyPattern order="16" version="any" id="SE:020:ServiceLinkInJourneyPattern:BUS_40495">
    <ServiceLinkRef ref="SE:020:ServiceLink:BUS_9025020052900701_9025020052900601"/>
</ServiceLinkInJourneyPattern>
<ServiceLinkInJourneyPattern order="17" version="any" id="SE:020:ServiceLinkInJourneyPattern:BUS_40496">
    <ServiceLinkRef ref="SE:020:ServiceLink:BUS_9025020052900601_9025020052908001"/>
</ServiceLinkInJourneyPattern>
<ServiceLinkInJourneyPattern order="18" version="any" id="SE:020:ServiceLinkInJourneyPattern:BUS_40497">
    <ServiceLinkRef ref="SE:020:ServiceLink:BUS_9025020052908001_9025020052907901"/>
</ServiceLinkInJourneyPattern>
<ServiceLinkInJourneyPattern order="19" version="any" id="SE:020:ServiceLinkInJourneyPattern:BUS_40498">
    <ServiceLinkRef ref="SE:020:ServiceLink:BUS_9025020052907901_9025020052907802"/>
</ServiceLinkInJourneyPattern>
                            </linksInSequence>
                        </JourneyPattern>
                    </journeyPatterns>
                </ServiceFrame>
                <TimetableFrame version="20241009025723" id="SE:020:TimetableFrame:9011020077400000">
                    <vehicleJourneys>
                        <ServiceJourney version="any" id="SE:020:ServiceJourney:205330000113220388">
                            <TransportMode>bus</TransportMode>
                            <TransportSubmode>
<BusSubmode>unknown</BusSubmode>
                            </TransportSubmode>
                            <dayTypes>
<DayTypeRef ref="SE:020:DayType:lvsiokc2t9s6uedj89ko6jkfou11aghp"/>
                            </dayTypes>
                            <JourneyPatternRef ref="SE:020:JourneyPattern:205339415000024683" version="any"/>
                            <OperatorRef ref="SE:020:Operator:9013020810000000"/>
                            <passingTimes>
<TimetabledPassingTime version="any" id="SE:020:TimetabledPassingTime:205330000113220366">
    <StopPointInJourneyPatternRef ref="SE:020:StopPointInJourneyPattern:205339415000024683_205330000095467099" version="any"/>
    <DepartureTime>09:43:00</DepartureTime>
</TimetabledPassingTime>
<TimetabledPassingTime version="any" id="SE:020:TimetabledPassingTime:205330000113220367">
    <StopPointInJourneyPatternRef ref="SE:020:StopPointInJourneyPattern:205339415000024683_205330000095467100" version="any"/>
    <ArrivalTime>09:43:38</ArrivalTime>
    <DepartureTime>09:43:38</DepartureTime>
</TimetabledPassingTime>
<TimetabledPassingTime version="any" id="SE:020:TimetabledPassingTime:205330000113220368">
    <StopPointInJourneyPatternRef ref="SE:020:StopPointInJourneyPattern:205339415000024683_205330000095467101" version="any"/>
    <ArrivalTime>09:44:00</ArrivalTime>
    <DepartureTime>09:44:00</DepartureTime>
</TimetabledPassingTime>
<TimetabledPassingTime version="any" id="SE:020:TimetabledPassingTime:205330000113220369">
    <StopPointInJourneyPatternRef ref="SE:020:StopPointInJourneyPattern:205339415000024683_205330000095467102" version="any"/>
    <ArrivalTime>09:44:21</ArrivalTime>
    <DepartureTime>09:44:21</DepartureTime>
</TimetabledPassingTime>
<TimetabledPassingTime version="any" id="SE:020:TimetabledPassingTime:205330000113220370">
    <StopPointInJourneyPatternRef ref="SE:020:StopPointInJourneyPattern:205339415000024683_205330000095467103" version="any"/>
    <ArrivalTime>09:45:10</ArrivalTime>
    <DepartureTime>09:45:10</DepartureTime>
</TimetabledPassingTime>
<TimetabledPassingTime version="any" id="SE:020:TimetabledPassingTime:205330000113220371">
    <StopPointInJourneyPatternRef ref="SE:020:StopPointInJourneyPattern:205339415000024683_205330000095467104" version="any"/>
    <ArrivalTime>09:45:51</ArrivalTime>
    <DepartureTime>09:45:51</DepartureTime>
</TimetabledPassingTime>
<TimetabledPassingTime version="any" id="SE:020:TimetabledPassingTime:205330000113220372">
    <StopPointInJourneyPatternRef ref="SE:020:StopPointInJourneyPattern:205339415000024683_205330000095467105" version="any"/>
    <ArrivalTime>09:46:13</ArrivalTime>
    <DepartureTime>09:46:13</DepartureTime>
</TimetabledPassingTime>
<TimetabledPassingTime version="any" id="SE:020:TimetabledPassingTime:205330000113220373">
    <StopPointInJourneyPatternRef ref="SE:020:StopPointInJourneyPattern:205339415000024683_205330000095467106" version="any"/>
    <ArrivalTime>09:46:32</ArrivalTime>
    <DepartureTime>09:46:32</DepartureTime>
</TimetabledPassingTime>
<TimetabledPassingTime version="any" id="SE:020:TimetabledPassingTime:205330000113220374">
    <StopPointInJourneyPatternRef ref="SE:020:StopPointInJourneyPattern:205339415000024683_205330000095467107" version="any"/>
    <ArrivalTime>09:47:00</ArrivalTime>
    <DepartureTime>09:47:00</DepartureTime>
</TimetabledPassingTime>
<TimetabledPassingTime version="any" id="SE:020:TimetabledPassingTime:205330000113220375">
    <StopPointInJourneyPatternRef ref="SE:020:StopPointInJourneyPattern:205339415000024683_205330000095467108" version="any"/>
    <ArrivalTime>09:47:28</ArrivalTime>
    <DepartureTime>09:47:28</DepartureTime>
</TimetabledPassingTime>
<TimetabledPassingTime version="any" id="SE:020:TimetabledPassingTime:205330000113220376">
    <StopPointInJourneyPatternRef ref="SE:020:StopPointInJourneyPattern:205339415000024683_205330000095467109" version="any"/>
    <ArrivalTime>09:48:06</ArrivalTime>
    <DepartureTime>09:48:06</DepartureTime>
</TimetabledPassingTime>
<TimetabledPassingTime version="any" id="SE:020:TimetabledPassingTime:205330000113220377">
    <StopPointInJourneyPatternRef ref="SE:020:StopPointInJourneyPattern:205339415000024683_205330000095467110" version="any"/>
    <ArrivalTime>09:48:54</ArrivalTime>
    <DepartureTime>09:48:54</DepartureTime>
</TimetabledPassingTime>
<TimetabledPassingTime version="any" id="SE:020:TimetabledPassingTime:205330000113220378">
    <StopPointInJourneyPatternRef ref="SE:020:StopPointInJourneyPattern:205339415000024683_205330000095467111" version="any"/>
    <ArrivalTime>09:50:00</ArrivalTime>
    <DepartureTime>09:50:00</DepartureTime>
</TimetabledPassingTime>
<TimetabledPassingTime version="any" id="SE:020:TimetabledPassingTime:205330000113220379">
    <StopPointInJourneyPatternRef ref="SE:020:StopPointInJourneyPattern:205339415000024683_205330000095467112" version="any"/>
    <ArrivalTime>09:50:24</ArrivalTime>
    <DepartureTime>09:50:24</DepartureTime>
</TimetabledPassingTime>
<TimetabledPassingTime version="any" id="SE:020:TimetabledPassingTime:205330000113220380">
    <StopPointInJourneyPatternRef ref="SE:020:StopPointInJourneyPattern:205339415000024683_205330000095467113" version="any"/>
    <ArrivalTime>09:50:47</ArrivalTime>
    <DepartureTime>09:50:47</DepartureTime>
</TimetabledPassingTime>
<TimetabledPassingTime version="any" id="SE:020:TimetabledPassingTime:205330000113220381">
    <StopPointInJourneyPatternRef ref="SE:020:StopPointInJourneyPattern:205339415000024683_205330000095467114" version="any"/>
    <ArrivalTime>09:51:15</ArrivalTime>
    <DepartureTime>09:51:15</DepartureTime>
</TimetabledPassingTime>
<TimetabledPassingTime version="any" id="SE:020:TimetabledPassingTime:205330000113220382">
    <StopPointInJourneyPatternRef ref="SE:020:StopPointInJourneyPattern:205339415000024683_205330000095467115" version="any"/>
    <ArrivalTime>09:51:43</ArrivalTime>
    <DepartureTime>09:51:43</DepartureTime>
</TimetabledPassingTime>
<TimetabledPassingTime version="any" id="SE:020:TimetabledPassingTime:205330000113220383">
    <StopPointInJourneyPatternRef ref="SE:020:StopPointInJourneyPattern:205339415000024683_205330000095467116" version="any"/>
    <ArrivalTime>09:52:58</ArrivalTime>
    <DepartureTime>09:52:58</DepartureTime>
</TimetabledPassingTime>
<TimetabledPassingTime version="any" id="SE:020:TimetabledPassingTime:205330000113220384">
    <StopPointInJourneyPatternRef ref="SE:020:StopPointInJourneyPattern:205339415000024683_205330000095467117" version="any"/>
    <ArrivalTime>09:54:00</ArrivalTime>
    <DepartureTime>09:54:00</DepartureTime>
</TimetabledPassingTime>
<TimetabledPassingTime version="any" id="SE:020:TimetabledPassingTime:205330000113220385">
    <StopPointInJourneyPatternRef ref="SE:020:StopPointInJourneyPattern:205339415000024683_205330000095467118" version="any"/>
    <ArrivalTime>09:58:00</ArrivalTime>
</TimetabledPassingTime>
                            </passingTimes>
                            <FlexibleServiceProperties>
<FlexibleServiceType>fixedPassingTimes</FlexibleServiceType>
<BookWhen>advanceOnly</BookWhen>
<BookingNote>Turen ska förbeställas senast 2 timmar före bussens avgångstid, gäller i vår app Dalatrafik eller via telefon 0774-44 00 00.</BookingNote>
                            </FlexibleServiceProperties>
                        </ServiceJourney>
                        <ServiceJourney version="any" id="SE:020:ServiceJourney:205330000116445743">
                            <TransportMode>bus</TransportMode>
                            <TransportSubmode>
<BusSubmode>unknown</BusSubmode>
                            </TransportSubmode>
                            <dayTypes>
<DayTypeRef ref="SE:020:DayType:lvsiokc2t9s6uedj89ko6jkfou11aghp"/>
                            </dayTypes>
                            <JourneyPatternRef ref="SE:020:JourneyPattern:205339415000024684" version="any"/>
                            <OperatorRef ref="SE:020:Operator:9013020810000000"/>
                            <passingTimes>
<TimetabledPassingTime version="any" id="SE:020:TimetabledPassingTime:205330000116445721">
    <StopPointInJourneyPatternRef ref="SE:020:StopPointInJourneyPattern:205339415000024684_205330000095467135" version="any"/>
    <DepartureTime>13:35:00</DepartureTime>
</TimetabledPassingTime>
<TimetabledPassingTime version="any" id="SE:020:TimetabledPassingTime:205330000116445722">
    <StopPointInJourneyPatternRef ref="SE:020:StopPointInJourneyPattern:205339415000024684_205330000095467136" version="any"/>
    <ArrivalTime>13:37:00</ArrivalTime>
    <DepartureTime>13:37:00</DepartureTime>
</TimetabledPassingTime>
<TimetabledPassingTime version="any" id="SE:020:TimetabledPassingTime:205330000116445723">
    <StopPointInJourneyPatternRef ref="SE:020:StopPointInJourneyPattern:205339415000024684_205330000095467137" version="any"/>
    <ArrivalTime>13:37:30</ArrivalTime>
    <DepartureTime>13:37:30</DepartureTime>
</TimetabledPassingTime>
<TimetabledPassingTime version="any" id="SE:020:TimetabledPassingTime:205330000116445724">
    <StopPointInJourneyPatternRef ref="SE:020:StopPointInJourneyPattern:205339415000024684_205330000095467138" version="any"/>
    <ArrivalTime>13:38:21</ArrivalTime>
    <DepartureTime>13:38:21</DepartureTime>
</TimetabledPassingTime>
<TimetabledPassingTime version="any" id="SE:020:TimetabledPassingTime:205330000116445725">
    <StopPointInJourneyPatternRef ref="SE:020:StopPointInJourneyPattern:205339415000024684_205330000095467139" version="any"/>
    <ArrivalTime>13:38:42</ArrivalTime>
    <DepartureTime>13:38:42</DepartureTime>
</TimetabledPassingTime>
<TimetabledPassingTime version="any" id="SE:020:TimetabledPassingTime:205330000116445726">
    <StopPointInJourneyPatternRef ref="SE:020:StopPointInJourneyPattern:205339415000024684_205330000095467140" version="any"/>
    <ArrivalTime>13:39:04</ArrivalTime>
    <DepartureTime>13:39:04</DepartureTime>
</TimetabledPassingTime>
<TimetabledPassingTime version="any" id="SE:020:TimetabledPassingTime:205330000116445727">
    <StopPointInJourneyPatternRef ref="SE:020:StopPointInJourneyPattern:205339415000024684_205330000095467141" version="any"/>
    <ArrivalTime>13:39:22</ArrivalTime>
    <DepartureTime>13:39:22</DepartureTime>
</TimetabledPassingTime>
<TimetabledPassingTime version="any" id="SE:020:TimetabledPassingTime:205330000116445728">
    <StopPointInJourneyPatternRef ref="SE:020:StopPointInJourneyPattern:205339415000024684_205330000095467142" version="any"/>
    <ArrivalTime>13:40:00</ArrivalTime>
    <DepartureTime>13:40:00</DepartureTime>
</TimetabledPassingTime>
<TimetabledPassingTime version="any" id="SE:020:TimetabledPassingTime:205330000116445729">
    <StopPointInJourneyPatternRef ref="SE:020:StopPointInJourneyPattern:205339415000024684_205330000095467143" version="any"/>
    <ArrivalTime>13:40:46</ArrivalTime>
    <DepartureTime>13:40:46</DepartureTime>
</TimetabledPassingTime>
<TimetabledPassingTime version="any" id="SE:020:TimetabledPassingTime:205330000116445730">
    <StopPointInJourneyPatternRef ref="SE:020:StopPointInJourneyPattern:205339415000024684_205330000095467144" version="any"/>
    <ArrivalTime>13:41:36</ArrivalTime>
    <DepartureTime>13:41:36</DepartureTime>
</TimetabledPassingTime>
<TimetabledPassingTime version="any" id="SE:020:TimetabledPassingTime:205330000116445731">
    <StopPointInJourneyPatternRef ref="SE:020:StopPointInJourneyPattern:205339415000024684_205330000095467145" version="any"/>
    <ArrivalTime>13:42:16</ArrivalTime>
    <DepartureTime>13:42:16</DepartureTime>
</TimetabledPassingTime>
<TimetabledPassingTime version="any" id="SE:020:TimetabledPassingTime:205330000116445732">
    <StopPointInJourneyPatternRef ref="SE:020:StopPointInJourneyPattern:205339415000024684_205330000095467146" version="any"/>
    <ArrivalTime>13:43:00</ArrivalTime>
    <DepartureTime>13:43:00</DepartureTime>
</TimetabledPassingTime>
<TimetabledPassingTime version="any" id="SE:020:TimetabledPassingTime:205330000116445733">
    <StopPointInJourneyPatternRef ref="SE:020:StopPointInJourneyPattern:205339415000024684_205330000095467147" version="any"/>
    <ArrivalTime>13:43:19</ArrivalTime>
    <DepartureTime>13:43:19</DepartureTime>
</TimetabledPassingTime>
<TimetabledPassingTime version="any" id="SE:020:TimetabledPassingTime:205330000116445734">
    <StopPointInJourneyPatternRef ref="SE:020:StopPointInJourneyPattern:205339415000024684_205330000095467148" version="any"/>
    <ArrivalTime>13:43:49</ArrivalTime>
    <DepartureTime>13:43:49</DepartureTime>
</TimetabledPassingTime>
<TimetabledPassingTime version="any" id="SE:020:TimetabledPassingTime:205330000116445735">
    <StopPointInJourneyPatternRef ref="SE:020:StopPointInJourneyPattern:205339415000024684_205330000095467149" version="any"/>
    <ArrivalTime>13:44:26</ArrivalTime>
    <DepartureTime>13:44:26</DepartureTime>
</TimetabledPassingTime>
<TimetabledPassingTime version="any" id="SE:020:TimetabledPassingTime:205330000116445736">
    <StopPointInJourneyPatternRef ref="SE:020:StopPointInJourneyPattern:205339415000024684_205330000095467150" version="any"/>
    <ArrivalTime>13:45:35</ArrivalTime>
    <DepartureTime>13:45:35</DepartureTime>
</TimetabledPassingTime>
<TimetabledPassingTime version="any" id="SE:020:TimetabledPassingTime:205330000116445737">
    <StopPointInJourneyPatternRef ref="SE:020:StopPointInJourneyPattern:205339415000024684_205330000095467151" version="any"/>
    <ArrivalTime>13:46:59</ArrivalTime>
    <DepartureTime>13:46:59</DepartureTime>
</TimetabledPassingTime>
<TimetabledPassingTime version="any" id="SE:020:TimetabledPassingTime:205330000116445738">
    <StopPointInJourneyPatternRef ref="SE:020:StopPointInJourneyPattern:205339415000024684_205330000095467152" version="any"/>
    <ArrivalTime>13:48:00</ArrivalTime>
    <DepartureTime>13:48:00</DepartureTime>
</TimetabledPassingTime>
<TimetabledPassingTime version="any" id="SE:020:TimetabledPassingTime:205330000116445739">
    <StopPointInJourneyPatternRef ref="SE:020:StopPointInJourneyPattern:205339415000024684_205330000095467153" version="any"/>
    <ArrivalTime>13:48:53</ArrivalTime>
    <DepartureTime>13:48:53</DepartureTime>
</TimetabledPassingTime>
<TimetabledPassingTime version="any" id="SE:020:TimetabledPassingTime:205330000116445740">
    <StopPointInJourneyPatternRef ref="SE:020:StopPointInJourneyPattern:205339415000024684_205330000095467154" version="any"/>
    <ArrivalTime>13:50:00</ArrivalTime>
</TimetabledPassingTime>
                            </passingTimes>
                            <FlexibleServiceProperties>
<FlexibleServiceType>fixedPassingTimes</FlexibleServiceType>
<BookWhen>advanceOnly</BookWhen>
<BookingNote>Turen ska förbeställas senast 2 timmar före bussens avgångstid, gäller i vår app Dalatrafik eller via telefon 0774-44 00 00.</BookingNote>
                            </FlexibleServiceProperties>
                        </ServiceJourney>
                    </vehicleJourneys>
                    <journeyInterchanges>
                        <ServiceJourneyInterchange version="any" id="SE:020:ServiceJourneyInterchange:205330000116445743_1">
                            <Priority>0</Priority>
                            <Guaranteed>false</Guaranteed>
                            <Advertised>true</Advertised>
                            <FromPointRef ref="SE:020:ScheduledStopPoint:9022020529054001"/>
                            <ToPointRef ref="SE:020:ScheduledStopPoint:9022020529054002"/>
                            <FromJourneyRef ref="SE:020:ServiceJourney:205330000116066266"/>
                            <ToJourneyRef ref="SE:020:ServiceJourney:205330000116445743" version="any"/>
                        </ServiceJourneyInterchange>
                    </journeyInterchanges>
                </TimetableFrame>
            </frames>
        </CompositeFrame>
    </dataObjects>
</PublicationDelivery>
