<?xml version="1.0" encoding="UTF-8" standalone="yes"?>
<PublicationDelivery xmlns="http://www.netex.org.uk/netex" xmlns:ns2="http://www.opengis.net/gml/3.2" xmlns:ns3="http://www.siri.org.uk/siri" xmlns:ns4="http://www.samtrafiken.se/netex" version="1.11:NO-NeTEx-networktimetable:1.3">
    <PublicationTimestamp>2024-10-09T02:57:23</PublicationTimestamp>
    <ParticipantRef>SAM</ParticipantRef>
    <dataObjects>
        <CompositeFrame created="2024-10-09T02:57:23" version="20241009025723" id="SE:020:CompositeFrame:9011020079600000">
            <ValidBetween>
                <FromDate>1970-01-01T00:00:00</FromDate>
            </ValidBetween>
            <codespaces>
                <Codespace id="SE:020">
                    <Xmlns>SE:020</Xmlns>
                    <XmlnsUrl>http://www.samtrafiken.se/ns/dt</XmlnsUrl>
                </Codespace>
            </codespaces>
            <FrameDefaults>
                <DefaultLocale>
                    <TimeZone>Europe/Stockholm</TimeZone>
                    <DefaultLanguage>se</DefaultLanguage>
                </DefaultLocale>
                <DefaultLocationSystem>4326</DefaultLocationSystem>
            </FrameDefaults>
            <frames>
                <ServiceFrame version="20241009025723" id="SE:020:ServiceFrame:9011020079600000">
                    <routes>
                        <Route version="any" id="SE:020:Route:205330000091713097">
                            <Name>Flextrafik</Name>
                            <LineRef ref="SE:020:Line:9011020079600000" version="190529"/>
                            <DirectionType>outbound</DirectionType>
                            <pointsInSequence>
<PointOnRoute order="1" version="any" id="SE:020:PointOnRoute:205330000091713102">
    <RoutePointRef ref="SE:020:RoutePoint:9022020539195001"/>
</PointOnRoute>
<PointOnRoute order="2" version="any" id="SE:020:PointOnRoute:205330000091713103">
    <RoutePointRef ref="SE:020:RoutePoint:9022020539193001"/>
</PointOnRoute>
<PointOnRoute order="3" version="any" id="SE:020:PointOnRoute:205330000091713104">
    <RoutePointRef ref="SE:020:RoutePoint:9022020539162004"/>
</PointOnRoute>
<PointOnRoute order="4" version="any" id="SE:020:PointOnRoute:205330000091713105">
    <RoutePointRef ref="SE:020:RoutePoint:9022020539115001"/>
</PointOnRoute>
<PointOnRoute order="5" version="any" id="SE:020:PointOnRoute:205330000091713106">
    <RoutePointRef ref="SE:020:RoutePoint:9022020539192001"/>
</PointOnRoute>
<PointOnRoute order="6" version="any" id="SE:020:PointOnRoute:205330000091713107">
    <RoutePointRef ref="SE:020:RoutePoint:9022020539196001"/>
</PointOnRoute>
<PointOnRoute order="7" version="any" id="SE:020:PointOnRoute:205330000091713108">
    <RoutePointRef ref="SE:020:RoutePoint:9022020539194001"/>
</PointOnRoute>
<PointOnRoute order="8" version="any" id="SE:020:PointOnRoute:205330000091713109">
    <RoutePointRef ref="SE:020:RoutePoint:9022020539147001"/>
</PointOnRoute>
<PointOnRoute order="9" version="any" id="SE:020:PointOnRoute:205330000091713110">
    <RoutePointRef ref="SE:020:RoutePoint:9022020539122001"/>
</PointOnRoute>
<PointOnRoute order="10" version="any" id="SE:020:PointOnRoute:205330000091713111">
    <RoutePointRef ref="SE:020:RoutePoint:9022020539995001"/>
</PointOnRoute>
                            </pointsInSequence>
                        </Route>
                        <Route version="any" id="SE:020:Route:205330000091713071">
                            <Name>Flextrafik</Name>
                            <LineRef ref="SE:020:Line:9011020079600000" version="190529"/>
                            <DirectionType>outbound</DirectionType>
                            <pointsInSequence>
<PointOnRoute order="1" version="any" id="SE:020:PointOnRoute:205330000091713076">
    <RoutePointRef ref="SE:020:RoutePoint:9022020539995001"/>
</PointOnRoute>
<PointOnRoute order="2" version="any" id="SE:020:PointOnRoute:205330000091713077">
    <RoutePointRef ref="SE:020:RoutePoint:9022020539122001"/>
</PointOnRoute>
<PointOnRoute order="3" version="any" id="SE:020:PointOnRoute:205330000091713078">
    <RoutePointRef ref="SE:020:RoutePoint:9022020539147002"/>
</PointOnRoute>
<PointOnRoute order="4" version="any" id="SE:020:PointOnRoute:205330000091713079">
    <RoutePointRef ref="SE:020:RoutePoint:9022020539194001"/>
</PointOnRoute>
<PointOnRoute order="5" version="any" id="SE:020:PointOnRoute:205330000091713080">
    <RoutePointRef ref="SE:020:RoutePoint:9022020539195001"/>
</PointOnRoute>
<PointOnRoute order="6" version="any" id="SE:020:PointOnRoute:205330000091713081">
    <RoutePointRef ref="SE:020:RoutePoint:9022020539193001"/>
</PointOnRoute>
<PointOnRoute order="7" version="any" id="SE:020:PointOnRoute:205330000091713082">
    <RoutePointRef ref="SE:020:RoutePoint:9022020539162004"/>
</PointOnRoute>
<PointOnRoute order="8" version="any" id="SE:020:PointOnRoute:205330000091713083">
    <RoutePointRef ref="SE:020:RoutePoint:9022020539115001"/>
</PointOnRoute>
<PointOnRoute order="9" version="any" id="SE:020:PointOnRoute:205330000091713084">
    <RoutePointRef ref="SE:020:RoutePoint:9022020539192001"/>
</PointOnRoute>
<PointOnRoute order="10" version="any" id="SE:020:PointOnRoute:205330000091713085">
    <RoutePointRef ref="SE:020:RoutePoint:9022020539196001"/>
</PointOnRoute>
                            </pointsInSequence>
                        </Route>
                    </routes>
                    <lines>
                        <Line version="190529" id="SE:020:Line:9011020079600000">
                            <ValidBetween>
<FromDate>2019-05-29T00:00:00</FromDate>
                            </ValidBetween>
                            <Name>796</Name>
                            <TransportMode>taxi</TransportMode>
                            <PublicCode>796</PublicCode>
                            <PrivateCode>796</PrivateCode>
                            <RepresentedByGroupRef ref="SE:020:Network:9010020000000000"/>
                        </Line>
                    </lines>
                    <journeyPatterns>
                        <JourneyPattern version="any" id="SE:020:JourneyPattern:205339415000020079">
                            <RouteRef ref="SE:020:Route:205330000091713097" version="any"/>
                            <pointsInSequence>
<StopPointInJourneyPattern order="1" version="any" id="SE:020:StopPointInJourneyPattern:205339415000020079_205330000091713102">
    <ScheduledStopPointRef ref="SE:020:ScheduledStopPoint:9022020539195001"/>
    <ForAlighting>false</ForAlighting>
    <ForBoarding>true</ForBoarding>
    <DestinationDisplayRef ref="SE:020:DestinationDisplay:205330000091713119"/>
    <RequestStop>true</RequestStop>
</StopPointInJourneyPattern>
<StopPointInJourneyPattern order="2" version="any" id="SE:020:StopPointInJourneyPattern:205339415000020079_205330000091713103">
    <ScheduledStopPointRef ref="SE:020:ScheduledStopPoint:9022020539193001"/>
    <ForAlighting>true</ForAlighting>
    <ForBoarding>true</ForBoarding>
    <RequestStop>true</RequestStop>
</StopPointInJourneyPattern>
<StopPointInJourneyPattern order="3" version="any" id="SE:020:StopPointInJourneyPattern:205339415000020079_205330000091713104">
    <ScheduledStopPointRef ref="SE:020:ScheduledStopPoint:9022020539162004"/>
    <ForAlighting>true</ForAlighting>
    <ForBoarding>true</ForBoarding>
    <RequestStop>true</RequestStop>
</StopPointInJourneyPattern>
<StopPointInJourneyPattern order="4" version="any" id="SE:020:StopPointInJourneyPattern:205339415000020079_205330000091713105">
    <ScheduledStopPointRef ref="SE:020:ScheduledStopPoint:9022020539115001"/>
    <ForAlighting>true</ForAlighting>
    <ForBoarding>true</ForBoarding>
    <RequestStop>true</RequestStop>
</StopPointInJourneyPattern>
<StopPointInJourneyPattern order="5" version="any" id="SE:020:StopPointInJourneyPattern:205339415000020079_205330000091713106">
    <ScheduledStopPointRef ref="SE:020:ScheduledStopPoint:9022020539192001"/>
    <ForAlighting>true</ForAlighting>
    <ForBoarding>true</ForBoarding>
    <RequestStop>true</RequestStop>
</StopPointInJourneyPattern>
<StopPointInJourneyPattern order="6" version="any" id="SE:020:StopPointInJourneyPattern:205339415000020079_205330000091713107">
    <ScheduledStopPointRef ref="SE:020:ScheduledStopPoint:9022020539196001"/>
    <ForAlighting>true</ForAlighting>
    <ForBoarding>true</ForBoarding>
    <RequestStop>true</RequestStop>
</StopPointInJourneyPattern>
<StopPointInJourneyPattern order="7" version="any" id="SE:020:StopPointInJourneyPattern:205339415000020079_205330000091713108">
    <ScheduledStopPointRef ref="SE:020:ScheduledStopPoint:9022020539194001"/>
    <ForAlighting>true</ForAlighting>
    <ForBoarding>true</ForBoarding>
    <RequestStop>true</RequestStop>
</StopPointInJourneyPattern>
<StopPointInJourneyPattern order="8" version="any" id="SE:020:StopPointInJourneyPattern:205339415000020079_205330000091713109">
    <ScheduledStopPointRef ref="SE:020:ScheduledStopPoint:9022020539147001"/>
    <ForAlighting>true</ForAlighting>
    <ForBoarding>true</ForBoarding>
    <RequestStop>true</RequestStop>
</StopPointInJourneyPattern>
<StopPointInJourneyPattern order="9" version="any" id="SE:020:StopPointInJourneyPattern:205339415000020079_205330000091713110">
    <ScheduledStopPointRef ref="SE:020:ScheduledStopPoint:9022020539122001"/>
    <ForAlighting>true</ForAlighting>
    <ForBoarding>true</ForBoarding>
    <RequestStop>true</RequestStop>
</StopPointInJourneyPattern>
<StopPointInJourneyPattern order="10" version="any" id="SE:020:StopPointInJourneyPattern:205339415000020079_205330000091713111">
    <ScheduledStopPointRef ref="SE:020:ScheduledStopPoint:9022020539995001"/>
    <ForAlighting>true</ForAlighting>
    <ForBoarding>false</ForBoarding>
    <RequestStop>true</RequestStop>
</StopPointInJourneyPattern>
                            </pointsInSequence>
                            <linksInSequence>
<ServiceLinkInJourneyPattern order="1" version="any" id="SE:020:ServiceLinkInJourneyPattern:TAXI_38434">
    <ServiceLinkRef ref="SE:020:ServiceLink:TAXI_9025020053919501_9025020053919301"/>
</ServiceLinkInJourneyPattern>
<ServiceLinkInJourneyPattern order="2" version="any" id="SE:020:ServiceLinkInJourneyPattern:TAXI_38435">
    <ServiceLinkRef ref="SE:020:ServiceLink:TAXI_9025020053919301_9025020053916204"/>
</ServiceLinkInJourneyPattern>
<ServiceLinkInJourneyPattern order="3" version="any" id="SE:020:ServiceLinkInJourneyPattern:TAXI_38436">
    <ServiceLinkRef ref="SE:020:ServiceLink:TAXI_9025020053916204_9025020053911501"/>
</ServiceLinkInJourneyPattern>
<ServiceLinkInJourneyPattern order="4" version="any" id="SE:020:ServiceLinkInJourneyPattern:TAXI_38437">
    <ServiceLinkRef ref="SE:020:ServiceLink:TAXI_9025020053911501_9025020053919201"/>
</ServiceLinkInJourneyPattern>
<ServiceLinkInJourneyPattern order="5" version="any" id="SE:020:ServiceLinkInJourneyPattern:TAXI_38438">
    <ServiceLinkRef ref="SE:020:ServiceLink:TAXI_9025020053919201_9025020053919601"/>
</ServiceLinkInJourneyPattern>
<ServiceLinkInJourneyPattern order="6" version="any" id="SE:020:ServiceLinkInJourneyPattern:TAXI_38439">
    <ServiceLinkRef ref="SE:020:ServiceLink:TAXI_9025020053919601_9025020053919401"/>
</ServiceLinkInJourneyPattern>
<ServiceLinkInJourneyPattern order="7" version="any" id="SE:020:ServiceLinkInJourneyPattern:TAXI_38440">
    <ServiceLinkRef ref="SE:020:ServiceLink:TAXI_9025020053919401_9025020053914701"/>
</ServiceLinkInJourneyPattern>
<ServiceLinkInJourneyPattern order="8" version="any" id="SE:020:ServiceLinkInJourneyPattern:TAXI_38441">
    <ServiceLinkRef ref="SE:020:ServiceLink:TAXI_9025020053914701_9025020053912201"/>
</ServiceLinkInJourneyPattern>
<ServiceLinkInJourneyPattern order="9" version="any" id="SE:020:ServiceLinkInJourneyPattern:TAXI_38442">
    <ServiceLinkRef ref="SE:020:ServiceLink:TAXI_9025020053912201_9025020053999501"/>
</ServiceLinkInJourneyPattern>
                            </linksInSequence>
                        </JourneyPattern>
                        <JourneyPattern version="any" id="SE:020:JourneyPattern:205339415000024694">
                            <RouteRef ref="SE:020:Route:205330000091713097" version="any"/>
                            <pointsInSequence>
<StopPointInJourneyPattern order="1" version="any" id="SE:020:StopPointInJourneyPattern:205339415000024694_205330000091713102">
    <ScheduledStopPointRef ref="SE:020:ScheduledStopPoint:9022020539195001"/>
    <ForAlighting>false</ForAlighting>
    <ForBoarding>true</ForBoarding>
    <DestinationDisplayRef ref="SE:020:DestinationDisplay:205330000113221197"/>
    <RequestStop>true</RequestStop>
</StopPointInJourneyPattern>
<StopPointInJourneyPattern order="2" version="any" id="SE:020:StopPointInJourneyPattern:205339415000024694_205330000091713103">
    <ScheduledStopPointRef ref="SE:020:ScheduledStopPoint:9022020539193001"/>
    <ForAlighting>true</ForAlighting>
    <ForBoarding>true</ForBoarding>
    <RequestStop>true</RequestStop>
</StopPointInJourneyPattern>
<StopPointInJourneyPattern order="3" version="any" id="SE:020:StopPointInJourneyPattern:205339415000024694_205330000091713104">
    <ScheduledStopPointRef ref="SE:020:ScheduledStopPoint:9022020539162004"/>
    <ForAlighting>true</ForAlighting>
    <ForBoarding>true</ForBoarding>
    <RequestStop>true</RequestStop>
</StopPointInJourneyPattern>
<StopPointInJourneyPattern order="4" version="any" id="SE:020:StopPointInJourneyPattern:205339415000024694_205330000091713105">
    <ScheduledStopPointRef ref="SE:020:ScheduledStopPoint:9022020539115001"/>
    <ForAlighting>true</ForAlighting>
    <ForBoarding>true</ForBoarding>
    <RequestStop>true</RequestStop>
</StopPointInJourneyPattern>
<StopPointInJourneyPattern order="5" version="any" id="SE:020:StopPointInJourneyPattern:205339415000024694_205330000091713106">
    <ScheduledStopPointRef ref="SE:020:ScheduledStopPoint:9022020539192001"/>
    <ForAlighting>true</ForAlighting>
    <ForBoarding>true</ForBoarding>
    <RequestStop>true</RequestStop>
</StopPointInJourneyPattern>
<StopPointInJourneyPattern order="6" version="any" id="SE:020:StopPointInJourneyPattern:205339415000024694_205330000091713107">
    <ScheduledStopPointRef ref="SE:020:ScheduledStopPoint:9022020539196001"/>
    <ForAlighting>true</ForAlighting>
    <ForBoarding>true</ForBoarding>
    <RequestStop>true</RequestStop>
</StopPointInJourneyPattern>
<StopPointInJourneyPattern order="7" version="any" id="SE:020:StopPointInJourneyPattern:205339415000024694_205330000091713108">
    <ScheduledStopPointRef ref="SE:020:ScheduledStopPoint:9022020539194001"/>
    <ForAlighting>true</ForAlighting>
    <ForBoarding>true</ForBoarding>
    <RequestStop>true</RequestStop>
</StopPointInJourneyPattern>
<StopPointInJourneyPattern order="8" version="any" id="SE:020:StopPointInJourneyPattern:205339415000024694_205330000091713109">
    <ScheduledStopPointRef ref="SE:020:ScheduledStopPoint:9022020539147001"/>
    <ForAlighting>true</ForAlighting>
    <ForBoarding>true</ForBoarding>
    <RequestStop>true</RequestStop>
</StopPointInJourneyPattern>
<StopPointInJourneyPattern order="9" version="any" id="SE:020:StopPointInJourneyPattern:205339415000024694_205330000091713110">
    <ScheduledStopPointRef ref="SE:020:ScheduledStopPoint:9022020539122001"/>
    <ForAlighting>true</ForAlighting>
    <ForBoarding>true</ForBoarding>
    <RequestStop>true</RequestStop>
</StopPointInJourneyPattern>
<StopPointInJourneyPattern order="10" version="any" id="SE:020:StopPointInJourneyPattern:205339415000024694_205330000091713111">
    <ScheduledStopPointRef ref="SE:020:ScheduledStopPoint:9022020539995001"/>
    <ForAlighting>true</ForAlighting>
    <ForBoarding>false</ForBoarding>
    <RequestStop>true</RequestStop>
</StopPointInJourneyPattern>
                            </pointsInSequence>
                            <linksInSequence>
<ServiceLinkInJourneyPattern order="1" version="any" id="SE:020:ServiceLinkInJourneyPattern:TAXI_38443">
    <ServiceLinkRef ref="SE:020:ServiceLink:TAXI_9025020053919501_9025020053919301"/>
</ServiceLinkInJourneyPattern>
<ServiceLinkInJourneyPattern order="2" version="any" id="SE:020:ServiceLinkInJourneyPattern:TAXI_38444">
    <ServiceLinkRef ref="SE:020:ServiceLink:TAXI_9025020053919301_9025020053916204"/>
</ServiceLinkInJourneyPattern>
<ServiceLinkInJourneyPattern order="3" version="any" id="SE:020:ServiceLinkInJourneyPattern:TAXI_38445">
    <ServiceLinkRef ref="SE:020:ServiceLink:TAXI_9025020053916204_9025020053911501"/>
</ServiceLinkInJourneyPattern>
<ServiceLinkInJourneyPattern order="4" version="any" id="SE:020:ServiceLinkInJourneyPattern:TAXI_38446">
    <ServiceLinkRef ref="SE:020:ServiceLink:TAXI_9025020053911501_9025020053919201"/>
</ServiceLinkInJourneyPattern>
<ServiceLinkInJourneyPattern order="5" version="any" id="SE:020:ServiceLinkInJourneyPattern:TAXI_38447">
    <ServiceLinkRef ref="SE:020:ServiceLink:TAXI_9025020053919201_9025020053919601"/>
</ServiceLinkInJourneyPattern>
<ServiceLinkInJourneyPattern order="6" version="any" id="SE:020:ServiceLinkInJourneyPattern:TAXI_38448">
    <ServiceLinkRef ref="SE:020:ServiceLink:TAXI_9025020053919601_9025020053919401"/>
</ServiceLinkInJourneyPattern>
<ServiceLinkInJourneyPattern order="7" version="any" id="SE:020:ServiceLinkInJourneyPattern:TAXI_38449">
    <ServiceLinkRef ref="SE:020:ServiceLink:TAXI_9025020053919401_9025020053914701"/>
</ServiceLinkInJourneyPattern>
<ServiceLinkInJourneyPattern order="8" version="any" id="SE:020:ServiceLinkInJourneyPattern:TAXI_38450">
    <ServiceLinkRef ref="SE:020:ServiceLink:TAXI_9025020053914701_9025020053912201"/>
</ServiceLinkInJourneyPattern>
<ServiceLinkInJourneyPattern order="9" version="any" id="SE:020:ServiceLinkInJourneyPattern:TAXI_38451">
    <ServiceLinkRef ref="SE:020:ServiceLink:TAXI_9025020053912201_9025020053999501"/>
</ServiceLinkInJourneyPattern>
                            </linksInSequence>
                        </JourneyPattern>
                        <JourneyPattern version="any" id="SE:020:JourneyPattern:205339415000020078">
                            <RouteRef ref="SE:020:Route:205330000091713071" version="any"/>
                            <pointsInSequence>
<StopPointInJourneyPattern order="1" version="any" id="SE:020:StopPointInJourneyPattern:205339415000020078_205330000091713076">
    <ScheduledStopPointRef ref="SE:020:ScheduledStopPoint:9022020539995001"/>
    <ForAlighting>false</ForAlighting>
    <ForBoarding>true</ForBoarding>
    <DestinationDisplayRef ref="SE:020:DestinationDisplay:205330000091713093"/>
    <RequestStop>true</RequestStop>
</StopPointInJourneyPattern>
<StopPointInJourneyPattern order="2" version="any" id="SE:020:StopPointInJourneyPattern:205339415000020078_205330000091713077">
    <ScheduledStopPointRef ref="SE:020:ScheduledStopPoint:9022020539122001"/>
    <ForAlighting>true</ForAlighting>
    <ForBoarding>true</ForBoarding>
    <RequestStop>true</RequestStop>
</StopPointInJourneyPattern>
<StopPointInJourneyPattern order="3" version="any" id="SE:020:StopPointInJourneyPattern:205339415000020078_205330000091713078">
    <ScheduledStopPointRef ref="SE:020:ScheduledStopPoint:9022020539147002"/>
    <ForAlighting>true</ForAlighting>
    <ForBoarding>true</ForBoarding>
    <RequestStop>true</RequestStop>
</StopPointInJourneyPattern>
<StopPointInJourneyPattern order="4" version="any" id="SE:020:StopPointInJourneyPattern:205339415000020078_205330000091713079">
    <ScheduledStopPointRef ref="SE:020:ScheduledStopPoint:9022020539194001"/>
    <ForAlighting>true</ForAlighting>
    <ForBoarding>true</ForBoarding>
    <RequestStop>true</RequestStop>
</StopPointInJourneyPattern>
<StopPointInJourneyPattern order="5" version="any" id="SE:020:StopPointInJourneyPattern:205339415000020078_205330000091713080">
    <ScheduledStopPointRef ref="SE:020:ScheduledStopPoint:9022020539195001"/>
    <ForAlighting>true</ForAlighting>
    <ForBoarding>true</ForBoarding>
    <RequestStop>true</RequestStop>
</StopPointInJourneyPattern>
<StopPointInJourneyPattern order="6" version="any" id="SE:020:StopPointInJourneyPattern:205339415000020078_205330000091713081">
    <ScheduledStopPointRef ref="SE:020:ScheduledStopPoint:9022020539193001"/>
    <ForAlighting>true</ForAlighting>
    <ForBoarding>true</ForBoarding>
    <RequestStop>true</RequestStop>
</StopPointInJourneyPattern>
<StopPointInJourneyPattern order="7" version="any" id="SE:020:StopPointInJourneyPattern:205339415000020078_205330000091713082">
    <ScheduledStopPointRef ref="SE:020:ScheduledStopPoint:9022020539162004"/>
    <ForAlighting>true</ForAlighting>
    <ForBoarding>true</ForBoarding>
    <RequestStop>true</RequestStop>
</StopPointInJourneyPattern>
<StopPointInJourneyPattern order="8" version="any" id="SE:020:StopPointInJourneyPattern:205339415000020078_205330000091713083">
    <ScheduledStopPointRef ref="SE:020:ScheduledStopPoint:9022020539115001"/>
    <ForAlighting>true</ForAlighting>
    <ForBoarding>true</ForBoarding>
    <RequestStop>true</RequestStop>
</StopPointInJourneyPattern>
<StopPointInJourneyPattern order="9" version="any" id="SE:020:StopPointInJourneyPattern:205339415000020078_205330000091713084">
    <ScheduledStopPointRef ref="SE:020:ScheduledStopPoint:9022020539192001"/>
    <ForAlighting>true</ForAlighting>
    <ForBoarding>true</ForBoarding>
    <RequestStop>true</RequestStop>
</StopPointInJourneyPattern>
<StopPointInJourneyPattern order="10" version="any" id="SE:020:StopPointInJourneyPattern:205339415000020078_205330000091713085">
    <ScheduledStopPointRef ref="SE:020:ScheduledStopPoint:9022020539196001"/>
    <ForAlighting>true</ForAlighting>
    <ForBoarding>false</ForBoarding>
    <RequestStop>true</RequestStop>
</StopPointInJourneyPattern>
                            </pointsInSequence>
                            <linksInSequence>
<ServiceLinkInJourneyPattern order="1" version="any" id="SE:020:ServiceLinkInJourneyPattern:TAXI_38452">
    <ServiceLinkRef ref="SE:020:ServiceLink:TAXI_9025020053999501_9025020053912201"/>
</ServiceLinkInJourneyPattern>
<ServiceLinkInJourneyPattern order="2" version="any" id="SE:020:ServiceLinkInJourneyPattern:TAXI_38453">
    <ServiceLinkRef ref="SE:020:ServiceLink:TAXI_9025020053912201_9025020053914702"/>
</ServiceLinkInJourneyPattern>
<ServiceLinkInJourneyPattern order="3" version="any" id="SE:020:ServiceLinkInJourneyPattern:TAXI_38454">
    <ServiceLinkRef ref="SE:020:ServiceLink:TAXI_9025020053914702_9025020053919401"/>
</ServiceLinkInJourneyPattern>
<ServiceLinkInJourneyPattern order="4" version="any" id="SE:020:ServiceLinkInJourneyPattern:TAXI_38455">
    <ServiceLinkRef ref="SE:020:ServiceLink:TAXI_9025020053919401_9025020053919501"/>
</ServiceLinkInJourneyPattern>
<ServiceLinkInJourneyPattern order="5" version="any" id="SE:020:ServiceLinkInJourneyPattern:TAXI_38456">
    <ServiceLinkRef ref="SE:020:ServiceLink:TAXI_9025020053919501_9025020053919301"/>
</ServiceLinkInJourneyPattern>
<ServiceLinkInJourneyPattern order="6" version="any" id="SE:020:ServiceLinkInJourneyPattern:TAXI_38457">
    <ServiceLinkRef ref="SE:020:ServiceLink:TAXI_9025020053919301_9025020053916204"/>
</ServiceLinkInJourneyPattern>
<ServiceLinkInJourneyPattern order="7" version="any" id="SE:020:ServiceLinkInJourneyPattern:TAXI_38458">
    <ServiceLinkRef ref="SE:020:ServiceLink:TAXI_9025020053916204_9025020053911501"/>
</ServiceLinkInJourneyPattern>
<ServiceLinkInJourneyPattern order="8" version="any" id="SE:020:ServiceLinkInJourneyPattern:TAXI_38459">
    <ServiceLinkRef ref="SE:020:ServiceLink:TAXI_9025020053911501_9025020053919201"/>
</ServiceLinkInJourneyPattern>
<ServiceLinkInJourneyPattern order="9" version="any" id="SE:020:ServiceLinkInJourneyPattern:TAXI_38460">
    <ServiceLinkRef ref="SE:020:ServiceLink:TAXI_9025020053919201_9025020053919601"/>
</ServiceLinkInJourneyPattern>
                            </linksInSequence>
                        </JourneyPattern>
                    </journeyPatterns>
                </ServiceFrame>
                <TimetableFrame version="20241009025723" id="SE:020:TimetableFrame:9011020079600000">
                    <vehicleJourneys>
                        <ServiceJourney version="any" id="SE:020:ServiceJourney:205330000113221236">
                            <TransportMode>bus</TransportMode>
                            <TransportSubmode>
<BusSubmode>unknown</BusSubmode>
                            </TransportSubmode>
                            <dayTypes>
<DayTypeRef ref="SE:020:DayType:307pj9abcf51sh6fua920i71q5gagge7"/>
                            </dayTypes>
                            <JourneyPatternRef ref="SE:020:JourneyPattern:205339415000024694" version="any"/>
                            <OperatorRef ref="SE:020:Operator:9013020810000000"/>
                            <passingTimes>
<TimetabledPassingTime version="any" id="SE:020:TimetabledPassingTime:205330000113221224">
    <StopPointInJourneyPatternRef ref="SE:020:StopPointInJourneyPattern:205339415000024694_205330000091713102" version="any"/>
    <DepartureTime>11:59:00</DepartureTime>
</TimetabledPassingTime>
<TimetabledPassingTime version="any" id="SE:020:TimetabledPassingTime:205330000113221225">
    <StopPointInJourneyPatternRef ref="SE:020:StopPointInJourneyPattern:205339415000024694_205330000091713103" version="any"/>
    <ArrivalTime>12:01:00</ArrivalTime>
    <DepartureTime>12:01:00</DepartureTime>
</TimetabledPassingTime>
<TimetabledPassingTime version="any" id="SE:020:TimetabledPassingTime:205330000113221226">
    <StopPointInJourneyPatternRef ref="SE:020:StopPointInJourneyPattern:205339415000024694_205330000091713104" version="any"/>
    <ArrivalTime>12:03:00</ArrivalTime>
    <DepartureTime>12:03:00</DepartureTime>
</TimetabledPassingTime>
<TimetabledPassingTime version="any" id="SE:020:TimetabledPassingTime:205330000113221227">
    <StopPointInJourneyPatternRef ref="SE:020:StopPointInJourneyPattern:205339415000024694_205330000091713105" version="any"/>
    <ArrivalTime>12:04:00</ArrivalTime>
    <DepartureTime>12:04:00</DepartureTime>
</TimetabledPassingTime>
<TimetabledPassingTime version="any" id="SE:020:TimetabledPassingTime:205330000113221228">
    <StopPointInJourneyPatternRef ref="SE:020:StopPointInJourneyPattern:205339415000024694_205330000091713106" version="any"/>
    <ArrivalTime>12:05:00</ArrivalTime>
    <DepartureTime>12:05:00</DepartureTime>
</TimetabledPassingTime>
<TimetabledPassingTime version="any" id="SE:020:TimetabledPassingTime:205330000113221229">
    <StopPointInJourneyPatternRef ref="SE:020:StopPointInJourneyPattern:205339415000024694_205330000091713107" version="any"/>
    <ArrivalTime>12:07:00</ArrivalTime>
    <DepartureTime>12:07:00</DepartureTime>
</TimetabledPassingTime>
<TimetabledPassingTime version="any" id="SE:020:TimetabledPassingTime:205330000113221230">
    <StopPointInJourneyPatternRef ref="SE:020:StopPointInJourneyPattern:205339415000024694_205330000091713108" version="any"/>
    <ArrivalTime>12:10:00</ArrivalTime>
    <DepartureTime>12:10:00</DepartureTime>
</TimetabledPassingTime>
<TimetabledPassingTime version="any" id="SE:020:TimetabledPassingTime:205330000113221231">
    <StopPointInJourneyPatternRef ref="SE:020:StopPointInJourneyPattern:205339415000024694_205330000091713109" version="any"/>
    <ArrivalTime>12:12:00</ArrivalTime>
    <DepartureTime>12:12:00</DepartureTime>
</TimetabledPassingTime>
<TimetabledPassingTime version="any" id="SE:020:TimetabledPassingTime:205330000113221232">
    <StopPointInJourneyPatternRef ref="SE:020:StopPointInJourneyPattern:205339415000024694_205330000091713110" version="any"/>
    <ArrivalTime>12:16:00</ArrivalTime>
    <DepartureTime>12:16:00</DepartureTime>
</TimetabledPassingTime>
<TimetabledPassingTime version="any" id="SE:020:TimetabledPassingTime:205330000113221233">
    <StopPointInJourneyPatternRef ref="SE:020:StopPointInJourneyPattern:205339415000024694_205330000091713111" version="any"/>
    <ArrivalTime>13:05:00</ArrivalTime>
</TimetabledPassingTime>
                            </passingTimes>
                            <FlexibleServiceProperties>
<FlexibleServiceType>fixedPassingTimes</FlexibleServiceType>
<BookWhen>advanceOnly</BookWhen>
<BookingNote>Turen ska förbeställas senast 3 timmar före bussens avgångstid via telefon 0774-44 00 00.</BookingNote>
                            </FlexibleServiceProperties>
                        </ServiceJourney>
                        <ServiceJourney version="any" id="SE:020:ServiceJourney:205330000113221217">
                            <TransportMode>bus</TransportMode>
                            <TransportSubmode>
<BusSubmode>unknown</BusSubmode>
                            </TransportSubmode>
                            <dayTypes>
<DayTypeRef ref="SE:020:DayType:307pj9abcf51sh6fua920i71q5gagge7"/>
                            </dayTypes>
                            <JourneyPatternRef ref="SE:020:JourneyPattern:205339415000020078" version="any"/>
                            <OperatorRef ref="SE:020:Operator:9013020810000000"/>
                            <passingTimes>
<TimetabledPassingTime version="any" id="SE:020:TimetabledPassingTime:205330000113221205">
    <StopPointInJourneyPatternRef ref="SE:020:StopPointInJourneyPattern:205339415000020078_205330000091713076" version="any"/>
    <DepartureTime>09:00:00</DepartureTime>
</TimetabledPassingTime>
<TimetabledPassingTime version="any" id="SE:020:TimetabledPassingTime:205330000113221206">
    <StopPointInJourneyPatternRef ref="SE:020:StopPointInJourneyPattern:205339415000020078_205330000091713077" version="any"/>
    <ArrivalTime>09:50:00</ArrivalTime>
    <DepartureTime>09:50:00</DepartureTime>
</TimetabledPassingTime>
<TimetabledPassingTime version="any" id="SE:020:TimetabledPassingTime:205330000113221207">
    <StopPointInJourneyPatternRef ref="SE:020:StopPointInJourneyPattern:205339415000020078_205330000091713078" version="any"/>
    <ArrivalTime>09:55:00</ArrivalTime>
    <DepartureTime>09:55:00</DepartureTime>
</TimetabledPassingTime>
<TimetabledPassingTime version="any" id="SE:020:TimetabledPassingTime:205330000113221208">
    <StopPointInJourneyPatternRef ref="SE:020:StopPointInJourneyPattern:205339415000020078_205330000091713079" version="any"/>
    <ArrivalTime>09:57:00</ArrivalTime>
    <DepartureTime>09:57:00</DepartureTime>
</TimetabledPassingTime>
<TimetabledPassingTime version="any" id="SE:020:TimetabledPassingTime:205330000113221209">
    <StopPointInJourneyPatternRef ref="SE:020:StopPointInJourneyPattern:205339415000020078_205330000091713080" version="any"/>
    <ArrivalTime>09:59:00</ArrivalTime>
    <DepartureTime>09:59:00</DepartureTime>
</TimetabledPassingTime>
<TimetabledPassingTime version="any" id="SE:020:TimetabledPassingTime:205330000113221210">
    <StopPointInJourneyPatternRef ref="SE:020:StopPointInJourneyPattern:205339415000020078_205330000091713081" version="any"/>
    <ArrivalTime>10:01:00</ArrivalTime>
    <DepartureTime>10:01:00</DepartureTime>
</TimetabledPassingTime>
<TimetabledPassingTime version="any" id="SE:020:TimetabledPassingTime:205330000113221211">
    <StopPointInJourneyPatternRef ref="SE:020:StopPointInJourneyPattern:205339415000020078_205330000091713082" version="any"/>
    <ArrivalTime>10:03:00</ArrivalTime>
    <DepartureTime>10:03:00</DepartureTime>
</TimetabledPassingTime>
<TimetabledPassingTime version="any" id="SE:020:TimetabledPassingTime:205330000113221212">
    <StopPointInJourneyPatternRef ref="SE:020:StopPointInJourneyPattern:205339415000020078_205330000091713083" version="any"/>
    <ArrivalTime>10:04:00</ArrivalTime>
    <DepartureTime>10:04:00</DepartureTime>
</TimetabledPassingTime>
<TimetabledPassingTime version="any" id="SE:020:TimetabledPassingTime:205330000113221213">
    <StopPointInJourneyPatternRef ref="SE:020:StopPointInJourneyPattern:205339415000020078_205330000091713084" version="any"/>
    <ArrivalTime>10:05:00</ArrivalTime>
    <DepartureTime>10:05:00</DepartureTime>
</TimetabledPassingTime>
<TimetabledPassingTime version="any" id="SE:020:TimetabledPassingTime:205330000113221214">
    <StopPointInJourneyPatternRef ref="SE:020:StopPointInJourneyPattern:205339415000020078_205330000091713085" version="any"/>
    <ArrivalTime>10:07:00</ArrivalTime>
</TimetabledPassingTime>
                            </passingTimes>
                            <FlexibleServiceProperties>
<FlexibleServiceType>fixedPassingTimes</FlexibleServiceType>
<BookWhen>advanceOnly</BookWhen>
<BookingNote>Turen ska förbeställas senast 3 timmar före bussens avgångstid via telefon 0774-44 00 00.</BookingNote>
                            </FlexibleServiceProperties>
                        </ServiceJourney>
                    </vehicleJourneys>
                </TimetableFrame>
            </frames>
        </CompositeFrame>
    </dataObjects>
</PublicationDelivery>
