<?xml version="1.0" encoding="UTF-8" standalone="yes"?>
<PublicationDelivery xmlns="http://www.netex.org.uk/netex" xmlns:ns2="http://www.opengis.net/gml/3.2" xmlns:ns3="http://www.siri.org.uk/siri" xmlns:ns4="http://www.samtrafiken.se/netex" version="1.11:NO-NeTEx-networktimetable:1.3">
    <PublicationTimestamp>2024-10-09T02:57:23</PublicationTimestamp>
    <ParticipantRef>SAM</ParticipantRef>
    <dataObjects>
        <CompositeFrame created="2024-10-09T02:57:23" version="20241009025723" id="SE:020:CompositeFrame:9011020031300000">
            <ValidBetween>
                <FromDate>1970-01-01T00:00:00</FromDate>
            </ValidBetween>
            <codespaces>
                <Codespace id="SE:020">
                    <Xmlns>SE:020</Xmlns>
                    <XmlnsUrl>http://www.samtrafiken.se/ns/dt</XmlnsUrl>
                </Codespace>
            </codespaces>
            <FrameDefaults>
                <DefaultLocale>
                    <TimeZone>Europe/Stockholm</TimeZone>
                    <DefaultLanguage>se</DefaultLanguage>
                </DefaultLocale>
                <DefaultLocationSystem>4326</DefaultLocationSystem>
            </FrameDefaults>
            <frames>
                <ServiceFrame version="20241009025723" id="SE:020:ServiceFrame:9011020031300000">
                    <routes>
                        <Route version="any" id="SE:020:Route:205330000095956402">
                            <Name>Västra Utsjö-Malung</Name>
                            <LineRef ref="SE:020:Line:9011020031300000" version="140809"/>
                            <DirectionType>outbound</DirectionType>
                            <pointsInSequence>
<PointOnRoute order="1" version="any" id="SE:020:PointOnRoute:205330000095956407">
    <RoutePointRef ref="SE:020:RoutePoint:9022020523195001"/>
</PointOnRoute>
<PointOnRoute order="2" version="any" id="SE:020:PointOnRoute:205330000095956408">
    <RoutePointRef ref="SE:020:RoutePoint:9022020523131001"/>
</PointOnRoute>
<PointOnRoute order="3" version="any" id="SE:020:PointOnRoute:205330000095956409">
    <RoutePointRef ref="SE:020:RoutePoint:9022020523130001"/>
</PointOnRoute>
<PointOnRoute order="4" version="any" id="SE:020:PointOnRoute:205330000095956410">
    <RoutePointRef ref="SE:020:RoutePoint:9022020523129001"/>
</PointOnRoute>
<PointOnRoute order="5" version="any" id="SE:020:PointOnRoute:205330000095956411">
    <RoutePointRef ref="SE:020:RoutePoint:9022020523128001"/>
</PointOnRoute>
<PointOnRoute order="6" version="any" id="SE:020:PointOnRoute:205330000095956412">
    <RoutePointRef ref="SE:020:RoutePoint:9022020523127001"/>
</PointOnRoute>
<PointOnRoute order="7" version="any" id="SE:020:PointOnRoute:205330000095956413">
    <RoutePointRef ref="SE:020:RoutePoint:9022020523126001"/>
</PointOnRoute>
<PointOnRoute order="8" version="any" id="SE:020:PointOnRoute:205330000095956414">
    <RoutePointRef ref="SE:020:RoutePoint:9022020523125001"/>
</PointOnRoute>
<PointOnRoute order="9" version="any" id="SE:020:PointOnRoute:205330000095956415">
    <RoutePointRef ref="SE:020:RoutePoint:9022020523124001"/>
</PointOnRoute>
<PointOnRoute order="10" version="any" id="SE:020:PointOnRoute:205330000095956416">
    <RoutePointRef ref="SE:020:RoutePoint:9022020523123001"/>
</PointOnRoute>
<PointOnRoute order="11" version="any" id="SE:020:PointOnRoute:205330000095956417">
    <RoutePointRef ref="SE:020:RoutePoint:9022020523124002"/>
</PointOnRoute>
<PointOnRoute order="12" version="any" id="SE:020:PointOnRoute:205330000095956418">
    <RoutePointRef ref="SE:020:RoutePoint:9022020523125002"/>
</PointOnRoute>
<PointOnRoute order="13" version="any" id="SE:020:PointOnRoute:205330000095956419">
    <RoutePointRef ref="SE:020:RoutePoint:9022020523126002"/>
</PointOnRoute>
<PointOnRoute order="14" version="any" id="SE:020:PointOnRoute:205330000095956420">
    <RoutePointRef ref="SE:020:RoutePoint:9022020523127002"/>
</PointOnRoute>
<PointOnRoute order="15" version="any" id="SE:020:PointOnRoute:205330000095956421">
    <RoutePointRef ref="SE:020:RoutePoint:9022020523128002"/>
</PointOnRoute>
<PointOnRoute order="16" version="any" id="SE:020:PointOnRoute:205330000095956422">
    <RoutePointRef ref="SE:020:RoutePoint:9022020523129002"/>
</PointOnRoute>
<PointOnRoute order="17" version="any" id="SE:020:PointOnRoute:205330000095956423">
    <RoutePointRef ref="SE:020:RoutePoint:9022020523130002"/>
</PointOnRoute>
<PointOnRoute order="18" version="any" id="SE:020:PointOnRoute:205330000095956424">
    <RoutePointRef ref="SE:020:RoutePoint:9022020523131002"/>
</PointOnRoute>
<PointOnRoute order="19" version="any" id="SE:020:PointOnRoute:205330000095956425">
    <RoutePointRef ref="SE:020:RoutePoint:9022020523132002"/>
</PointOnRoute>
<PointOnRoute order="20" version="any" id="SE:020:PointOnRoute:205330000095956426">
    <RoutePointRef ref="SE:020:RoutePoint:9022020523133002"/>
</PointOnRoute>
<PointOnRoute order="21" version="any" id="SE:020:PointOnRoute:205330000095956427">
    <RoutePointRef ref="SE:020:RoutePoint:9022020523134002"/>
</PointOnRoute>
<PointOnRoute order="22" version="any" id="SE:020:PointOnRoute:205330000095956428">
    <RoutePointRef ref="SE:020:RoutePoint:9022020523135002"/>
</PointOnRoute>
<PointOnRoute order="23" version="any" id="SE:020:PointOnRoute:205330000095956429">
    <RoutePointRef ref="SE:020:RoutePoint:9022020523136002"/>
</PointOnRoute>
<PointOnRoute order="24" version="any" id="SE:020:PointOnRoute:205330000095956430">
    <RoutePointRef ref="SE:020:RoutePoint:9022020523147002"/>
</PointOnRoute>
<PointOnRoute order="25" version="any" id="SE:020:PointOnRoute:205330000095956431">
    <RoutePointRef ref="SE:020:RoutePoint:9022020523117002"/>
</PointOnRoute>
<PointOnRoute order="26" version="any" id="SE:020:PointOnRoute:205330000095956432">
    <RoutePointRef ref="SE:020:RoutePoint:9022020523148002"/>
</PointOnRoute>
<PointOnRoute order="27" version="any" id="SE:020:PointOnRoute:205330000095956433">
    <RoutePointRef ref="SE:020:RoutePoint:9022020523149002"/>
</PointOnRoute>
<PointOnRoute order="28" version="any" id="SE:020:PointOnRoute:205330000095956434">
    <RoutePointRef ref="SE:020:RoutePoint:9022020523150001"/>
</PointOnRoute>
<PointOnRoute order="29" version="any" id="SE:020:PointOnRoute:205330000095956435">
    <RoutePointRef ref="SE:020:RoutePoint:9022020523137002"/>
</PointOnRoute>
<PointOnRoute order="30" version="any" id="SE:020:PointOnRoute:205330000095956436">
    <RoutePointRef ref="SE:020:RoutePoint:9022020523140001"/>
</PointOnRoute>
<PointOnRoute order="31" version="any" id="SE:020:PointOnRoute:205330000095956437">
    <RoutePointRef ref="SE:020:RoutePoint:9022020523139001"/>
</PointOnRoute>
<PointOnRoute order="32" version="any" id="SE:020:PointOnRoute:205330000095956438">
    <RoutePointRef ref="SE:020:RoutePoint:9022020523195001"/>
</PointOnRoute>
                            </pointsInSequence>
                        </Route>
                        <Route version="any" id="SE:020:Route:205330000095956454">
                            <Name>Västra Utsjö-Malung</Name>
                            <LineRef ref="SE:020:Line:9011020031300000" version="140809"/>
                            <DirectionType>outbound</DirectionType>
                            <pointsInSequence>
<PointOnRoute order="1" version="any" id="SE:020:PointOnRoute:205330000095956459">
    <RoutePointRef ref="SE:020:RoutePoint:9022020523140001"/>
</PointOnRoute>
<PointOnRoute order="2" version="any" id="SE:020:PointOnRoute:205330000095956460">
    <RoutePointRef ref="SE:020:RoutePoint:9022020523139001"/>
</PointOnRoute>
<PointOnRoute order="3" version="any" id="SE:020:PointOnRoute:205330000095956461">
    <RoutePointRef ref="SE:020:RoutePoint:9022020523195001"/>
</PointOnRoute>
<PointOnRoute order="4" version="any" id="SE:020:PointOnRoute:205330000095956462">
    <RoutePointRef ref="SE:020:RoutePoint:9022020523137001"/>
</PointOnRoute>
<PointOnRoute order="5" version="any" id="SE:020:PointOnRoute:205330000095956463">
    <RoutePointRef ref="SE:020:RoutePoint:9022020523150001"/>
</PointOnRoute>
<PointOnRoute order="6" version="any" id="SE:020:PointOnRoute:205330000095956464">
    <RoutePointRef ref="SE:020:RoutePoint:9022020523149001"/>
</PointOnRoute>
<PointOnRoute order="7" version="any" id="SE:020:PointOnRoute:205330000095956465">
    <RoutePointRef ref="SE:020:RoutePoint:9022020523148001"/>
</PointOnRoute>
<PointOnRoute order="8" version="any" id="SE:020:PointOnRoute:205330000095956466">
    <RoutePointRef ref="SE:020:RoutePoint:9022020523117001"/>
</PointOnRoute>
<PointOnRoute order="9" version="any" id="SE:020:PointOnRoute:205330000095956467">
    <RoutePointRef ref="SE:020:RoutePoint:9022020523147001"/>
</PointOnRoute>
<PointOnRoute order="10" version="any" id="SE:020:PointOnRoute:205330000095956468">
    <RoutePointRef ref="SE:020:RoutePoint:9022020523178001"/>
</PointOnRoute>
<PointOnRoute order="11" version="any" id="SE:020:PointOnRoute:205330000095956469">
    <RoutePointRef ref="SE:020:RoutePoint:9022020523136001"/>
</PointOnRoute>
<PointOnRoute order="12" version="any" id="SE:020:PointOnRoute:205330000095956470">
    <RoutePointRef ref="SE:020:RoutePoint:9022020523135001"/>
</PointOnRoute>
<PointOnRoute order="13" version="any" id="SE:020:PointOnRoute:205330000095956471">
    <RoutePointRef ref="SE:020:RoutePoint:9022020523134001"/>
</PointOnRoute>
<PointOnRoute order="14" version="any" id="SE:020:PointOnRoute:205330000095956472">
    <RoutePointRef ref="SE:020:RoutePoint:9022020523133001"/>
</PointOnRoute>
<PointOnRoute order="15" version="any" id="SE:020:PointOnRoute:205330000095956473">
    <RoutePointRef ref="SE:020:RoutePoint:9022020523132001"/>
</PointOnRoute>
<PointOnRoute order="16" version="any" id="SE:020:PointOnRoute:205330000095956474">
    <RoutePointRef ref="SE:020:RoutePoint:9022020523131001"/>
</PointOnRoute>
<PointOnRoute order="17" version="any" id="SE:020:PointOnRoute:205330000095956475">
    <RoutePointRef ref="SE:020:RoutePoint:9022020523130001"/>
</PointOnRoute>
<PointOnRoute order="18" version="any" id="SE:020:PointOnRoute:205330000095956476">
    <RoutePointRef ref="SE:020:RoutePoint:9022020523129001"/>
</PointOnRoute>
<PointOnRoute order="19" version="any" id="SE:020:PointOnRoute:205330000095956477">
    <RoutePointRef ref="SE:020:RoutePoint:9022020523128001"/>
</PointOnRoute>
<PointOnRoute order="20" version="any" id="SE:020:PointOnRoute:205330000095956478">
    <RoutePointRef ref="SE:020:RoutePoint:9022020523127001"/>
</PointOnRoute>
<PointOnRoute order="21" version="any" id="SE:020:PointOnRoute:205330000095956479">
    <RoutePointRef ref="SE:020:RoutePoint:9022020523126001"/>
</PointOnRoute>
<PointOnRoute order="22" version="any" id="SE:020:PointOnRoute:205330000095956480">
    <RoutePointRef ref="SE:020:RoutePoint:9022020523125001"/>
</PointOnRoute>
<PointOnRoute order="23" version="any" id="SE:020:PointOnRoute:205330000095956481">
    <RoutePointRef ref="SE:020:RoutePoint:9022020523124001"/>
</PointOnRoute>
<PointOnRoute order="24" version="any" id="SE:020:PointOnRoute:205330000095956482">
    <RoutePointRef ref="SE:020:RoutePoint:9022020523123001"/>
</PointOnRoute>
<PointOnRoute order="25" version="any" id="SE:020:PointOnRoute:205330000095956483">
    <RoutePointRef ref="SE:020:RoutePoint:9022020523124002"/>
</PointOnRoute>
<PointOnRoute order="26" version="any" id="SE:020:PointOnRoute:205330000095956484">
    <RoutePointRef ref="SE:020:RoutePoint:9022020523125002"/>
</PointOnRoute>
<PointOnRoute order="27" version="any" id="SE:020:PointOnRoute:205330000095956485">
    <RoutePointRef ref="SE:020:RoutePoint:9022020523126002"/>
</PointOnRoute>
<PointOnRoute order="28" version="any" id="SE:020:PointOnRoute:205330000095956486">
    <RoutePointRef ref="SE:020:RoutePoint:9022020523127002"/>
</PointOnRoute>
<PointOnRoute order="29" version="any" id="SE:020:PointOnRoute:205330000095956487">
    <RoutePointRef ref="SE:020:RoutePoint:9022020523128002"/>
</PointOnRoute>
<PointOnRoute order="30" version="any" id="SE:020:PointOnRoute:205330000095956488">
    <RoutePointRef ref="SE:020:RoutePoint:9022020523129002"/>
</PointOnRoute>
<PointOnRoute order="31" version="any" id="SE:020:PointOnRoute:205330000095956489">
    <RoutePointRef ref="SE:020:RoutePoint:9022020523130002"/>
</PointOnRoute>
<PointOnRoute order="32" version="any" id="SE:020:PointOnRoute:205330000095956490">
    <RoutePointRef ref="SE:020:RoutePoint:9022020523131002"/>
</PointOnRoute>
<PointOnRoute order="33" version="any" id="SE:020:PointOnRoute:205330000095956491">
    <RoutePointRef ref="SE:020:RoutePoint:9022020523195001"/>
</PointOnRoute>
                            </pointsInSequence>
                        </Route>
                    </routes>
                    <lines>
                        <Line version="140809" id="SE:020:Line:9011020031300000">
                            <ValidBetween>
<FromDate>2014-08-09T00:00:00</FromDate>
                            </ValidBetween>
                            <Name>313</Name>
                            <TransportMode>bus</TransportMode>
                            <TransportSubmode>
<BusSubmode>unknown</BusSubmode>
                            </TransportSubmode>
                            <PublicCode>313</PublicCode>
                            <PrivateCode>313</PrivateCode>
                            <RepresentedByGroupRef ref="SE:020:Network:9010020000000000"/>
                        </Line>
                    </lines>
                    <journeyPatterns>
                        <JourneyPattern version="any" id="SE:020:JourneyPattern:205339415000021360">
                            <RouteRef ref="SE:020:Route:205330000095956402" version="any"/>
                            <pointsInSequence>
<StopPointInJourneyPattern order="1" version="any" id="SE:020:StopPointInJourneyPattern:205339415000021360_205330000095956407">
    <ScheduledStopPointRef ref="SE:020:ScheduledStopPoint:9022020523195001"/>
    <ForAlighting>false</ForAlighting>
    <ForBoarding>true</ForBoarding>
    <DestinationDisplayRef ref="SE:020:DestinationDisplay:205330000095956446"/>
    <RequestStop>true</RequestStop>
</StopPointInJourneyPattern>
<StopPointInJourneyPattern order="2" version="any" id="SE:020:StopPointInJourneyPattern:205339415000021360_205330000095956408">
    <ScheduledStopPointRef ref="SE:020:ScheduledStopPoint:9022020523131001"/>
    <ForAlighting>true</ForAlighting>
    <ForBoarding>true</ForBoarding>
    <RequestStop>true</RequestStop>
</StopPointInJourneyPattern>
<StopPointInJourneyPattern order="3" version="any" id="SE:020:StopPointInJourneyPattern:205339415000021360_205330000095956409">
    <ScheduledStopPointRef ref="SE:020:ScheduledStopPoint:9022020523130001"/>
    <ForAlighting>true</ForAlighting>
    <ForBoarding>true</ForBoarding>
    <RequestStop>true</RequestStop>
</StopPointInJourneyPattern>
<StopPointInJourneyPattern order="4" version="any" id="SE:020:StopPointInJourneyPattern:205339415000021360_205330000095956410">
    <ScheduledStopPointRef ref="SE:020:ScheduledStopPoint:9022020523129001"/>
    <ForAlighting>true</ForAlighting>
    <ForBoarding>true</ForBoarding>
    <RequestStop>true</RequestStop>
</StopPointInJourneyPattern>
<StopPointInJourneyPattern order="5" version="any" id="SE:020:StopPointInJourneyPattern:205339415000021360_205330000095956411">
    <ScheduledStopPointRef ref="SE:020:ScheduledStopPoint:9022020523128001"/>
    <ForAlighting>true</ForAlighting>
    <ForBoarding>true</ForBoarding>
    <RequestStop>true</RequestStop>
</StopPointInJourneyPattern>
<StopPointInJourneyPattern order="6" version="any" id="SE:020:StopPointInJourneyPattern:205339415000021360_205330000095956412">
    <ScheduledStopPointRef ref="SE:020:ScheduledStopPoint:9022020523127001"/>
    <ForAlighting>true</ForAlighting>
    <ForBoarding>true</ForBoarding>
    <RequestStop>true</RequestStop>
</StopPointInJourneyPattern>
<StopPointInJourneyPattern order="7" version="any" id="SE:020:StopPointInJourneyPattern:205339415000021360_205330000095956413">
    <ScheduledStopPointRef ref="SE:020:ScheduledStopPoint:9022020523126001"/>
    <ForAlighting>true</ForAlighting>
    <ForBoarding>true</ForBoarding>
    <RequestStop>true</RequestStop>
</StopPointInJourneyPattern>
<StopPointInJourneyPattern order="8" version="any" id="SE:020:StopPointInJourneyPattern:205339415000021360_205330000095956414">
    <ScheduledStopPointRef ref="SE:020:ScheduledStopPoint:9022020523125001"/>
    <ForAlighting>true</ForAlighting>
    <ForBoarding>true</ForBoarding>
    <RequestStop>true</RequestStop>
</StopPointInJourneyPattern>
<StopPointInJourneyPattern order="9" version="any" id="SE:020:StopPointInJourneyPattern:205339415000021360_205330000095956415">
    <ScheduledStopPointRef ref="SE:020:ScheduledStopPoint:9022020523124001"/>
    <ForAlighting>true</ForAlighting>
    <ForBoarding>true</ForBoarding>
    <RequestStop>true</RequestStop>
</StopPointInJourneyPattern>
<StopPointInJourneyPattern order="10" version="any" id="SE:020:StopPointInJourneyPattern:205339415000021360_205330000095956416">
    <ScheduledStopPointRef ref="SE:020:ScheduledStopPoint:9022020523123001"/>
    <ForAlighting>true</ForAlighting>
    <ForBoarding>true</ForBoarding>
    <DestinationDisplayRef ref="SE:020:DestinationDisplay:205330000095956450"/>
    <RequestStop>true</RequestStop>
</StopPointInJourneyPattern>
<StopPointInJourneyPattern order="11" version="any" id="SE:020:StopPointInJourneyPattern:205339415000021360_205330000095956417">
    <ScheduledStopPointRef ref="SE:020:ScheduledStopPoint:9022020523124002"/>
    <ForAlighting>true</ForAlighting>
    <ForBoarding>true</ForBoarding>
    <RequestStop>true</RequestStop>
</StopPointInJourneyPattern>
<StopPointInJourneyPattern order="12" version="any" id="SE:020:StopPointInJourneyPattern:205339415000021360_205330000095956418">
    <ScheduledStopPointRef ref="SE:020:ScheduledStopPoint:9022020523125002"/>
    <ForAlighting>true</ForAlighting>
    <ForBoarding>true</ForBoarding>
    <RequestStop>true</RequestStop>
</StopPointInJourneyPattern>
<StopPointInJourneyPattern order="13" version="any" id="SE:020:StopPointInJourneyPattern:205339415000021360_205330000095956419">
    <ScheduledStopPointRef ref="SE:020:ScheduledStopPoint:9022020523126002"/>
    <ForAlighting>true</ForAlighting>
    <ForBoarding>true</ForBoarding>
    <RequestStop>true</RequestStop>
</StopPointInJourneyPattern>
<StopPointInJourneyPattern order="14" version="any" id="SE:020:StopPointInJourneyPattern:205339415000021360_205330000095956420">
    <ScheduledStopPointRef ref="SE:020:ScheduledStopPoint:9022020523127002"/>
    <ForAlighting>true</ForAlighting>
    <ForBoarding>true</ForBoarding>
    <RequestStop>true</RequestStop>
</StopPointInJourneyPattern>
<StopPointInJourneyPattern order="15" version="any" id="SE:020:StopPointInJourneyPattern:205339415000021360_205330000095956421">
    <ScheduledStopPointRef ref="SE:020:ScheduledStopPoint:9022020523128002"/>
    <ForAlighting>true</ForAlighting>
    <ForBoarding>true</ForBoarding>
    <RequestStop>true</RequestStop>
</StopPointInJourneyPattern>
<StopPointInJourneyPattern order="16" version="any" id="SE:020:StopPointInJourneyPattern:205339415000021360_205330000095956422">
    <ScheduledStopPointRef ref="SE:020:ScheduledStopPoint:9022020523129002"/>
    <ForAlighting>true</ForAlighting>
    <ForBoarding>true</ForBoarding>
    <RequestStop>true</RequestStop>
</StopPointInJourneyPattern>
<StopPointInJourneyPattern order="17" version="any" id="SE:020:StopPointInJourneyPattern:205339415000021360_205330000095956423">
    <ScheduledStopPointRef ref="SE:020:ScheduledStopPoint:9022020523130002"/>
    <ForAlighting>true</ForAlighting>
    <ForBoarding>true</ForBoarding>
    <RequestStop>true</RequestStop>
</StopPointInJourneyPattern>
<StopPointInJourneyPattern order="18" version="any" id="SE:020:StopPointInJourneyPattern:205339415000021360_205330000095956424">
    <ScheduledStopPointRef ref="SE:020:ScheduledStopPoint:9022020523131002"/>
    <ForAlighting>true</ForAlighting>
    <ForBoarding>true</ForBoarding>
    <RequestStop>true</RequestStop>
</StopPointInJourneyPattern>
<StopPointInJourneyPattern order="19" version="any" id="SE:020:StopPointInJourneyPattern:205339415000021360_205330000095956425">
    <ScheduledStopPointRef ref="SE:020:ScheduledStopPoint:9022020523132002"/>
    <ForAlighting>true</ForAlighting>
    <ForBoarding>true</ForBoarding>
    <RequestStop>true</RequestStop>
</StopPointInJourneyPattern>
<StopPointInJourneyPattern order="20" version="any" id="SE:020:StopPointInJourneyPattern:205339415000021360_205330000095956426">
    <ScheduledStopPointRef ref="SE:020:ScheduledStopPoint:9022020523133002"/>
    <ForAlighting>true</ForAlighting>
    <ForBoarding>true</ForBoarding>
    <RequestStop>true</RequestStop>
</StopPointInJourneyPattern>
<StopPointInJourneyPattern order="21" version="any" id="SE:020:StopPointInJourneyPattern:205339415000021360_205330000095956427">
    <ScheduledStopPointRef ref="SE:020:ScheduledStopPoint:9022020523134002"/>
    <ForAlighting>true</ForAlighting>
    <ForBoarding>true</ForBoarding>
    <RequestStop>true</RequestStop>
</StopPointInJourneyPattern>
<StopPointInJourneyPattern order="22" version="any" id="SE:020:StopPointInJourneyPattern:205339415000021360_205330000095956428">
    <ScheduledStopPointRef ref="SE:020:ScheduledStopPoint:9022020523135002"/>
    <ForAlighting>true</ForAlighting>
    <ForBoarding>true</ForBoarding>
    <RequestStop>true</RequestStop>
</StopPointInJourneyPattern>
<StopPointInJourneyPattern order="23" version="any" id="SE:020:StopPointInJourneyPattern:205339415000021360_205330000095956429">
    <ScheduledStopPointRef ref="SE:020:ScheduledStopPoint:9022020523136002"/>
    <ForAlighting>true</ForAlighting>
    <ForBoarding>true</ForBoarding>
    <RequestStop>true</RequestStop>
</StopPointInJourneyPattern>
<StopPointInJourneyPattern order="24" version="any" id="SE:020:StopPointInJourneyPattern:205339415000021360_205330000095956430">
    <ScheduledStopPointRef ref="SE:020:ScheduledStopPoint:9022020523147002"/>
    <ForAlighting>true</ForAlighting>
    <ForBoarding>true</ForBoarding>
    <RequestStop>true</RequestStop>
</StopPointInJourneyPattern>
<StopPointInJourneyPattern order="25" version="any" id="SE:020:StopPointInJourneyPattern:205339415000021360_205330000095956431">
    <ScheduledStopPointRef ref="SE:020:ScheduledStopPoint:9022020523117002"/>
    <ForAlighting>true</ForAlighting>
    <ForBoarding>true</ForBoarding>
    <RequestStop>true</RequestStop>
</StopPointInJourneyPattern>
<StopPointInJourneyPattern order="26" version="any" id="SE:020:StopPointInJourneyPattern:205339415000021360_205330000095956432">
    <ScheduledStopPointRef ref="SE:020:ScheduledStopPoint:9022020523148002"/>
    <ForAlighting>true</ForAlighting>
    <ForBoarding>true</ForBoarding>
    <RequestStop>true</RequestStop>
</StopPointInJourneyPattern>
<StopPointInJourneyPattern order="27" version="any" id="SE:020:StopPointInJourneyPattern:205339415000021360_205330000095956433">
    <ScheduledStopPointRef ref="SE:020:ScheduledStopPoint:9022020523149002"/>
    <ForAlighting>true</ForAlighting>
    <ForBoarding>true</ForBoarding>
    <RequestStop>true</RequestStop>
</StopPointInJourneyPattern>
<StopPointInJourneyPattern order="28" version="any" id="SE:020:StopPointInJourneyPattern:205339415000021360_205330000095956434">
    <ScheduledStopPointRef ref="SE:020:ScheduledStopPoint:9022020523150001"/>
    <ForAlighting>true</ForAlighting>
    <ForBoarding>true</ForBoarding>
    <RequestStop>true</RequestStop>
</StopPointInJourneyPattern>
<StopPointInJourneyPattern order="29" version="any" id="SE:020:StopPointInJourneyPattern:205339415000021360_205330000095956435">
    <ScheduledStopPointRef ref="SE:020:ScheduledStopPoint:9022020523137002"/>
    <ForAlighting>true</ForAlighting>
    <ForBoarding>true</ForBoarding>
    <RequestStop>true</RequestStop>
</StopPointInJourneyPattern>
<StopPointInJourneyPattern order="30" version="any" id="SE:020:StopPointInJourneyPattern:205339415000021360_205330000095956436">
    <ScheduledStopPointRef ref="SE:020:ScheduledStopPoint:9022020523140001"/>
    <ForAlighting>true</ForAlighting>
    <ForBoarding>true</ForBoarding>
    <RequestStop>true</RequestStop>
</StopPointInJourneyPattern>
<StopPointInJourneyPattern order="31" version="any" id="SE:020:StopPointInJourneyPattern:205339415000021360_205330000095956437">
    <ScheduledStopPointRef ref="SE:020:ScheduledStopPoint:9022020523139001"/>
    <ForAlighting>true</ForAlighting>
    <ForBoarding>true</ForBoarding>
    <RequestStop>true</RequestStop>
</StopPointInJourneyPattern>
<StopPointInJourneyPattern order="32" version="any" id="SE:020:StopPointInJourneyPattern:205339415000021360_205330000095956438">
    <ScheduledStopPointRef ref="SE:020:ScheduledStopPoint:9022020523195001"/>
    <ForAlighting>true</ForAlighting>
    <ForBoarding>false</ForBoarding>
    <RequestStop>true</RequestStop>
</StopPointInJourneyPattern>
                            </pointsInSequence>
                            <linksInSequence>
<ServiceLinkInJourneyPattern order="1" version="any" id="SE:020:ServiceLinkInJourneyPattern:BUS_25549">
    <ServiceLinkRef ref="SE:020:ServiceLink:BUS_9025020052319501_9025020052313101"/>
</ServiceLinkInJourneyPattern>
<ServiceLinkInJourneyPattern order="2" version="any" id="SE:020:ServiceLinkInJourneyPattern:BUS_25550">
    <ServiceLinkRef ref="SE:020:ServiceLink:BUS_9025020052313101_9025020052313001"/>
</ServiceLinkInJourneyPattern>
<ServiceLinkInJourneyPattern order="3" version="any" id="SE:020:ServiceLinkInJourneyPattern:BUS_25551">
    <ServiceLinkRef ref="SE:020:ServiceLink:BUS_9025020052313001_9025020052312901"/>
</ServiceLinkInJourneyPattern>
<ServiceLinkInJourneyPattern order="4" version="any" id="SE:020:ServiceLinkInJourneyPattern:BUS_25552">
    <ServiceLinkRef ref="SE:020:ServiceLink:BUS_9025020052312901_9025020052312801"/>
</ServiceLinkInJourneyPattern>
<ServiceLinkInJourneyPattern order="5" version="any" id="SE:020:ServiceLinkInJourneyPattern:BUS_25553">
    <ServiceLinkRef ref="SE:020:ServiceLink:BUS_9025020052312801_9025020052312701"/>
</ServiceLinkInJourneyPattern>
<ServiceLinkInJourneyPattern order="6" version="any" id="SE:020:ServiceLinkInJourneyPattern:BUS_25554">
    <ServiceLinkRef ref="SE:020:ServiceLink:BUS_9025020052312701_9025020052312601"/>
</ServiceLinkInJourneyPattern>
<ServiceLinkInJourneyPattern order="7" version="any" id="SE:020:ServiceLinkInJourneyPattern:BUS_25555">
    <ServiceLinkRef ref="SE:020:ServiceLink:BUS_9025020052312601_9025020052312501"/>
</ServiceLinkInJourneyPattern>
<ServiceLinkInJourneyPattern order="8" version="any" id="SE:020:ServiceLinkInJourneyPattern:BUS_25556">
    <ServiceLinkRef ref="SE:020:ServiceLink:BUS_9025020052312501_9025020052312401"/>
</ServiceLinkInJourneyPattern>
<ServiceLinkInJourneyPattern order="9" version="any" id="SE:020:ServiceLinkInJourneyPattern:BUS_25557">
    <ServiceLinkRef ref="SE:020:ServiceLink:BUS_9025020052312401_9025020052312301"/>
</ServiceLinkInJourneyPattern>
<ServiceLinkInJourneyPattern order="10" version="any" id="SE:020:ServiceLinkInJourneyPattern:BUS_25558">
    <ServiceLinkRef ref="SE:020:ServiceLink:BUS_9025020052312301_9025020052312402"/>
</ServiceLinkInJourneyPattern>
<ServiceLinkInJourneyPattern order="11" version="any" id="SE:020:ServiceLinkInJourneyPattern:BUS_25559">
    <ServiceLinkRef ref="SE:020:ServiceLink:BUS_9025020052312402_9025020052312502"/>
</ServiceLinkInJourneyPattern>
<ServiceLinkInJourneyPattern order="12" version="any" id="SE:020:ServiceLinkInJourneyPattern:BUS_25560">
    <ServiceLinkRef ref="SE:020:ServiceLink:BUS_9025020052312502_9025020052312602"/>
</ServiceLinkInJourneyPattern>
<ServiceLinkInJourneyPattern order="13" version="any" id="SE:020:ServiceLinkInJourneyPattern:BUS_25561">
    <ServiceLinkRef ref="SE:020:ServiceLink:BUS_9025020052312602_9025020052312702"/>
</ServiceLinkInJourneyPattern>
<ServiceLinkInJourneyPattern order="14" version="any" id="SE:020:ServiceLinkInJourneyPattern:BUS_25562">
    <ServiceLinkRef ref="SE:020:ServiceLink:BUS_9025020052312702_9025020052312802"/>
</ServiceLinkInJourneyPattern>
<ServiceLinkInJourneyPattern order="15" version="any" id="SE:020:ServiceLinkInJourneyPattern:BUS_25563">
    <ServiceLinkRef ref="SE:020:ServiceLink:BUS_9025020052312802_9025020052312902"/>
</ServiceLinkInJourneyPattern>
<ServiceLinkInJourneyPattern order="16" version="any" id="SE:020:ServiceLinkInJourneyPattern:BUS_25564">
    <ServiceLinkRef ref="SE:020:ServiceLink:BUS_9025020052312902_9025020052313002"/>
</ServiceLinkInJourneyPattern>
<ServiceLinkInJourneyPattern order="17" version="any" id="SE:020:ServiceLinkInJourneyPattern:BUS_25565">
    <ServiceLinkRef ref="SE:020:ServiceLink:BUS_9025020052313002_9025020052313102"/>
</ServiceLinkInJourneyPattern>
<ServiceLinkInJourneyPattern order="18" version="any" id="SE:020:ServiceLinkInJourneyPattern:BUS_25566">
    <ServiceLinkRef ref="SE:020:ServiceLink:BUS_9025020052313102_9025020052313202"/>
</ServiceLinkInJourneyPattern>
<ServiceLinkInJourneyPattern order="19" version="any" id="SE:020:ServiceLinkInJourneyPattern:BUS_25567">
    <ServiceLinkRef ref="SE:020:ServiceLink:BUS_9025020052313202_9025020052313302"/>
</ServiceLinkInJourneyPattern>
<ServiceLinkInJourneyPattern order="20" version="any" id="SE:020:ServiceLinkInJourneyPattern:BUS_25568">
    <ServiceLinkRef ref="SE:020:ServiceLink:BUS_9025020052313302_9025020052313402"/>
</ServiceLinkInJourneyPattern>
<ServiceLinkInJourneyPattern order="21" version="any" id="SE:020:ServiceLinkInJourneyPattern:BUS_25569">
    <ServiceLinkRef ref="SE:020:ServiceLink:BUS_9025020052313402_9025020052313502"/>
</ServiceLinkInJourneyPattern>
<ServiceLinkInJourneyPattern order="22" version="any" id="SE:020:ServiceLinkInJourneyPattern:BUS_25570">
    <ServiceLinkRef ref="SE:020:ServiceLink:BUS_9025020052313502_9025020052313602"/>
</ServiceLinkInJourneyPattern>
<ServiceLinkInJourneyPattern order="23" version="any" id="SE:020:ServiceLinkInJourneyPattern:BUS_25571">
    <ServiceLinkRef ref="SE:020:ServiceLink:BUS_9025020052313602_9025020052314702"/>
</ServiceLinkInJourneyPattern>
<ServiceLinkInJourneyPattern order="24" version="any" id="SE:020:ServiceLinkInJourneyPattern:BUS_25572">
    <ServiceLinkRef ref="SE:020:ServiceLink:BUS_9025020052314702_9025020052311702"/>
</ServiceLinkInJourneyPattern>
<ServiceLinkInJourneyPattern order="25" version="any" id="SE:020:ServiceLinkInJourneyPattern:BUS_25573">
    <ServiceLinkRef ref="SE:020:ServiceLink:BUS_9025020052311702_9025020052314802"/>
</ServiceLinkInJourneyPattern>
<ServiceLinkInJourneyPattern order="26" version="any" id="SE:020:ServiceLinkInJourneyPattern:BUS_25574">
    <ServiceLinkRef ref="SE:020:ServiceLink:BUS_9025020052314802_9025020052314902"/>
</ServiceLinkInJourneyPattern>
<ServiceLinkInJourneyPattern order="27" version="any" id="SE:020:ServiceLinkInJourneyPattern:BUS_25575">
    <ServiceLinkRef ref="SE:020:ServiceLink:BUS_9025020052314902_9025020052315001"/>
</ServiceLinkInJourneyPattern>
<ServiceLinkInJourneyPattern order="28" version="any" id="SE:020:ServiceLinkInJourneyPattern:BUS_25576">
    <ServiceLinkRef ref="SE:020:ServiceLink:BUS_9025020052315001_9025020052313702"/>
</ServiceLinkInJourneyPattern>
<ServiceLinkInJourneyPattern order="29" version="any" id="SE:020:ServiceLinkInJourneyPattern:BUS_25577">
    <ServiceLinkRef ref="SE:020:ServiceLink:BUS_9025020052313702_9025020052314001"/>
</ServiceLinkInJourneyPattern>
<ServiceLinkInJourneyPattern order="30" version="any" id="SE:020:ServiceLinkInJourneyPattern:BUS_25578">
    <ServiceLinkRef ref="SE:020:ServiceLink:BUS_9025020052314001_9025020052313901"/>
</ServiceLinkInJourneyPattern>
<ServiceLinkInJourneyPattern order="31" version="any" id="SE:020:ServiceLinkInJourneyPattern:BUS_25579">
    <ServiceLinkRef ref="SE:020:ServiceLink:BUS_9025020052313901_9025020052319501"/>
</ServiceLinkInJourneyPattern>
                            </linksInSequence>
                        </JourneyPattern>
                        <JourneyPattern version="any" id="SE:020:JourneyPattern:205339415000021361">
                            <RouteRef ref="SE:020:Route:205330000095956454" version="any"/>
                            <pointsInSequence>
<StopPointInJourneyPattern order="1" version="any" id="SE:020:StopPointInJourneyPattern:205339415000021361_205330000095956459">
    <ScheduledStopPointRef ref="SE:020:ScheduledStopPoint:9022020523140001"/>
    <ForAlighting>false</ForAlighting>
    <ForBoarding>true</ForBoarding>
    <DestinationDisplayRef ref="SE:020:DestinationDisplay:205330000095956499"/>
    <RequestStop>true</RequestStop>
</StopPointInJourneyPattern>
<StopPointInJourneyPattern order="2" version="any" id="SE:020:StopPointInJourneyPattern:205339415000021361_205330000095956460">
    <ScheduledStopPointRef ref="SE:020:ScheduledStopPoint:9022020523139001"/>
    <ForAlighting>true</ForAlighting>
    <ForBoarding>true</ForBoarding>
    <RequestStop>true</RequestStop>
</StopPointInJourneyPattern>
<StopPointInJourneyPattern order="3" version="any" id="SE:020:StopPointInJourneyPattern:205339415000021361_205330000095956461">
    <ScheduledStopPointRef ref="SE:020:ScheduledStopPoint:9022020523195001"/>
    <ForAlighting>true</ForAlighting>
    <ForBoarding>true</ForBoarding>
    <RequestStop>true</RequestStop>
</StopPointInJourneyPattern>
<StopPointInJourneyPattern order="4" version="any" id="SE:020:StopPointInJourneyPattern:205339415000021361_205330000095956462">
    <ScheduledStopPointRef ref="SE:020:ScheduledStopPoint:9022020523137001"/>
    <ForAlighting>true</ForAlighting>
    <ForBoarding>true</ForBoarding>
    <RequestStop>true</RequestStop>
</StopPointInJourneyPattern>
<StopPointInJourneyPattern order="5" version="any" id="SE:020:StopPointInJourneyPattern:205339415000021361_205330000095956463">
    <ScheduledStopPointRef ref="SE:020:ScheduledStopPoint:9022020523150001"/>
    <ForAlighting>true</ForAlighting>
    <ForBoarding>true</ForBoarding>
    <RequestStop>true</RequestStop>
</StopPointInJourneyPattern>
<StopPointInJourneyPattern order="6" version="any" id="SE:020:StopPointInJourneyPattern:205339415000021361_205330000095956464">
    <ScheduledStopPointRef ref="SE:020:ScheduledStopPoint:9022020523149001"/>
    <ForAlighting>true</ForAlighting>
    <ForBoarding>true</ForBoarding>
    <RequestStop>true</RequestStop>
</StopPointInJourneyPattern>
<StopPointInJourneyPattern order="7" version="any" id="SE:020:StopPointInJourneyPattern:205339415000021361_205330000095956465">
    <ScheduledStopPointRef ref="SE:020:ScheduledStopPoint:9022020523148001"/>
    <ForAlighting>true</ForAlighting>
    <ForBoarding>true</ForBoarding>
    <RequestStop>true</RequestStop>
</StopPointInJourneyPattern>
<StopPointInJourneyPattern order="8" version="any" id="SE:020:StopPointInJourneyPattern:205339415000021361_205330000095956466">
    <ScheduledStopPointRef ref="SE:020:ScheduledStopPoint:9022020523117001"/>
    <ForAlighting>true</ForAlighting>
    <ForBoarding>true</ForBoarding>
    <RequestStop>true</RequestStop>
</StopPointInJourneyPattern>
<StopPointInJourneyPattern order="9" version="any" id="SE:020:StopPointInJourneyPattern:205339415000021361_205330000095956467">
    <ScheduledStopPointRef ref="SE:020:ScheduledStopPoint:9022020523147001"/>
    <ForAlighting>true</ForAlighting>
    <ForBoarding>true</ForBoarding>
    <RequestStop>true</RequestStop>
</StopPointInJourneyPattern>
<StopPointInJourneyPattern order="10" version="any" id="SE:020:StopPointInJourneyPattern:205339415000021361_205330000095956468">
    <ScheduledStopPointRef ref="SE:020:ScheduledStopPoint:9022020523178001"/>
    <ForAlighting>true</ForAlighting>
    <ForBoarding>true</ForBoarding>
    <RequestStop>true</RequestStop>
</StopPointInJourneyPattern>
<StopPointInJourneyPattern order="11" version="any" id="SE:020:StopPointInJourneyPattern:205339415000021361_205330000095956469">
    <ScheduledStopPointRef ref="SE:020:ScheduledStopPoint:9022020523136001"/>
    <ForAlighting>true</ForAlighting>
    <ForBoarding>true</ForBoarding>
    <RequestStop>true</RequestStop>
</StopPointInJourneyPattern>
<StopPointInJourneyPattern order="12" version="any" id="SE:020:StopPointInJourneyPattern:205339415000021361_205330000095956470">
    <ScheduledStopPointRef ref="SE:020:ScheduledStopPoint:9022020523135001"/>
    <ForAlighting>true</ForAlighting>
    <ForBoarding>true</ForBoarding>
    <RequestStop>true</RequestStop>
</StopPointInJourneyPattern>
<StopPointInJourneyPattern order="13" version="any" id="SE:020:StopPointInJourneyPattern:205339415000021361_205330000095956471">
    <ScheduledStopPointRef ref="SE:020:ScheduledStopPoint:9022020523134001"/>
    <ForAlighting>true</ForAlighting>
    <ForBoarding>true</ForBoarding>
    <RequestStop>true</RequestStop>
</StopPointInJourneyPattern>
<StopPointInJourneyPattern order="14" version="any" id="SE:020:StopPointInJourneyPattern:205339415000021361_205330000095956472">
    <ScheduledStopPointRef ref="SE:020:ScheduledStopPoint:9022020523133001"/>
    <ForAlighting>true</ForAlighting>
    <ForBoarding>true</ForBoarding>
    <RequestStop>true</RequestStop>
</StopPointInJourneyPattern>
<StopPointInJourneyPattern order="15" version="any" id="SE:020:StopPointInJourneyPattern:205339415000021361_205330000095956473">
    <ScheduledStopPointRef ref="SE:020:ScheduledStopPoint:9022020523132001"/>
    <ForAlighting>true</ForAlighting>
    <ForBoarding>true</ForBoarding>
    <RequestStop>true</RequestStop>
</StopPointInJourneyPattern>
<StopPointInJourneyPattern order="16" version="any" id="SE:020:StopPointInJourneyPattern:205339415000021361_205330000095956474">
    <ScheduledStopPointRef ref="SE:020:ScheduledStopPoint:9022020523131001"/>
    <ForAlighting>true</ForAlighting>
    <ForBoarding>true</ForBoarding>
    <RequestStop>true</RequestStop>
</StopPointInJourneyPattern>
<StopPointInJourneyPattern order="17" version="any" id="SE:020:StopPointInJourneyPattern:205339415000021361_205330000095956475">
    <ScheduledStopPointRef ref="SE:020:ScheduledStopPoint:9022020523130001"/>
    <ForAlighting>true</ForAlighting>
    <ForBoarding>true</ForBoarding>
    <RequestStop>true</RequestStop>
</StopPointInJourneyPattern>
<StopPointInJourneyPattern order="18" version="any" id="SE:020:StopPointInJourneyPattern:205339415000021361_205330000095956476">
    <ScheduledStopPointRef ref="SE:020:ScheduledStopPoint:9022020523129001"/>
    <ForAlighting>true</ForAlighting>
    <ForBoarding>true</ForBoarding>
    <RequestStop>true</RequestStop>
</StopPointInJourneyPattern>
<StopPointInJourneyPattern order="19" version="any" id="SE:020:StopPointInJourneyPattern:205339415000021361_205330000095956477">
    <ScheduledStopPointRef ref="SE:020:ScheduledStopPoint:9022020523128001"/>
    <ForAlighting>true</ForAlighting>
    <ForBoarding>true</ForBoarding>
    <RequestStop>true</RequestStop>
</StopPointInJourneyPattern>
<StopPointInJourneyPattern order="20" version="any" id="SE:020:StopPointInJourneyPattern:205339415000021361_205330000095956478">
    <ScheduledStopPointRef ref="SE:020:ScheduledStopPoint:9022020523127001"/>
    <ForAlighting>true</ForAlighting>
    <ForBoarding>true</ForBoarding>
    <RequestStop>true</RequestStop>
</StopPointInJourneyPattern>
<StopPointInJourneyPattern order="21" version="any" id="SE:020:StopPointInJourneyPattern:205339415000021361_205330000095956479">
    <ScheduledStopPointRef ref="SE:020:ScheduledStopPoint:9022020523126001"/>
    <ForAlighting>true</ForAlighting>
    <ForBoarding>true</ForBoarding>
    <RequestStop>true</RequestStop>
</StopPointInJourneyPattern>
<StopPointInJourneyPattern order="22" version="any" id="SE:020:StopPointInJourneyPattern:205339415000021361_205330000095956480">
    <ScheduledStopPointRef ref="SE:020:ScheduledStopPoint:9022020523125001"/>
    <ForAlighting>true</ForAlighting>
    <ForBoarding>true</ForBoarding>
    <RequestStop>true</RequestStop>
</StopPointInJourneyPattern>
<StopPointInJourneyPattern order="23" version="any" id="SE:020:StopPointInJourneyPattern:205339415000021361_205330000095956481">
    <ScheduledStopPointRef ref="SE:020:ScheduledStopPoint:9022020523124001"/>
    <ForAlighting>true</ForAlighting>
    <ForBoarding>true</ForBoarding>
    <RequestStop>true</RequestStop>
</StopPointInJourneyPattern>
<StopPointInJourneyPattern order="24" version="any" id="SE:020:StopPointInJourneyPattern:205339415000021361_205330000095956482">
    <ScheduledStopPointRef ref="SE:020:ScheduledStopPoint:9022020523123001"/>
    <ForAlighting>true</ForAlighting>
    <ForBoarding>true</ForBoarding>
    <DestinationDisplayRef ref="SE:020:DestinationDisplay:205330000095956503"/>
    <RequestStop>true</RequestStop>
</StopPointInJourneyPattern>
<StopPointInJourneyPattern order="25" version="any" id="SE:020:StopPointInJourneyPattern:205339415000021361_205330000095956483">
    <ScheduledStopPointRef ref="SE:020:ScheduledStopPoint:9022020523124002"/>
    <ForAlighting>true</ForAlighting>
    <ForBoarding>true</ForBoarding>
    <RequestStop>true</RequestStop>
</StopPointInJourneyPattern>
<StopPointInJourneyPattern order="26" version="any" id="SE:020:StopPointInJourneyPattern:205339415000021361_205330000095956484">
    <ScheduledStopPointRef ref="SE:020:ScheduledStopPoint:9022020523125002"/>
    <ForAlighting>true</ForAlighting>
    <ForBoarding>true</ForBoarding>
    <RequestStop>true</RequestStop>
</StopPointInJourneyPattern>
<StopPointInJourneyPattern order="27" version="any" id="SE:020:StopPointInJourneyPattern:205339415000021361_205330000095956485">
    <ScheduledStopPointRef ref="SE:020:ScheduledStopPoint:9022020523126002"/>
    <ForAlighting>true</ForAlighting>
    <ForBoarding>true</ForBoarding>
    <RequestStop>true</RequestStop>
</StopPointInJourneyPattern>
<StopPointInJourneyPattern order="28" version="any" id="SE:020:StopPointInJourneyPattern:205339415000021361_205330000095956486">
    <ScheduledStopPointRef ref="SE:020:ScheduledStopPoint:9022020523127002"/>
    <ForAlighting>true</ForAlighting>
    <ForBoarding>true</ForBoarding>
    <RequestStop>true</RequestStop>
</StopPointInJourneyPattern>
<StopPointInJourneyPattern order="29" version="any" id="SE:020:StopPointInJourneyPattern:205339415000021361_205330000095956487">
    <ScheduledStopPointRef ref="SE:020:ScheduledStopPoint:9022020523128002"/>
    <ForAlighting>true</ForAlighting>
    <ForBoarding>true</ForBoarding>
    <RequestStop>true</RequestStop>
</StopPointInJourneyPattern>
<StopPointInJourneyPattern order="30" version="any" id="SE:020:StopPointInJourneyPattern:205339415000021361_205330000095956488">
    <ScheduledStopPointRef ref="SE:020:ScheduledStopPoint:9022020523129002"/>
    <ForAlighting>true</ForAlighting>
    <ForBoarding>true</ForBoarding>
    <RequestStop>true</RequestStop>
</StopPointInJourneyPattern>
<StopPointInJourneyPattern order="31" version="any" id="SE:020:StopPointInJourneyPattern:205339415000021361_205330000095956489">
    <ScheduledStopPointRef ref="SE:020:ScheduledStopPoint:9022020523130002"/>
    <ForAlighting>true</ForAlighting>
    <ForBoarding>true</ForBoarding>
    <RequestStop>true</RequestStop>
</StopPointInJourneyPattern>
<StopPointInJourneyPattern order="32" version="any" id="SE:020:StopPointInJourneyPattern:205339415000021361_205330000095956490">
    <ScheduledStopPointRef ref="SE:020:ScheduledStopPoint:9022020523131002"/>
    <ForAlighting>true</ForAlighting>
    <ForBoarding>true</ForBoarding>
    <RequestStop>true</RequestStop>
</StopPointInJourneyPattern>
<StopPointInJourneyPattern order="33" version="any" id="SE:020:StopPointInJourneyPattern:205339415000021361_205330000095956491">
    <ScheduledStopPointRef ref="SE:020:ScheduledStopPoint:9022020523195001"/>
    <ForAlighting>true</ForAlighting>
    <ForBoarding>false</ForBoarding>
    <RequestStop>true</RequestStop>
</StopPointInJourneyPattern>
                            </pointsInSequence>
                            <linksInSequence>
<ServiceLinkInJourneyPattern order="1" version="any" id="SE:020:ServiceLinkInJourneyPattern:BUS_25580">
    <ServiceLinkRef ref="SE:020:ServiceLink:BUS_9025020052314001_9025020052313901"/>
</ServiceLinkInJourneyPattern>
<ServiceLinkInJourneyPattern order="2" version="any" id="SE:020:ServiceLinkInJourneyPattern:BUS_25581">
    <ServiceLinkRef ref="SE:020:ServiceLink:BUS_9025020052313901_9025020052319501"/>
</ServiceLinkInJourneyPattern>
<ServiceLinkInJourneyPattern order="3" version="any" id="SE:020:ServiceLinkInJourneyPattern:BUS_25582">
    <ServiceLinkRef ref="SE:020:ServiceLink:BUS_9025020052319501_9025020052313701"/>
</ServiceLinkInJourneyPattern>
<ServiceLinkInJourneyPattern order="4" version="any" id="SE:020:ServiceLinkInJourneyPattern:BUS_25583">
    <ServiceLinkRef ref="SE:020:ServiceLink:BUS_9025020052313701_9025020052315001"/>
</ServiceLinkInJourneyPattern>
<ServiceLinkInJourneyPattern order="5" version="any" id="SE:020:ServiceLinkInJourneyPattern:BUS_25584">
    <ServiceLinkRef ref="SE:020:ServiceLink:BUS_9025020052315001_9025020052314901"/>
</ServiceLinkInJourneyPattern>
<ServiceLinkInJourneyPattern order="6" version="any" id="SE:020:ServiceLinkInJourneyPattern:BUS_25585">
    <ServiceLinkRef ref="SE:020:ServiceLink:BUS_9025020052314901_9025020052314801"/>
</ServiceLinkInJourneyPattern>
<ServiceLinkInJourneyPattern order="7" version="any" id="SE:020:ServiceLinkInJourneyPattern:BUS_25586">
    <ServiceLinkRef ref="SE:020:ServiceLink:BUS_9025020052314801_9025020052311701"/>
</ServiceLinkInJourneyPattern>
<ServiceLinkInJourneyPattern order="8" version="any" id="SE:020:ServiceLinkInJourneyPattern:BUS_25587">
    <ServiceLinkRef ref="SE:020:ServiceLink:BUS_9025020052311701_9025020052314701"/>
</ServiceLinkInJourneyPattern>
<ServiceLinkInJourneyPattern order="9" version="any" id="SE:020:ServiceLinkInJourneyPattern:BUS_25588">
    <ServiceLinkRef ref="SE:020:ServiceLink:BUS_9025020052314701_9025020052317801"/>
</ServiceLinkInJourneyPattern>
<ServiceLinkInJourneyPattern order="10" version="any" id="SE:020:ServiceLinkInJourneyPattern:BUS_25589">
    <ServiceLinkRef ref="SE:020:ServiceLink:BUS_9025020052317801_9025020052313601"/>
</ServiceLinkInJourneyPattern>
<ServiceLinkInJourneyPattern order="11" version="any" id="SE:020:ServiceLinkInJourneyPattern:BUS_25590">
    <ServiceLinkRef ref="SE:020:ServiceLink:BUS_9025020052313601_9025020052313501"/>
</ServiceLinkInJourneyPattern>
<ServiceLinkInJourneyPattern order="12" version="any" id="SE:020:ServiceLinkInJourneyPattern:BUS_25591">
    <ServiceLinkRef ref="SE:020:ServiceLink:BUS_9025020052313501_9025020052313401"/>
</ServiceLinkInJourneyPattern>
<ServiceLinkInJourneyPattern order="13" version="any" id="SE:020:ServiceLinkInJourneyPattern:BUS_25592">
    <ServiceLinkRef ref="SE:020:ServiceLink:BUS_9025020052313401_9025020052313301"/>
</ServiceLinkInJourneyPattern>
<ServiceLinkInJourneyPattern order="14" version="any" id="SE:020:ServiceLinkInJourneyPattern:BUS_25593">
    <ServiceLinkRef ref="SE:020:ServiceLink:BUS_9025020052313301_9025020052313201"/>
</ServiceLinkInJourneyPattern>
<ServiceLinkInJourneyPattern order="15" version="any" id="SE:020:ServiceLinkInJourneyPattern:BUS_25594">
    <ServiceLinkRef ref="SE:020:ServiceLink:BUS_9025020052313201_9025020052313101"/>
</ServiceLinkInJourneyPattern>
<ServiceLinkInJourneyPattern order="16" version="any" id="SE:020:ServiceLinkInJourneyPattern:BUS_25595">
    <ServiceLinkRef ref="SE:020:ServiceLink:BUS_9025020052313101_9025020052313001"/>
</ServiceLinkInJourneyPattern>
<ServiceLinkInJourneyPattern order="17" version="any" id="SE:020:ServiceLinkInJourneyPattern:BUS_25596">
    <ServiceLinkRef ref="SE:020:ServiceLink:BUS_9025020052313001_9025020052312901"/>
</ServiceLinkInJourneyPattern>
<ServiceLinkInJourneyPattern order="18" version="any" id="SE:020:ServiceLinkInJourneyPattern:BUS_25597">
    <ServiceLinkRef ref="SE:020:ServiceLink:BUS_9025020052312901_9025020052312801"/>
</ServiceLinkInJourneyPattern>
<ServiceLinkInJourneyPattern order="19" version="any" id="SE:020:ServiceLinkInJourneyPattern:BUS_25598">
    <ServiceLinkRef ref="SE:020:ServiceLink:BUS_9025020052312801_9025020052312701"/>
</ServiceLinkInJourneyPattern>
<ServiceLinkInJourneyPattern order="20" version="any" id="SE:020:ServiceLinkInJourneyPattern:BUS_25599">
    <ServiceLinkRef ref="SE:020:ServiceLink:BUS_9025020052312701_9025020052312601"/>
</ServiceLinkInJourneyPattern>
<ServiceLinkInJourneyPattern order="21" version="any" id="SE:020:ServiceLinkInJourneyPattern:BUS_25600">
    <ServiceLinkRef ref="SE:020:ServiceLink:BUS_9025020052312601_9025020052312501"/>
</ServiceLinkInJourneyPattern>
<ServiceLinkInJourneyPattern order="22" version="any" id="SE:020:ServiceLinkInJourneyPattern:BUS_25601">
    <ServiceLinkRef ref="SE:020:ServiceLink:BUS_9025020052312501_9025020052312401"/>
</ServiceLinkInJourneyPattern>
<ServiceLinkInJourneyPattern order="23" version="any" id="SE:020:ServiceLinkInJourneyPattern:BUS_25602">
    <ServiceLinkRef ref="SE:020:ServiceLink:BUS_9025020052312401_9025020052312301"/>
</ServiceLinkInJourneyPattern>
<ServiceLinkInJourneyPattern order="24" version="any" id="SE:020:ServiceLinkInJourneyPattern:BUS_25603">
    <ServiceLinkRef ref="SE:020:ServiceLink:BUS_9025020052312301_9025020052312402"/>
</ServiceLinkInJourneyPattern>
<ServiceLinkInJourneyPattern order="25" version="any" id="SE:020:ServiceLinkInJourneyPattern:BUS_25604">
    <ServiceLinkRef ref="SE:020:ServiceLink:BUS_9025020052312402_9025020052312502"/>
</ServiceLinkInJourneyPattern>
<ServiceLinkInJourneyPattern order="26" version="any" id="SE:020:ServiceLinkInJourneyPattern:BUS_25605">
    <ServiceLinkRef ref="SE:020:ServiceLink:BUS_9025020052312502_9025020052312602"/>
</ServiceLinkInJourneyPattern>
<ServiceLinkInJourneyPattern order="27" version="any" id="SE:020:ServiceLinkInJourneyPattern:BUS_25606">
    <ServiceLinkRef ref="SE:020:ServiceLink:BUS_9025020052312602_9025020052312702"/>
</ServiceLinkInJourneyPattern>
<ServiceLinkInJourneyPattern order="28" version="any" id="SE:020:ServiceLinkInJourneyPattern:BUS_25607">
    <ServiceLinkRef ref="SE:020:ServiceLink:BUS_9025020052312702_9025020052312802"/>
</ServiceLinkInJourneyPattern>
<ServiceLinkInJourneyPattern order="29" version="any" id="SE:020:ServiceLinkInJourneyPattern:BUS_25608">
    <ServiceLinkRef ref="SE:020:ServiceLink:BUS_9025020052312802_9025020052312902"/>
</ServiceLinkInJourneyPattern>
<ServiceLinkInJourneyPattern order="30" version="any" id="SE:020:ServiceLinkInJourneyPattern:BUS_25609">
    <ServiceLinkRef ref="SE:020:ServiceLink:BUS_9025020052312902_9025020052313002"/>
</ServiceLinkInJourneyPattern>
<ServiceLinkInJourneyPattern order="31" version="any" id="SE:020:ServiceLinkInJourneyPattern:BUS_25610">
    <ServiceLinkRef ref="SE:020:ServiceLink:BUS_9025020052313002_9025020052313102"/>
</ServiceLinkInJourneyPattern>
<ServiceLinkInJourneyPattern order="32" version="any" id="SE:020:ServiceLinkInJourneyPattern:BUS_25611">
    <ServiceLinkRef ref="SE:020:ServiceLink:BUS_9025020052313102_9025020052319501"/>
</ServiceLinkInJourneyPattern>
                            </linksInSequence>
                        </JourneyPattern>
                    </journeyPatterns>
                </ServiceFrame>
                <TimetableFrame version="20241009025723" id="SE:020:TimetableFrame:9011020031300000">
                    <vehicleJourneys>
                        <ServiceJourney version="any" id="SE:020:ServiceJourney:205330000113870621">
                            <TransportMode>bus</TransportMode>
                            <TransportSubmode>
<BusSubmode>unknown</BusSubmode>
                            </TransportSubmode>
                            <dayTypes>
<DayTypeRef ref="SE:020:DayType:33jmpmbc08dk2d8au9u7ffjuoo36fro1"/>
                            </dayTypes>
                            <JourneyPatternRef ref="SE:020:JourneyPattern:205339415000021361" version="any"/>
                            <OperatorRef ref="SE:020:Operator:9013020140700000"/>
                            <passingTimes>
<TimetabledPassingTime version="any" id="SE:020:TimetabledPassingTime:205330000113870586">
    <StopPointInJourneyPatternRef ref="SE:020:StopPointInJourneyPattern:205339415000021361_205330000095956459" version="any"/>
    <DepartureTime>13:30:00</DepartureTime>
</TimetabledPassingTime>
<TimetabledPassingTime version="any" id="SE:020:TimetabledPassingTime:205330000113870587">
    <StopPointInJourneyPatternRef ref="SE:020:StopPointInJourneyPattern:205339415000021361_205330000095956460" version="any"/>
    <ArrivalTime>13:32:00</ArrivalTime>
    <DepartureTime>13:32:00</DepartureTime>
</TimetabledPassingTime>
<TimetabledPassingTime version="any" id="SE:020:TimetabledPassingTime:205330000113870588">
    <StopPointInJourneyPatternRef ref="SE:020:StopPointInJourneyPattern:205339415000021361_205330000095956461" version="any"/>
    <ArrivalTime>13:35:00</ArrivalTime>
    <DepartureTime>13:35:00</DepartureTime>
</TimetabledPassingTime>
<TimetabledPassingTime version="any" id="SE:020:TimetabledPassingTime:205330000113870589">
    <StopPointInJourneyPatternRef ref="SE:020:StopPointInJourneyPattern:205339415000021361_205330000095956462" version="any"/>
    <ArrivalTime>13:36:28</ArrivalTime>
    <DepartureTime>13:36:28</DepartureTime>
</TimetabledPassingTime>
<TimetabledPassingTime version="any" id="SE:020:TimetabledPassingTime:205330000113870590">
    <StopPointInJourneyPatternRef ref="SE:020:StopPointInJourneyPattern:205339415000021361_205330000095956463" version="any"/>
    <ArrivalTime>13:38:00</ArrivalTime>
    <DepartureTime>13:38:00</DepartureTime>
</TimetabledPassingTime>
<TimetabledPassingTime version="any" id="SE:020:TimetabledPassingTime:205330000113870591">
    <StopPointInJourneyPatternRef ref="SE:020:StopPointInJourneyPattern:205339415000021361_205330000095956464" version="any"/>
    <ArrivalTime>13:39:47</ArrivalTime>
    <DepartureTime>13:39:47</DepartureTime>
</TimetabledPassingTime>
<TimetabledPassingTime version="any" id="SE:020:TimetabledPassingTime:205330000113870592">
    <StopPointInJourneyPatternRef ref="SE:020:StopPointInJourneyPattern:205339415000021361_205330000095956465" version="any"/>
    <ArrivalTime>13:40:06</ArrivalTime>
    <DepartureTime>13:40:06</DepartureTime>
</TimetabledPassingTime>
<TimetabledPassingTime version="any" id="SE:020:TimetabledPassingTime:205330000113870593">
    <StopPointInJourneyPatternRef ref="SE:020:StopPointInJourneyPattern:205339415000021361_205330000095956466" version="any"/>
    <ArrivalTime>13:41:00</ArrivalTime>
    <DepartureTime>13:41:00</DepartureTime>
</TimetabledPassingTime>
<TimetabledPassingTime version="any" id="SE:020:TimetabledPassingTime:205330000113870594">
    <StopPointInJourneyPatternRef ref="SE:020:StopPointInJourneyPattern:205339415000021361_205330000095956467" version="any"/>
    <ArrivalTime>13:41:39</ArrivalTime>
    <DepartureTime>13:41:39</DepartureTime>
</TimetabledPassingTime>
<TimetabledPassingTime version="any" id="SE:020:TimetabledPassingTime:205330000113870595">
    <StopPointInJourneyPatternRef ref="SE:020:StopPointInJourneyPattern:205339415000021361_205330000095956468" version="any"/>
    <ArrivalTime>13:45:00</ArrivalTime>
    <DepartureTime>13:45:00</DepartureTime>
</TimetabledPassingTime>
<TimetabledPassingTime version="any" id="SE:020:TimetabledPassingTime:205330000113870596">
    <StopPointInJourneyPatternRef ref="SE:020:StopPointInJourneyPattern:205339415000021361_205330000095956469" version="any"/>
    <ArrivalTime>13:46:38</ArrivalTime>
    <DepartureTime>13:46:38</DepartureTime>
</TimetabledPassingTime>
<TimetabledPassingTime version="any" id="SE:020:TimetabledPassingTime:205330000113870597">
    <StopPointInJourneyPatternRef ref="SE:020:StopPointInJourneyPattern:205339415000021361_205330000095956470" version="any"/>
    <ArrivalTime>13:47:17</ArrivalTime>
    <DepartureTime>13:47:17</DepartureTime>
</TimetabledPassingTime>
<TimetabledPassingTime version="any" id="SE:020:TimetabledPassingTime:205330000113870598">
    <StopPointInJourneyPatternRef ref="SE:020:StopPointInJourneyPattern:205339415000021361_205330000095956471" version="any"/>
    <ArrivalTime>13:48:15</ArrivalTime>
    <DepartureTime>13:48:15</DepartureTime>
</TimetabledPassingTime>
<TimetabledPassingTime version="any" id="SE:020:TimetabledPassingTime:205330000113870599">
    <StopPointInJourneyPatternRef ref="SE:020:StopPointInJourneyPattern:205339415000021361_205330000095956472" version="any"/>
    <ArrivalTime>13:50:00</ArrivalTime>
    <DepartureTime>13:50:00</DepartureTime>
</TimetabledPassingTime>
<TimetabledPassingTime version="any" id="SE:020:TimetabledPassingTime:205330000113870600">
    <StopPointInJourneyPatternRef ref="SE:020:StopPointInJourneyPattern:205339415000021361_205330000095956473" version="any"/>
    <ArrivalTime>13:50:27</ArrivalTime>
    <DepartureTime>13:50:27</DepartureTime>
</TimetabledPassingTime>
<TimetabledPassingTime version="any" id="SE:020:TimetabledPassingTime:205330000113870601">
    <StopPointInJourneyPatternRef ref="SE:020:StopPointInJourneyPattern:205339415000021361_205330000095956474" version="any"/>
    <ArrivalTime>13:51:24</ArrivalTime>
    <DepartureTime>13:51:24</DepartureTime>
</TimetabledPassingTime>
<TimetabledPassingTime version="any" id="SE:020:TimetabledPassingTime:205330000113870602">
    <StopPointInJourneyPatternRef ref="SE:020:StopPointInJourneyPattern:205339415000021361_205330000095956475" version="any"/>
    <ArrivalTime>13:52:09</ArrivalTime>
    <DepartureTime>13:52:09</DepartureTime>
</TimetabledPassingTime>
<TimetabledPassingTime version="any" id="SE:020:TimetabledPassingTime:205330000113870603">
    <StopPointInJourneyPatternRef ref="SE:020:StopPointInJourneyPattern:205339415000021361_205330000095956476" version="any"/>
    <ArrivalTime>13:52:55</ArrivalTime>
    <DepartureTime>13:52:55</DepartureTime>
</TimetabledPassingTime>
<TimetabledPassingTime version="any" id="SE:020:TimetabledPassingTime:205330000113870604">
    <StopPointInJourneyPatternRef ref="SE:020:StopPointInJourneyPattern:205339415000021361_205330000095956477" version="any"/>
    <ArrivalTime>13:53:54</ArrivalTime>
    <DepartureTime>13:53:54</DepartureTime>
</TimetabledPassingTime>
<TimetabledPassingTime version="any" id="SE:020:TimetabledPassingTime:205330000113870605">
    <StopPointInJourneyPatternRef ref="SE:020:StopPointInJourneyPattern:205339415000021361_205330000095956478" version="any"/>
    <ArrivalTime>13:54:39</ArrivalTime>
    <DepartureTime>13:54:39</DepartureTime>
</TimetabledPassingTime>
<TimetabledPassingTime version="any" id="SE:020:TimetabledPassingTime:205330000113870606">
    <StopPointInJourneyPatternRef ref="SE:020:StopPointInJourneyPattern:205339415000021361_205330000095956479" version="any"/>
    <ArrivalTime>13:55:16</ArrivalTime>
    <DepartureTime>13:55:16</DepartureTime>
</TimetabledPassingTime>
<TimetabledPassingTime version="any" id="SE:020:TimetabledPassingTime:205330000113870607">
    <StopPointInJourneyPatternRef ref="SE:020:StopPointInJourneyPattern:205339415000021361_205330000095956480" version="any"/>
    <ArrivalTime>13:56:36</ArrivalTime>
    <DepartureTime>13:56:36</DepartureTime>
</TimetabledPassingTime>
<TimetabledPassingTime version="any" id="SE:020:TimetabledPassingTime:205330000113870608">
    <StopPointInJourneyPatternRef ref="SE:020:StopPointInJourneyPattern:205339415000021361_205330000095956481" version="any"/>
    <ArrivalTime>13:58:12</ArrivalTime>
    <DepartureTime>13:58:12</DepartureTime>
</TimetabledPassingTime>
<TimetabledPassingTime version="any" id="SE:020:TimetabledPassingTime:205330000113870609">
    <StopPointInJourneyPatternRef ref="SE:020:StopPointInJourneyPattern:205339415000021361_205330000095956482" version="any"/>
    <ArrivalTime>14:00:00</ArrivalTime>
    <DepartureTime>14:00:00</DepartureTime>
</TimetabledPassingTime>
<TimetabledPassingTime version="any" id="SE:020:TimetabledPassingTime:205330000113870610">
    <StopPointInJourneyPatternRef ref="SE:020:StopPointInJourneyPattern:205339415000021361_205330000095956483" version="any"/>
    <ArrivalTime>14:00:46</ArrivalTime>
    <DepartureTime>14:00:46</DepartureTime>
</TimetabledPassingTime>
<TimetabledPassingTime version="any" id="SE:020:TimetabledPassingTime:205330000113870611">
    <StopPointInJourneyPatternRef ref="SE:020:StopPointInJourneyPattern:205339415000021361_205330000095956484" version="any"/>
    <ArrivalTime>14:02:28</ArrivalTime>
    <DepartureTime>14:02:28</DepartureTime>
</TimetabledPassingTime>
<TimetabledPassingTime version="any" id="SE:020:TimetabledPassingTime:205330000113870612">
    <StopPointInJourneyPatternRef ref="SE:020:StopPointInJourneyPattern:205339415000021361_205330000095956485" version="any"/>
    <ArrivalTime>14:04:00</ArrivalTime>
    <DepartureTime>14:04:00</DepartureTime>
</TimetabledPassingTime>
<TimetabledPassingTime version="any" id="SE:020:TimetabledPassingTime:205330000113870613">
    <StopPointInJourneyPatternRef ref="SE:020:StopPointInJourneyPattern:205339415000021361_205330000095956486" version="any"/>
    <ArrivalTime>14:04:42</ArrivalTime>
    <DepartureTime>14:04:42</DepartureTime>
</TimetabledPassingTime>
<TimetabledPassingTime version="any" id="SE:020:TimetabledPassingTime:205330000113870614">
    <StopPointInJourneyPatternRef ref="SE:020:StopPointInJourneyPattern:205339415000021361_205330000095956487" version="any"/>
    <ArrivalTime>14:05:33</ArrivalTime>
    <DepartureTime>14:05:33</DepartureTime>
</TimetabledPassingTime>
<TimetabledPassingTime version="any" id="SE:020:TimetabledPassingTime:205330000113870615">
    <StopPointInJourneyPatternRef ref="SE:020:StopPointInJourneyPattern:205339415000021361_205330000095956488" version="any"/>
    <ArrivalTime>14:06:36</ArrivalTime>
    <DepartureTime>14:06:36</DepartureTime>
</TimetabledPassingTime>
<TimetabledPassingTime version="any" id="SE:020:TimetabledPassingTime:205330000113870616">
    <StopPointInJourneyPatternRef ref="SE:020:StopPointInJourneyPattern:205339415000021361_205330000095956489" version="any"/>
    <ArrivalTime>14:07:30</ArrivalTime>
    <DepartureTime>14:07:30</DepartureTime>
</TimetabledPassingTime>
<TimetabledPassingTime version="any" id="SE:020:TimetabledPassingTime:205330000113870617">
    <StopPointInJourneyPatternRef ref="SE:020:StopPointInJourneyPattern:205339415000021361_205330000095956490" version="any"/>
    <ArrivalTime>14:08:15</ArrivalTime>
    <DepartureTime>14:08:15</DepartureTime>
</TimetabledPassingTime>
<TimetabledPassingTime version="any" id="SE:020:TimetabledPassingTime:205330000113870618">
    <StopPointInJourneyPatternRef ref="SE:020:StopPointInJourneyPattern:205339415000021361_205330000095956491" version="any"/>
    <ArrivalTime>14:13:00</ArrivalTime>
</TimetabledPassingTime>
                            </passingTimes>
                        </ServiceJourney>
                        <ServiceJourney version="any" id="SE:020:ServiceJourney:205330000113870665">
                            <TransportMode>bus</TransportMode>
                            <TransportSubmode>
<BusSubmode>unknown</BusSubmode>
                            </TransportSubmode>
                            <dayTypes>
<DayTypeRef ref="SE:020:DayType:33jmpmbc08dk2d8au9u7ffjuoo36fro1"/>
                            </dayTypes>
                            <JourneyPatternRef ref="SE:020:JourneyPattern:205339415000021361" version="any"/>
                            <OperatorRef ref="SE:020:Operator:9013020140700000"/>
                            <passingTimes>
<TimetabledPassingTime version="any" id="SE:020:TimetabledPassingTime:205330000113870630">
    <StopPointInJourneyPatternRef ref="SE:020:StopPointInJourneyPattern:205339415000021361_205330000095956459" version="any"/>
    <DepartureTime>15:25:00</DepartureTime>
</TimetabledPassingTime>
<TimetabledPassingTime version="any" id="SE:020:TimetabledPassingTime:205330000113870631">
    <StopPointInJourneyPatternRef ref="SE:020:StopPointInJourneyPattern:205339415000021361_205330000095956460" version="any"/>
    <ArrivalTime>15:27:00</ArrivalTime>
    <DepartureTime>15:27:00</DepartureTime>
</TimetabledPassingTime>
<TimetabledPassingTime version="any" id="SE:020:TimetabledPassingTime:205330000113870632">
    <StopPointInJourneyPatternRef ref="SE:020:StopPointInJourneyPattern:205339415000021361_205330000095956461" version="any"/>
    <ArrivalTime>15:30:00</ArrivalTime>
    <DepartureTime>15:30:00</DepartureTime>
</TimetabledPassingTime>
<TimetabledPassingTime version="any" id="SE:020:TimetabledPassingTime:205330000113870633">
    <StopPointInJourneyPatternRef ref="SE:020:StopPointInJourneyPattern:205339415000021361_205330000095956462" version="any"/>
    <ArrivalTime>15:31:28</ArrivalTime>
    <DepartureTime>15:31:28</DepartureTime>
</TimetabledPassingTime>
<TimetabledPassingTime version="any" id="SE:020:TimetabledPassingTime:205330000113870634">
    <StopPointInJourneyPatternRef ref="SE:020:StopPointInJourneyPattern:205339415000021361_205330000095956463" version="any"/>
    <ArrivalTime>15:33:00</ArrivalTime>
    <DepartureTime>15:33:00</DepartureTime>
</TimetabledPassingTime>
<TimetabledPassingTime version="any" id="SE:020:TimetabledPassingTime:205330000113870635">
    <StopPointInJourneyPatternRef ref="SE:020:StopPointInJourneyPattern:205339415000021361_205330000095956464" version="any"/>
    <ArrivalTime>15:34:47</ArrivalTime>
    <DepartureTime>15:34:47</DepartureTime>
</TimetabledPassingTime>
<TimetabledPassingTime version="any" id="SE:020:TimetabledPassingTime:205330000113870636">
    <StopPointInJourneyPatternRef ref="SE:020:StopPointInJourneyPattern:205339415000021361_205330000095956465" version="any"/>
    <ArrivalTime>15:35:06</ArrivalTime>
    <DepartureTime>15:35:06</DepartureTime>
</TimetabledPassingTime>
<TimetabledPassingTime version="any" id="SE:020:TimetabledPassingTime:205330000113870637">
    <StopPointInJourneyPatternRef ref="SE:020:StopPointInJourneyPattern:205339415000021361_205330000095956466" version="any"/>
    <ArrivalTime>15:36:00</ArrivalTime>
    <DepartureTime>15:36:00</DepartureTime>
</TimetabledPassingTime>
<TimetabledPassingTime version="any" id="SE:020:TimetabledPassingTime:205330000113870638">
    <StopPointInJourneyPatternRef ref="SE:020:StopPointInJourneyPattern:205339415000021361_205330000095956467" version="any"/>
    <ArrivalTime>15:36:39</ArrivalTime>
    <DepartureTime>15:36:39</DepartureTime>
</TimetabledPassingTime>
<TimetabledPassingTime version="any" id="SE:020:TimetabledPassingTime:205330000113870639">
    <StopPointInJourneyPatternRef ref="SE:020:StopPointInJourneyPattern:205339415000021361_205330000095956468" version="any"/>
    <ArrivalTime>15:40:00</ArrivalTime>
    <DepartureTime>15:40:00</DepartureTime>
</TimetabledPassingTime>
<TimetabledPassingTime version="any" id="SE:020:TimetabledPassingTime:205330000113870640">
    <StopPointInJourneyPatternRef ref="SE:020:StopPointInJourneyPattern:205339415000021361_205330000095956469" version="any"/>
    <ArrivalTime>15:41:38</ArrivalTime>
    <DepartureTime>15:41:38</DepartureTime>
</TimetabledPassingTime>
<TimetabledPassingTime version="any" id="SE:020:TimetabledPassingTime:205330000113870641">
    <StopPointInJourneyPatternRef ref="SE:020:StopPointInJourneyPattern:205339415000021361_205330000095956470" version="any"/>
    <ArrivalTime>15:42:17</ArrivalTime>
    <DepartureTime>15:42:17</DepartureTime>
</TimetabledPassingTime>
<TimetabledPassingTime version="any" id="SE:020:TimetabledPassingTime:205330000113870642">
    <StopPointInJourneyPatternRef ref="SE:020:StopPointInJourneyPattern:205339415000021361_205330000095956471" version="any"/>
    <ArrivalTime>15:43:15</ArrivalTime>
    <DepartureTime>15:43:15</DepartureTime>
</TimetabledPassingTime>
<TimetabledPassingTime version="any" id="SE:020:TimetabledPassingTime:205330000113870643">
    <StopPointInJourneyPatternRef ref="SE:020:StopPointInJourneyPattern:205339415000021361_205330000095956472" version="any"/>
    <ArrivalTime>15:45:00</ArrivalTime>
    <DepartureTime>15:45:00</DepartureTime>
</TimetabledPassingTime>
<TimetabledPassingTime version="any" id="SE:020:TimetabledPassingTime:205330000113870644">
    <StopPointInJourneyPatternRef ref="SE:020:StopPointInJourneyPattern:205339415000021361_205330000095956473" version="any"/>
    <ArrivalTime>15:45:27</ArrivalTime>
    <DepartureTime>15:45:27</DepartureTime>
</TimetabledPassingTime>
<TimetabledPassingTime version="any" id="SE:020:TimetabledPassingTime:205330000113870645">
    <StopPointInJourneyPatternRef ref="SE:020:StopPointInJourneyPattern:205339415000021361_205330000095956474" version="any"/>
    <ArrivalTime>15:46:24</ArrivalTime>
    <DepartureTime>15:46:24</DepartureTime>
</TimetabledPassingTime>
<TimetabledPassingTime version="any" id="SE:020:TimetabledPassingTime:205330000113870646">
    <StopPointInJourneyPatternRef ref="SE:020:StopPointInJourneyPattern:205339415000021361_205330000095956475" version="any"/>
    <ArrivalTime>15:47:09</ArrivalTime>
    <DepartureTime>15:47:09</DepartureTime>
</TimetabledPassingTime>
<TimetabledPassingTime version="any" id="SE:020:TimetabledPassingTime:205330000113870647">
    <StopPointInJourneyPatternRef ref="SE:020:StopPointInJourneyPattern:205339415000021361_205330000095956476" version="any"/>
    <ArrivalTime>15:47:55</ArrivalTime>
    <DepartureTime>15:47:55</DepartureTime>
</TimetabledPassingTime>
<TimetabledPassingTime version="any" id="SE:020:TimetabledPassingTime:205330000113870648">
    <StopPointInJourneyPatternRef ref="SE:020:StopPointInJourneyPattern:205339415000021361_205330000095956477" version="any"/>
    <ArrivalTime>15:48:54</ArrivalTime>
    <DepartureTime>15:48:54</DepartureTime>
</TimetabledPassingTime>
<TimetabledPassingTime version="any" id="SE:020:TimetabledPassingTime:205330000113870649">
    <StopPointInJourneyPatternRef ref="SE:020:StopPointInJourneyPattern:205339415000021361_205330000095956478" version="any"/>
    <ArrivalTime>15:49:39</ArrivalTime>
    <DepartureTime>15:49:39</DepartureTime>
</TimetabledPassingTime>
<TimetabledPassingTime version="any" id="SE:020:TimetabledPassingTime:205330000113870650">
    <StopPointInJourneyPatternRef ref="SE:020:StopPointInJourneyPattern:205339415000021361_205330000095956479" version="any"/>
    <ArrivalTime>15:50:16</ArrivalTime>
    <DepartureTime>15:50:16</DepartureTime>
</TimetabledPassingTime>
<TimetabledPassingTime version="any" id="SE:020:TimetabledPassingTime:205330000113870651">
    <StopPointInJourneyPatternRef ref="SE:020:StopPointInJourneyPattern:205339415000021361_205330000095956480" version="any"/>
    <ArrivalTime>15:51:36</ArrivalTime>
    <DepartureTime>15:51:36</DepartureTime>
</TimetabledPassingTime>
<TimetabledPassingTime version="any" id="SE:020:TimetabledPassingTime:205330000113870652">
    <StopPointInJourneyPatternRef ref="SE:020:StopPointInJourneyPattern:205339415000021361_205330000095956481" version="any"/>
    <ArrivalTime>15:53:12</ArrivalTime>
    <DepartureTime>15:53:12</DepartureTime>
</TimetabledPassingTime>
<TimetabledPassingTime version="any" id="SE:020:TimetabledPassingTime:205330000113870653">
    <StopPointInJourneyPatternRef ref="SE:020:StopPointInJourneyPattern:205339415000021361_205330000095956482" version="any"/>
    <ArrivalTime>15:55:00</ArrivalTime>
    <DepartureTime>15:55:00</DepartureTime>
</TimetabledPassingTime>
<TimetabledPassingTime version="any" id="SE:020:TimetabledPassingTime:205330000113870654">
    <StopPointInJourneyPatternRef ref="SE:020:StopPointInJourneyPattern:205339415000021361_205330000095956483" version="any"/>
    <ArrivalTime>15:55:46</ArrivalTime>
    <DepartureTime>15:55:46</DepartureTime>
</TimetabledPassingTime>
<TimetabledPassingTime version="any" id="SE:020:TimetabledPassingTime:205330000113870655">
    <StopPointInJourneyPatternRef ref="SE:020:StopPointInJourneyPattern:205339415000021361_205330000095956484" version="any"/>
    <ArrivalTime>15:57:28</ArrivalTime>
    <DepartureTime>15:57:28</DepartureTime>
</TimetabledPassingTime>
<TimetabledPassingTime version="any" id="SE:020:TimetabledPassingTime:205330000113870656">
    <StopPointInJourneyPatternRef ref="SE:020:StopPointInJourneyPattern:205339415000021361_205330000095956485" version="any"/>
    <ArrivalTime>15:59:00</ArrivalTime>
    <DepartureTime>15:59:00</DepartureTime>
</TimetabledPassingTime>
<TimetabledPassingTime version="any" id="SE:020:TimetabledPassingTime:205330000113870657">
    <StopPointInJourneyPatternRef ref="SE:020:StopPointInJourneyPattern:205339415000021361_205330000095956486" version="any"/>
    <ArrivalTime>15:59:42</ArrivalTime>
    <DepartureTime>15:59:42</DepartureTime>
</TimetabledPassingTime>
<TimetabledPassingTime version="any" id="SE:020:TimetabledPassingTime:205330000113870658">
    <StopPointInJourneyPatternRef ref="SE:020:StopPointInJourneyPattern:205339415000021361_205330000095956487" version="any"/>
    <ArrivalTime>16:00:33</ArrivalTime>
    <DepartureTime>16:00:33</DepartureTime>
</TimetabledPassingTime>
<TimetabledPassingTime version="any" id="SE:020:TimetabledPassingTime:205330000113870659">
    <StopPointInJourneyPatternRef ref="SE:020:StopPointInJourneyPattern:205339415000021361_205330000095956488" version="any"/>
    <ArrivalTime>16:01:36</ArrivalTime>
    <DepartureTime>16:01:36</DepartureTime>
</TimetabledPassingTime>
<TimetabledPassingTime version="any" id="SE:020:TimetabledPassingTime:205330000113870660">
    <StopPointInJourneyPatternRef ref="SE:020:StopPointInJourneyPattern:205339415000021361_205330000095956489" version="any"/>
    <ArrivalTime>16:02:30</ArrivalTime>
    <DepartureTime>16:02:30</DepartureTime>
</TimetabledPassingTime>
<TimetabledPassingTime version="any" id="SE:020:TimetabledPassingTime:205330000113870661">
    <StopPointInJourneyPatternRef ref="SE:020:StopPointInJourneyPattern:205339415000021361_205330000095956490" version="any"/>
    <ArrivalTime>16:03:15</ArrivalTime>
    <DepartureTime>16:03:15</DepartureTime>
</TimetabledPassingTime>
<TimetabledPassingTime version="any" id="SE:020:TimetabledPassingTime:205330000113870662">
    <StopPointInJourneyPatternRef ref="SE:020:StopPointInJourneyPattern:205339415000021361_205330000095956491" version="any"/>
    <ArrivalTime>16:08:00</ArrivalTime>
</TimetabledPassingTime>
                            </passingTimes>
                        </ServiceJourney>
                        <ServiceJourney version="any" id="SE:020:ServiceJourney:205330000113870577">
                            <TransportMode>bus</TransportMode>
                            <TransportSubmode>
<BusSubmode>unknown</BusSubmode>
                            </TransportSubmode>
                            <dayTypes>
<DayTypeRef ref="SE:020:DayType:33jmpmbc08dk2d8au9u7ffjuoo36fro1"/>
                            </dayTypes>
                            <JourneyPatternRef ref="SE:020:JourneyPattern:205339415000021360" version="any"/>
                            <OperatorRef ref="SE:020:Operator:9013020140700000"/>
                            <passingTimes>
<TimetabledPassingTime version="any" id="SE:020:TimetabledPassingTime:205330000113870543">
    <StopPointInJourneyPatternRef ref="SE:020:StopPointInJourneyPattern:205339415000021360_205330000095956407" version="any"/>
    <DepartureTime>07:15:00</DepartureTime>
</TimetabledPassingTime>
<TimetabledPassingTime version="any" id="SE:020:TimetabledPassingTime:205330000113870544">
    <StopPointInJourneyPatternRef ref="SE:020:StopPointInJourneyPattern:205339415000021360_205330000095956408" version="any"/>
    <ArrivalTime>07:17:59</ArrivalTime>
    <DepartureTime>07:17:59</DepartureTime>
</TimetabledPassingTime>
<TimetabledPassingTime version="any" id="SE:020:TimetabledPassingTime:205330000113870545">
    <StopPointInJourneyPatternRef ref="SE:020:StopPointInJourneyPattern:205339415000021360_205330000095956409" version="any"/>
    <ArrivalTime>07:18:34</ArrivalTime>
    <DepartureTime>07:18:34</DepartureTime>
</TimetabledPassingTime>
<TimetabledPassingTime version="any" id="SE:020:TimetabledPassingTime:205330000113870546">
    <StopPointInJourneyPatternRef ref="SE:020:StopPointInJourneyPattern:205339415000021360_205330000095956410" version="any"/>
    <ArrivalTime>07:19:11</ArrivalTime>
    <DepartureTime>07:19:11</DepartureTime>
</TimetabledPassingTime>
<TimetabledPassingTime version="any" id="SE:020:TimetabledPassingTime:205330000113870547">
    <StopPointInJourneyPatternRef ref="SE:020:StopPointInJourneyPattern:205339415000021360_205330000095956411" version="any"/>
    <ArrivalTime>07:19:58</ArrivalTime>
    <DepartureTime>07:19:58</DepartureTime>
</TimetabledPassingTime>
<TimetabledPassingTime version="any" id="SE:020:TimetabledPassingTime:205330000113870548">
    <StopPointInJourneyPatternRef ref="SE:020:StopPointInJourneyPattern:205339415000021360_205330000095956412" version="any"/>
    <ArrivalTime>07:20:33</ArrivalTime>
    <DepartureTime>07:20:33</DepartureTime>
</TimetabledPassingTime>
<TimetabledPassingTime version="any" id="SE:020:TimetabledPassingTime:205330000113870549">
    <StopPointInJourneyPatternRef ref="SE:020:StopPointInJourneyPattern:205339415000021360_205330000095956413" version="any"/>
    <ArrivalTime>07:21:02</ArrivalTime>
    <DepartureTime>07:21:02</DepartureTime>
</TimetabledPassingTime>
<TimetabledPassingTime version="any" id="SE:020:TimetabledPassingTime:205330000113870550">
    <StopPointInJourneyPatternRef ref="SE:020:StopPointInJourneyPattern:205339415000021360_205330000095956414" version="any"/>
    <ArrivalTime>07:22:06</ArrivalTime>
    <DepartureTime>07:22:06</DepartureTime>
</TimetabledPassingTime>
<TimetabledPassingTime version="any" id="SE:020:TimetabledPassingTime:205330000113870551">
    <StopPointInJourneyPatternRef ref="SE:020:StopPointInJourneyPattern:205339415000021360_205330000095956415" version="any"/>
    <ArrivalTime>07:23:22</ArrivalTime>
    <DepartureTime>07:23:22</DepartureTime>
</TimetabledPassingTime>
<TimetabledPassingTime version="any" id="SE:020:TimetabledPassingTime:205330000113870552">
    <StopPointInJourneyPatternRef ref="SE:020:StopPointInJourneyPattern:205339415000021360_205330000095956416" version="any"/>
    <ArrivalTime>07:25:00</ArrivalTime>
    <DepartureTime>07:25:00</DepartureTime>
</TimetabledPassingTime>
<TimetabledPassingTime version="any" id="SE:020:TimetabledPassingTime:205330000113870553">
    <StopPointInJourneyPatternRef ref="SE:020:StopPointInJourneyPattern:205339415000021360_205330000095956417" version="any"/>
    <ArrivalTime>07:25:46</ArrivalTime>
    <DepartureTime>07:25:46</DepartureTime>
</TimetabledPassingTime>
<TimetabledPassingTime version="any" id="SE:020:TimetabledPassingTime:205330000113870554">
    <StopPointInJourneyPatternRef ref="SE:020:StopPointInJourneyPattern:205339415000021360_205330000095956418" version="any"/>
    <ArrivalTime>07:27:28</ArrivalTime>
    <DepartureTime>07:27:28</DepartureTime>
</TimetabledPassingTime>
<TimetabledPassingTime version="any" id="SE:020:TimetabledPassingTime:205330000113870555">
    <StopPointInJourneyPatternRef ref="SE:020:StopPointInJourneyPattern:205339415000021360_205330000095956419" version="any"/>
    <ArrivalTime>07:29:00</ArrivalTime>
    <DepartureTime>07:29:00</DepartureTime>
</TimetabledPassingTime>
<TimetabledPassingTime version="any" id="SE:020:TimetabledPassingTime:205330000113870556">
    <StopPointInJourneyPatternRef ref="SE:020:StopPointInJourneyPattern:205339415000021360_205330000095956420" version="any"/>
    <ArrivalTime>07:29:39</ArrivalTime>
    <DepartureTime>07:29:39</DepartureTime>
</TimetabledPassingTime>
<TimetabledPassingTime version="any" id="SE:020:TimetabledPassingTime:205330000113870557">
    <StopPointInJourneyPatternRef ref="SE:020:StopPointInJourneyPattern:205339415000021360_205330000095956421" version="any"/>
    <ArrivalTime>07:30:26</ArrivalTime>
    <DepartureTime>07:30:26</DepartureTime>
</TimetabledPassingTime>
<TimetabledPassingTime version="any" id="SE:020:TimetabledPassingTime:205330000113870558">
    <StopPointInJourneyPatternRef ref="SE:020:StopPointInJourneyPattern:205339415000021360_205330000095956422" version="any"/>
    <ArrivalTime>07:31:24</ArrivalTime>
    <DepartureTime>07:31:24</DepartureTime>
</TimetabledPassingTime>
<TimetabledPassingTime version="any" id="SE:020:TimetabledPassingTime:205330000113870559">
    <StopPointInJourneyPatternRef ref="SE:020:StopPointInJourneyPattern:205339415000021360_205330000095956423" version="any"/>
    <ArrivalTime>07:32:14</ArrivalTime>
    <DepartureTime>07:32:14</DepartureTime>
</TimetabledPassingTime>
<TimetabledPassingTime version="any" id="SE:020:TimetabledPassingTime:205330000113870560">
    <StopPointInJourneyPatternRef ref="SE:020:StopPointInJourneyPattern:205339415000021360_205330000095956424" version="any"/>
    <ArrivalTime>07:32:55</ArrivalTime>
    <DepartureTime>07:32:55</DepartureTime>
</TimetabledPassingTime>
<TimetabledPassingTime version="any" id="SE:020:TimetabledPassingTime:205330000113870561">
    <StopPointInJourneyPatternRef ref="SE:020:StopPointInJourneyPattern:205339415000021360_205330000095956425" version="any"/>
    <ArrivalTime>07:33:57</ArrivalTime>
    <DepartureTime>07:33:57</DepartureTime>
</TimetabledPassingTime>
<TimetabledPassingTime version="any" id="SE:020:TimetabledPassingTime:205330000113870562">
    <StopPointInJourneyPatternRef ref="SE:020:StopPointInJourneyPattern:205339415000021360_205330000095956426" version="any"/>
    <ArrivalTime>07:35:00</ArrivalTime>
    <DepartureTime>07:35:00</DepartureTime>
</TimetabledPassingTime>
<TimetabledPassingTime version="any" id="SE:020:TimetabledPassingTime:205330000113870563">
    <StopPointInJourneyPatternRef ref="SE:020:StopPointInJourneyPattern:205339415000021360_205330000095956427" version="any"/>
    <ArrivalTime>07:36:06</ArrivalTime>
    <DepartureTime>07:36:06</DepartureTime>
</TimetabledPassingTime>
<TimetabledPassingTime version="any" id="SE:020:TimetabledPassingTime:205330000113870564">
    <StopPointInJourneyPatternRef ref="SE:020:StopPointInJourneyPattern:205339415000021360_205330000095956428" version="any"/>
    <ArrivalTime>07:36:53</ArrivalTime>
    <DepartureTime>07:36:53</DepartureTime>
</TimetabledPassingTime>
<TimetabledPassingTime version="any" id="SE:020:TimetabledPassingTime:205330000113870565">
    <StopPointInJourneyPatternRef ref="SE:020:StopPointInJourneyPattern:205339415000021360_205330000095956429" version="any"/>
    <ArrivalTime>07:37:32</ArrivalTime>
    <DepartureTime>07:37:32</DepartureTime>
</TimetabledPassingTime>
<TimetabledPassingTime version="any" id="SE:020:TimetabledPassingTime:205330000113870566">
    <StopPointInJourneyPatternRef ref="SE:020:StopPointInJourneyPattern:205339415000021360_205330000095956430" version="any"/>
    <ArrivalTime>07:39:53</ArrivalTime>
    <DepartureTime>07:39:53</DepartureTime>
</TimetabledPassingTime>
<TimetabledPassingTime version="any" id="SE:020:TimetabledPassingTime:205330000113870567">
    <StopPointInJourneyPatternRef ref="SE:020:StopPointInJourneyPattern:205339415000021360_205330000095956431" version="any"/>
    <ArrivalTime>07:41:00</ArrivalTime>
    <DepartureTime>07:41:00</DepartureTime>
</TimetabledPassingTime>
<TimetabledPassingTime version="any" id="SE:020:TimetabledPassingTime:205330000113870568">
    <StopPointInJourneyPatternRef ref="SE:020:StopPointInJourneyPattern:205339415000021360_205330000095956432" version="any"/>
    <ArrivalTime>07:41:52</ArrivalTime>
    <DepartureTime>07:41:52</DepartureTime>
</TimetabledPassingTime>
<TimetabledPassingTime version="any" id="SE:020:TimetabledPassingTime:205330000113870569">
    <StopPointInJourneyPatternRef ref="SE:020:StopPointInJourneyPattern:205339415000021360_205330000095956433" version="any"/>
    <ArrivalTime>07:42:16</ArrivalTime>
    <DepartureTime>07:42:16</DepartureTime>
</TimetabledPassingTime>
<TimetabledPassingTime version="any" id="SE:020:TimetabledPassingTime:205330000113870570">
    <StopPointInJourneyPatternRef ref="SE:020:StopPointInJourneyPattern:205339415000021360_205330000095956434" version="any"/>
    <ArrivalTime>07:45:00</ArrivalTime>
    <DepartureTime>07:45:00</DepartureTime>
</TimetabledPassingTime>
<TimetabledPassingTime version="any" id="SE:020:TimetabledPassingTime:205330000113870571">
    <StopPointInJourneyPatternRef ref="SE:020:StopPointInJourneyPattern:205339415000021360_205330000095956435" version="any"/>
    <ArrivalTime>07:47:33</ArrivalTime>
    <DepartureTime>07:47:33</DepartureTime>
</TimetabledPassingTime>
<TimetabledPassingTime version="any" id="SE:020:TimetabledPassingTime:205330000113870572">
    <StopPointInJourneyPatternRef ref="SE:020:StopPointInJourneyPattern:205339415000021360_205330000095956436" version="any"/>
    <ArrivalTime>07:50:00</ArrivalTime>
    <DepartureTime>07:50:00</DepartureTime>
</TimetabledPassingTime>
<TimetabledPassingTime version="any" id="SE:020:TimetabledPassingTime:205330000113870573">
    <StopPointInJourneyPatternRef ref="SE:020:StopPointInJourneyPattern:205339415000021360_205330000095956437" version="any"/>
    <ArrivalTime>07:54:00</ArrivalTime>
    <DepartureTime>07:54:00</DepartureTime>
</TimetabledPassingTime>
<TimetabledPassingTime version="any" id="SE:020:TimetabledPassingTime:205330000113870574">
    <StopPointInJourneyPatternRef ref="SE:020:StopPointInJourneyPattern:205339415000021360_205330000095956438" version="any"/>
    <ArrivalTime>08:00:00</ArrivalTime>
</TimetabledPassingTime>
                            </passingTimes>
                        </ServiceJourney>
                    </vehicleJourneys>
                </TimetableFrame>
            </frames>
        </CompositeFrame>
    </dataObjects>
</PublicationDelivery>
