<?xml version="1.0" encoding="UTF-8" standalone="yes"?>
<PublicationDelivery xmlns="http://www.netex.org.uk/netex" xmlns:ns2="http://www.opengis.net/gml/3.2" xmlns:ns3="http://www.siri.org.uk/siri" xmlns:ns4="http://www.samtrafiken.se/netex" version="1.11:NO-NeTEx-networktimetable:1.3">
    <PublicationTimestamp>2024-10-09T02:57:23</PublicationTimestamp>
    <ParticipantRef>SAM</ParticipantRef>
    <dataObjects>
        <CompositeFrame created="2024-10-09T02:57:23" version="20241009025723" id="SE:020:CompositeFrame:9011020093900000">
            <ValidBetween>
                <FromDate>1970-01-01T00:00:00</FromDate>
            </ValidBetween>
            <codespaces>
                <Codespace id="SE:020">
                    <Xmlns>SE:020</Xmlns>
                    <XmlnsUrl>http://www.samtrafiken.se/ns/dt</XmlnsUrl>
                </Codespace>
            </codespaces>
            <FrameDefaults>
                <DefaultLocale>
                    <TimeZone>Europe/Stockholm</TimeZone>
                    <DefaultLanguage>se</DefaultLanguage>
                </DefaultLocale>
                <DefaultLocationSystem>4326</DefaultLocationSystem>
            </FrameDefaults>
            <frames>
                <ServiceFrame version="20241009025723" id="SE:020:ServiceFrame:9011020093900000">
                    <routes>
                        <Route version="any" id="SE:020:Route:205330000092288091">
                            <Name>Skolbuss</Name>
                            <LineRef ref="SE:020:Line:9011020093900000" version="160818"/>
                            <DirectionType>outbound</DirectionType>
                            <pointsInSequence>
<PointOnRoute order="1" version="any" id="SE:020:PointOnRoute:205330000092288096">
    <RoutePointRef ref="SE:020:RoutePoint:9022020580644001"/>
</PointOnRoute>
<PointOnRoute order="2" version="any" id="SE:020:PointOnRoute:205330000092288097">
    <RoutePointRef ref="SE:020:RoutePoint:9022020580664001"/>
</PointOnRoute>
<PointOnRoute order="3" version="any" id="SE:020:PointOnRoute:205330000092288098">
    <RoutePointRef ref="SE:020:RoutePoint:9022020580692001"/>
</PointOnRoute>
<PointOnRoute order="4" version="any" id="SE:020:PointOnRoute:205330000092288099">
    <RoutePointRef ref="SE:020:RoutePoint:9022020580663001"/>
</PointOnRoute>
<PointOnRoute order="5" version="any" id="SE:020:PointOnRoute:205330000092288100">
    <RoutePointRef ref="SE:020:RoutePoint:9022020580827001"/>
</PointOnRoute>
<PointOnRoute order="6" version="any" id="SE:020:PointOnRoute:205330000092288101">
    <RoutePointRef ref="SE:020:RoutePoint:9022020580676001"/>
</PointOnRoute>
<PointOnRoute order="7" version="any" id="SE:020:PointOnRoute:205330000092288102">
    <RoutePointRef ref="SE:020:RoutePoint:9022020580361001"/>
</PointOnRoute>
<PointOnRoute order="8" version="any" id="SE:020:PointOnRoute:205330000092288103">
    <RoutePointRef ref="SE:020:RoutePoint:9022020580362001"/>
</PointOnRoute>
<PointOnRoute order="9" version="any" id="SE:020:PointOnRoute:205330000092288104">
    <RoutePointRef ref="SE:020:RoutePoint:9022020580363001"/>
</PointOnRoute>
<PointOnRoute order="10" version="any" id="SE:020:PointOnRoute:205330000092288105">
    <RoutePointRef ref="SE:020:RoutePoint:9022020580321001"/>
</PointOnRoute>
<PointOnRoute order="11" version="any" id="SE:020:PointOnRoute:205330000092288106">
    <RoutePointRef ref="SE:020:RoutePoint:9022020580371001"/>
</PointOnRoute>
<PointOnRoute order="12" version="any" id="SE:020:PointOnRoute:205330000092288107">
    <RoutePointRef ref="SE:020:RoutePoint:9022020580336001"/>
</PointOnRoute>
<PointOnRoute order="13" version="any" id="SE:020:PointOnRoute:205330000092288108">
    <RoutePointRef ref="SE:020:RoutePoint:9022020580609001"/>
</PointOnRoute>
<PointOnRoute order="14" version="any" id="SE:020:PointOnRoute:205330000092288109">
    <RoutePointRef ref="SE:020:RoutePoint:9022020580428002"/>
</PointOnRoute>
<PointOnRoute order="15" version="any" id="SE:020:PointOnRoute:205330000092288110">
    <RoutePointRef ref="SE:020:RoutePoint:9022020580440001"/>
</PointOnRoute>
                            </pointsInSequence>
                        </Route>
                    </routes>
                    <lines>
                        <Line version="160818" id="SE:020:Line:9011020093900000">
                            <ValidBetween>
<FromDate>2016-08-18T00:00:00</FromDate>
                            </ValidBetween>
                            <Name>939</Name>
                            <TransportMode>bus</TransportMode>
                            <TransportSubmode>
<BusSubmode>unknown</BusSubmode>
                            </TransportSubmode>
                            <PublicCode>939</PublicCode>
                            <PrivateCode>939</PrivateCode>
                            <RepresentedByGroupRef ref="SE:020:Network:9010020000000000"/>
                        </Line>
                    </lines>
                    <journeyPatterns>
                        <JourneyPattern version="any" id="SE:020:JourneyPattern:205339415000020270">
                            <RouteRef ref="SE:020:Route:205330000092288091" version="any"/>
                            <pointsInSequence>
<StopPointInJourneyPattern order="1" version="any" id="SE:020:StopPointInJourneyPattern:205339415000020270_205330000092288096">
    <ScheduledStopPointRef ref="SE:020:ScheduledStopPoint:9022020580644001"/>
    <ForAlighting>false</ForAlighting>
    <ForBoarding>true</ForBoarding>
    <DestinationDisplayRef ref="SE:020:DestinationDisplay:205330000092288118"/>
    <RequestStop>true</RequestStop>
</StopPointInJourneyPattern>
<StopPointInJourneyPattern order="2" version="any" id="SE:020:StopPointInJourneyPattern:205339415000020270_205330000092288097">
    <ScheduledStopPointRef ref="SE:020:ScheduledStopPoint:9022020580664001"/>
    <ForAlighting>true</ForAlighting>
    <ForBoarding>true</ForBoarding>
    <RequestStop>true</RequestStop>
</StopPointInJourneyPattern>
<StopPointInJourneyPattern order="3" version="any" id="SE:020:StopPointInJourneyPattern:205339415000020270_205330000092288098">
    <ScheduledStopPointRef ref="SE:020:ScheduledStopPoint:9022020580692001"/>
    <ForAlighting>true</ForAlighting>
    <ForBoarding>true</ForBoarding>
    <RequestStop>true</RequestStop>
</StopPointInJourneyPattern>
<StopPointInJourneyPattern order="4" version="any" id="SE:020:StopPointInJourneyPattern:205339415000020270_205330000092288099">
    <ScheduledStopPointRef ref="SE:020:ScheduledStopPoint:9022020580663001"/>
    <ForAlighting>true</ForAlighting>
    <ForBoarding>true</ForBoarding>
    <RequestStop>true</RequestStop>
</StopPointInJourneyPattern>
<StopPointInJourneyPattern order="5" version="any" id="SE:020:StopPointInJourneyPattern:205339415000020270_205330000092288100">
    <ScheduledStopPointRef ref="SE:020:ScheduledStopPoint:9022020580827001"/>
    <ForAlighting>true</ForAlighting>
    <ForBoarding>true</ForBoarding>
    <RequestStop>true</RequestStop>
</StopPointInJourneyPattern>
<StopPointInJourneyPattern order="6" version="any" id="SE:020:StopPointInJourneyPattern:205339415000020270_205330000092288101">
    <ScheduledStopPointRef ref="SE:020:ScheduledStopPoint:9022020580676001"/>
    <ForAlighting>true</ForAlighting>
    <ForBoarding>true</ForBoarding>
    <RequestStop>true</RequestStop>
</StopPointInJourneyPattern>
<StopPointInJourneyPattern order="7" version="any" id="SE:020:StopPointInJourneyPattern:205339415000020270_205330000092288102">
    <ScheduledStopPointRef ref="SE:020:ScheduledStopPoint:9022020580361001"/>
    <ForAlighting>true</ForAlighting>
    <ForBoarding>true</ForBoarding>
    <RequestStop>true</RequestStop>
</StopPointInJourneyPattern>
<StopPointInJourneyPattern order="8" version="any" id="SE:020:StopPointInJourneyPattern:205339415000020270_205330000092288103">
    <ScheduledStopPointRef ref="SE:020:ScheduledStopPoint:9022020580362001"/>
    <ForAlighting>true</ForAlighting>
    <ForBoarding>true</ForBoarding>
    <RequestStop>true</RequestStop>
</StopPointInJourneyPattern>
<StopPointInJourneyPattern order="9" version="any" id="SE:020:StopPointInJourneyPattern:205339415000020270_205330000092288104">
    <ScheduledStopPointRef ref="SE:020:ScheduledStopPoint:9022020580363001"/>
    <ForAlighting>true</ForAlighting>
    <ForBoarding>true</ForBoarding>
    <RequestStop>true</RequestStop>
</StopPointInJourneyPattern>
<StopPointInJourneyPattern order="10" version="any" id="SE:020:StopPointInJourneyPattern:205339415000020270_205330000092288105">
    <ScheduledStopPointRef ref="SE:020:ScheduledStopPoint:9022020580321001"/>
    <ForAlighting>true</ForAlighting>
    <ForBoarding>true</ForBoarding>
    <RequestStop>true</RequestStop>
</StopPointInJourneyPattern>
<StopPointInJourneyPattern order="11" version="any" id="SE:020:StopPointInJourneyPattern:205339415000020270_205330000092288106">
    <ScheduledStopPointRef ref="SE:020:ScheduledStopPoint:9022020580371001"/>
    <ForAlighting>true</ForAlighting>
    <ForBoarding>true</ForBoarding>
    <RequestStop>true</RequestStop>
</StopPointInJourneyPattern>
<StopPointInJourneyPattern order="12" version="any" id="SE:020:StopPointInJourneyPattern:205339415000020270_205330000092288107">
    <ScheduledStopPointRef ref="SE:020:ScheduledStopPoint:9022020580336001"/>
    <ForAlighting>true</ForAlighting>
    <ForBoarding>true</ForBoarding>
    <RequestStop>true</RequestStop>
</StopPointInJourneyPattern>
<StopPointInJourneyPattern order="13" version="any" id="SE:020:StopPointInJourneyPattern:205339415000020270_205330000092288108">
    <ScheduledStopPointRef ref="SE:020:ScheduledStopPoint:9022020580609001"/>
    <ForAlighting>true</ForAlighting>
    <ForBoarding>true</ForBoarding>
    <RequestStop>true</RequestStop>
</StopPointInJourneyPattern>
<StopPointInJourneyPattern order="14" version="any" id="SE:020:StopPointInJourneyPattern:205339415000020270_205330000092288109">
    <ScheduledStopPointRef ref="SE:020:ScheduledStopPoint:9022020580428002"/>
    <ForAlighting>true</ForAlighting>
    <ForBoarding>true</ForBoarding>
    <RequestStop>true</RequestStop>
</StopPointInJourneyPattern>
<StopPointInJourneyPattern order="15" version="any" id="SE:020:StopPointInJourneyPattern:205339415000020270_205330000092288110">
    <ScheduledStopPointRef ref="SE:020:ScheduledStopPoint:9022020580440001"/>
    <ForAlighting>true</ForAlighting>
    <ForBoarding>false</ForBoarding>
    <RequestStop>true</RequestStop>
</StopPointInJourneyPattern>
                            </pointsInSequence>
                            <linksInSequence>
<ServiceLinkInJourneyPattern order="1" version="any" id="SE:020:ServiceLinkInJourneyPattern:BUS_34825">
    <ServiceLinkRef ref="SE:020:ServiceLink:BUS_9025020058064401_9025020058066401"/>
</ServiceLinkInJourneyPattern>
<ServiceLinkInJourneyPattern order="2" version="any" id="SE:020:ServiceLinkInJourneyPattern:BUS_34826">
    <ServiceLinkRef ref="SE:020:ServiceLink:BUS_9025020058066401_9025020058069201"/>
</ServiceLinkInJourneyPattern>
<ServiceLinkInJourneyPattern order="3" version="any" id="SE:020:ServiceLinkInJourneyPattern:BUS_34827">
    <ServiceLinkRef ref="SE:020:ServiceLink:BUS_9025020058069201_9025020058066301"/>
</ServiceLinkInJourneyPattern>
<ServiceLinkInJourneyPattern order="4" version="any" id="SE:020:ServiceLinkInJourneyPattern:BUS_34828">
    <ServiceLinkRef ref="SE:020:ServiceLink:BUS_9025020058066301_9025020058082701"/>
</ServiceLinkInJourneyPattern>
<ServiceLinkInJourneyPattern order="5" version="any" id="SE:020:ServiceLinkInJourneyPattern:BUS_34829">
    <ServiceLinkRef ref="SE:020:ServiceLink:BUS_9025020058082701_9025020058067601"/>
</ServiceLinkInJourneyPattern>
<ServiceLinkInJourneyPattern order="6" version="any" id="SE:020:ServiceLinkInJourneyPattern:BUS_34830">
    <ServiceLinkRef ref="SE:020:ServiceLink:BUS_9025020058067601_9025020058036101"/>
</ServiceLinkInJourneyPattern>
<ServiceLinkInJourneyPattern order="7" version="any" id="SE:020:ServiceLinkInJourneyPattern:BUS_34831">
    <ServiceLinkRef ref="SE:020:ServiceLink:BUS_9025020058036101_9025020058036201"/>
</ServiceLinkInJourneyPattern>
<ServiceLinkInJourneyPattern order="8" version="any" id="SE:020:ServiceLinkInJourneyPattern:BUS_34832">
    <ServiceLinkRef ref="SE:020:ServiceLink:BUS_9025020058036201_9025020058036301"/>
</ServiceLinkInJourneyPattern>
<ServiceLinkInJourneyPattern order="9" version="any" id="SE:020:ServiceLinkInJourneyPattern:BUS_34833">
    <ServiceLinkRef ref="SE:020:ServiceLink:BUS_9025020058036301_9025020058032101"/>
</ServiceLinkInJourneyPattern>
<ServiceLinkInJourneyPattern order="10" version="any" id="SE:020:ServiceLinkInJourneyPattern:BUS_34834">
    <ServiceLinkRef ref="SE:020:ServiceLink:BUS_9025020058032101_9025020058037101"/>
</ServiceLinkInJourneyPattern>
<ServiceLinkInJourneyPattern order="11" version="any" id="SE:020:ServiceLinkInJourneyPattern:BUS_34835">
    <ServiceLinkRef ref="SE:020:ServiceLink:BUS_9025020058037101_9025020058033601"/>
</ServiceLinkInJourneyPattern>
<ServiceLinkInJourneyPattern order="12" version="any" id="SE:020:ServiceLinkInJourneyPattern:BUS_34836">
    <ServiceLinkRef ref="SE:020:ServiceLink:BUS_9025020058033601_9025020058060901"/>
</ServiceLinkInJourneyPattern>
<ServiceLinkInJourneyPattern order="13" version="any" id="SE:020:ServiceLinkInJourneyPattern:BUS_34837">
    <ServiceLinkRef ref="SE:020:ServiceLink:BUS_9025020058060901_9025020058042802"/>
</ServiceLinkInJourneyPattern>
<ServiceLinkInJourneyPattern order="14" version="any" id="SE:020:ServiceLinkInJourneyPattern:BUS_34838">
    <ServiceLinkRef ref="SE:020:ServiceLink:BUS_9025020058042802_9025020058044001"/>
</ServiceLinkInJourneyPattern>
                            </linksInSequence>
                        </JourneyPattern>
                        <JourneyPattern version="any" id="SE:020:JourneyPattern:205339415000025474">
                            <RouteRef ref="SE:020:Route:205330000092288091" version="any"/>
                            <pointsInSequence>
<StopPointInJourneyPattern order="1" version="any" id="SE:020:StopPointInJourneyPattern:205339415000025474_205330000092288096">
    <ScheduledStopPointRef ref="SE:020:ScheduledStopPoint:9022020580644001"/>
    <ForAlighting>false</ForAlighting>
    <ForBoarding>true</ForBoarding>
    <DestinationDisplayRef ref="SE:020:DestinationDisplay:205330000114162773"/>
    <RequestStop>true</RequestStop>
</StopPointInJourneyPattern>
<StopPointInJourneyPattern order="2" version="any" id="SE:020:StopPointInJourneyPattern:205339415000025474_205330000092288097">
    <ScheduledStopPointRef ref="SE:020:ScheduledStopPoint:9022020580664001"/>
    <ForAlighting>true</ForAlighting>
    <ForBoarding>true</ForBoarding>
    <RequestStop>true</RequestStop>
</StopPointInJourneyPattern>
<StopPointInJourneyPattern order="3" version="any" id="SE:020:StopPointInJourneyPattern:205339415000025474_205330000092288098">
    <ScheduledStopPointRef ref="SE:020:ScheduledStopPoint:9022020580692001"/>
    <ForAlighting>true</ForAlighting>
    <ForBoarding>true</ForBoarding>
    <RequestStop>true</RequestStop>
</StopPointInJourneyPattern>
<StopPointInJourneyPattern order="4" version="any" id="SE:020:StopPointInJourneyPattern:205339415000025474_205330000092288099">
    <ScheduledStopPointRef ref="SE:020:ScheduledStopPoint:9022020580663001"/>
    <ForAlighting>true</ForAlighting>
    <ForBoarding>true</ForBoarding>
    <RequestStop>true</RequestStop>
</StopPointInJourneyPattern>
<StopPointInJourneyPattern order="5" version="any" id="SE:020:StopPointInJourneyPattern:205339415000025474_205330000092288100">
    <ScheduledStopPointRef ref="SE:020:ScheduledStopPoint:9022020580827001"/>
    <ForAlighting>true</ForAlighting>
    <ForBoarding>true</ForBoarding>
    <RequestStop>true</RequestStop>
</StopPointInJourneyPattern>
<StopPointInJourneyPattern order="6" version="any" id="SE:020:StopPointInJourneyPattern:205339415000025474_205330000092288101">
    <ScheduledStopPointRef ref="SE:020:ScheduledStopPoint:9022020580676001"/>
    <ForAlighting>true</ForAlighting>
    <ForBoarding>true</ForBoarding>
    <RequestStop>true</RequestStop>
</StopPointInJourneyPattern>
<StopPointInJourneyPattern order="7" version="any" id="SE:020:StopPointInJourneyPattern:205339415000025474_205330000092288102">
    <ScheduledStopPointRef ref="SE:020:ScheduledStopPoint:9022020580361001"/>
    <ForAlighting>true</ForAlighting>
    <ForBoarding>true</ForBoarding>
    <RequestStop>true</RequestStop>
</StopPointInJourneyPattern>
<StopPointInJourneyPattern order="8" version="any" id="SE:020:StopPointInJourneyPattern:205339415000025474_205330000092288103">
    <ScheduledStopPointRef ref="SE:020:ScheduledStopPoint:9022020580362001"/>
    <ForAlighting>true</ForAlighting>
    <ForBoarding>true</ForBoarding>
    <RequestStop>true</RequestStop>
</StopPointInJourneyPattern>
<StopPointInJourneyPattern order="9" version="any" id="SE:020:StopPointInJourneyPattern:205339415000025474_205330000092288104">
    <ScheduledStopPointRef ref="SE:020:ScheduledStopPoint:9022020580363001"/>
    <ForAlighting>true</ForAlighting>
    <ForBoarding>true</ForBoarding>
    <RequestStop>true</RequestStop>
</StopPointInJourneyPattern>
<StopPointInJourneyPattern order="10" version="any" id="SE:020:StopPointInJourneyPattern:205339415000025474_205330000092288105">
    <ScheduledStopPointRef ref="SE:020:ScheduledStopPoint:9022020580321001"/>
    <ForAlighting>true</ForAlighting>
    <ForBoarding>true</ForBoarding>
    <RequestStop>true</RequestStop>
</StopPointInJourneyPattern>
<StopPointInJourneyPattern order="11" version="any" id="SE:020:StopPointInJourneyPattern:205339415000025474_205330000092288106">
    <ScheduledStopPointRef ref="SE:020:ScheduledStopPoint:9022020580371001"/>
    <ForAlighting>true</ForAlighting>
    <ForBoarding>true</ForBoarding>
    <RequestStop>true</RequestStop>
</StopPointInJourneyPattern>
<StopPointInJourneyPattern order="12" version="any" id="SE:020:StopPointInJourneyPattern:205339415000025474_205330000092288107">
    <ScheduledStopPointRef ref="SE:020:ScheduledStopPoint:9022020580336001"/>
    <ForAlighting>true</ForAlighting>
    <ForBoarding>true</ForBoarding>
    <RequestStop>true</RequestStop>
</StopPointInJourneyPattern>
<StopPointInJourneyPattern order="13" version="any" id="SE:020:StopPointInJourneyPattern:205339415000025474_205330000092288108">
    <ScheduledStopPointRef ref="SE:020:ScheduledStopPoint:9022020580609001"/>
    <ForAlighting>true</ForAlighting>
    <ForBoarding>true</ForBoarding>
    <RequestStop>true</RequestStop>
</StopPointInJourneyPattern>
<StopPointInJourneyPattern order="14" version="any" id="SE:020:StopPointInJourneyPattern:205339415000025474_205330000092288109">
    <ScheduledStopPointRef ref="SE:020:ScheduledStopPoint:9022020580428002"/>
    <ForAlighting>true</ForAlighting>
    <ForBoarding>true</ForBoarding>
    <RequestStop>true</RequestStop>
</StopPointInJourneyPattern>
<StopPointInJourneyPattern order="15" version="any" id="SE:020:StopPointInJourneyPattern:205339415000025474_205330000092288110">
    <ScheduledStopPointRef ref="SE:020:ScheduledStopPoint:9022020580440001"/>
    <ForAlighting>true</ForAlighting>
    <ForBoarding>false</ForBoarding>
    <RequestStop>true</RequestStop>
</StopPointInJourneyPattern>
                            </pointsInSequence>
                            <linksInSequence>
<ServiceLinkInJourneyPattern order="1" version="any" id="SE:020:ServiceLinkInJourneyPattern:BUS_34839">
    <ServiceLinkRef ref="SE:020:ServiceLink:BUS_9025020058064401_9025020058066401"/>
</ServiceLinkInJourneyPattern>
<ServiceLinkInJourneyPattern order="2" version="any" id="SE:020:ServiceLinkInJourneyPattern:BUS_34840">
    <ServiceLinkRef ref="SE:020:ServiceLink:BUS_9025020058066401_9025020058069201"/>
</ServiceLinkInJourneyPattern>
<ServiceLinkInJourneyPattern order="3" version="any" id="SE:020:ServiceLinkInJourneyPattern:BUS_34841">
    <ServiceLinkRef ref="SE:020:ServiceLink:BUS_9025020058069201_9025020058066301"/>
</ServiceLinkInJourneyPattern>
<ServiceLinkInJourneyPattern order="4" version="any" id="SE:020:ServiceLinkInJourneyPattern:BUS_34842">
    <ServiceLinkRef ref="SE:020:ServiceLink:BUS_9025020058066301_9025020058082701"/>
</ServiceLinkInJourneyPattern>
<ServiceLinkInJourneyPattern order="5" version="any" id="SE:020:ServiceLinkInJourneyPattern:BUS_34843">
    <ServiceLinkRef ref="SE:020:ServiceLink:BUS_9025020058082701_9025020058067601"/>
</ServiceLinkInJourneyPattern>
<ServiceLinkInJourneyPattern order="6" version="any" id="SE:020:ServiceLinkInJourneyPattern:BUS_34844">
    <ServiceLinkRef ref="SE:020:ServiceLink:BUS_9025020058067601_9025020058036101"/>
</ServiceLinkInJourneyPattern>
<ServiceLinkInJourneyPattern order="7" version="any" id="SE:020:ServiceLinkInJourneyPattern:BUS_34845">
    <ServiceLinkRef ref="SE:020:ServiceLink:BUS_9025020058036101_9025020058036201"/>
</ServiceLinkInJourneyPattern>
<ServiceLinkInJourneyPattern order="8" version="any" id="SE:020:ServiceLinkInJourneyPattern:BUS_34846">
    <ServiceLinkRef ref="SE:020:ServiceLink:BUS_9025020058036201_9025020058036301"/>
</ServiceLinkInJourneyPattern>
<ServiceLinkInJourneyPattern order="9" version="any" id="SE:020:ServiceLinkInJourneyPattern:BUS_34847">
    <ServiceLinkRef ref="SE:020:ServiceLink:BUS_9025020058036301_9025020058032101"/>
</ServiceLinkInJourneyPattern>
<ServiceLinkInJourneyPattern order="10" version="any" id="SE:020:ServiceLinkInJourneyPattern:BUS_34848">
    <ServiceLinkRef ref="SE:020:ServiceLink:BUS_9025020058032101_9025020058037101"/>
</ServiceLinkInJourneyPattern>
<ServiceLinkInJourneyPattern order="11" version="any" id="SE:020:ServiceLinkInJourneyPattern:BUS_34849">
    <ServiceLinkRef ref="SE:020:ServiceLink:BUS_9025020058037101_9025020058033601"/>
</ServiceLinkInJourneyPattern>
<ServiceLinkInJourneyPattern order="12" version="any" id="SE:020:ServiceLinkInJourneyPattern:BUS_34850">
    <ServiceLinkRef ref="SE:020:ServiceLink:BUS_9025020058033601_9025020058060901"/>
</ServiceLinkInJourneyPattern>
<ServiceLinkInJourneyPattern order="13" version="any" id="SE:020:ServiceLinkInJourneyPattern:BUS_34851">
    <ServiceLinkRef ref="SE:020:ServiceLink:BUS_9025020058060901_9025020058042802"/>
</ServiceLinkInJourneyPattern>
<ServiceLinkInJourneyPattern order="14" version="any" id="SE:020:ServiceLinkInJourneyPattern:BUS_34852">
    <ServiceLinkRef ref="SE:020:ServiceLink:BUS_9025020058042802_9025020058044001"/>
</ServiceLinkInJourneyPattern>
                            </linksInSequence>
                        </JourneyPattern>
                    </journeyPatterns>
                </ServiceFrame>
                <TimetableFrame version="20241009025723" id="SE:020:TimetableFrame:9011020093900000">
                    <vehicleJourneys>
                        <ServiceJourney version="any" id="SE:020:ServiceJourney:205330000122434078">
                            <TransportMode>bus</TransportMode>
                            <TransportSubmode>
<BusSubmode>unknown</BusSubmode>
                            </TransportSubmode>
                            <dayTypes>
<DayTypeRef ref="SE:020:DayType:1poovcemju3u2n4rrfi4lou5o41f8sk2"/>
                            </dayTypes>
                            <JourneyPatternRef ref="SE:020:JourneyPattern:205339415000025474" version="any"/>
                            <OperatorRef ref="SE:020:Operator:9013020140800000"/>
                            <passingTimes>
<TimetabledPassingTime version="any" id="SE:020:TimetabledPassingTime:205330000122434061">
    <StopPointInJourneyPatternRef ref="SE:020:StopPointInJourneyPattern:205339415000025474_205330000092288096" version="any"/>
    <DepartureTime>07:10:00</DepartureTime>
</TimetabledPassingTime>
<TimetabledPassingTime version="any" id="SE:020:TimetabledPassingTime:205330000122434062">
    <StopPointInJourneyPatternRef ref="SE:020:StopPointInJourneyPattern:205339415000025474_205330000092288097" version="any"/>
    <ArrivalTime>07:17:00</ArrivalTime>
    <DepartureTime>07:17:00</DepartureTime>
</TimetabledPassingTime>
<TimetabledPassingTime version="any" id="SE:020:TimetabledPassingTime:205330000122434063">
    <StopPointInJourneyPatternRef ref="SE:020:StopPointInJourneyPattern:205339415000025474_205330000092288098" version="any"/>
    <ArrivalTime>07:20:48</ArrivalTime>
    <DepartureTime>07:20:48</DepartureTime>
</TimetabledPassingTime>
<TimetabledPassingTime version="any" id="SE:020:TimetabledPassingTime:205330000122434064">
    <StopPointInJourneyPatternRef ref="SE:020:StopPointInJourneyPattern:205339415000025474_205330000092288099" version="any"/>
    <ArrivalTime>07:30:00</ArrivalTime>
    <DepartureTime>07:30:00</DepartureTime>
</TimetabledPassingTime>
<TimetabledPassingTime version="any" id="SE:020:TimetabledPassingTime:205330000122434065">
    <StopPointInJourneyPatternRef ref="SE:020:StopPointInJourneyPattern:205339415000025474_205330000092288100" version="any"/>
    <ArrivalTime>07:33:37</ArrivalTime>
    <DepartureTime>07:33:37</DepartureTime>
</TimetabledPassingTime>
<TimetabledPassingTime version="any" id="SE:020:TimetabledPassingTime:205330000122434066">
    <StopPointInJourneyPatternRef ref="SE:020:StopPointInJourneyPattern:205339415000025474_205330000092288101" version="any"/>
    <ArrivalTime>07:34:53</ArrivalTime>
    <DepartureTime>07:34:53</DepartureTime>
</TimetabledPassingTime>
<TimetabledPassingTime version="any" id="SE:020:TimetabledPassingTime:205330000122434067">
    <StopPointInJourneyPatternRef ref="SE:020:StopPointInJourneyPattern:205339415000025474_205330000092288102" version="any"/>
    <ArrivalTime>07:37:00</ArrivalTime>
    <DepartureTime>07:37:00</DepartureTime>
</TimetabledPassingTime>
<TimetabledPassingTime version="any" id="SE:020:TimetabledPassingTime:205330000122434068">
    <StopPointInJourneyPatternRef ref="SE:020:StopPointInJourneyPattern:205339415000025474_205330000092288103" version="any"/>
    <ArrivalTime>07:38:29</ArrivalTime>
    <DepartureTime>07:38:29</DepartureTime>
</TimetabledPassingTime>
<TimetabledPassingTime version="any" id="SE:020:TimetabledPassingTime:205330000122434069">
    <StopPointInJourneyPatternRef ref="SE:020:StopPointInJourneyPattern:205339415000025474_205330000092288104" version="any"/>
    <ArrivalTime>07:40:00</ArrivalTime>
    <DepartureTime>07:40:00</DepartureTime>
</TimetabledPassingTime>
<TimetabledPassingTime version="any" id="SE:020:TimetabledPassingTime:205330000122434070">
    <StopPointInJourneyPatternRef ref="SE:020:StopPointInJourneyPattern:205339415000025474_205330000092288105" version="any"/>
    <ArrivalTime>07:41:28</ArrivalTime>
    <DepartureTime>07:41:28</DepartureTime>
</TimetabledPassingTime>
<TimetabledPassingTime version="any" id="SE:020:TimetabledPassingTime:205330000122434071">
    <StopPointInJourneyPatternRef ref="SE:020:StopPointInJourneyPattern:205339415000025474_205330000092288106" version="any"/>
    <ArrivalTime>07:42:39</ArrivalTime>
    <DepartureTime>07:42:39</DepartureTime>
</TimetabledPassingTime>
<TimetabledPassingTime version="any" id="SE:020:TimetabledPassingTime:205330000122434072">
    <StopPointInJourneyPatternRef ref="SE:020:StopPointInJourneyPattern:205339415000025474_205330000092288107" version="any"/>
    <ArrivalTime>07:43:44</ArrivalTime>
    <DepartureTime>07:43:44</DepartureTime>
</TimetabledPassingTime>
<TimetabledPassingTime version="any" id="SE:020:TimetabledPassingTime:205330000122434073">
    <StopPointInJourneyPatternRef ref="SE:020:StopPointInJourneyPattern:205339415000025474_205330000092288108" version="any"/>
    <ArrivalTime>07:45:00</ArrivalTime>
    <DepartureTime>07:45:00</DepartureTime>
</TimetabledPassingTime>
<TimetabledPassingTime version="any" id="SE:020:TimetabledPassingTime:205330000122434074">
    <StopPointInJourneyPatternRef ref="SE:020:StopPointInJourneyPattern:205339415000025474_205330000092288109" version="any"/>
    <ArrivalTime>07:51:33</ArrivalTime>
    <DepartureTime>07:51:33</DepartureTime>
</TimetabledPassingTime>
<TimetabledPassingTime version="any" id="SE:020:TimetabledPassingTime:205330000122434075">
    <StopPointInJourneyPatternRef ref="SE:020:StopPointInJourneyPattern:205339415000025474_205330000092288110" version="any"/>
    <ArrivalTime>07:55:00</ArrivalTime>
</TimetabledPassingTime>
                            </passingTimes>
                        </ServiceJourney>
                    </vehicleJourneys>
                </TimetableFrame>
            </frames>
        </CompositeFrame>
    </dataObjects>
</PublicationDelivery>
