<?xml version="1.0" encoding="UTF-8" standalone="yes"?>
<PublicationDelivery xmlns="http://www.netex.org.uk/netex" xmlns:ns2="http://www.opengis.net/gml/3.2" xmlns:ns3="http://www.siri.org.uk/siri" xmlns:ns4="http://www.samtrafiken.se/netex" version="1.11:NO-NeTEx-networktimetable:1.3">
    <PublicationTimestamp>2024-10-09T02:57:23</PublicationTimestamp>
    <ParticipantRef>SAM</ParticipantRef>
    <dataObjects>
        <CompositeFrame created="2024-10-09T02:57:23" version="20241009025723" id="SE:020:CompositeFrame:9011020060100000">
            <ValidBetween>
                <FromDate>1970-01-01T00:00:00</FromDate>
            </ValidBetween>
            <codespaces>
                <Codespace id="SE:020">
                    <Xmlns>SE:020</Xmlns>
                    <XmlnsUrl>http://www.samtrafiken.se/ns/dt</XmlnsUrl>
                </Codespace>
            </codespaces>
            <FrameDefaults>
                <DefaultLocale>
                    <TimeZone>Europe/Stockholm</TimeZone>
                    <DefaultLanguage>se</DefaultLanguage>
                </DefaultLocale>
                <DefaultLocationSystem>4326</DefaultLocationSystem>
            </FrameDefaults>
            <frames>
                <ServiceFrame version="20241009025723" id="SE:020:ServiceFrame:9011020060100000">
                    <routes>
                        <Route version="any" id="SE:020:Route:205330000091065680">
                            <Name>Flexbuss</Name>
                            <LineRef ref="SE:020:Line:9011020060100000" version="111216"/>
                            <DirectionType>outbound</DirectionType>
                            <pointsInSequence>
<PointOnRoute order="1" version="any" id="SE:020:PointOnRoute:205330000091065685">
    <RoutePointRef ref="SE:020:RoutePoint:9022020581988001"/>
</PointOnRoute>
<PointOnRoute order="2" version="any" id="SE:020:PointOnRoute:205330000091065686">
    <RoutePointRef ref="SE:020:RoutePoint:9022020581988002"/>
</PointOnRoute>
                            </pointsInSequence>
                        </Route>
                    </routes>
                    <lines>
                        <Line version="111216" id="SE:020:Line:9011020060100000">
                            <ValidBetween>
<FromDate>2011-12-16T00:00:00</FromDate>
                            </ValidBetween>
                            <Name>601</Name>
                            <TransportMode>bus</TransportMode>
                            <TransportSubmode>
<BusSubmode>unknown</BusSubmode>
                            </TransportSubmode>
                            <PublicCode>601</PublicCode>
                            <PrivateCode>601</PrivateCode>
                            <RepresentedByGroupRef ref="SE:020:Network:9010020000000000"/>
                        </Line>
                    </lines>
                    <journeyPatterns>
                        <JourneyPattern version="any" id="SE:020:JourneyPattern:205339415000019627">
                            <RouteRef ref="SE:020:Route:205330000091065680" version="any"/>
                            <pointsInSequence>
<StopPointInJourneyPattern order="1" version="any" id="SE:020:StopPointInJourneyPattern:205339415000019627_205330000091065685">
    <ScheduledStopPointRef ref="SE:020:ScheduledStopPoint:9022020581988001"/>
    <ForAlighting>false</ForAlighting>
    <ForBoarding>true</ForBoarding>
    <DestinationDisplayRef ref="SE:020:DestinationDisplay:205330000091065694"/>
    <RequestStop>true</RequestStop>
</StopPointInJourneyPattern>
<StopPointInJourneyPattern order="2" version="any" id="SE:020:StopPointInJourneyPattern:205339415000019627_205330000091065686">
    <ScheduledStopPointRef ref="SE:020:ScheduledStopPoint:9022020581988002"/>
    <ForAlighting>true</ForAlighting>
    <ForBoarding>false</ForBoarding>
    <RequestStop>true</RequestStop>
</StopPointInJourneyPattern>
                            </pointsInSequence>
                            <linksInSequence>
<ServiceLinkInJourneyPattern order="1" version="any" id="SE:020:ServiceLinkInJourneyPattern:BUS_3481">
    <ServiceLinkRef ref="SE:020:ServiceLink:BUS_9025020058198801_9025020058198802"/>
</ServiceLinkInJourneyPattern>
                            </linksInSequence>
                        </JourneyPattern>
                        <JourneyPattern version="any" id="SE:020:JourneyPattern:205339415000025433">
                            <RouteRef ref="SE:020:Route:205330000091065680" version="any"/>
                            <pointsInSequence>
<StopPointInJourneyPattern order="1" version="any" id="SE:020:StopPointInJourneyPattern:205339415000025433_205330000091065685">
    <ScheduledStopPointRef ref="SE:020:ScheduledStopPoint:9022020581988001"/>
    <ForAlighting>false</ForAlighting>
    <ForBoarding>true</ForBoarding>
    <DestinationDisplayRef ref="SE:020:DestinationDisplay:205330000114161093"/>
    <RequestStop>true</RequestStop>
</StopPointInJourneyPattern>
<StopPointInJourneyPattern order="2" version="any" id="SE:020:StopPointInJourneyPattern:205339415000025433_205330000091065686">
    <ScheduledStopPointRef ref="SE:020:ScheduledStopPoint:9022020581988002"/>
    <ForAlighting>true</ForAlighting>
    <ForBoarding>false</ForBoarding>
    <RequestStop>true</RequestStop>
</StopPointInJourneyPattern>
                            </pointsInSequence>
                            <linksInSequence>
<ServiceLinkInJourneyPattern order="1" version="any" id="SE:020:ServiceLinkInJourneyPattern:BUS_3482">
    <ServiceLinkRef ref="SE:020:ServiceLink:BUS_9025020058198801_9025020058198802"/>
</ServiceLinkInJourneyPattern>
                            </linksInSequence>
                        </JourneyPattern>
                    </journeyPatterns>
                </ServiceFrame>
                <TimetableFrame version="20241009025723" id="SE:020:TimetableFrame:9011020060100000">
                    <vehicleJourneys>
                        <ServiceJourney version="any" id="SE:020:ServiceJourney:205330000114161105">
                            <TransportMode>bus</TransportMode>
                            <TransportSubmode>
<BusSubmode>unknown</BusSubmode>
                            </TransportSubmode>
                            <dayTypes>
<DayTypeRef ref="SE:020:DayType:hbn3mnf3di33g97sfqgfkvfvbag9g6ds"/>
                            </dayTypes>
                            <JourneyPatternRef ref="SE:020:JourneyPattern:205339415000025433" version="any"/>
                            <OperatorRef ref="SE:020:Operator:9013020140800000"/>
                            <passingTimes>
<TimetabledPassingTime version="any" id="SE:020:TimetabledPassingTime:205330000114161101">
    <StopPointInJourneyPatternRef ref="SE:020:StopPointInJourneyPattern:205339415000025433_205330000091065685" version="any"/>
    <DepartureTime>11:00:00</DepartureTime>
</TimetabledPassingTime>
<TimetabledPassingTime version="any" id="SE:020:TimetabledPassingTime:205330000114161102">
    <StopPointInJourneyPatternRef ref="SE:020:StopPointInJourneyPattern:205339415000025433_205330000091065686" version="any"/>
    <ArrivalTime>14:00:00</ArrivalTime>
</TimetabledPassingTime>
                            </passingTimes>
                        </ServiceJourney>
                    </vehicleJourneys>
                </TimetableFrame>
            </frames>
        </CompositeFrame>
    </dataObjects>
</PublicationDelivery>
