<?xml version="1.0" encoding="UTF-8" standalone="yes"?>
<PublicationDelivery xmlns="http://www.netex.org.uk/netex" xmlns:ns2="http://www.opengis.net/gml/3.2" xmlns:ns3="http://www.siri.org.uk/siri" xmlns:ns4="http://www.samtrafiken.se/netex" version="1.11:NO-NeTEx-networktimetable:1.3">
    <PublicationTimestamp>2024-10-09T02:57:23</PublicationTimestamp>
    <ParticipantRef>SAM</ParticipantRef>
    <dataObjects>
        <CompositeFrame created="2024-10-09T02:57:23" version="20241009025723" id="SE:020:CompositeFrame:9011020051600000">
            <ValidBetween>
                <FromDate>1970-01-01T00:00:00</FromDate>
            </ValidBetween>
            <codespaces>
                <Codespace id="SE:020">
                    <Xmlns>SE:020</Xmlns>
                    <XmlnsUrl>http://www.samtrafiken.se/ns/dt</XmlnsUrl>
                </Codespace>
            </codespaces>
            <FrameDefaults>
                <DefaultLocale>
                    <TimeZone>Europe/Stockholm</TimeZone>
                    <DefaultLanguage>se</DefaultLanguage>
                </DefaultLocale>
                <DefaultLocationSystem>4326</DefaultLocationSystem>
            </FrameDefaults>
            <frames>
                <ServiceFrame version="20241009025723" id="SE:020:ServiceFrame:9011020051600000">
                    <routes>
                        <Route version="any" id="SE:020:Route:205330000091744563">
                            <Name>Flextrafik</Name>
                            <LineRef ref="SE:020:Line:9011020051600000" version="171129"/>
                            <DirectionType>outbound</DirectionType>
                            <pointsInSequence>
<PointOnRoute order="1" version="any" id="SE:020:PointOnRoute:205330000091744568">
    <RoutePointRef ref="SE:020:RoutePoint:9022020585124001"/>
</PointOnRoute>
<PointOnRoute order="2" version="any" id="SE:020:PointOnRoute:205330000091744569">
    <RoutePointRef ref="SE:020:RoutePoint:9022020585309002"/>
</PointOnRoute>
<PointOnRoute order="3" version="any" id="SE:020:PointOnRoute:205330000091744570">
    <RoutePointRef ref="SE:020:RoutePoint:9022020585134001"/>
</PointOnRoute>
<PointOnRoute order="4" version="any" id="SE:020:PointOnRoute:205330000091744571">
    <RoutePointRef ref="SE:020:RoutePoint:9022020585941001"/>
</PointOnRoute>
                            </pointsInSequence>
                        </Route>
                        <Route version="any" id="SE:020:Route:205330000091744543">
                            <Name>Flextrafik</Name>
                            <LineRef ref="SE:020:Line:9011020051600000" version="171129"/>
                            <DirectionType>outbound</DirectionType>
                            <pointsInSequence>
<PointOnRoute order="1" version="any" id="SE:020:PointOnRoute:205330000091744548">
    <RoutePointRef ref="SE:020:RoutePoint:9022020585941001"/>
</PointOnRoute>
<PointOnRoute order="2" version="any" id="SE:020:PointOnRoute:205330000091744549">
    <RoutePointRef ref="SE:020:RoutePoint:9022020585124001"/>
</PointOnRoute>
<PointOnRoute order="3" version="any" id="SE:020:PointOnRoute:205330000091744550">
    <RoutePointRef ref="SE:020:RoutePoint:9022020585309002"/>
</PointOnRoute>
<PointOnRoute order="4" version="any" id="SE:020:PointOnRoute:205330000091744551">
    <RoutePointRef ref="SE:020:RoutePoint:9022020585134001"/>
</PointOnRoute>
                            </pointsInSequence>
                        </Route>
                    </routes>
                    <lines>
                        <Line version="171129" id="SE:020:Line:9011020051600000">
                            <ValidBetween>
<FromDate>2017-11-29T00:00:00</FromDate>
                            </ValidBetween>
                            <Name>516</Name>
                            <TransportMode>taxi</TransportMode>
                            <PublicCode>516</PublicCode>
                            <PrivateCode>516</PrivateCode>
                            <RepresentedByGroupRef ref="SE:020:Network:9010020000000000"/>
                        </Line>
                    </lines>
                    <journeyPatterns>
                        <JourneyPattern version="any" id="SE:020:JourneyPattern:205339415000020083">
                            <RouteRef ref="SE:020:Route:205330000091744563" version="any"/>
                            <pointsInSequence>
<StopPointInJourneyPattern order="1" version="any" id="SE:020:StopPointInJourneyPattern:205339415000020083_205330000091744568">
    <ScheduledStopPointRef ref="SE:020:ScheduledStopPoint:9022020585124001"/>
    <ForAlighting>false</ForAlighting>
    <ForBoarding>true</ForBoarding>
    <DestinationDisplayRef ref="SE:020:DestinationDisplay:205330000091744579"/>
    <RequestStop>true</RequestStop>
</StopPointInJourneyPattern>
<StopPointInJourneyPattern order="2" version="any" id="SE:020:StopPointInJourneyPattern:205339415000020083_205330000091744569">
    <ScheduledStopPointRef ref="SE:020:ScheduledStopPoint:9022020585309002"/>
    <ForAlighting>true</ForAlighting>
    <ForBoarding>true</ForBoarding>
    <RequestStop>true</RequestStop>
</StopPointInJourneyPattern>
<StopPointInJourneyPattern order="3" version="any" id="SE:020:StopPointInJourneyPattern:205339415000020083_205330000091744570">
    <ScheduledStopPointRef ref="SE:020:ScheduledStopPoint:9022020585134001"/>
    <ForAlighting>true</ForAlighting>
    <ForBoarding>true</ForBoarding>
    <RequestStop>true</RequestStop>
</StopPointInJourneyPattern>
<StopPointInJourneyPattern order="4" version="any" id="SE:020:StopPointInJourneyPattern:205339415000020083_205330000091744571">
    <ScheduledStopPointRef ref="SE:020:ScheduledStopPoint:9022020585941001"/>
    <ForAlighting>true</ForAlighting>
    <ForBoarding>false</ForBoarding>
    <RequestStop>true</RequestStop>
</StopPointInJourneyPattern>
                            </pointsInSequence>
                            <linksInSequence>
<ServiceLinkInJourneyPattern order="1" version="any" id="SE:020:ServiceLinkInJourneyPattern:TAXI_35932">
    <ServiceLinkRef ref="SE:020:ServiceLink:TAXI_9025020058512401_9025020058530902"/>
</ServiceLinkInJourneyPattern>
<ServiceLinkInJourneyPattern order="2" version="any" id="SE:020:ServiceLinkInJourneyPattern:TAXI_35933">
    <ServiceLinkRef ref="SE:020:ServiceLink:TAXI_9025020058530902_9025020058513401"/>
</ServiceLinkInJourneyPattern>
<ServiceLinkInJourneyPattern order="3" version="any" id="SE:020:ServiceLinkInJourneyPattern:TAXI_35934">
    <ServiceLinkRef ref="SE:020:ServiceLink:TAXI_9025020058513401_9025020058594101"/>
</ServiceLinkInJourneyPattern>
                            </linksInSequence>
                        </JourneyPattern>
                        <JourneyPattern version="any" id="SE:020:JourneyPattern:205339415000020082">
                            <RouteRef ref="SE:020:Route:205330000091744543" version="any"/>
                            <pointsInSequence>
<StopPointInJourneyPattern order="1" version="any" id="SE:020:StopPointInJourneyPattern:205339415000020082_205330000091744548">
    <ScheduledStopPointRef ref="SE:020:ScheduledStopPoint:9022020585941001"/>
    <ForAlighting>false</ForAlighting>
    <ForBoarding>true</ForBoarding>
    <DestinationDisplayRef ref="SE:020:DestinationDisplay:205330000091744559"/>
    <RequestStop>true</RequestStop>
</StopPointInJourneyPattern>
<StopPointInJourneyPattern order="2" version="any" id="SE:020:StopPointInJourneyPattern:205339415000020082_205330000091744549">
    <ScheduledStopPointRef ref="SE:020:ScheduledStopPoint:9022020585124001"/>
    <ForAlighting>true</ForAlighting>
    <ForBoarding>true</ForBoarding>
    <RequestStop>true</RequestStop>
</StopPointInJourneyPattern>
<StopPointInJourneyPattern order="3" version="any" id="SE:020:StopPointInJourneyPattern:205339415000020082_205330000091744550">
    <ScheduledStopPointRef ref="SE:020:ScheduledStopPoint:9022020585309002"/>
    <ForAlighting>true</ForAlighting>
    <ForBoarding>true</ForBoarding>
    <RequestStop>true</RequestStop>
</StopPointInJourneyPattern>
<StopPointInJourneyPattern order="4" version="any" id="SE:020:StopPointInJourneyPattern:205339415000020082_205330000091744551">
    <ScheduledStopPointRef ref="SE:020:ScheduledStopPoint:9022020585134001"/>
    <ForAlighting>true</ForAlighting>
    <ForBoarding>false</ForBoarding>
    <RequestStop>true</RequestStop>
</StopPointInJourneyPattern>
                            </pointsInSequence>
                            <linksInSequence>
<ServiceLinkInJourneyPattern order="1" version="any" id="SE:020:ServiceLinkInJourneyPattern:TAXI_35935">
    <ServiceLinkRef ref="SE:020:ServiceLink:TAXI_9025020058594101_9025020058512401"/>
</ServiceLinkInJourneyPattern>
<ServiceLinkInJourneyPattern order="2" version="any" id="SE:020:ServiceLinkInJourneyPattern:TAXI_35936">
    <ServiceLinkRef ref="SE:020:ServiceLink:TAXI_9025020058512401_9025020058530902"/>
</ServiceLinkInJourneyPattern>
<ServiceLinkInJourneyPattern order="3" version="any" id="SE:020:ServiceLinkInJourneyPattern:TAXI_35937">
    <ServiceLinkRef ref="SE:020:ServiceLink:TAXI_9025020058530902_9025020058513401"/>
</ServiceLinkInJourneyPattern>
                            </linksInSequence>
                        </JourneyPattern>
                    </journeyPatterns>
                </ServiceFrame>
                <TimetableFrame version="20241009025723" id="SE:020:TimetableFrame:9011020051600000">
                    <vehicleJourneys>
                        <ServiceJourney version="any" id="SE:020:ServiceJourney:205330000116444182">
                            <TransportMode>bus</TransportMode>
                            <TransportSubmode>
<BusSubmode>unknown</BusSubmode>
                            </TransportSubmode>
                            <dayTypes>
<DayTypeRef ref="SE:020:DayType:307pj9abcf51sh6fua920i71q5gagge7"/>
                            </dayTypes>
                            <JourneyPatternRef ref="SE:020:JourneyPattern:205339415000020082" version="any"/>
                            <OperatorRef ref="SE:020:Operator:9013020810000000"/>
                            <passingTimes>
<TimetabledPassingTime version="any" id="SE:020:TimetabledPassingTime:205330000116444176">
    <StopPointInJourneyPatternRef ref="SE:020:StopPointInJourneyPattern:205339415000020082_205330000091744548" version="any"/>
    <DepartureTime>09:25:00</DepartureTime>
</TimetabledPassingTime>
<TimetabledPassingTime version="any" id="SE:020:TimetabledPassingTime:205330000116444177">
    <StopPointInJourneyPatternRef ref="SE:020:StopPointInJourneyPattern:205339415000020082_205330000091744549" version="any"/>
    <ArrivalTime>10:25:00</ArrivalTime>
    <DepartureTime>10:25:00</DepartureTime>
</TimetabledPassingTime>
<TimetabledPassingTime version="any" id="SE:020:TimetabledPassingTime:205330000116444178">
    <StopPointInJourneyPatternRef ref="SE:020:StopPointInJourneyPattern:205339415000020082_205330000091744550" version="any"/>
    <ArrivalTime>10:30:00</ArrivalTime>
    <DepartureTime>10:30:00</DepartureTime>
</TimetabledPassingTime>
<TimetabledPassingTime version="any" id="SE:020:TimetabledPassingTime:205330000116444179">
    <StopPointInJourneyPatternRef ref="SE:020:StopPointInJourneyPattern:205339415000020082_205330000091744551" version="any"/>
    <ArrivalTime>10:35:00</ArrivalTime>
</TimetabledPassingTime>
                            </passingTimes>
                            <FlexibleServiceProperties>
<FlexibleServiceType>fixedPassingTimes</FlexibleServiceType>
<BookWhen>advanceOnly</BookWhen>
<BookingNote>Turen ska förbeställas senast 2 timmar före bussens avgångstid via telefon 0774-44 00 00.</BookingNote>
                            </FlexibleServiceProperties>
                        </ServiceJourney>
                        <ServiceJourney version="any" id="SE:020:ServiceJourney:205330000116444207">
                            <TransportMode>bus</TransportMode>
                            <TransportSubmode>
<BusSubmode>unknown</BusSubmode>
                            </TransportSubmode>
                            <dayTypes>
<DayTypeRef ref="SE:020:DayType:307pj9abcf51sh6fua920i71q5gagge7"/>
                            </dayTypes>
                            <JourneyPatternRef ref="SE:020:JourneyPattern:205339415000020083" version="any"/>
                            <OperatorRef ref="SE:020:Operator:9013020810000000"/>
                            <passingTimes>
<TimetabledPassingTime version="any" id="SE:020:TimetabledPassingTime:205330000116444201">
    <StopPointInJourneyPatternRef ref="SE:020:StopPointInJourneyPattern:205339415000020083_205330000091744568" version="any"/>
    <DepartureTime>12:15:00</DepartureTime>
</TimetabledPassingTime>
<TimetabledPassingTime version="any" id="SE:020:TimetabledPassingTime:205330000116444202">
    <StopPointInJourneyPatternRef ref="SE:020:StopPointInJourneyPattern:205339415000020083_205330000091744569" version="any"/>
    <ArrivalTime>12:20:00</ArrivalTime>
    <DepartureTime>12:20:00</DepartureTime>
</TimetabledPassingTime>
<TimetabledPassingTime version="any" id="SE:020:TimetabledPassingTime:205330000116444203">
    <StopPointInJourneyPatternRef ref="SE:020:StopPointInJourneyPattern:205339415000020083_205330000091744570" version="any"/>
    <ArrivalTime>12:25:00</ArrivalTime>
    <DepartureTime>12:25:00</DepartureTime>
</TimetabledPassingTime>
<TimetabledPassingTime version="any" id="SE:020:TimetabledPassingTime:205330000116444204">
    <StopPointInJourneyPatternRef ref="SE:020:StopPointInJourneyPattern:205339415000020083_205330000091744571" version="any"/>
    <ArrivalTime>13:25:00</ArrivalTime>
</TimetabledPassingTime>
                            </passingTimes>
                            <FlexibleServiceProperties>
<FlexibleServiceType>fixedPassingTimes</FlexibleServiceType>
<BookWhen>advanceOnly</BookWhen>
<BookingNote>Turen ska förbeställas senast 2 timmar före bussens avgångstid via telefon 0774-44 00 00.</BookingNote>
                            </FlexibleServiceProperties>
                        </ServiceJourney>
                    </vehicleJourneys>
                    <journeyInterchanges>
                        <ServiceJourneyInterchange version="any" id="SE:020:ServiceJourneyInterchange:205330000116444207_1">
                            <Priority>0</Priority>
                            <Guaranteed>false</Guaranteed>
                            <Advertised>true</Advertised>
                            <FromPointRef ref="SE:020:ScheduledStopPoint:9022020585134001"/>
                            <ToPointRef ref="SE:020:ScheduledStopPoint:9022020585134001"/>
                            <FromJourneyRef ref="SE:020:ServiceJourney:205330000116088478"/>
                            <ToJourneyRef ref="SE:020:ServiceJourney:205330000116444207" version="any"/>
                        </ServiceJourneyInterchange>
                    </journeyInterchanges>
                </TimetableFrame>
            </frames>
        </CompositeFrame>
    </dataObjects>
</PublicationDelivery>
