<?xml version="1.0" encoding="UTF-8" standalone="yes"?>
<PublicationDelivery xmlns="http://www.netex.org.uk/netex" xmlns:ns2="http://www.opengis.net/gml/3.2" xmlns:ns3="http://www.siri.org.uk/siri" xmlns:ns4="http://www.samtrafiken.se/netex" version="1.11:NO-NeTEx-networktimetable:1.3">
    <PublicationTimestamp>2024-10-09T02:57:23</PublicationTimestamp>
    <ParticipantRef>SAM</ParticipantRef>
    <dataObjects>
        <CompositeFrame created="2024-10-09T02:57:23" version="20241009025723" id="SE:020:CompositeFrame:9011020024800000">
            <ValidBetween>
                <FromDate>1970-01-01T00:00:00</FromDate>
            </ValidBetween>
            <codespaces>
                <Codespace id="SE:020">
                    <Xmlns>SE:020</Xmlns>
                    <XmlnsUrl>http://www.samtrafiken.se/ns/dt</XmlnsUrl>
                </Codespace>
            </codespaces>
            <FrameDefaults>
                <DefaultLocale>
                    <TimeZone>Europe/Stockholm</TimeZone>
                    <DefaultLanguage>se</DefaultLanguage>
                </DefaultLocale>
                <DefaultLocationSystem>4326</DefaultLocationSystem>
            </FrameDefaults>
            <frames>
                <ServiceFrame version="20241009025723" id="SE:020:ServiceFrame:9011020024800000">
                    <routes>
                        <Route version="any" id="SE:020:Route:205330000088475358">
                            <Name>Grycksbo - Bergsgården - Falun</Name>
                            <LineRef ref="SE:020:Line:9011020024800000" version="181209"/>
                            <DirectionType>inbound</DirectionType>
                            <pointsInSequence>
<PointOnRoute order="1" version="any" id="SE:020:PointOnRoute:205330000088475363">
    <RoutePointRef ref="SE:020:RoutePoint:9022020580356002"/>
</PointOnRoute>
<PointOnRoute order="2" version="any" id="SE:020:PointOnRoute:205330000088475364">
    <RoutePointRef ref="SE:020:RoutePoint:9022020580357002"/>
</PointOnRoute>
<PointOnRoute order="3" version="any" id="SE:020:PointOnRoute:205330000088475365">
    <RoutePointRef ref="SE:020:RoutePoint:9022020580358002"/>
</PointOnRoute>
<PointOnRoute order="4" version="any" id="SE:020:PointOnRoute:205330000088475366">
    <RoutePointRef ref="SE:020:RoutePoint:9022020580359002"/>
</PointOnRoute>
<PointOnRoute order="5" version="any" id="SE:020:PointOnRoute:205330000088475367">
    <RoutePointRef ref="SE:020:RoutePoint:9022020580360002"/>
</PointOnRoute>
<PointOnRoute order="6" version="any" id="SE:020:PointOnRoute:205330000088475368">
    <RoutePointRef ref="SE:020:RoutePoint:9022020580367002"/>
</PointOnRoute>
<PointOnRoute order="7" version="any" id="SE:020:PointOnRoute:205330000088475369">
    <RoutePointRef ref="SE:020:RoutePoint:9022020580369002"/>
</PointOnRoute>
                            </pointsInSequence>
                        </Route>
                        <Route version="any" id="SE:020:Route:205330000088475327">
                            <Name>Grycksbo - Bergsgården - Falun</Name>
                            <LineRef ref="SE:020:Line:9011020024800000" version="181209"/>
                            <DirectionType>inbound</DirectionType>
                            <pointsInSequence>
<PointOnRoute order="1" version="any" id="SE:020:PointOnRoute:205330000088475332">
    <RoutePointRef ref="SE:020:RoutePoint:9022020580130001"/>
</PointOnRoute>
<PointOnRoute order="2" version="any" id="SE:020:PointOnRoute:205330000088475333">
    <RoutePointRef ref="SE:020:RoutePoint:9022020580188001"/>
</PointOnRoute>
<PointOnRoute order="3" version="any" id="SE:020:PointOnRoute:205330000088475334">
    <RoutePointRef ref="SE:020:RoutePoint:9022020580614002"/>
</PointOnRoute>
<PointOnRoute order="4" version="any" id="SE:020:PointOnRoute:205330000088475335">
    <RoutePointRef ref="SE:020:RoutePoint:9022020580191002"/>
</PointOnRoute>
<PointOnRoute order="5" version="any" id="SE:020:PointOnRoute:205330000088475336">
    <RoutePointRef ref="SE:020:RoutePoint:9022020580192002"/>
</PointOnRoute>
<PointOnRoute order="6" version="any" id="SE:020:PointOnRoute:205330000088475337">
    <RoutePointRef ref="SE:020:RoutePoint:9022020580197002"/>
</PointOnRoute>
<PointOnRoute order="7" version="any" id="SE:020:PointOnRoute:205330000088475338">
    <RoutePointRef ref="SE:020:RoutePoint:9022020580198002"/>
</PointOnRoute>
<PointOnRoute order="8" version="any" id="SE:020:PointOnRoute:205330000088475339">
    <RoutePointRef ref="SE:020:RoutePoint:9022020580355002"/>
</PointOnRoute>
<PointOnRoute order="9" version="any" id="SE:020:PointOnRoute:205330000088475340">
    <RoutePointRef ref="SE:020:RoutePoint:9022020580356002"/>
</PointOnRoute>
<PointOnRoute order="10" version="any" id="SE:020:PointOnRoute:205330000088475341">
    <RoutePointRef ref="SE:020:RoutePoint:9022020580357002"/>
</PointOnRoute>
<PointOnRoute order="11" version="any" id="SE:020:PointOnRoute:205330000088475342">
    <RoutePointRef ref="SE:020:RoutePoint:9022020580358002"/>
</PointOnRoute>
<PointOnRoute order="12" version="any" id="SE:020:PointOnRoute:205330000088475343">
    <RoutePointRef ref="SE:020:RoutePoint:9022020580359002"/>
</PointOnRoute>
<PointOnRoute order="13" version="any" id="SE:020:PointOnRoute:205330000088475344">
    <RoutePointRef ref="SE:020:RoutePoint:9022020580360002"/>
</PointOnRoute>
<PointOnRoute order="14" version="any" id="SE:020:PointOnRoute:205330000088475345">
    <RoutePointRef ref="SE:020:RoutePoint:9022020580367002"/>
</PointOnRoute>
<PointOnRoute order="15" version="any" id="SE:020:PointOnRoute:205330000088475346">
    <RoutePointRef ref="SE:020:RoutePoint:9022020580369002"/>
</PointOnRoute>
                            </pointsInSequence>
                        </Route>
                        <Route version="any" id="SE:020:Route:205330000088475276">
                            <Name>Falun - Bergsgården - Grycksbo</Name>
                            <LineRef ref="SE:020:Line:9011020024800000" version="181209"/>
                            <DirectionType>outbound</DirectionType>
                            <pointsInSequence>
<PointOnRoute order="1" version="any" id="SE:020:PointOnRoute:205330000088475281">
    <RoutePointRef ref="SE:020:RoutePoint:9022020580368001"/>
</PointOnRoute>
<PointOnRoute order="2" version="any" id="SE:020:PointOnRoute:205330000088475282">
    <RoutePointRef ref="SE:020:RoutePoint:9022020580367001"/>
</PointOnRoute>
<PointOnRoute order="3" version="any" id="SE:020:PointOnRoute:205330000088475283">
    <RoutePointRef ref="SE:020:RoutePoint:9022020580360001"/>
</PointOnRoute>
<PointOnRoute order="4" version="any" id="SE:020:PointOnRoute:205330000088475284">
    <RoutePointRef ref="SE:020:RoutePoint:9022020580359001"/>
</PointOnRoute>
<PointOnRoute order="5" version="any" id="SE:020:PointOnRoute:205330000088475285">
    <RoutePointRef ref="SE:020:RoutePoint:9022020580358001"/>
</PointOnRoute>
<PointOnRoute order="6" version="any" id="SE:020:PointOnRoute:205330000088475286">
    <RoutePointRef ref="SE:020:RoutePoint:9022020580357001"/>
</PointOnRoute>
<PointOnRoute order="7" version="any" id="SE:020:PointOnRoute:205330000088475287">
    <RoutePointRef ref="SE:020:RoutePoint:9022020580356001"/>
</PointOnRoute>
<PointOnRoute order="8" version="any" id="SE:020:PointOnRoute:205330000088475288">
    <RoutePointRef ref="SE:020:RoutePoint:9022020580355001"/>
</PointOnRoute>
<PointOnRoute order="9" version="any" id="SE:020:PointOnRoute:205330000088475289">
    <RoutePointRef ref="SE:020:RoutePoint:9022020580198001"/>
</PointOnRoute>
<PointOnRoute order="10" version="any" id="SE:020:PointOnRoute:205330000088475290">
    <RoutePointRef ref="SE:020:RoutePoint:9022020580192001"/>
</PointOnRoute>
<PointOnRoute order="11" version="any" id="SE:020:PointOnRoute:205330000088475291">
    <RoutePointRef ref="SE:020:RoutePoint:9022020580191001"/>
</PointOnRoute>
<PointOnRoute order="12" version="any" id="SE:020:PointOnRoute:205330000088475292">
    <RoutePointRef ref="SE:020:RoutePoint:9022020580130001"/>
</PointOnRoute>
                            </pointsInSequence>
                        </Route>
                    </routes>
                    <lines>
                        <Line version="181209" id="SE:020:Line:9011020024800000">
                            <ValidBetween>
<FromDate>2018-12-09T00:00:00</FromDate>
                            </ValidBetween>
                            <Name>248</Name>
                            <TransportMode>bus</TransportMode>
                            <TransportSubmode>
<BusSubmode>unknown</BusSubmode>
                            </TransportSubmode>
                            <PublicCode>248</PublicCode>
                            <PrivateCode>248</PrivateCode>
                            <RepresentedByGroupRef ref="SE:020:Network:9010020000000000"/>
                        </Line>
                    </lines>
                    <journeyPatterns>
                        <JourneyPattern version="any" id="SE:020:JourneyPattern:205339415000018671">
                            <RouteRef ref="SE:020:Route:205330000088475358" version="any"/>
                            <pointsInSequence>
<StopPointInJourneyPattern order="1" version="any" id="SE:020:StopPointInJourneyPattern:205339415000018671_205330000088475363">
    <ScheduledStopPointRef ref="SE:020:ScheduledStopPoint:9022020580356002"/>
    <ForAlighting>false</ForAlighting>
    <ForBoarding>true</ForBoarding>
    <DestinationDisplayRef ref="SE:020:DestinationDisplay:205330000088475377"/>
    <RequestStop>true</RequestStop>
</StopPointInJourneyPattern>
<StopPointInJourneyPattern order="2" version="any" id="SE:020:StopPointInJourneyPattern:205339415000018671_205330000088475364">
    <ScheduledStopPointRef ref="SE:020:ScheduledStopPoint:9022020580357002"/>
    <ForAlighting>true</ForAlighting>
    <ForBoarding>true</ForBoarding>
    <RequestStop>true</RequestStop>
</StopPointInJourneyPattern>
<StopPointInJourneyPattern order="3" version="any" id="SE:020:StopPointInJourneyPattern:205339415000018671_205330000088475365">
    <ScheduledStopPointRef ref="SE:020:ScheduledStopPoint:9022020580358002"/>
    <ForAlighting>true</ForAlighting>
    <ForBoarding>true</ForBoarding>
    <RequestStop>true</RequestStop>
</StopPointInJourneyPattern>
<StopPointInJourneyPattern order="4" version="any" id="SE:020:StopPointInJourneyPattern:205339415000018671_205330000088475366">
    <ScheduledStopPointRef ref="SE:020:ScheduledStopPoint:9022020580359002"/>
    <ForAlighting>true</ForAlighting>
    <ForBoarding>true</ForBoarding>
    <RequestStop>true</RequestStop>
</StopPointInJourneyPattern>
<StopPointInJourneyPattern order="5" version="any" id="SE:020:StopPointInJourneyPattern:205339415000018671_205330000088475367">
    <ScheduledStopPointRef ref="SE:020:ScheduledStopPoint:9022020580360002"/>
    <ForAlighting>true</ForAlighting>
    <ForBoarding>true</ForBoarding>
    <RequestStop>true</RequestStop>
</StopPointInJourneyPattern>
<StopPointInJourneyPattern order="6" version="any" id="SE:020:StopPointInJourneyPattern:205339415000018671_205330000088475368">
    <ScheduledStopPointRef ref="SE:020:ScheduledStopPoint:9022020580367002"/>
    <ForAlighting>true</ForAlighting>
    <ForBoarding>true</ForBoarding>
    <RequestStop>true</RequestStop>
</StopPointInJourneyPattern>
<StopPointInJourneyPattern order="7" version="any" id="SE:020:StopPointInJourneyPattern:205339415000018671_205330000088475369">
    <ScheduledStopPointRef ref="SE:020:ScheduledStopPoint:9022020580369002"/>
    <ForAlighting>true</ForAlighting>
    <ForBoarding>false</ForBoarding>
    <RequestStop>true</RequestStop>
</StopPointInJourneyPattern>
                            </pointsInSequence>
                            <linksInSequence>
<ServiceLinkInJourneyPattern order="1" version="any" id="SE:020:ServiceLinkInJourneyPattern:BUS_37611">
    <ServiceLinkRef ref="SE:020:ServiceLink:BUS_9025020058035602_9025020058035702"/>
</ServiceLinkInJourneyPattern>
<ServiceLinkInJourneyPattern order="2" version="any" id="SE:020:ServiceLinkInJourneyPattern:BUS_37612">
    <ServiceLinkRef ref="SE:020:ServiceLink:BUS_9025020058035702_9025020058035802"/>
</ServiceLinkInJourneyPattern>
<ServiceLinkInJourneyPattern order="3" version="any" id="SE:020:ServiceLinkInJourneyPattern:BUS_37613">
    <ServiceLinkRef ref="SE:020:ServiceLink:BUS_9025020058035802_9025020058035902"/>
</ServiceLinkInJourneyPattern>
<ServiceLinkInJourneyPattern order="4" version="any" id="SE:020:ServiceLinkInJourneyPattern:BUS_37614">
    <ServiceLinkRef ref="SE:020:ServiceLink:BUS_9025020058035902_9025020058036002"/>
</ServiceLinkInJourneyPattern>
<ServiceLinkInJourneyPattern order="5" version="any" id="SE:020:ServiceLinkInJourneyPattern:BUS_37615">
    <ServiceLinkRef ref="SE:020:ServiceLink:BUS_9025020058036002_9025020058036702"/>
</ServiceLinkInJourneyPattern>
<ServiceLinkInJourneyPattern order="6" version="any" id="SE:020:ServiceLinkInJourneyPattern:BUS_37616">
    <ServiceLinkRef ref="SE:020:ServiceLink:BUS_9025020058036702_9025020058036902"/>
</ServiceLinkInJourneyPattern>
                            </linksInSequence>
                        </JourneyPattern>
                        <JourneyPattern version="any" id="SE:020:JourneyPattern:205339415000018670">
                            <RouteRef ref="SE:020:Route:205330000088475327" version="any"/>
                            <pointsInSequence>
<StopPointInJourneyPattern order="1" version="any" id="SE:020:StopPointInJourneyPattern:205339415000018670_205330000088475332">
    <ScheduledStopPointRef ref="SE:020:ScheduledStopPoint:9022020580130001"/>
    <ForAlighting>false</ForAlighting>
    <ForBoarding>true</ForBoarding>
    <DestinationDisplayRef ref="SE:020:DestinationDisplay:205330000088475354"/>
    <RequestStop>true</RequestStop>
</StopPointInJourneyPattern>
<StopPointInJourneyPattern order="2" version="any" id="SE:020:StopPointInJourneyPattern:205339415000018670_205330000088475333">
    <ScheduledStopPointRef ref="SE:020:ScheduledStopPoint:9022020580188001"/>
    <ForAlighting>true</ForAlighting>
    <ForBoarding>true</ForBoarding>
    <RequestStop>true</RequestStop>
</StopPointInJourneyPattern>
<StopPointInJourneyPattern order="3" version="any" id="SE:020:StopPointInJourneyPattern:205339415000018670_205330000088475334">
    <ScheduledStopPointRef ref="SE:020:ScheduledStopPoint:9022020580614002"/>
    <ForAlighting>true</ForAlighting>
    <ForBoarding>true</ForBoarding>
    <RequestStop>true</RequestStop>
</StopPointInJourneyPattern>
<StopPointInJourneyPattern order="4" version="any" id="SE:020:StopPointInJourneyPattern:205339415000018670_205330000088475335">
    <ScheduledStopPointRef ref="SE:020:ScheduledStopPoint:9022020580191002"/>
    <ForAlighting>true</ForAlighting>
    <ForBoarding>true</ForBoarding>
    <RequestStop>true</RequestStop>
</StopPointInJourneyPattern>
<StopPointInJourneyPattern order="5" version="any" id="SE:020:StopPointInJourneyPattern:205339415000018670_205330000088475336">
    <ScheduledStopPointRef ref="SE:020:ScheduledStopPoint:9022020580192002"/>
    <ForAlighting>true</ForAlighting>
    <ForBoarding>true</ForBoarding>
    <RequestStop>true</RequestStop>
</StopPointInJourneyPattern>
<StopPointInJourneyPattern order="6" version="any" id="SE:020:StopPointInJourneyPattern:205339415000018670_205330000088475337">
    <ScheduledStopPointRef ref="SE:020:ScheduledStopPoint:9022020580197002"/>
    <ForAlighting>true</ForAlighting>
    <ForBoarding>true</ForBoarding>
    <RequestStop>true</RequestStop>
</StopPointInJourneyPattern>
<StopPointInJourneyPattern order="7" version="any" id="SE:020:StopPointInJourneyPattern:205339415000018670_205330000088475338">
    <ScheduledStopPointRef ref="SE:020:ScheduledStopPoint:9022020580198002"/>
    <ForAlighting>true</ForAlighting>
    <ForBoarding>true</ForBoarding>
    <RequestStop>true</RequestStop>
</StopPointInJourneyPattern>
<StopPointInJourneyPattern order="8" version="any" id="SE:020:StopPointInJourneyPattern:205339415000018670_205330000088475339">
    <ScheduledStopPointRef ref="SE:020:ScheduledStopPoint:9022020580355002"/>
    <ForAlighting>true</ForAlighting>
    <ForBoarding>true</ForBoarding>
    <RequestStop>true</RequestStop>
</StopPointInJourneyPattern>
<StopPointInJourneyPattern order="9" version="any" id="SE:020:StopPointInJourneyPattern:205339415000018670_205330000088475340">
    <ScheduledStopPointRef ref="SE:020:ScheduledStopPoint:9022020580356002"/>
    <ForAlighting>true</ForAlighting>
    <ForBoarding>true</ForBoarding>
    <RequestStop>true</RequestStop>
</StopPointInJourneyPattern>
<StopPointInJourneyPattern order="10" version="any" id="SE:020:StopPointInJourneyPattern:205339415000018670_205330000088475341">
    <ScheduledStopPointRef ref="SE:020:ScheduledStopPoint:9022020580357002"/>
    <ForAlighting>true</ForAlighting>
    <ForBoarding>true</ForBoarding>
    <RequestStop>true</RequestStop>
</StopPointInJourneyPattern>
<StopPointInJourneyPattern order="11" version="any" id="SE:020:StopPointInJourneyPattern:205339415000018670_205330000088475342">
    <ScheduledStopPointRef ref="SE:020:ScheduledStopPoint:9022020580358002"/>
    <ForAlighting>true</ForAlighting>
    <ForBoarding>true</ForBoarding>
    <RequestStop>true</RequestStop>
</StopPointInJourneyPattern>
<StopPointInJourneyPattern order="12" version="any" id="SE:020:StopPointInJourneyPattern:205339415000018670_205330000088475343">
    <ScheduledStopPointRef ref="SE:020:ScheduledStopPoint:9022020580359002"/>
    <ForAlighting>true</ForAlighting>
    <ForBoarding>true</ForBoarding>
    <RequestStop>true</RequestStop>
</StopPointInJourneyPattern>
<StopPointInJourneyPattern order="13" version="any" id="SE:020:StopPointInJourneyPattern:205339415000018670_205330000088475344">
    <ScheduledStopPointRef ref="SE:020:ScheduledStopPoint:9022020580360002"/>
    <ForAlighting>true</ForAlighting>
    <ForBoarding>true</ForBoarding>
    <RequestStop>true</RequestStop>
</StopPointInJourneyPattern>
<StopPointInJourneyPattern order="14" version="any" id="SE:020:StopPointInJourneyPattern:205339415000018670_205330000088475345">
    <ScheduledStopPointRef ref="SE:020:ScheduledStopPoint:9022020580367002"/>
    <ForAlighting>true</ForAlighting>
    <ForBoarding>true</ForBoarding>
    <RequestStop>true</RequestStop>
</StopPointInJourneyPattern>
<StopPointInJourneyPattern order="15" version="any" id="SE:020:StopPointInJourneyPattern:205339415000018670_205330000088475346">
    <ScheduledStopPointRef ref="SE:020:ScheduledStopPoint:9022020580369002"/>
    <ForAlighting>true</ForAlighting>
    <ForBoarding>false</ForBoarding>
    <RequestStop>true</RequestStop>
</StopPointInJourneyPattern>
                            </pointsInSequence>
                            <linksInSequence>
<ServiceLinkInJourneyPattern order="1" version="any" id="SE:020:ServiceLinkInJourneyPattern:BUS_37617">
    <ServiceLinkRef ref="SE:020:ServiceLink:BUS_9025020058013001_9025020058018801"/>
</ServiceLinkInJourneyPattern>
<ServiceLinkInJourneyPattern order="2" version="any" id="SE:020:ServiceLinkInJourneyPattern:BUS_37618">
    <ServiceLinkRef ref="SE:020:ServiceLink:BUS_9025020058018801_9025020058061402"/>
</ServiceLinkInJourneyPattern>
<ServiceLinkInJourneyPattern order="3" version="any" id="SE:020:ServiceLinkInJourneyPattern:BUS_37619">
    <ServiceLinkRef ref="SE:020:ServiceLink:BUS_9025020058061402_9025020058019102"/>
</ServiceLinkInJourneyPattern>
<ServiceLinkInJourneyPattern order="4" version="any" id="SE:020:ServiceLinkInJourneyPattern:BUS_37620">
    <ServiceLinkRef ref="SE:020:ServiceLink:BUS_9025020058019102_9025020058019202"/>
</ServiceLinkInJourneyPattern>
<ServiceLinkInJourneyPattern order="5" version="any" id="SE:020:ServiceLinkInJourneyPattern:BUS_37621">
    <ServiceLinkRef ref="SE:020:ServiceLink:BUS_9025020058019202_9025020058019702"/>
</ServiceLinkInJourneyPattern>
<ServiceLinkInJourneyPattern order="6" version="any" id="SE:020:ServiceLinkInJourneyPattern:BUS_37622">
    <ServiceLinkRef ref="SE:020:ServiceLink:BUS_9025020058019702_9025020058019802"/>
</ServiceLinkInJourneyPattern>
<ServiceLinkInJourneyPattern order="7" version="any" id="SE:020:ServiceLinkInJourneyPattern:BUS_37623">
    <ServiceLinkRef ref="SE:020:ServiceLink:BUS_9025020058019802_9025020058035502"/>
</ServiceLinkInJourneyPattern>
<ServiceLinkInJourneyPattern order="8" version="any" id="SE:020:ServiceLinkInJourneyPattern:BUS_37624">
    <ServiceLinkRef ref="SE:020:ServiceLink:BUS_9025020058035502_9025020058035602"/>
</ServiceLinkInJourneyPattern>
<ServiceLinkInJourneyPattern order="9" version="any" id="SE:020:ServiceLinkInJourneyPattern:BUS_37625">
    <ServiceLinkRef ref="SE:020:ServiceLink:BUS_9025020058035602_9025020058035702"/>
</ServiceLinkInJourneyPattern>
<ServiceLinkInJourneyPattern order="10" version="any" id="SE:020:ServiceLinkInJourneyPattern:BUS_37626">
    <ServiceLinkRef ref="SE:020:ServiceLink:BUS_9025020058035702_9025020058035802"/>
</ServiceLinkInJourneyPattern>
<ServiceLinkInJourneyPattern order="11" version="any" id="SE:020:ServiceLinkInJourneyPattern:BUS_37627">
    <ServiceLinkRef ref="SE:020:ServiceLink:BUS_9025020058035802_9025020058035902"/>
</ServiceLinkInJourneyPattern>
<ServiceLinkInJourneyPattern order="12" version="any" id="SE:020:ServiceLinkInJourneyPattern:BUS_37628">
    <ServiceLinkRef ref="SE:020:ServiceLink:BUS_9025020058035902_9025020058036002"/>
</ServiceLinkInJourneyPattern>
<ServiceLinkInJourneyPattern order="13" version="any" id="SE:020:ServiceLinkInJourneyPattern:BUS_37629">
    <ServiceLinkRef ref="SE:020:ServiceLink:BUS_9025020058036002_9025020058036702"/>
</ServiceLinkInJourneyPattern>
<ServiceLinkInJourneyPattern order="14" version="any" id="SE:020:ServiceLinkInJourneyPattern:BUS_37630">
    <ServiceLinkRef ref="SE:020:ServiceLink:BUS_9025020058036702_9025020058036902"/>
</ServiceLinkInJourneyPattern>
                            </linksInSequence>
                        </JourneyPattern>
                        <JourneyPattern version="any" id="SE:020:JourneyPattern:205339415000018668">
                            <RouteRef ref="SE:020:Route:205330000088475276" version="any"/>
                            <pointsInSequence>
<StopPointInJourneyPattern order="1" version="any" id="SE:020:StopPointInJourneyPattern:205339415000018668_205330000088475281">
    <ScheduledStopPointRef ref="SE:020:ScheduledStopPoint:9022020580368001"/>
    <ForAlighting>false</ForAlighting>
    <ForBoarding>true</ForBoarding>
    <DestinationDisplayRef ref="SE:020:DestinationDisplay:205330000088475300"/>
    <RequestStop>true</RequestStop>
</StopPointInJourneyPattern>
<StopPointInJourneyPattern order="2" version="any" id="SE:020:StopPointInJourneyPattern:205339415000018668_205330000088475282">
    <ScheduledStopPointRef ref="SE:020:ScheduledStopPoint:9022020580367001"/>
    <ForAlighting>true</ForAlighting>
    <ForBoarding>true</ForBoarding>
    <RequestStop>true</RequestStop>
</StopPointInJourneyPattern>
<StopPointInJourneyPattern order="3" version="any" id="SE:020:StopPointInJourneyPattern:205339415000018668_205330000088475283">
    <ScheduledStopPointRef ref="SE:020:ScheduledStopPoint:9022020580360001"/>
    <ForAlighting>true</ForAlighting>
    <ForBoarding>true</ForBoarding>
    <RequestStop>true</RequestStop>
</StopPointInJourneyPattern>
<StopPointInJourneyPattern order="4" version="any" id="SE:020:StopPointInJourneyPattern:205339415000018668_205330000088475284">
    <ScheduledStopPointRef ref="SE:020:ScheduledStopPoint:9022020580359001"/>
    <ForAlighting>true</ForAlighting>
    <ForBoarding>true</ForBoarding>
    <RequestStop>true</RequestStop>
</StopPointInJourneyPattern>
<StopPointInJourneyPattern order="5" version="any" id="SE:020:StopPointInJourneyPattern:205339415000018668_205330000088475285">
    <ScheduledStopPointRef ref="SE:020:ScheduledStopPoint:9022020580358001"/>
    <ForAlighting>true</ForAlighting>
    <ForBoarding>true</ForBoarding>
    <RequestStop>true</RequestStop>
</StopPointInJourneyPattern>
<StopPointInJourneyPattern order="6" version="any" id="SE:020:StopPointInJourneyPattern:205339415000018668_205330000088475286">
    <ScheduledStopPointRef ref="SE:020:ScheduledStopPoint:9022020580357001"/>
    <ForAlighting>true</ForAlighting>
    <ForBoarding>true</ForBoarding>
    <RequestStop>true</RequestStop>
</StopPointInJourneyPattern>
<StopPointInJourneyPattern order="7" version="any" id="SE:020:StopPointInJourneyPattern:205339415000018668_205330000088475287">
    <ScheduledStopPointRef ref="SE:020:ScheduledStopPoint:9022020580356001"/>
    <ForAlighting>true</ForAlighting>
    <ForBoarding>true</ForBoarding>
    <RequestStop>true</RequestStop>
</StopPointInJourneyPattern>
<StopPointInJourneyPattern order="8" version="any" id="SE:020:StopPointInJourneyPattern:205339415000018668_205330000088475288">
    <ScheduledStopPointRef ref="SE:020:ScheduledStopPoint:9022020580355001"/>
    <ForAlighting>true</ForAlighting>
    <ForBoarding>true</ForBoarding>
    <RequestStop>true</RequestStop>
</StopPointInJourneyPattern>
<StopPointInJourneyPattern order="9" version="any" id="SE:020:StopPointInJourneyPattern:205339415000018668_205330000088475289">
    <ScheduledStopPointRef ref="SE:020:ScheduledStopPoint:9022020580198001"/>
    <ForAlighting>true</ForAlighting>
    <ForBoarding>true</ForBoarding>
    <RequestStop>true</RequestStop>
</StopPointInJourneyPattern>
<StopPointInJourneyPattern order="10" version="any" id="SE:020:StopPointInJourneyPattern:205339415000018668_205330000088475290">
    <ScheduledStopPointRef ref="SE:020:ScheduledStopPoint:9022020580192001"/>
    <ForAlighting>true</ForAlighting>
    <ForBoarding>true</ForBoarding>
    <RequestStop>true</RequestStop>
</StopPointInJourneyPattern>
<StopPointInJourneyPattern order="11" version="any" id="SE:020:StopPointInJourneyPattern:205339415000018668_205330000088475291">
    <ScheduledStopPointRef ref="SE:020:ScheduledStopPoint:9022020580191001"/>
    <ForAlighting>true</ForAlighting>
    <ForBoarding>true</ForBoarding>
    <RequestStop>true</RequestStop>
</StopPointInJourneyPattern>
<StopPointInJourneyPattern order="12" version="any" id="SE:020:StopPointInJourneyPattern:205339415000018668_205330000088475292">
    <ScheduledStopPointRef ref="SE:020:ScheduledStopPoint:9022020580130001"/>
    <ForAlighting>true</ForAlighting>
    <ForBoarding>false</ForBoarding>
    <RequestStop>true</RequestStop>
</StopPointInJourneyPattern>
                            </pointsInSequence>
                            <linksInSequence>
<ServiceLinkInJourneyPattern order="1" version="any" id="SE:020:ServiceLinkInJourneyPattern:BUS_37631">
    <ServiceLinkRef ref="SE:020:ServiceLink:BUS_9025020058036801_9025020058036701"/>
</ServiceLinkInJourneyPattern>
<ServiceLinkInJourneyPattern order="2" version="any" id="SE:020:ServiceLinkInJourneyPattern:BUS_37632">
    <ServiceLinkRef ref="SE:020:ServiceLink:BUS_9025020058036701_9025020058036001"/>
</ServiceLinkInJourneyPattern>
<ServiceLinkInJourneyPattern order="3" version="any" id="SE:020:ServiceLinkInJourneyPattern:BUS_37633">
    <ServiceLinkRef ref="SE:020:ServiceLink:BUS_9025020058036001_9025020058035901"/>
</ServiceLinkInJourneyPattern>
<ServiceLinkInJourneyPattern order="4" version="any" id="SE:020:ServiceLinkInJourneyPattern:BUS_37634">
    <ServiceLinkRef ref="SE:020:ServiceLink:BUS_9025020058035901_9025020058035801"/>
</ServiceLinkInJourneyPattern>
<ServiceLinkInJourneyPattern order="5" version="any" id="SE:020:ServiceLinkInJourneyPattern:BUS_37635">
    <ServiceLinkRef ref="SE:020:ServiceLink:BUS_9025020058035801_9025020058035701"/>
</ServiceLinkInJourneyPattern>
<ServiceLinkInJourneyPattern order="6" version="any" id="SE:020:ServiceLinkInJourneyPattern:BUS_37636">
    <ServiceLinkRef ref="SE:020:ServiceLink:BUS_9025020058035701_9025020058035601"/>
</ServiceLinkInJourneyPattern>
<ServiceLinkInJourneyPattern order="7" version="any" id="SE:020:ServiceLinkInJourneyPattern:BUS_37637">
    <ServiceLinkRef ref="SE:020:ServiceLink:BUS_9025020058035601_9025020058035501"/>
</ServiceLinkInJourneyPattern>
<ServiceLinkInJourneyPattern order="8" version="any" id="SE:020:ServiceLinkInJourneyPattern:BUS_37638">
    <ServiceLinkRef ref="SE:020:ServiceLink:BUS_9025020058035501_9025020058019801"/>
</ServiceLinkInJourneyPattern>
<ServiceLinkInJourneyPattern order="9" version="any" id="SE:020:ServiceLinkInJourneyPattern:BUS_37639">
    <ServiceLinkRef ref="SE:020:ServiceLink:BUS_9025020058019801_9025020058019201"/>
</ServiceLinkInJourneyPattern>
<ServiceLinkInJourneyPattern order="10" version="any" id="SE:020:ServiceLinkInJourneyPattern:BUS_37640">
    <ServiceLinkRef ref="SE:020:ServiceLink:BUS_9025020058019201_9025020058019101"/>
</ServiceLinkInJourneyPattern>
<ServiceLinkInJourneyPattern order="11" version="any" id="SE:020:ServiceLinkInJourneyPattern:BUS_37641">
    <ServiceLinkRef ref="SE:020:ServiceLink:BUS_9025020058019101_9025020058013001"/>
</ServiceLinkInJourneyPattern>
                            </linksInSequence>
                        </JourneyPattern>
                    </journeyPatterns>
                </ServiceFrame>
                <TimetableFrame version="20241009025723" id="SE:020:TimetableFrame:9011020024800000">
                    <vehicleJourneys>
                        <ServiceJourney version="any" id="SE:020:ServiceJourney:205330000116437800">
                            <TransportMode>bus</TransportMode>
                            <TransportSubmode>
<BusSubmode>unknown</BusSubmode>
                            </TransportSubmode>
                            <dayTypes>
<DayTypeRef ref="SE:020:DayType:hbn3mnf3di33g97sfqgfkvfvbag9g6ds"/>
                            </dayTypes>
                            <JourneyPatternRef ref="SE:020:JourneyPattern:205339415000018668" version="any"/>
                            <OperatorRef ref="SE:020:Operator:9013020810000000"/>
                            <passingTimes>
<TimetabledPassingTime version="any" id="SE:020:TimetabledPassingTime:205330000116437786">
    <StopPointInJourneyPatternRef ref="SE:020:StopPointInJourneyPattern:205339415000018668_205330000088475281" version="any"/>
    <DepartureTime>22:14:00</DepartureTime>
</TimetabledPassingTime>
<TimetabledPassingTime version="any" id="SE:020:TimetabledPassingTime:205330000116437787">
    <StopPointInJourneyPatternRef ref="SE:020:StopPointInJourneyPattern:205339415000018668_205330000088475282" version="any"/>
    <ArrivalTime>22:14:29</ArrivalTime>
    <DepartureTime>22:14:29</DepartureTime>
</TimetabledPassingTime>
<TimetabledPassingTime version="any" id="SE:020:TimetabledPassingTime:205330000116437788">
    <StopPointInJourneyPatternRef ref="SE:020:StopPointInJourneyPattern:205339415000018668_205330000088475283" version="any"/>
    <ArrivalTime>22:15:51</ArrivalTime>
    <DepartureTime>22:15:51</DepartureTime>
</TimetabledPassingTime>
<TimetabledPassingTime version="any" id="SE:020:TimetabledPassingTime:205330000116437789">
    <StopPointInJourneyPatternRef ref="SE:020:StopPointInJourneyPattern:205339415000018668_205330000088475284" version="any"/>
    <ArrivalTime>22:17:01</ArrivalTime>
    <DepartureTime>22:17:01</DepartureTime>
</TimetabledPassingTime>
<TimetabledPassingTime version="any" id="SE:020:TimetabledPassingTime:205330000116437790">
    <StopPointInJourneyPatternRef ref="SE:020:StopPointInJourneyPattern:205339415000018668_205330000088475285" version="any"/>
    <ArrivalTime>22:18:28</ArrivalTime>
    <DepartureTime>22:18:28</DepartureTime>
</TimetabledPassingTime>
<TimetabledPassingTime version="any" id="SE:020:TimetabledPassingTime:205330000116437791">
    <StopPointInJourneyPatternRef ref="SE:020:StopPointInJourneyPattern:205339415000018668_205330000088475286" version="any"/>
    <ArrivalTime>22:19:20</ArrivalTime>
    <DepartureTime>22:19:20</DepartureTime>
</TimetabledPassingTime>
<TimetabledPassingTime version="any" id="SE:020:TimetabledPassingTime:205330000116437792">
    <StopPointInJourneyPatternRef ref="SE:020:StopPointInJourneyPattern:205339415000018668_205330000088475287" version="any"/>
    <ArrivalTime>22:21:00</ArrivalTime>
    <DepartureTime>22:21:00</DepartureTime>
</TimetabledPassingTime>
<TimetabledPassingTime version="any" id="SE:020:TimetabledPassingTime:205330000116437793">
    <StopPointInJourneyPatternRef ref="SE:020:StopPointInJourneyPattern:205339415000018668_205330000088475288" version="any"/>
    <ArrivalTime>22:21:09</ArrivalTime>
    <DepartureTime>22:21:09</DepartureTime>
</TimetabledPassingTime>
<TimetabledPassingTime version="any" id="SE:020:TimetabledPassingTime:205330000116437794">
    <StopPointInJourneyPatternRef ref="SE:020:StopPointInJourneyPattern:205339415000018668_205330000088475289" version="any"/>
    <ArrivalTime>22:24:15</ArrivalTime>
    <DepartureTime>22:24:15</DepartureTime>
</TimetabledPassingTime>
<TimetabledPassingTime version="any" id="SE:020:TimetabledPassingTime:205330000116437795">
    <StopPointInJourneyPatternRef ref="SE:020:StopPointInJourneyPattern:205339415000018668_205330000088475290" version="any"/>
    <ArrivalTime>22:25:05</ArrivalTime>
    <DepartureTime>22:25:05</DepartureTime>
</TimetabledPassingTime>
<TimetabledPassingTime version="any" id="SE:020:TimetabledPassingTime:205330000116437796">
    <StopPointInJourneyPatternRef ref="SE:020:StopPointInJourneyPattern:205339415000018668_205330000088475291" version="any"/>
    <ArrivalTime>22:26:00</ArrivalTime>
    <DepartureTime>22:26:00</DepartureTime>
</TimetabledPassingTime>
<TimetabledPassingTime version="any" id="SE:020:TimetabledPassingTime:205330000116437797">
    <StopPointInJourneyPatternRef ref="SE:020:StopPointInJourneyPattern:205339415000018668_205330000088475292" version="any"/>
    <ArrivalTime>22:31:00</ArrivalTime>
</TimetabledPassingTime>
                            </passingTimes>
                            <FlexibleServiceProperties>
<FlexibleServiceType>fixedPassingTimes</FlexibleServiceType>
<BookWhen>advanceOnly</BookWhen>
<BookingNote>Turen ska förbeställas senast 2 timmar före bussens avgångstid, gäller i vår app Dalatrafik eller via telefon 0774-44 00 00.</BookingNote>
                            </FlexibleServiceProperties>
                        </ServiceJourney>
                        <ServiceJourney version="any" id="SE:020:ServiceJourney:205330000116359033">
                            <TransportMode>bus</TransportMode>
                            <TransportSubmode>
<BusSubmode>unknown</BusSubmode>
                            </TransportSubmode>
                            <dayTypes>
<DayTypeRef ref="SE:020:DayType:33jmpmbc08dk2d8au9u7ffjuoo36fro1"/>
                            </dayTypes>
                            <JourneyPatternRef ref="SE:020:JourneyPattern:205339415000018668" version="any"/>
                            <OperatorRef ref="SE:020:Operator:9013020140800000"/>
                            <passingTimes>
<TimetabledPassingTime version="any" id="SE:020:TimetabledPassingTime:205330000116359019">
    <StopPointInJourneyPatternRef ref="SE:020:StopPointInJourneyPattern:205339415000018668_205330000088475281" version="any"/>
    <DepartureTime>14:36:00</DepartureTime>
</TimetabledPassingTime>
<TimetabledPassingTime version="any" id="SE:020:TimetabledPassingTime:205330000116359020">
    <StopPointInJourneyPatternRef ref="SE:020:StopPointInJourneyPattern:205339415000018668_205330000088475282" version="any"/>
    <ArrivalTime>14:36:29</ArrivalTime>
    <DepartureTime>14:36:29</DepartureTime>
</TimetabledPassingTime>
<TimetabledPassingTime version="any" id="SE:020:TimetabledPassingTime:205330000116359021">
    <StopPointInJourneyPatternRef ref="SE:020:StopPointInJourneyPattern:205339415000018668_205330000088475283" version="any"/>
    <ArrivalTime>14:37:51</ArrivalTime>
    <DepartureTime>14:37:51</DepartureTime>
</TimetabledPassingTime>
<TimetabledPassingTime version="any" id="SE:020:TimetabledPassingTime:205330000116359022">
    <StopPointInJourneyPatternRef ref="SE:020:StopPointInJourneyPattern:205339415000018668_205330000088475284" version="any"/>
    <ArrivalTime>14:39:01</ArrivalTime>
    <DepartureTime>14:39:01</DepartureTime>
</TimetabledPassingTime>
<TimetabledPassingTime version="any" id="SE:020:TimetabledPassingTime:205330000116359023">
    <StopPointInJourneyPatternRef ref="SE:020:StopPointInJourneyPattern:205339415000018668_205330000088475285" version="any"/>
    <ArrivalTime>14:40:28</ArrivalTime>
    <DepartureTime>14:40:28</DepartureTime>
</TimetabledPassingTime>
<TimetabledPassingTime version="any" id="SE:020:TimetabledPassingTime:205330000116359024">
    <StopPointInJourneyPatternRef ref="SE:020:StopPointInJourneyPattern:205339415000018668_205330000088475286" version="any"/>
    <ArrivalTime>14:41:20</ArrivalTime>
    <DepartureTime>14:41:20</DepartureTime>
</TimetabledPassingTime>
<TimetabledPassingTime version="any" id="SE:020:TimetabledPassingTime:205330000116359025">
    <StopPointInJourneyPatternRef ref="SE:020:StopPointInJourneyPattern:205339415000018668_205330000088475287" version="any"/>
    <ArrivalTime>14:43:00</ArrivalTime>
    <DepartureTime>14:43:00</DepartureTime>
</TimetabledPassingTime>
<TimetabledPassingTime version="any" id="SE:020:TimetabledPassingTime:205330000116359026">
    <StopPointInJourneyPatternRef ref="SE:020:StopPointInJourneyPattern:205339415000018668_205330000088475288" version="any"/>
    <ArrivalTime>14:43:09</ArrivalTime>
    <DepartureTime>14:43:09</DepartureTime>
</TimetabledPassingTime>
<TimetabledPassingTime version="any" id="SE:020:TimetabledPassingTime:205330000116359027">
    <StopPointInJourneyPatternRef ref="SE:020:StopPointInJourneyPattern:205339415000018668_205330000088475289" version="any"/>
    <ArrivalTime>14:46:15</ArrivalTime>
    <DepartureTime>14:46:15</DepartureTime>
</TimetabledPassingTime>
<TimetabledPassingTime version="any" id="SE:020:TimetabledPassingTime:205330000116359028">
    <StopPointInJourneyPatternRef ref="SE:020:StopPointInJourneyPattern:205339415000018668_205330000088475290" version="any"/>
    <ArrivalTime>14:47:05</ArrivalTime>
    <DepartureTime>14:47:05</DepartureTime>
</TimetabledPassingTime>
<TimetabledPassingTime version="any" id="SE:020:TimetabledPassingTime:205330000116359029">
    <StopPointInJourneyPatternRef ref="SE:020:StopPointInJourneyPattern:205339415000018668_205330000088475291" version="any"/>
    <ArrivalTime>14:48:00</ArrivalTime>
    <DepartureTime>14:48:00</DepartureTime>
</TimetabledPassingTime>
<TimetabledPassingTime version="any" id="SE:020:TimetabledPassingTime:205330000116359030">
    <StopPointInJourneyPatternRef ref="SE:020:StopPointInJourneyPattern:205339415000018668_205330000088475292" version="any"/>
    <ArrivalTime>14:53:00</ArrivalTime>
</TimetabledPassingTime>
                            </passingTimes>
                        </ServiceJourney>
                        <ServiceJourney version="any" id="SE:020:ServiceJourney:205330000116359057">
                            <TransportMode>bus</TransportMode>
                            <TransportSubmode>
<BusSubmode>unknown</BusSubmode>
                            </TransportSubmode>
                            <dayTypes>
<DayTypeRef ref="SE:020:DayType:33jmpmbc08dk2d8au9u7ffjuoo36fro1"/>
                            </dayTypes>
                            <JourneyPatternRef ref="SE:020:JourneyPattern:205339415000018668" version="any"/>
                            <OperatorRef ref="SE:020:Operator:9013020140800000"/>
                            <passingTimes>
<TimetabledPassingTime version="any" id="SE:020:TimetabledPassingTime:205330000116359043">
    <StopPointInJourneyPatternRef ref="SE:020:StopPointInJourneyPattern:205339415000018668_205330000088475281" version="any"/>
    <DepartureTime>15:36:00</DepartureTime>
</TimetabledPassingTime>
<TimetabledPassingTime version="any" id="SE:020:TimetabledPassingTime:205330000116359044">
    <StopPointInJourneyPatternRef ref="SE:020:StopPointInJourneyPattern:205339415000018668_205330000088475282" version="any"/>
    <ArrivalTime>15:36:29</ArrivalTime>
    <DepartureTime>15:36:29</DepartureTime>
</TimetabledPassingTime>
<TimetabledPassingTime version="any" id="SE:020:TimetabledPassingTime:205330000116359045">
    <StopPointInJourneyPatternRef ref="SE:020:StopPointInJourneyPattern:205339415000018668_205330000088475283" version="any"/>
    <ArrivalTime>15:37:51</ArrivalTime>
    <DepartureTime>15:37:51</DepartureTime>
</TimetabledPassingTime>
<TimetabledPassingTime version="any" id="SE:020:TimetabledPassingTime:205330000116359046">
    <StopPointInJourneyPatternRef ref="SE:020:StopPointInJourneyPattern:205339415000018668_205330000088475284" version="any"/>
    <ArrivalTime>15:39:01</ArrivalTime>
    <DepartureTime>15:39:01</DepartureTime>
</TimetabledPassingTime>
<TimetabledPassingTime version="any" id="SE:020:TimetabledPassingTime:205330000116359047">
    <StopPointInJourneyPatternRef ref="SE:020:StopPointInJourneyPattern:205339415000018668_205330000088475285" version="any"/>
    <ArrivalTime>15:40:28</ArrivalTime>
    <DepartureTime>15:40:28</DepartureTime>
</TimetabledPassingTime>
<TimetabledPassingTime version="any" id="SE:020:TimetabledPassingTime:205330000116359048">
    <StopPointInJourneyPatternRef ref="SE:020:StopPointInJourneyPattern:205339415000018668_205330000088475286" version="any"/>
    <ArrivalTime>15:41:20</ArrivalTime>
    <DepartureTime>15:41:20</DepartureTime>
</TimetabledPassingTime>
<TimetabledPassingTime version="any" id="SE:020:TimetabledPassingTime:205330000116359049">
    <StopPointInJourneyPatternRef ref="SE:020:StopPointInJourneyPattern:205339415000018668_205330000088475287" version="any"/>
    <ArrivalTime>15:43:00</ArrivalTime>
    <DepartureTime>15:43:00</DepartureTime>
</TimetabledPassingTime>
<TimetabledPassingTime version="any" id="SE:020:TimetabledPassingTime:205330000116359050">
    <StopPointInJourneyPatternRef ref="SE:020:StopPointInJourneyPattern:205339415000018668_205330000088475288" version="any"/>
    <ArrivalTime>15:43:09</ArrivalTime>
    <DepartureTime>15:43:09</DepartureTime>
</TimetabledPassingTime>
<TimetabledPassingTime version="any" id="SE:020:TimetabledPassingTime:205330000116359051">
    <StopPointInJourneyPatternRef ref="SE:020:StopPointInJourneyPattern:205339415000018668_205330000088475289" version="any"/>
    <ArrivalTime>15:46:15</ArrivalTime>
    <DepartureTime>15:46:15</DepartureTime>
</TimetabledPassingTime>
<TimetabledPassingTime version="any" id="SE:020:TimetabledPassingTime:205330000116359052">
    <StopPointInJourneyPatternRef ref="SE:020:StopPointInJourneyPattern:205339415000018668_205330000088475290" version="any"/>
    <ArrivalTime>15:47:05</ArrivalTime>
    <DepartureTime>15:47:05</DepartureTime>
</TimetabledPassingTime>
<TimetabledPassingTime version="any" id="SE:020:TimetabledPassingTime:205330000116359053">
    <StopPointInJourneyPatternRef ref="SE:020:StopPointInJourneyPattern:205339415000018668_205330000088475291" version="any"/>
    <ArrivalTime>15:48:00</ArrivalTime>
    <DepartureTime>15:48:00</DepartureTime>
</TimetabledPassingTime>
<TimetabledPassingTime version="any" id="SE:020:TimetabledPassingTime:205330000116359054">
    <StopPointInJourneyPatternRef ref="SE:020:StopPointInJourneyPattern:205339415000018668_205330000088475292" version="any"/>
    <ArrivalTime>15:53:00</ArrivalTime>
</TimetabledPassingTime>
                            </passingTimes>
                        </ServiceJourney>
                        <ServiceJourney version="any" id="SE:020:ServiceJourney:205330000116437777">
                            <TransportMode>bus</TransportMode>
                            <TransportSubmode>
<BusSubmode>unknown</BusSubmode>
                            </TransportSubmode>
                            <dayTypes>
<DayTypeRef ref="SE:020:DayType:hbn3mnf3di33g97sfqgfkvfvbag9g6ds"/>
                            </dayTypes>
                            <JourneyPatternRef ref="SE:020:JourneyPattern:205339415000018668" version="any"/>
                            <OperatorRef ref="SE:020:Operator:9013020810000000"/>
                            <passingTimes>
<TimetabledPassingTime version="any" id="SE:020:TimetabledPassingTime:205330000116437763">
    <StopPointInJourneyPatternRef ref="SE:020:StopPointInJourneyPattern:205339415000018668_205330000088475281" version="any"/>
    <DepartureTime>19:34:00</DepartureTime>
</TimetabledPassingTime>
<TimetabledPassingTime version="any" id="SE:020:TimetabledPassingTime:205330000116437764">
    <StopPointInJourneyPatternRef ref="SE:020:StopPointInJourneyPattern:205339415000018668_205330000088475282" version="any"/>
    <ArrivalTime>19:34:29</ArrivalTime>
    <DepartureTime>19:34:29</DepartureTime>
</TimetabledPassingTime>
<TimetabledPassingTime version="any" id="SE:020:TimetabledPassingTime:205330000116437765">
    <StopPointInJourneyPatternRef ref="SE:020:StopPointInJourneyPattern:205339415000018668_205330000088475283" version="any"/>
    <ArrivalTime>19:35:51</ArrivalTime>
    <DepartureTime>19:35:51</DepartureTime>
</TimetabledPassingTime>
<TimetabledPassingTime version="any" id="SE:020:TimetabledPassingTime:205330000116437766">
    <StopPointInJourneyPatternRef ref="SE:020:StopPointInJourneyPattern:205339415000018668_205330000088475284" version="any"/>
    <ArrivalTime>19:37:01</ArrivalTime>
    <DepartureTime>19:37:01</DepartureTime>
</TimetabledPassingTime>
<TimetabledPassingTime version="any" id="SE:020:TimetabledPassingTime:205330000116437767">
    <StopPointInJourneyPatternRef ref="SE:020:StopPointInJourneyPattern:205339415000018668_205330000088475285" version="any"/>
    <ArrivalTime>19:38:28</ArrivalTime>
    <DepartureTime>19:38:28</DepartureTime>
</TimetabledPassingTime>
<TimetabledPassingTime version="any" id="SE:020:TimetabledPassingTime:205330000116437768">
    <StopPointInJourneyPatternRef ref="SE:020:StopPointInJourneyPattern:205339415000018668_205330000088475286" version="any"/>
    <ArrivalTime>19:39:20</ArrivalTime>
    <DepartureTime>19:39:20</DepartureTime>
</TimetabledPassingTime>
<TimetabledPassingTime version="any" id="SE:020:TimetabledPassingTime:205330000116437769">
    <StopPointInJourneyPatternRef ref="SE:020:StopPointInJourneyPattern:205339415000018668_205330000088475287" version="any"/>
    <ArrivalTime>19:41:00</ArrivalTime>
    <DepartureTime>19:41:00</DepartureTime>
</TimetabledPassingTime>
<TimetabledPassingTime version="any" id="SE:020:TimetabledPassingTime:205330000116437770">
    <StopPointInJourneyPatternRef ref="SE:020:StopPointInJourneyPattern:205339415000018668_205330000088475288" version="any"/>
    <ArrivalTime>19:41:09</ArrivalTime>
    <DepartureTime>19:41:09</DepartureTime>
</TimetabledPassingTime>
<TimetabledPassingTime version="any" id="SE:020:TimetabledPassingTime:205330000116437771">
    <StopPointInJourneyPatternRef ref="SE:020:StopPointInJourneyPattern:205339415000018668_205330000088475289" version="any"/>
    <ArrivalTime>19:44:15</ArrivalTime>
    <DepartureTime>19:44:15</DepartureTime>
</TimetabledPassingTime>
<TimetabledPassingTime version="any" id="SE:020:TimetabledPassingTime:205330000116437772">
    <StopPointInJourneyPatternRef ref="SE:020:StopPointInJourneyPattern:205339415000018668_205330000088475290" version="any"/>
    <ArrivalTime>19:45:05</ArrivalTime>
    <DepartureTime>19:45:05</DepartureTime>
</TimetabledPassingTime>
<TimetabledPassingTime version="any" id="SE:020:TimetabledPassingTime:205330000116437773">
    <StopPointInJourneyPatternRef ref="SE:020:StopPointInJourneyPattern:205339415000018668_205330000088475291" version="any"/>
    <ArrivalTime>19:46:00</ArrivalTime>
    <DepartureTime>19:46:00</DepartureTime>
</TimetabledPassingTime>
<TimetabledPassingTime version="any" id="SE:020:TimetabledPassingTime:205330000116437774">
    <StopPointInJourneyPatternRef ref="SE:020:StopPointInJourneyPattern:205339415000018668_205330000088475292" version="any"/>
    <ArrivalTime>19:51:00</ArrivalTime>
</TimetabledPassingTime>
                            </passingTimes>
                            <FlexibleServiceProperties>
<FlexibleServiceType>fixedPassingTimes</FlexibleServiceType>
<BookWhen>advanceOnly</BookWhen>
<BookingNote>Turen ska förbeställas senast 2 timmar före bussens avgångstid, gäller i vår app Dalatrafik eller via telefon 0774-44 00 00.</BookingNote>
                            </FlexibleServiceProperties>
                        </ServiceJourney>
                        <ServiceJourney version="any" id="SE:020:ServiceJourney:205330000114148935">
                            <TransportMode>bus</TransportMode>
                            <TransportSubmode>
<BusSubmode>unknown</BusSubmode>
                            </TransportSubmode>
                            <dayTypes>
<DayTypeRef ref="SE:020:DayType:hbn3mnf3di33g97sfqgfkvfvbag9g6ds"/>
                            </dayTypes>
                            <JourneyPatternRef ref="SE:020:JourneyPattern:205339415000018671" version="any"/>
                            <OperatorRef ref="SE:020:Operator:9013020140800000"/>
                            <passingTimes>
<TimetabledPassingTime version="any" id="SE:020:TimetabledPassingTime:205330000114148926">
    <StopPointInJourneyPatternRef ref="SE:020:StopPointInJourneyPattern:205339415000018671_205330000088475363" version="any"/>
    <DepartureTime>07:32:00</DepartureTime>
</TimetabledPassingTime>
<TimetabledPassingTime version="any" id="SE:020:TimetabledPassingTime:205330000114148927">
    <StopPointInJourneyPatternRef ref="SE:020:StopPointInJourneyPattern:205339415000018671_205330000088475364" version="any"/>
    <ArrivalTime>07:33:00</ArrivalTime>
    <DepartureTime>07:33:00</DepartureTime>
</TimetabledPassingTime>
<TimetabledPassingTime version="any" id="SE:020:TimetabledPassingTime:205330000114148928">
    <StopPointInJourneyPatternRef ref="SE:020:StopPointInJourneyPattern:205339415000018671_205330000088475365" version="any"/>
    <ArrivalTime>07:33:54</ArrivalTime>
    <DepartureTime>07:33:54</DepartureTime>
</TimetabledPassingTime>
<TimetabledPassingTime version="any" id="SE:020:TimetabledPassingTime:205330000114148929">
    <StopPointInJourneyPatternRef ref="SE:020:StopPointInJourneyPattern:205339415000018671_205330000088475366" version="any"/>
    <ArrivalTime>07:35:34</ArrivalTime>
    <DepartureTime>07:35:34</DepartureTime>
</TimetabledPassingTime>
<TimetabledPassingTime version="any" id="SE:020:TimetabledPassingTime:205330000114148930">
    <StopPointInJourneyPatternRef ref="SE:020:StopPointInJourneyPattern:205339415000018671_205330000088475367" version="any"/>
    <ArrivalTime>07:36:57</ArrivalTime>
    <DepartureTime>07:36:57</DepartureTime>
</TimetabledPassingTime>
<TimetabledPassingTime version="any" id="SE:020:TimetabledPassingTime:205330000114148931">
    <StopPointInJourneyPatternRef ref="SE:020:StopPointInJourneyPattern:205339415000018671_205330000088475368" version="any"/>
    <ArrivalTime>07:38:26</ArrivalTime>
    <DepartureTime>07:38:26</DepartureTime>
</TimetabledPassingTime>
<TimetabledPassingTime version="any" id="SE:020:TimetabledPassingTime:205330000114148932">
    <StopPointInJourneyPatternRef ref="SE:020:StopPointInJourneyPattern:205339415000018671_205330000088475369" version="any"/>
    <ArrivalTime>07:40:00</ArrivalTime>
</TimetabledPassingTime>
                            </passingTimes>
                        </ServiceJourney>
                        <ServiceJourney version="any" id="SE:020:ServiceJourney:205330000116359085">
                            <TransportMode>bus</TransportMode>
                            <TransportSubmode>
<BusSubmode>unknown</BusSubmode>
                            </TransportSubmode>
                            <dayTypes>
<DayTypeRef ref="SE:020:DayType:33jmpmbc08dk2d8au9u7ffjuoo36fro1"/>
                            </dayTypes>
                            <JourneyPatternRef ref="SE:020:JourneyPattern:205339415000018670" version="any"/>
                            <OperatorRef ref="SE:020:Operator:9013020140800000"/>
                            <passingTimes>
<TimetabledPassingTime version="any" id="SE:020:TimetabledPassingTime:205330000116359068">
    <StopPointInJourneyPatternRef ref="SE:020:StopPointInJourneyPattern:205339415000018670_205330000088475332" version="any"/>
    <DepartureTime>13:54:00</DepartureTime>
</TimetabledPassingTime>
<TimetabledPassingTime version="any" id="SE:020:TimetabledPassingTime:205330000116359069">
    <StopPointInJourneyPatternRef ref="SE:020:StopPointInJourneyPattern:205339415000018670_205330000088475333" version="any"/>
    <ArrivalTime>13:55:25</ArrivalTime>
    <DepartureTime>13:55:25</DepartureTime>
</TimetabledPassingTime>
<TimetabledPassingTime version="any" id="SE:020:TimetabledPassingTime:205330000116359070">
    <StopPointInJourneyPatternRef ref="SE:020:StopPointInJourneyPattern:205339415000018670_205330000088475334" version="any"/>
    <ArrivalTime>13:56:00</ArrivalTime>
    <DepartureTime>13:56:00</DepartureTime>
</TimetabledPassingTime>
<TimetabledPassingTime version="any" id="SE:020:TimetabledPassingTime:205330000116359071">
    <StopPointInJourneyPatternRef ref="SE:020:StopPointInJourneyPattern:205339415000018670_205330000088475335" version="any"/>
    <ArrivalTime>13:57:00</ArrivalTime>
    <DepartureTime>13:57:00</DepartureTime>
</TimetabledPassingTime>
<TimetabledPassingTime version="any" id="SE:020:TimetabledPassingTime:205330000116359072">
    <StopPointInJourneyPatternRef ref="SE:020:StopPointInJourneyPattern:205339415000018670_205330000088475336" version="any"/>
    <ArrivalTime>13:57:32</ArrivalTime>
    <DepartureTime>13:57:32</DepartureTime>
</TimetabledPassingTime>
<TimetabledPassingTime version="any" id="SE:020:TimetabledPassingTime:205330000116359073">
    <StopPointInJourneyPatternRef ref="SE:020:StopPointInJourneyPattern:205339415000018670_205330000088475337" version="any"/>
    <ArrivalTime>13:57:51</ArrivalTime>
    <DepartureTime>13:57:51</DepartureTime>
</TimetabledPassingTime>
<TimetabledPassingTime version="any" id="SE:020:TimetabledPassingTime:205330000116359074">
    <StopPointInJourneyPatternRef ref="SE:020:StopPointInJourneyPattern:205339415000018670_205330000088475338" version="any"/>
    <ArrivalTime>13:58:41</ArrivalTime>
    <DepartureTime>13:58:41</DepartureTime>
</TimetabledPassingTime>
<TimetabledPassingTime version="any" id="SE:020:TimetabledPassingTime:205330000116359075">
    <StopPointInJourneyPatternRef ref="SE:020:StopPointInJourneyPattern:205339415000018670_205330000088475339" version="any"/>
    <ArrivalTime>14:02:53</ArrivalTime>
    <DepartureTime>14:02:53</DepartureTime>
</TimetabledPassingTime>
<TimetabledPassingTime version="any" id="SE:020:TimetabledPassingTime:205330000116359076">
    <StopPointInJourneyPatternRef ref="SE:020:StopPointInJourneyPattern:205339415000018670_205330000088475340" version="any"/>
    <ArrivalTime>14:04:00</ArrivalTime>
    <DepartureTime>14:04:00</DepartureTime>
</TimetabledPassingTime>
<TimetabledPassingTime version="any" id="SE:020:TimetabledPassingTime:205330000116359077">
    <StopPointInJourneyPatternRef ref="SE:020:StopPointInJourneyPattern:205339415000018670_205330000088475341" version="any"/>
    <ArrivalTime>14:05:00</ArrivalTime>
    <DepartureTime>14:05:00</DepartureTime>
</TimetabledPassingTime>
<TimetabledPassingTime version="any" id="SE:020:TimetabledPassingTime:205330000116359078">
    <StopPointInJourneyPatternRef ref="SE:020:StopPointInJourneyPattern:205339415000018670_205330000088475342" version="any"/>
    <ArrivalTime>14:05:54</ArrivalTime>
    <DepartureTime>14:05:54</DepartureTime>
</TimetabledPassingTime>
<TimetabledPassingTime version="any" id="SE:020:TimetabledPassingTime:205330000116359079">
    <StopPointInJourneyPatternRef ref="SE:020:StopPointInJourneyPattern:205339415000018670_205330000088475343" version="any"/>
    <ArrivalTime>14:07:34</ArrivalTime>
    <DepartureTime>14:07:34</DepartureTime>
</TimetabledPassingTime>
<TimetabledPassingTime version="any" id="SE:020:TimetabledPassingTime:205330000116359080">
    <StopPointInJourneyPatternRef ref="SE:020:StopPointInJourneyPattern:205339415000018670_205330000088475344" version="any"/>
    <ArrivalTime>14:08:57</ArrivalTime>
    <DepartureTime>14:08:57</DepartureTime>
</TimetabledPassingTime>
<TimetabledPassingTime version="any" id="SE:020:TimetabledPassingTime:205330000116359081">
    <StopPointInJourneyPatternRef ref="SE:020:StopPointInJourneyPattern:205339415000018670_205330000088475345" version="any"/>
    <ArrivalTime>14:10:26</ArrivalTime>
    <DepartureTime>14:10:26</DepartureTime>
</TimetabledPassingTime>
<TimetabledPassingTime version="any" id="SE:020:TimetabledPassingTime:205330000116359082">
    <StopPointInJourneyPatternRef ref="SE:020:StopPointInJourneyPattern:205339415000018670_205330000088475346" version="any"/>
    <ArrivalTime>14:12:00</ArrivalTime>
</TimetabledPassingTime>
                            </passingTimes>
                        </ServiceJourney>
                        <ServiceJourney version="any" id="SE:020:ServiceJourney:205330000116359142">
                            <TransportMode>bus</TransportMode>
                            <TransportSubmode>
<BusSubmode>unknown</BusSubmode>
                            </TransportSubmode>
                            <dayTypes>
<DayTypeRef ref="SE:020:DayType:33jmpmbc08dk2d8au9u7ffjuoo36fro1"/>
                            </dayTypes>
                            <JourneyPatternRef ref="SE:020:JourneyPattern:205339415000018670" version="any"/>
                            <OperatorRef ref="SE:020:Operator:9013020140800000"/>
                            <passingTimes>
<TimetabledPassingTime version="any" id="SE:020:TimetabledPassingTime:205330000116359125">
    <StopPointInJourneyPatternRef ref="SE:020:StopPointInJourneyPattern:205339415000018670_205330000088475332" version="any"/>
    <DepartureTime>15:54:00</DepartureTime>
</TimetabledPassingTime>
<TimetabledPassingTime version="any" id="SE:020:TimetabledPassingTime:205330000116359126">
    <StopPointInJourneyPatternRef ref="SE:020:StopPointInJourneyPattern:205339415000018670_205330000088475333" version="any"/>
    <ArrivalTime>15:55:25</ArrivalTime>
    <DepartureTime>15:55:25</DepartureTime>
</TimetabledPassingTime>
<TimetabledPassingTime version="any" id="SE:020:TimetabledPassingTime:205330000116359127">
    <StopPointInJourneyPatternRef ref="SE:020:StopPointInJourneyPattern:205339415000018670_205330000088475334" version="any"/>
    <ArrivalTime>15:56:00</ArrivalTime>
    <DepartureTime>15:56:00</DepartureTime>
</TimetabledPassingTime>
<TimetabledPassingTime version="any" id="SE:020:TimetabledPassingTime:205330000116359128">
    <StopPointInJourneyPatternRef ref="SE:020:StopPointInJourneyPattern:205339415000018670_205330000088475335" version="any"/>
    <ArrivalTime>15:57:00</ArrivalTime>
    <DepartureTime>15:57:00</DepartureTime>
</TimetabledPassingTime>
<TimetabledPassingTime version="any" id="SE:020:TimetabledPassingTime:205330000116359129">
    <StopPointInJourneyPatternRef ref="SE:020:StopPointInJourneyPattern:205339415000018670_205330000088475336" version="any"/>
    <ArrivalTime>15:57:32</ArrivalTime>
    <DepartureTime>15:57:32</DepartureTime>
</TimetabledPassingTime>
<TimetabledPassingTime version="any" id="SE:020:TimetabledPassingTime:205330000116359130">
    <StopPointInJourneyPatternRef ref="SE:020:StopPointInJourneyPattern:205339415000018670_205330000088475337" version="any"/>
    <ArrivalTime>15:57:51</ArrivalTime>
    <DepartureTime>15:57:51</DepartureTime>
</TimetabledPassingTime>
<TimetabledPassingTime version="any" id="SE:020:TimetabledPassingTime:205330000116359131">
    <StopPointInJourneyPatternRef ref="SE:020:StopPointInJourneyPattern:205339415000018670_205330000088475338" version="any"/>
    <ArrivalTime>15:58:41</ArrivalTime>
    <DepartureTime>15:58:41</DepartureTime>
</TimetabledPassingTime>
<TimetabledPassingTime version="any" id="SE:020:TimetabledPassingTime:205330000116359132">
    <StopPointInJourneyPatternRef ref="SE:020:StopPointInJourneyPattern:205339415000018670_205330000088475339" version="any"/>
    <ArrivalTime>16:02:53</ArrivalTime>
    <DepartureTime>16:02:53</DepartureTime>
</TimetabledPassingTime>
<TimetabledPassingTime version="any" id="SE:020:TimetabledPassingTime:205330000116359133">
    <StopPointInJourneyPatternRef ref="SE:020:StopPointInJourneyPattern:205339415000018670_205330000088475340" version="any"/>
    <ArrivalTime>16:04:00</ArrivalTime>
    <DepartureTime>16:04:00</DepartureTime>
</TimetabledPassingTime>
<TimetabledPassingTime version="any" id="SE:020:TimetabledPassingTime:205330000116359134">
    <StopPointInJourneyPatternRef ref="SE:020:StopPointInJourneyPattern:205339415000018670_205330000088475341" version="any"/>
    <ArrivalTime>16:05:00</ArrivalTime>
    <DepartureTime>16:05:00</DepartureTime>
</TimetabledPassingTime>
<TimetabledPassingTime version="any" id="SE:020:TimetabledPassingTime:205330000116359135">
    <StopPointInJourneyPatternRef ref="SE:020:StopPointInJourneyPattern:205339415000018670_205330000088475342" version="any"/>
    <ArrivalTime>16:05:54</ArrivalTime>
    <DepartureTime>16:05:54</DepartureTime>
</TimetabledPassingTime>
<TimetabledPassingTime version="any" id="SE:020:TimetabledPassingTime:205330000116359136">
    <StopPointInJourneyPatternRef ref="SE:020:StopPointInJourneyPattern:205339415000018670_205330000088475343" version="any"/>
    <ArrivalTime>16:07:34</ArrivalTime>
    <DepartureTime>16:07:34</DepartureTime>
</TimetabledPassingTime>
<TimetabledPassingTime version="any" id="SE:020:TimetabledPassingTime:205330000116359137">
    <StopPointInJourneyPatternRef ref="SE:020:StopPointInJourneyPattern:205339415000018670_205330000088475344" version="any"/>
    <ArrivalTime>16:08:57</ArrivalTime>
    <DepartureTime>16:08:57</DepartureTime>
</TimetabledPassingTime>
<TimetabledPassingTime version="any" id="SE:020:TimetabledPassingTime:205330000116359138">
    <StopPointInJourneyPatternRef ref="SE:020:StopPointInJourneyPattern:205339415000018670_205330000088475345" version="any"/>
    <ArrivalTime>16:10:26</ArrivalTime>
    <DepartureTime>16:10:26</DepartureTime>
</TimetabledPassingTime>
<TimetabledPassingTime version="any" id="SE:020:TimetabledPassingTime:205330000116359139">
    <StopPointInJourneyPatternRef ref="SE:020:StopPointInJourneyPattern:205339415000018670_205330000088475346" version="any"/>
    <ArrivalTime>16:12:00</ArrivalTime>
</TimetabledPassingTime>
                            </passingTimes>
                        </ServiceJourney>
                        <ServiceJourney version="any" id="SE:020:ServiceJourney:205330000116437826">
                            <TransportMode>bus</TransportMode>
                            <TransportSubmode>
<BusSubmode>unknown</BusSubmode>
                            </TransportSubmode>
                            <dayTypes>
<DayTypeRef ref="SE:020:DayType:hbn3mnf3di33g97sfqgfkvfvbag9g6ds"/>
                            </dayTypes>
                            <JourneyPatternRef ref="SE:020:JourneyPattern:205339415000018670" version="any"/>
                            <OperatorRef ref="SE:020:Operator:9013020810000000"/>
                            <passingTimes>
<TimetabledPassingTime version="any" id="SE:020:TimetabledPassingTime:205330000116437809">
    <StopPointInJourneyPatternRef ref="SE:020:StopPointInJourneyPattern:205339415000018670_205330000088475332" version="any"/>
    <DepartureTime>19:53:00</DepartureTime>
</TimetabledPassingTime>
<TimetabledPassingTime version="any" id="SE:020:TimetabledPassingTime:205330000116437810">
    <StopPointInJourneyPatternRef ref="SE:020:StopPointInJourneyPattern:205339415000018670_205330000088475333" version="any"/>
    <ArrivalTime>19:54:25</ArrivalTime>
    <DepartureTime>19:54:25</DepartureTime>
</TimetabledPassingTime>
<TimetabledPassingTime version="any" id="SE:020:TimetabledPassingTime:205330000116437811">
    <StopPointInJourneyPatternRef ref="SE:020:StopPointInJourneyPattern:205339415000018670_205330000088475334" version="any"/>
    <ArrivalTime>19:55:00</ArrivalTime>
    <DepartureTime>19:55:00</DepartureTime>
</TimetabledPassingTime>
<TimetabledPassingTime version="any" id="SE:020:TimetabledPassingTime:205330000116437812">
    <StopPointInJourneyPatternRef ref="SE:020:StopPointInJourneyPattern:205339415000018670_205330000088475335" version="any"/>
    <ArrivalTime>19:56:00</ArrivalTime>
    <DepartureTime>19:56:00</DepartureTime>
</TimetabledPassingTime>
<TimetabledPassingTime version="any" id="SE:020:TimetabledPassingTime:205330000116437813">
    <StopPointInJourneyPatternRef ref="SE:020:StopPointInJourneyPattern:205339415000018670_205330000088475336" version="any"/>
    <ArrivalTime>19:56:32</ArrivalTime>
    <DepartureTime>19:56:32</DepartureTime>
</TimetabledPassingTime>
<TimetabledPassingTime version="any" id="SE:020:TimetabledPassingTime:205330000116437814">
    <StopPointInJourneyPatternRef ref="SE:020:StopPointInJourneyPattern:205339415000018670_205330000088475337" version="any"/>
    <ArrivalTime>19:56:51</ArrivalTime>
    <DepartureTime>19:56:51</DepartureTime>
</TimetabledPassingTime>
<TimetabledPassingTime version="any" id="SE:020:TimetabledPassingTime:205330000116437815">
    <StopPointInJourneyPatternRef ref="SE:020:StopPointInJourneyPattern:205339415000018670_205330000088475338" version="any"/>
    <ArrivalTime>19:57:41</ArrivalTime>
    <DepartureTime>19:57:41</DepartureTime>
</TimetabledPassingTime>
<TimetabledPassingTime version="any" id="SE:020:TimetabledPassingTime:205330000116437816">
    <StopPointInJourneyPatternRef ref="SE:020:StopPointInJourneyPattern:205339415000018670_205330000088475339" version="any"/>
    <ArrivalTime>20:01:53</ArrivalTime>
    <DepartureTime>20:01:53</DepartureTime>
</TimetabledPassingTime>
<TimetabledPassingTime version="any" id="SE:020:TimetabledPassingTime:205330000116437817">
    <StopPointInJourneyPatternRef ref="SE:020:StopPointInJourneyPattern:205339415000018670_205330000088475340" version="any"/>
    <ArrivalTime>20:03:00</ArrivalTime>
    <DepartureTime>20:03:00</DepartureTime>
</TimetabledPassingTime>
<TimetabledPassingTime version="any" id="SE:020:TimetabledPassingTime:205330000116437818">
    <StopPointInJourneyPatternRef ref="SE:020:StopPointInJourneyPattern:205339415000018670_205330000088475341" version="any"/>
    <ArrivalTime>20:04:00</ArrivalTime>
    <DepartureTime>20:04:00</DepartureTime>
</TimetabledPassingTime>
<TimetabledPassingTime version="any" id="SE:020:TimetabledPassingTime:205330000116437819">
    <StopPointInJourneyPatternRef ref="SE:020:StopPointInJourneyPattern:205339415000018670_205330000088475342" version="any"/>
    <ArrivalTime>20:04:54</ArrivalTime>
    <DepartureTime>20:04:54</DepartureTime>
</TimetabledPassingTime>
<TimetabledPassingTime version="any" id="SE:020:TimetabledPassingTime:205330000116437820">
    <StopPointInJourneyPatternRef ref="SE:020:StopPointInJourneyPattern:205339415000018670_205330000088475343" version="any"/>
    <ArrivalTime>20:06:34</ArrivalTime>
    <DepartureTime>20:06:34</DepartureTime>
</TimetabledPassingTime>
<TimetabledPassingTime version="any" id="SE:020:TimetabledPassingTime:205330000116437821">
    <StopPointInJourneyPatternRef ref="SE:020:StopPointInJourneyPattern:205339415000018670_205330000088475344" version="any"/>
    <ArrivalTime>20:07:57</ArrivalTime>
    <DepartureTime>20:07:57</DepartureTime>
</TimetabledPassingTime>
<TimetabledPassingTime version="any" id="SE:020:TimetabledPassingTime:205330000116437822">
    <StopPointInJourneyPatternRef ref="SE:020:StopPointInJourneyPattern:205339415000018670_205330000088475345" version="any"/>
    <ArrivalTime>20:09:26</ArrivalTime>
    <DepartureTime>20:09:26</DepartureTime>
</TimetabledPassingTime>
<TimetabledPassingTime version="any" id="SE:020:TimetabledPassingTime:205330000116437823">
    <StopPointInJourneyPatternRef ref="SE:020:StopPointInJourneyPattern:205339415000018670_205330000088475346" version="any"/>
    <ArrivalTime>20:11:00</ArrivalTime>
</TimetabledPassingTime>
                            </passingTimes>
                            <FlexibleServiceProperties>
<FlexibleServiceType>fixedPassingTimes</FlexibleServiceType>
<BookWhen>advanceOnly</BookWhen>
<BookingNote>Turen ska förbeställas senast 2 timmar före bussens avgångstid, gäller i vår app Dalatrafik eller via telefon 0774-44 00 00.</BookingNote>
                            </FlexibleServiceProperties>
                        </ServiceJourney>
                        <ServiceJourney version="any" id="SE:020:ServiceJourney:205330000116359113">
                            <TransportMode>bus</TransportMode>
                            <TransportSubmode>
<BusSubmode>unknown</BusSubmode>
                            </TransportSubmode>
                            <dayTypes>
<DayTypeRef ref="SE:020:DayType:33jmpmbc08dk2d8au9u7ffjuoo36fro1"/>
                            </dayTypes>
                            <JourneyPatternRef ref="SE:020:JourneyPattern:205339415000018670" version="any"/>
                            <OperatorRef ref="SE:020:Operator:9013020140800000"/>
                            <passingTimes>
<TimetabledPassingTime version="any" id="SE:020:TimetabledPassingTime:205330000116359096">
    <StopPointInJourneyPatternRef ref="SE:020:StopPointInJourneyPattern:205339415000018670_205330000088475332" version="any"/>
    <DepartureTime>14:54:00</DepartureTime>
</TimetabledPassingTime>
<TimetabledPassingTime version="any" id="SE:020:TimetabledPassingTime:205330000116359097">
    <StopPointInJourneyPatternRef ref="SE:020:StopPointInJourneyPattern:205339415000018670_205330000088475333" version="any"/>
    <ArrivalTime>14:55:25</ArrivalTime>
    <DepartureTime>14:55:25</DepartureTime>
</TimetabledPassingTime>
<TimetabledPassingTime version="any" id="SE:020:TimetabledPassingTime:205330000116359098">
    <StopPointInJourneyPatternRef ref="SE:020:StopPointInJourneyPattern:205339415000018670_205330000088475334" version="any"/>
    <ArrivalTime>14:56:00</ArrivalTime>
    <DepartureTime>14:56:00</DepartureTime>
</TimetabledPassingTime>
<TimetabledPassingTime version="any" id="SE:020:TimetabledPassingTime:205330000116359099">
    <StopPointInJourneyPatternRef ref="SE:020:StopPointInJourneyPattern:205339415000018670_205330000088475335" version="any"/>
    <ArrivalTime>14:57:00</ArrivalTime>
    <DepartureTime>14:57:00</DepartureTime>
</TimetabledPassingTime>
<TimetabledPassingTime version="any" id="SE:020:TimetabledPassingTime:205330000116359100">
    <StopPointInJourneyPatternRef ref="SE:020:StopPointInJourneyPattern:205339415000018670_205330000088475336" version="any"/>
    <ArrivalTime>14:57:32</ArrivalTime>
    <DepartureTime>14:57:32</DepartureTime>
</TimetabledPassingTime>
<TimetabledPassingTime version="any" id="SE:020:TimetabledPassingTime:205330000116359101">
    <StopPointInJourneyPatternRef ref="SE:020:StopPointInJourneyPattern:205339415000018670_205330000088475337" version="any"/>
    <ArrivalTime>14:57:51</ArrivalTime>
    <DepartureTime>14:57:51</DepartureTime>
</TimetabledPassingTime>
<TimetabledPassingTime version="any" id="SE:020:TimetabledPassingTime:205330000116359102">
    <StopPointInJourneyPatternRef ref="SE:020:StopPointInJourneyPattern:205339415000018670_205330000088475338" version="any"/>
    <ArrivalTime>14:58:41</ArrivalTime>
    <DepartureTime>14:58:41</DepartureTime>
</TimetabledPassingTime>
<TimetabledPassingTime version="any" id="SE:020:TimetabledPassingTime:205330000116359103">
    <StopPointInJourneyPatternRef ref="SE:020:StopPointInJourneyPattern:205339415000018670_205330000088475339" version="any"/>
    <ArrivalTime>15:02:53</ArrivalTime>
    <DepartureTime>15:02:53</DepartureTime>
</TimetabledPassingTime>
<TimetabledPassingTime version="any" id="SE:020:TimetabledPassingTime:205330000116359104">
    <StopPointInJourneyPatternRef ref="SE:020:StopPointInJourneyPattern:205339415000018670_205330000088475340" version="any"/>
    <ArrivalTime>15:04:00</ArrivalTime>
    <DepartureTime>15:04:00</DepartureTime>
</TimetabledPassingTime>
<TimetabledPassingTime version="any" id="SE:020:TimetabledPassingTime:205330000116359105">
    <StopPointInJourneyPatternRef ref="SE:020:StopPointInJourneyPattern:205339415000018670_205330000088475341" version="any"/>
    <ArrivalTime>15:05:00</ArrivalTime>
    <DepartureTime>15:05:00</DepartureTime>
</TimetabledPassingTime>
<TimetabledPassingTime version="any" id="SE:020:TimetabledPassingTime:205330000116359106">
    <StopPointInJourneyPatternRef ref="SE:020:StopPointInJourneyPattern:205339415000018670_205330000088475342" version="any"/>
    <ArrivalTime>15:05:54</ArrivalTime>
    <DepartureTime>15:05:54</DepartureTime>
</TimetabledPassingTime>
<TimetabledPassingTime version="any" id="SE:020:TimetabledPassingTime:205330000116359107">
    <StopPointInJourneyPatternRef ref="SE:020:StopPointInJourneyPattern:205339415000018670_205330000088475343" version="any"/>
    <ArrivalTime>15:07:34</ArrivalTime>
    <DepartureTime>15:07:34</DepartureTime>
</TimetabledPassingTime>
<TimetabledPassingTime version="any" id="SE:020:TimetabledPassingTime:205330000116359108">
    <StopPointInJourneyPatternRef ref="SE:020:StopPointInJourneyPattern:205339415000018670_205330000088475344" version="any"/>
    <ArrivalTime>15:08:57</ArrivalTime>
    <DepartureTime>15:08:57</DepartureTime>
</TimetabledPassingTime>
<TimetabledPassingTime version="any" id="SE:020:TimetabledPassingTime:205330000116359109">
    <StopPointInJourneyPatternRef ref="SE:020:StopPointInJourneyPattern:205339415000018670_205330000088475345" version="any"/>
    <ArrivalTime>15:10:26</ArrivalTime>
    <DepartureTime>15:10:26</DepartureTime>
</TimetabledPassingTime>
<TimetabledPassingTime version="any" id="SE:020:TimetabledPassingTime:205330000116359110">
    <StopPointInJourneyPatternRef ref="SE:020:StopPointInJourneyPattern:205339415000018670_205330000088475346" version="any"/>
    <ArrivalTime>15:12:00</ArrivalTime>
</TimetabledPassingTime>
                            </passingTimes>
                        </ServiceJourney>
                    </vehicleJourneys>
                    <journeyInterchanges>
                        <ServiceJourneyInterchange version="any" id="SE:020:ServiceJourneyInterchange:205330000116437800_1">
                            <Priority>0</Priority>
                            <Guaranteed>false</Guaranteed>
                            <Advertised>true</Advertised>
                            <FromPointRef ref="SE:020:ScheduledStopPoint:9022020580368001"/>
                            <ToPointRef ref="SE:020:ScheduledStopPoint:9022020580368001"/>
                            <FromJourneyRef ref="SE:020:ServiceJourney:205330000114071295"/>
                            <ToJourneyRef ref="SE:020:ServiceJourney:205330000116437800" version="any"/>
                        </ServiceJourneyInterchange>
                        <ServiceJourneyInterchange version="any" id="SE:020:ServiceJourneyInterchange:205330000116359033_1">
                            <Priority>0</Priority>
                            <Guaranteed>false</Guaranteed>
                            <Advertised>true</Advertised>
                            <FromPointRef ref="SE:020:ScheduledStopPoint:9022020580368001"/>
                            <ToPointRef ref="SE:020:ScheduledStopPoint:9022020580368001"/>
                            <FromJourneyRef ref="SE:020:ServiceJourney:205330000114070532"/>
                            <ToJourneyRef ref="SE:020:ServiceJourney:205330000116359033" version="any"/>
                        </ServiceJourneyInterchange>
                        <ServiceJourneyInterchange version="any" id="SE:020:ServiceJourneyInterchange:205330000116359057_1">
                            <Priority>0</Priority>
                            <Guaranteed>false</Guaranteed>
                            <Advertised>true</Advertised>
                            <FromPointRef ref="SE:020:ScheduledStopPoint:9022020580368001"/>
                            <ToPointRef ref="SE:020:ScheduledStopPoint:9022020580368001"/>
                            <FromJourneyRef ref="SE:020:ServiceJourney:205330000114070604"/>
                            <ToJourneyRef ref="SE:020:ServiceJourney:205330000116359057" version="any"/>
                        </ServiceJourneyInterchange>
                        <ServiceJourneyInterchange version="any" id="SE:020:ServiceJourneyInterchange:205330000116437777_1">
                            <Priority>0</Priority>
                            <Guaranteed>false</Guaranteed>
                            <Advertised>true</Advertised>
                            <FromPointRef ref="SE:020:ScheduledStopPoint:9022020580368001"/>
                            <ToPointRef ref="SE:020:ScheduledStopPoint:9022020580368001"/>
                            <FromJourneyRef ref="SE:020:ServiceJourney:205330000114071187"/>
                            <ToJourneyRef ref="SE:020:ServiceJourney:205330000116437777" version="any"/>
                        </ServiceJourneyInterchange>
                        <ServiceJourneyInterchange version="any" id="SE:020:ServiceJourneyInterchange:205330000116359142_1">
                            <Priority>0</Priority>
                            <Guaranteed>false</Guaranteed>
                            <Advertised>true</Advertised>
                            <FromPointRef ref="SE:020:ScheduledStopPoint:9022020580191002"/>
                            <ToPointRef ref="SE:020:ScheduledStopPoint:9022020580191002"/>
                            <FromJourneyRef ref="SE:020:ServiceJourney:205330000116352218"/>
                            <ToJourneyRef ref="SE:020:ServiceJourney:205330000116359142" version="any"/>
                        </ServiceJourneyInterchange>
                        <ServiceJourneyInterchange version="any" id="SE:020:ServiceJourneyInterchange:205330000116359113_1">
                            <Priority>0</Priority>
                            <Guaranteed>false</Guaranteed>
                            <Advertised>true</Advertised>
                            <FromPointRef ref="SE:020:ScheduledStopPoint:9022020580191002"/>
                            <ToPointRef ref="SE:020:ScheduledStopPoint:9022020580191002"/>
                            <FromJourneyRef ref="SE:020:ServiceJourney:205330000116352080"/>
                            <ToJourneyRef ref="SE:020:ServiceJourney:205330000116359113" version="any"/>
                        </ServiceJourneyInterchange>
                    </journeyInterchanges>
                </TimetableFrame>
            </frames>
        </CompositeFrame>
    </dataObjects>
</PublicationDelivery>
