<?xml version="1.0" encoding="UTF-8" standalone="yes"?>
<PublicationDelivery xmlns="http://www.netex.org.uk/netex" xmlns:ns2="http://www.opengis.net/gml/3.2" xmlns:ns3="http://www.siri.org.uk/siri" xmlns:ns4="http://www.samtrafiken.se/netex" version="1.11:NO-NeTEx-networktimetable:1.3">
    <PublicationTimestamp>2024-10-09T02:57:23</PublicationTimestamp>
    <ParticipantRef>SAM</ParticipantRef>
    <dataObjects>
        <CompositeFrame created="2024-10-09T02:57:23" version="20241009025723" id="SE:020:CompositeFrame:9011020077500000">
            <ValidBetween>
                <FromDate>1970-01-01T00:00:00</FromDate>
            </ValidBetween>
            <codespaces>
                <Codespace id="SE:020">
                    <Xmlns>SE:020</Xmlns>
                    <XmlnsUrl>http://www.samtrafiken.se/ns/dt</XmlnsUrl>
                </Codespace>
            </codespaces>
            <FrameDefaults>
                <DefaultLocale>
                    <TimeZone>Europe/Stockholm</TimeZone>
                    <DefaultLanguage>se</DefaultLanguage>
                </DefaultLocale>
                <DefaultLocationSystem>4326</DefaultLocationSystem>
            </FrameDefaults>
            <frames>
                <ServiceFrame version="20241009025723" id="SE:020:ServiceFrame:9011020077500000">
                    <routes>
                        <Route version="any" id="SE:020:Route:205330000095472596">
                            <Name>Flextrafik Leksand-Skeberg</Name>
                            <LineRef ref="SE:020:Line:9011020077500000" version="200817"/>
                            <DirectionType>inbound</DirectionType>
                            <pointsInSequence>
<PointOnRoute order="1" version="any" id="SE:020:PointOnRoute:205330000095472601">
    <RoutePointRef ref="SE:020:RoutePoint:9022020529202003"/>
</PointOnRoute>
<PointOnRoute order="2" version="any" id="SE:020:PointOnRoute:205330000095472602">
    <RoutePointRef ref="SE:020:RoutePoint:9022020529159001"/>
</PointOnRoute>
<PointOnRoute order="3" version="any" id="SE:020:PointOnRoute:205330000095472603">
    <RoutePointRef ref="SE:020:RoutePoint:9022020529206002"/>
</PointOnRoute>
<PointOnRoute order="4" version="any" id="SE:020:PointOnRoute:205330000095472604">
    <RoutePointRef ref="SE:020:RoutePoint:9022020529207002"/>
</PointOnRoute>
<PointOnRoute order="5" version="any" id="SE:020:PointOnRoute:205330000095472605">
    <RoutePointRef ref="SE:020:RoutePoint:9022020529208002"/>
</PointOnRoute>
<PointOnRoute order="6" version="any" id="SE:020:PointOnRoute:205330000095472606">
    <RoutePointRef ref="SE:020:RoutePoint:9022020529221002"/>
</PointOnRoute>
<PointOnRoute order="7" version="any" id="SE:020:PointOnRoute:205330000095472607">
    <RoutePointRef ref="SE:020:RoutePoint:9022020529222002"/>
</PointOnRoute>
<PointOnRoute order="8" version="any" id="SE:020:PointOnRoute:205330000095472608">
    <RoutePointRef ref="SE:020:RoutePoint:9022020529224002"/>
</PointOnRoute>
<PointOnRoute order="9" version="any" id="SE:020:PointOnRoute:205330000095472609">
    <RoutePointRef ref="SE:020:RoutePoint:9022020529129002"/>
</PointOnRoute>
<PointOnRoute order="10" version="any" id="SE:020:PointOnRoute:205330000095472610">
    <RoutePointRef ref="SE:020:RoutePoint:9022020529225002"/>
</PointOnRoute>
<PointOnRoute order="11" version="any" id="SE:020:PointOnRoute:205330000095472611">
    <RoutePointRef ref="SE:020:RoutePoint:9022020529127002"/>
</PointOnRoute>
<PointOnRoute order="12" version="any" id="SE:020:PointOnRoute:205330000095472612">
    <RoutePointRef ref="SE:020:RoutePoint:9022020529126002"/>
</PointOnRoute>
<PointOnRoute order="13" version="any" id="SE:020:PointOnRoute:205330000095472613">
    <RoutePointRef ref="SE:020:RoutePoint:9022020529132002"/>
</PointOnRoute>
<PointOnRoute order="14" version="any" id="SE:020:PointOnRoute:205330000095472614">
    <RoutePointRef ref="SE:020:RoutePoint:9022020529131002"/>
</PointOnRoute>
<PointOnRoute order="15" version="any" id="SE:020:PointOnRoute:205330000095472615">
    <RoutePointRef ref="SE:020:RoutePoint:9022020529274002"/>
</PointOnRoute>
                            </pointsInSequence>
                        </Route>
                        <Route version="any" id="SE:020:Route:205330000095472565">
                            <Name>Flextrafik Skeberg-Leksand</Name>
                            <LineRef ref="SE:020:Line:9011020077500000" version="200817"/>
                            <DirectionType>outbound</DirectionType>
                            <pointsInSequence>
<PointOnRoute order="1" version="any" id="SE:020:PointOnRoute:205330000095472570">
    <RoutePointRef ref="SE:020:RoutePoint:9022020529274001"/>
</PointOnRoute>
<PointOnRoute order="2" version="any" id="SE:020:PointOnRoute:205330000095472571">
    <RoutePointRef ref="SE:020:RoutePoint:9022020529131001"/>
</PointOnRoute>
<PointOnRoute order="3" version="any" id="SE:020:PointOnRoute:205330000095472572">
    <RoutePointRef ref="SE:020:RoutePoint:9022020529132001"/>
</PointOnRoute>
<PointOnRoute order="4" version="any" id="SE:020:PointOnRoute:205330000095472573">
    <RoutePointRef ref="SE:020:RoutePoint:9022020529126001"/>
</PointOnRoute>
<PointOnRoute order="5" version="any" id="SE:020:PointOnRoute:205330000095472574">
    <RoutePointRef ref="SE:020:RoutePoint:9022020529127001"/>
</PointOnRoute>
<PointOnRoute order="6" version="any" id="SE:020:PointOnRoute:205330000095472575">
    <RoutePointRef ref="SE:020:RoutePoint:9022020529225001"/>
</PointOnRoute>
<PointOnRoute order="7" version="any" id="SE:020:PointOnRoute:205330000095472576">
    <RoutePointRef ref="SE:020:RoutePoint:9022020529129001"/>
</PointOnRoute>
<PointOnRoute order="8" version="any" id="SE:020:PointOnRoute:205330000095472577">
    <RoutePointRef ref="SE:020:RoutePoint:9022020529224001"/>
</PointOnRoute>
<PointOnRoute order="9" version="any" id="SE:020:PointOnRoute:205330000095472578">
    <RoutePointRef ref="SE:020:RoutePoint:9022020529222001"/>
</PointOnRoute>
<PointOnRoute order="10" version="any" id="SE:020:PointOnRoute:205330000095472579">
    <RoutePointRef ref="SE:020:RoutePoint:9022020529221001"/>
</PointOnRoute>
<PointOnRoute order="11" version="any" id="SE:020:PointOnRoute:205330000095472580">
    <RoutePointRef ref="SE:020:RoutePoint:9022020529208001"/>
</PointOnRoute>
<PointOnRoute order="12" version="any" id="SE:020:PointOnRoute:205330000095472581">
    <RoutePointRef ref="SE:020:RoutePoint:9022020529207001"/>
</PointOnRoute>
<PointOnRoute order="13" version="any" id="SE:020:PointOnRoute:205330000095472582">
    <RoutePointRef ref="SE:020:RoutePoint:9022020529206001"/>
</PointOnRoute>
<PointOnRoute order="14" version="any" id="SE:020:PointOnRoute:205330000095472583">
    <RoutePointRef ref="SE:020:RoutePoint:9022020529262001"/>
</PointOnRoute>
<PointOnRoute order="15" version="any" id="SE:020:PointOnRoute:205330000095472584">
    <RoutePointRef ref="SE:020:RoutePoint:9022020529202003"/>
</PointOnRoute>
                            </pointsInSequence>
                        </Route>
                    </routes>
                    <lines>
                        <Line version="200817" id="SE:020:Line:9011020077500000">
                            <ValidBetween>
<FromDate>2020-08-17T00:00:00</FromDate>
                            </ValidBetween>
                            <Name>775</Name>
                            <TransportMode>taxi</TransportMode>
                            <PublicCode>775</PublicCode>
                            <PrivateCode>775</PrivateCode>
                            <RepresentedByGroupRef ref="SE:020:Network:9010020000000000"/>
                        </Line>
                    </lines>
                    <journeyPatterns>
                        <JourneyPattern version="any" id="SE:020:JourneyPattern:205339415000021146">
                            <RouteRef ref="SE:020:Route:205330000095472596" version="any"/>
                            <pointsInSequence>
<StopPointInJourneyPattern order="1" version="any" id="SE:020:StopPointInJourneyPattern:205339415000021146_205330000095472601">
    <ScheduledStopPointRef ref="SE:020:ScheduledStopPoint:9022020529202003"/>
    <ForAlighting>false</ForAlighting>
    <ForBoarding>true</ForBoarding>
    <DestinationDisplayRef ref="SE:020:DestinationDisplay:205330000095472623"/>
    <RequestStop>true</RequestStop>
</StopPointInJourneyPattern>
<StopPointInJourneyPattern order="2" version="any" id="SE:020:StopPointInJourneyPattern:205339415000021146_205330000095472602">
    <ScheduledStopPointRef ref="SE:020:ScheduledStopPoint:9022020529159001"/>
    <ForAlighting>true</ForAlighting>
    <ForBoarding>true</ForBoarding>
    <RequestStop>true</RequestStop>
</StopPointInJourneyPattern>
<StopPointInJourneyPattern order="3" version="any" id="SE:020:StopPointInJourneyPattern:205339415000021146_205330000095472603">
    <ScheduledStopPointRef ref="SE:020:ScheduledStopPoint:9022020529206002"/>
    <ForAlighting>true</ForAlighting>
    <ForBoarding>true</ForBoarding>
    <RequestStop>true</RequestStop>
</StopPointInJourneyPattern>
<StopPointInJourneyPattern order="4" version="any" id="SE:020:StopPointInJourneyPattern:205339415000021146_205330000095472604">
    <ScheduledStopPointRef ref="SE:020:ScheduledStopPoint:9022020529207002"/>
    <ForAlighting>true</ForAlighting>
    <ForBoarding>true</ForBoarding>
    <RequestStop>true</RequestStop>
</StopPointInJourneyPattern>
<StopPointInJourneyPattern order="5" version="any" id="SE:020:StopPointInJourneyPattern:205339415000021146_205330000095472605">
    <ScheduledStopPointRef ref="SE:020:ScheduledStopPoint:9022020529208002"/>
    <ForAlighting>true</ForAlighting>
    <ForBoarding>true</ForBoarding>
    <RequestStop>true</RequestStop>
</StopPointInJourneyPattern>
<StopPointInJourneyPattern order="6" version="any" id="SE:020:StopPointInJourneyPattern:205339415000021146_205330000095472606">
    <ScheduledStopPointRef ref="SE:020:ScheduledStopPoint:9022020529221002"/>
    <ForAlighting>true</ForAlighting>
    <ForBoarding>true</ForBoarding>
    <RequestStop>true</RequestStop>
</StopPointInJourneyPattern>
<StopPointInJourneyPattern order="7" version="any" id="SE:020:StopPointInJourneyPattern:205339415000021146_205330000095472607">
    <ScheduledStopPointRef ref="SE:020:ScheduledStopPoint:9022020529222002"/>
    <ForAlighting>true</ForAlighting>
    <ForBoarding>true</ForBoarding>
    <RequestStop>true</RequestStop>
</StopPointInJourneyPattern>
<StopPointInJourneyPattern order="8" version="any" id="SE:020:StopPointInJourneyPattern:205339415000021146_205330000095472608">
    <ScheduledStopPointRef ref="SE:020:ScheduledStopPoint:9022020529224002"/>
    <ForAlighting>true</ForAlighting>
    <ForBoarding>true</ForBoarding>
    <RequestStop>true</RequestStop>
</StopPointInJourneyPattern>
<StopPointInJourneyPattern order="9" version="any" id="SE:020:StopPointInJourneyPattern:205339415000021146_205330000095472609">
    <ScheduledStopPointRef ref="SE:020:ScheduledStopPoint:9022020529129002"/>
    <ForAlighting>true</ForAlighting>
    <ForBoarding>true</ForBoarding>
    <RequestStop>true</RequestStop>
</StopPointInJourneyPattern>
<StopPointInJourneyPattern order="10" version="any" id="SE:020:StopPointInJourneyPattern:205339415000021146_205330000095472610">
    <ScheduledStopPointRef ref="SE:020:ScheduledStopPoint:9022020529225002"/>
    <ForAlighting>true</ForAlighting>
    <ForBoarding>true</ForBoarding>
    <RequestStop>true</RequestStop>
</StopPointInJourneyPattern>
<StopPointInJourneyPattern order="11" version="any" id="SE:020:StopPointInJourneyPattern:205339415000021146_205330000095472611">
    <ScheduledStopPointRef ref="SE:020:ScheduledStopPoint:9022020529127002"/>
    <ForAlighting>true</ForAlighting>
    <ForBoarding>true</ForBoarding>
    <RequestStop>true</RequestStop>
</StopPointInJourneyPattern>
<StopPointInJourneyPattern order="12" version="any" id="SE:020:StopPointInJourneyPattern:205339415000021146_205330000095472612">
    <ScheduledStopPointRef ref="SE:020:ScheduledStopPoint:9022020529126002"/>
    <ForAlighting>true</ForAlighting>
    <ForBoarding>true</ForBoarding>
    <RequestStop>true</RequestStop>
</StopPointInJourneyPattern>
<StopPointInJourneyPattern order="13" version="any" id="SE:020:StopPointInJourneyPattern:205339415000021146_205330000095472613">
    <ScheduledStopPointRef ref="SE:020:ScheduledStopPoint:9022020529132002"/>
    <ForAlighting>true</ForAlighting>
    <ForBoarding>true</ForBoarding>
    <RequestStop>true</RequestStop>
</StopPointInJourneyPattern>
<StopPointInJourneyPattern order="14" version="any" id="SE:020:StopPointInJourneyPattern:205339415000021146_205330000095472614">
    <ScheduledStopPointRef ref="SE:020:ScheduledStopPoint:9022020529131002"/>
    <ForAlighting>true</ForAlighting>
    <ForBoarding>true</ForBoarding>
    <RequestStop>true</RequestStop>
</StopPointInJourneyPattern>
<StopPointInJourneyPattern order="15" version="any" id="SE:020:StopPointInJourneyPattern:205339415000021146_205330000095472615">
    <ScheduledStopPointRef ref="SE:020:ScheduledStopPoint:9022020529274002"/>
    <ForAlighting>true</ForAlighting>
    <ForBoarding>false</ForBoarding>
    <RequestStop>true</RequestStop>
</StopPointInJourneyPattern>
                            </pointsInSequence>
                            <linksInSequence>
<ServiceLinkInJourneyPattern order="1" version="any" id="SE:020:ServiceLinkInJourneyPattern:TAXI_42261">
    <ServiceLinkRef ref="SE:020:ServiceLink:TAXI_9025020052920203_9025020052915901"/>
</ServiceLinkInJourneyPattern>
<ServiceLinkInJourneyPattern order="2" version="any" id="SE:020:ServiceLinkInJourneyPattern:TAXI_42262">
    <ServiceLinkRef ref="SE:020:ServiceLink:TAXI_9025020052915901_9025020052920602"/>
</ServiceLinkInJourneyPattern>
<ServiceLinkInJourneyPattern order="3" version="any" id="SE:020:ServiceLinkInJourneyPattern:TAXI_42263">
    <ServiceLinkRef ref="SE:020:ServiceLink:TAXI_9025020052920602_9025020052920702"/>
</ServiceLinkInJourneyPattern>
<ServiceLinkInJourneyPattern order="4" version="any" id="SE:020:ServiceLinkInJourneyPattern:TAXI_42264">
    <ServiceLinkRef ref="SE:020:ServiceLink:TAXI_9025020052920702_9025020052920802"/>
</ServiceLinkInJourneyPattern>
<ServiceLinkInJourneyPattern order="5" version="any" id="SE:020:ServiceLinkInJourneyPattern:TAXI_42265">
    <ServiceLinkRef ref="SE:020:ServiceLink:TAXI_9025020052920802_9025020052922102"/>
</ServiceLinkInJourneyPattern>
<ServiceLinkInJourneyPattern order="6" version="any" id="SE:020:ServiceLinkInJourneyPattern:TAXI_42266">
    <ServiceLinkRef ref="SE:020:ServiceLink:TAXI_9025020052922102_9025020052922202"/>
</ServiceLinkInJourneyPattern>
<ServiceLinkInJourneyPattern order="7" version="any" id="SE:020:ServiceLinkInJourneyPattern:TAXI_42267">
    <ServiceLinkRef ref="SE:020:ServiceLink:TAXI_9025020052922202_9025020052922402"/>
</ServiceLinkInJourneyPattern>
<ServiceLinkInJourneyPattern order="8" version="any" id="SE:020:ServiceLinkInJourneyPattern:TAXI_42268">
    <ServiceLinkRef ref="SE:020:ServiceLink:TAXI_9025020052922402_9025020052912902"/>
</ServiceLinkInJourneyPattern>
<ServiceLinkInJourneyPattern order="9" version="any" id="SE:020:ServiceLinkInJourneyPattern:TAXI_42269">
    <ServiceLinkRef ref="SE:020:ServiceLink:TAXI_9025020052912902_9025020052922502"/>
</ServiceLinkInJourneyPattern>
<ServiceLinkInJourneyPattern order="10" version="any" id="SE:020:ServiceLinkInJourneyPattern:TAXI_42270">
    <ServiceLinkRef ref="SE:020:ServiceLink:TAXI_9025020052922502_9025020052912702"/>
</ServiceLinkInJourneyPattern>
<ServiceLinkInJourneyPattern order="11" version="any" id="SE:020:ServiceLinkInJourneyPattern:TAXI_42271">
    <ServiceLinkRef ref="SE:020:ServiceLink:TAXI_9025020052912702_9025020052912602"/>
</ServiceLinkInJourneyPattern>
<ServiceLinkInJourneyPattern order="12" version="any" id="SE:020:ServiceLinkInJourneyPattern:TAXI_42272">
    <ServiceLinkRef ref="SE:020:ServiceLink:TAXI_9025020052912602_9025020052913202"/>
</ServiceLinkInJourneyPattern>
<ServiceLinkInJourneyPattern order="13" version="any" id="SE:020:ServiceLinkInJourneyPattern:TAXI_42273">
    <ServiceLinkRef ref="SE:020:ServiceLink:TAXI_9025020052913202_9025020052913102"/>
</ServiceLinkInJourneyPattern>
<ServiceLinkInJourneyPattern order="14" version="any" id="SE:020:ServiceLinkInJourneyPattern:TAXI_42274">
    <ServiceLinkRef ref="SE:020:ServiceLink:TAXI_9025020052913102_9025020052927402"/>
</ServiceLinkInJourneyPattern>
                            </linksInSequence>
                        </JourneyPattern>
                        <JourneyPattern version="any" id="SE:020:JourneyPattern:205339415000021145">
                            <RouteRef ref="SE:020:Route:205330000095472565" version="any"/>
                            <pointsInSequence>
<StopPointInJourneyPattern order="1" version="any" id="SE:020:StopPointInJourneyPattern:205339415000021145_205330000095472570">
    <ScheduledStopPointRef ref="SE:020:ScheduledStopPoint:9022020529274001"/>
    <ForAlighting>false</ForAlighting>
    <ForBoarding>true</ForBoarding>
    <DestinationDisplayRef ref="SE:020:DestinationDisplay:205330000095472592"/>
    <RequestStop>true</RequestStop>
</StopPointInJourneyPattern>
<StopPointInJourneyPattern order="2" version="any" id="SE:020:StopPointInJourneyPattern:205339415000021145_205330000095472571">
    <ScheduledStopPointRef ref="SE:020:ScheduledStopPoint:9022020529131001"/>
    <ForAlighting>true</ForAlighting>
    <ForBoarding>true</ForBoarding>
    <RequestStop>true</RequestStop>
</StopPointInJourneyPattern>
<StopPointInJourneyPattern order="3" version="any" id="SE:020:StopPointInJourneyPattern:205339415000021145_205330000095472572">
    <ScheduledStopPointRef ref="SE:020:ScheduledStopPoint:9022020529132001"/>
    <ForAlighting>true</ForAlighting>
    <ForBoarding>true</ForBoarding>
    <RequestStop>true</RequestStop>
</StopPointInJourneyPattern>
<StopPointInJourneyPattern order="4" version="any" id="SE:020:StopPointInJourneyPattern:205339415000021145_205330000095472573">
    <ScheduledStopPointRef ref="SE:020:ScheduledStopPoint:9022020529126001"/>
    <ForAlighting>true</ForAlighting>
    <ForBoarding>true</ForBoarding>
    <RequestStop>true</RequestStop>
</StopPointInJourneyPattern>
<StopPointInJourneyPattern order="5" version="any" id="SE:020:StopPointInJourneyPattern:205339415000021145_205330000095472574">
    <ScheduledStopPointRef ref="SE:020:ScheduledStopPoint:9022020529127001"/>
    <ForAlighting>true</ForAlighting>
    <ForBoarding>true</ForBoarding>
    <RequestStop>true</RequestStop>
</StopPointInJourneyPattern>
<StopPointInJourneyPattern order="6" version="any" id="SE:020:StopPointInJourneyPattern:205339415000021145_205330000095472575">
    <ScheduledStopPointRef ref="SE:020:ScheduledStopPoint:9022020529225001"/>
    <ForAlighting>true</ForAlighting>
    <ForBoarding>true</ForBoarding>
    <RequestStop>true</RequestStop>
</StopPointInJourneyPattern>
<StopPointInJourneyPattern order="7" version="any" id="SE:020:StopPointInJourneyPattern:205339415000021145_205330000095472576">
    <ScheduledStopPointRef ref="SE:020:ScheduledStopPoint:9022020529129001"/>
    <ForAlighting>true</ForAlighting>
    <ForBoarding>true</ForBoarding>
    <RequestStop>true</RequestStop>
</StopPointInJourneyPattern>
<StopPointInJourneyPattern order="8" version="any" id="SE:020:StopPointInJourneyPattern:205339415000021145_205330000095472577">
    <ScheduledStopPointRef ref="SE:020:ScheduledStopPoint:9022020529224001"/>
    <ForAlighting>true</ForAlighting>
    <ForBoarding>true</ForBoarding>
    <RequestStop>true</RequestStop>
</StopPointInJourneyPattern>
<StopPointInJourneyPattern order="9" version="any" id="SE:020:StopPointInJourneyPattern:205339415000021145_205330000095472578">
    <ScheduledStopPointRef ref="SE:020:ScheduledStopPoint:9022020529222001"/>
    <ForAlighting>true</ForAlighting>
    <ForBoarding>true</ForBoarding>
    <RequestStop>true</RequestStop>
</StopPointInJourneyPattern>
<StopPointInJourneyPattern order="10" version="any" id="SE:020:StopPointInJourneyPattern:205339415000021145_205330000095472579">
    <ScheduledStopPointRef ref="SE:020:ScheduledStopPoint:9022020529221001"/>
    <ForAlighting>true</ForAlighting>
    <ForBoarding>true</ForBoarding>
    <RequestStop>true</RequestStop>
</StopPointInJourneyPattern>
<StopPointInJourneyPattern order="11" version="any" id="SE:020:StopPointInJourneyPattern:205339415000021145_205330000095472580">
    <ScheduledStopPointRef ref="SE:020:ScheduledStopPoint:9022020529208001"/>
    <ForAlighting>true</ForAlighting>
    <ForBoarding>true</ForBoarding>
    <RequestStop>true</RequestStop>
</StopPointInJourneyPattern>
<StopPointInJourneyPattern order="12" version="any" id="SE:020:StopPointInJourneyPattern:205339415000021145_205330000095472581">
    <ScheduledStopPointRef ref="SE:020:ScheduledStopPoint:9022020529207001"/>
    <ForAlighting>true</ForAlighting>
    <ForBoarding>true</ForBoarding>
    <RequestStop>true</RequestStop>
</StopPointInJourneyPattern>
<StopPointInJourneyPattern order="13" version="any" id="SE:020:StopPointInJourneyPattern:205339415000021145_205330000095472582">
    <ScheduledStopPointRef ref="SE:020:ScheduledStopPoint:9022020529206001"/>
    <ForAlighting>true</ForAlighting>
    <ForBoarding>true</ForBoarding>
    <RequestStop>true</RequestStop>
</StopPointInJourneyPattern>
<StopPointInJourneyPattern order="14" version="any" id="SE:020:StopPointInJourneyPattern:205339415000021145_205330000095472583">
    <ScheduledStopPointRef ref="SE:020:ScheduledStopPoint:9022020529262001"/>
    <ForAlighting>true</ForAlighting>
    <ForBoarding>true</ForBoarding>
    <RequestStop>true</RequestStop>
</StopPointInJourneyPattern>
<StopPointInJourneyPattern order="15" version="any" id="SE:020:StopPointInJourneyPattern:205339415000021145_205330000095472584">
    <ScheduledStopPointRef ref="SE:020:ScheduledStopPoint:9022020529202003"/>
    <ForAlighting>true</ForAlighting>
    <ForBoarding>false</ForBoarding>
    <RequestStop>true</RequestStop>
</StopPointInJourneyPattern>
                            </pointsInSequence>
                            <linksInSequence>
<ServiceLinkInJourneyPattern order="1" version="any" id="SE:020:ServiceLinkInJourneyPattern:TAXI_42275">
    <ServiceLinkRef ref="SE:020:ServiceLink:TAXI_9025020052927401_9025020052913101"/>
</ServiceLinkInJourneyPattern>
<ServiceLinkInJourneyPattern order="2" version="any" id="SE:020:ServiceLinkInJourneyPattern:TAXI_42276">
    <ServiceLinkRef ref="SE:020:ServiceLink:TAXI_9025020052913101_9025020052913201"/>
</ServiceLinkInJourneyPattern>
<ServiceLinkInJourneyPattern order="3" version="any" id="SE:020:ServiceLinkInJourneyPattern:TAXI_42277">
    <ServiceLinkRef ref="SE:020:ServiceLink:TAXI_9025020052913201_9025020052912601"/>
</ServiceLinkInJourneyPattern>
<ServiceLinkInJourneyPattern order="4" version="any" id="SE:020:ServiceLinkInJourneyPattern:TAXI_42278">
    <ServiceLinkRef ref="SE:020:ServiceLink:TAXI_9025020052912601_9025020052912701"/>
</ServiceLinkInJourneyPattern>
<ServiceLinkInJourneyPattern order="5" version="any" id="SE:020:ServiceLinkInJourneyPattern:TAXI_42279">
    <ServiceLinkRef ref="SE:020:ServiceLink:TAXI_9025020052912701_9025020052922501"/>
</ServiceLinkInJourneyPattern>
<ServiceLinkInJourneyPattern order="6" version="any" id="SE:020:ServiceLinkInJourneyPattern:TAXI_42280">
    <ServiceLinkRef ref="SE:020:ServiceLink:TAXI_9025020052922501_9025020052912901"/>
</ServiceLinkInJourneyPattern>
<ServiceLinkInJourneyPattern order="7" version="any" id="SE:020:ServiceLinkInJourneyPattern:TAXI_42281">
    <ServiceLinkRef ref="SE:020:ServiceLink:TAXI_9025020052912901_9025020052922401"/>
</ServiceLinkInJourneyPattern>
<ServiceLinkInJourneyPattern order="8" version="any" id="SE:020:ServiceLinkInJourneyPattern:TAXI_42282">
    <ServiceLinkRef ref="SE:020:ServiceLink:TAXI_9025020052922401_9025020052922201"/>
</ServiceLinkInJourneyPattern>
<ServiceLinkInJourneyPattern order="9" version="any" id="SE:020:ServiceLinkInJourneyPattern:TAXI_42283">
    <ServiceLinkRef ref="SE:020:ServiceLink:TAXI_9025020052922201_9025020052922101"/>
</ServiceLinkInJourneyPattern>
<ServiceLinkInJourneyPattern order="10" version="any" id="SE:020:ServiceLinkInJourneyPattern:TAXI_42284">
    <ServiceLinkRef ref="SE:020:ServiceLink:TAXI_9025020052922101_9025020052920801"/>
</ServiceLinkInJourneyPattern>
<ServiceLinkInJourneyPattern order="11" version="any" id="SE:020:ServiceLinkInJourneyPattern:TAXI_42285">
    <ServiceLinkRef ref="SE:020:ServiceLink:TAXI_9025020052920801_9025020052920701"/>
</ServiceLinkInJourneyPattern>
<ServiceLinkInJourneyPattern order="12" version="any" id="SE:020:ServiceLinkInJourneyPattern:TAXI_42286">
    <ServiceLinkRef ref="SE:020:ServiceLink:TAXI_9025020052920701_9025020052920601"/>
</ServiceLinkInJourneyPattern>
<ServiceLinkInJourneyPattern order="13" version="any" id="SE:020:ServiceLinkInJourneyPattern:TAXI_42287">
    <ServiceLinkRef ref="SE:020:ServiceLink:TAXI_9025020052920601_9025020052926201"/>
</ServiceLinkInJourneyPattern>
<ServiceLinkInJourneyPattern order="14" version="any" id="SE:020:ServiceLinkInJourneyPattern:TAXI_42288">
    <ServiceLinkRef ref="SE:020:ServiceLink:TAXI_9025020052926201_9025020052920203"/>
</ServiceLinkInJourneyPattern>
                            </linksInSequence>
                        </JourneyPattern>
                    </journeyPatterns>
                </ServiceFrame>
                <TimetableFrame version="20241009025723" id="SE:020:TimetableFrame:9011020077500000">
                    <vehicleJourneys>
                        <ServiceJourney version="any" id="SE:020:ServiceJourney:205330000113220451">
                            <TransportMode>bus</TransportMode>
                            <TransportSubmode>
<BusSubmode>unknown</BusSubmode>
                            </TransportSubmode>
                            <dayTypes>
<DayTypeRef ref="SE:020:DayType:lvsiokc2t9s6uedj89ko6jkfou11aghp"/>
                            </dayTypes>
                            <JourneyPatternRef ref="SE:020:JourneyPattern:205339415000021145" version="any"/>
                            <OperatorRef ref="SE:020:Operator:9013020810000000"/>
                            <passingTimes>
<TimetabledPassingTime version="any" id="SE:020:TimetabledPassingTime:205330000113220434">
    <StopPointInJourneyPatternRef ref="SE:020:StopPointInJourneyPattern:205339415000021145_205330000095472570" version="any"/>
    <DepartureTime>09:25:00</DepartureTime>
</TimetabledPassingTime>
<TimetabledPassingTime version="any" id="SE:020:TimetabledPassingTime:205330000113220435">
    <StopPointInJourneyPatternRef ref="SE:020:StopPointInJourneyPattern:205339415000021145_205330000095472571" version="any"/>
    <ArrivalTime>09:27:41</ArrivalTime>
    <DepartureTime>09:27:41</DepartureTime>
</TimetabledPassingTime>
<TimetabledPassingTime version="any" id="SE:020:TimetabledPassingTime:205330000113220436">
    <StopPointInJourneyPatternRef ref="SE:020:StopPointInJourneyPattern:205339415000021145_205330000095472572" version="any"/>
    <ArrivalTime>09:30:00</ArrivalTime>
    <DepartureTime>09:30:00</DepartureTime>
</TimetabledPassingTime>
<TimetabledPassingTime version="any" id="SE:020:TimetabledPassingTime:205330000113220437">
    <StopPointInJourneyPatternRef ref="SE:020:StopPointInJourneyPattern:205339415000021145_205330000095472573" version="any"/>
    <ArrivalTime>09:32:35</ArrivalTime>
    <DepartureTime>09:32:35</DepartureTime>
</TimetabledPassingTime>
<TimetabledPassingTime version="any" id="SE:020:TimetabledPassingTime:205330000113220438">
    <StopPointInJourneyPatternRef ref="SE:020:StopPointInJourneyPattern:205339415000021145_205330000095472574" version="any"/>
    <ArrivalTime>09:35:00</ArrivalTime>
    <DepartureTime>09:35:00</DepartureTime>
</TimetabledPassingTime>
<TimetabledPassingTime version="any" id="SE:020:TimetabledPassingTime:205330000113220439">
    <StopPointInJourneyPatternRef ref="SE:020:StopPointInJourneyPattern:205339415000021145_205330000095472575" version="any"/>
    <ArrivalTime>09:35:55</ArrivalTime>
    <DepartureTime>09:35:55</DepartureTime>
</TimetabledPassingTime>
<TimetabledPassingTime version="any" id="SE:020:TimetabledPassingTime:205330000113220440">
    <StopPointInJourneyPatternRef ref="SE:020:StopPointInJourneyPattern:205339415000021145_205330000095472576" version="any"/>
    <ArrivalTime>09:38:35</ArrivalTime>
    <DepartureTime>09:38:35</DepartureTime>
</TimetabledPassingTime>
<TimetabledPassingTime version="any" id="SE:020:TimetabledPassingTime:205330000113220441">
    <StopPointInJourneyPatternRef ref="SE:020:StopPointInJourneyPattern:205339415000021145_205330000095472577" version="any"/>
    <ArrivalTime>09:40:00</ArrivalTime>
    <DepartureTime>09:40:00</DepartureTime>
</TimetabledPassingTime>
<TimetabledPassingTime version="any" id="SE:020:TimetabledPassingTime:205330000113220442">
    <StopPointInJourneyPatternRef ref="SE:020:StopPointInJourneyPattern:205339415000021145_205330000095472578" version="any"/>
    <ArrivalTime>09:40:26</ArrivalTime>
    <DepartureTime>09:40:26</DepartureTime>
</TimetabledPassingTime>
<TimetabledPassingTime version="any" id="SE:020:TimetabledPassingTime:205330000113220443">
    <StopPointInJourneyPatternRef ref="SE:020:StopPointInJourneyPattern:205339415000021145_205330000095472579" version="any"/>
    <ArrivalTime>09:41:54</ArrivalTime>
    <DepartureTime>09:41:54</DepartureTime>
</TimetabledPassingTime>
<TimetabledPassingTime version="any" id="SE:020:TimetabledPassingTime:205330000113220444">
    <StopPointInJourneyPatternRef ref="SE:020:StopPointInJourneyPattern:205339415000021145_205330000095472580" version="any"/>
    <ArrivalTime>09:42:34</ArrivalTime>
    <DepartureTime>09:42:34</DepartureTime>
</TimetabledPassingTime>
<TimetabledPassingTime version="any" id="SE:020:TimetabledPassingTime:205330000113220445">
    <StopPointInJourneyPatternRef ref="SE:020:StopPointInJourneyPattern:205339415000021145_205330000095472581" version="any"/>
    <ArrivalTime>09:43:03</ArrivalTime>
    <DepartureTime>09:43:03</DepartureTime>
</TimetabledPassingTime>
<TimetabledPassingTime version="any" id="SE:020:TimetabledPassingTime:205330000113220446">
    <StopPointInJourneyPatternRef ref="SE:020:StopPointInJourneyPattern:205339415000021145_205330000095472582" version="any"/>
    <ArrivalTime>09:43:26</ArrivalTime>
    <DepartureTime>09:43:26</DepartureTime>
</TimetabledPassingTime>
<TimetabledPassingTime version="any" id="SE:020:TimetabledPassingTime:205330000113220447">
    <StopPointInJourneyPatternRef ref="SE:020:StopPointInJourneyPattern:205339415000021145_205330000095472583" version="any"/>
    <ArrivalTime>09:45:00</ArrivalTime>
    <DepartureTime>09:45:00</DepartureTime>
</TimetabledPassingTime>
<TimetabledPassingTime version="any" id="SE:020:TimetabledPassingTime:205330000113220448">
    <StopPointInJourneyPatternRef ref="SE:020:StopPointInJourneyPattern:205339415000021145_205330000095472584" version="any"/>
    <ArrivalTime>09:50:00</ArrivalTime>
</TimetabledPassingTime>
                            </passingTimes>
                            <FlexibleServiceProperties>
<FlexibleServiceType>fixedPassingTimes</FlexibleServiceType>
<BookWhen>advanceOnly</BookWhen>
<BookingNote>Turen ska förbeställas senast 2 timmar före bussens avgångstid, gäller i vår app Dalatrafik eller via telefon 0774-44 00 00.</BookingNote>
                            </FlexibleServiceProperties>
                        </ServiceJourney>
                        <ServiceJourney version="any" id="SE:020:ServiceJourney:205330000113220475">
                            <TransportMode>bus</TransportMode>
                            <TransportSubmode>
<BusSubmode>unknown</BusSubmode>
                            </TransportSubmode>
                            <dayTypes>
<DayTypeRef ref="SE:020:DayType:lvsiokc2t9s6uedj89ko6jkfou11aghp"/>
                            </dayTypes>
                            <JourneyPatternRef ref="SE:020:JourneyPattern:205339415000021146" version="any"/>
                            <OperatorRef ref="SE:020:Operator:9013020810000000"/>
                            <passingTimes>
<TimetabledPassingTime version="any" id="SE:020:TimetabledPassingTime:205330000113220458">
    <StopPointInJourneyPatternRef ref="SE:020:StopPointInJourneyPattern:205339415000021146_205330000095472601" version="any"/>
    <DepartureTime>12:05:00</DepartureTime>
</TimetabledPassingTime>
<TimetabledPassingTime version="any" id="SE:020:TimetabledPassingTime:205330000113220459">
    <StopPointInJourneyPatternRef ref="SE:020:StopPointInJourneyPattern:205339415000021146_205330000095472602" version="any"/>
    <ArrivalTime>12:08:00</ArrivalTime>
    <DepartureTime>12:08:00</DepartureTime>
</TimetabledPassingTime>
<TimetabledPassingTime version="any" id="SE:020:TimetabledPassingTime:205330000113220460">
    <StopPointInJourneyPatternRef ref="SE:020:StopPointInJourneyPattern:205339415000021146_205330000095472603" version="any"/>
    <ArrivalTime>12:09:18</ArrivalTime>
    <DepartureTime>12:09:18</DepartureTime>
</TimetabledPassingTime>
<TimetabledPassingTime version="any" id="SE:020:TimetabledPassingTime:205330000113220461">
    <StopPointInJourneyPatternRef ref="SE:020:StopPointInJourneyPattern:205339415000021146_205330000095472604" version="any"/>
    <ArrivalTime>12:09:40</ArrivalTime>
    <DepartureTime>12:09:40</DepartureTime>
</TimetabledPassingTime>
<TimetabledPassingTime version="any" id="SE:020:TimetabledPassingTime:205330000113220462">
    <StopPointInJourneyPatternRef ref="SE:020:StopPointInJourneyPattern:205339415000021146_205330000095472605" version="any"/>
    <ArrivalTime>12:10:07</ArrivalTime>
    <DepartureTime>12:10:07</DepartureTime>
</TimetabledPassingTime>
<TimetabledPassingTime version="any" id="SE:020:TimetabledPassingTime:205330000113220463">
    <StopPointInJourneyPatternRef ref="SE:020:StopPointInJourneyPattern:205339415000021146_205330000095472606" version="any"/>
    <ArrivalTime>12:10:44</ArrivalTime>
    <DepartureTime>12:10:44</DepartureTime>
</TimetabledPassingTime>
<TimetabledPassingTime version="any" id="SE:020:TimetabledPassingTime:205330000113220464">
    <StopPointInJourneyPatternRef ref="SE:020:StopPointInJourneyPattern:205339415000021146_205330000095472607" version="any"/>
    <ArrivalTime>12:12:06</ArrivalTime>
    <DepartureTime>12:12:06</DepartureTime>
</TimetabledPassingTime>
<TimetabledPassingTime version="any" id="SE:020:TimetabledPassingTime:205330000113220465">
    <StopPointInJourneyPatternRef ref="SE:020:StopPointInJourneyPattern:205339415000021146_205330000095472608" version="any"/>
    <ArrivalTime>12:13:00</ArrivalTime>
    <DepartureTime>12:13:00</DepartureTime>
</TimetabledPassingTime>
<TimetabledPassingTime version="any" id="SE:020:TimetabledPassingTime:205330000113220466">
    <StopPointInJourneyPatternRef ref="SE:020:StopPointInJourneyPattern:205339415000021146_205330000095472609" version="any"/>
    <ArrivalTime>12:13:57</ArrivalTime>
    <DepartureTime>12:13:57</DepartureTime>
</TimetabledPassingTime>
<TimetabledPassingTime version="any" id="SE:020:TimetabledPassingTime:205330000113220467">
    <StopPointInJourneyPatternRef ref="SE:020:StopPointInJourneyPattern:205339415000021146_205330000095472610" version="any"/>
    <ArrivalTime>12:16:37</ArrivalTime>
    <DepartureTime>12:16:37</DepartureTime>
</TimetabledPassingTime>
<TimetabledPassingTime version="any" id="SE:020:TimetabledPassingTime:205330000113220468">
    <StopPointInJourneyPatternRef ref="SE:020:StopPointInJourneyPattern:205339415000021146_205330000095472611" version="any"/>
    <ArrivalTime>12:18:00</ArrivalTime>
    <DepartureTime>12:18:00</DepartureTime>
</TimetabledPassingTime>
<TimetabledPassingTime version="any" id="SE:020:TimetabledPassingTime:205330000113220469">
    <StopPointInJourneyPatternRef ref="SE:020:StopPointInJourneyPattern:205339415000021146_205330000095472612" version="any"/>
    <ArrivalTime>12:20:41</ArrivalTime>
    <DepartureTime>12:20:41</DepartureTime>
</TimetabledPassingTime>
<TimetabledPassingTime version="any" id="SE:020:TimetabledPassingTime:205330000113220470">
    <StopPointInJourneyPatternRef ref="SE:020:StopPointInJourneyPattern:205339415000021146_205330000095472613" version="any"/>
    <ArrivalTime>12:25:00</ArrivalTime>
    <DepartureTime>12:25:00</DepartureTime>
</TimetabledPassingTime>
<TimetabledPassingTime version="any" id="SE:020:TimetabledPassingTime:205330000113220471">
    <StopPointInJourneyPatternRef ref="SE:020:StopPointInJourneyPattern:205339415000021146_205330000095472614" version="any"/>
    <ArrivalTime>12:26:49</ArrivalTime>
    <DepartureTime>12:26:49</DepartureTime>
</TimetabledPassingTime>
<TimetabledPassingTime version="any" id="SE:020:TimetabledPassingTime:205330000113220472">
    <StopPointInJourneyPatternRef ref="SE:020:StopPointInJourneyPattern:205339415000021146_205330000095472615" version="any"/>
    <ArrivalTime>12:30:00</ArrivalTime>
</TimetabledPassingTime>
                            </passingTimes>
                            <FlexibleServiceProperties>
<FlexibleServiceType>fixedPassingTimes</FlexibleServiceType>
<BookWhen>advanceOnly</BookWhen>
<BookingNote>Turen ska förbeställas senast 2 timmar före bussens avgångstid, gäller i vår app Dalatrafik eller via telefon 0774-44 00 00.</BookingNote>
                            </FlexibleServiceProperties>
                        </ServiceJourney>
                    </vehicleJourneys>
                </TimetableFrame>
            </frames>
        </CompositeFrame>
    </dataObjects>
</PublicationDelivery>
