<?xml version="1.0" encoding="UTF-8" standalone="yes"?>
<PublicationDelivery xmlns="http://www.netex.org.uk/netex" xmlns:ns2="http://www.opengis.net/gml/3.2" xmlns:ns3="http://www.siri.org.uk/siri" xmlns:ns4="http://www.samtrafiken.se/netex" version="1.11:NO-NeTEx-networktimetable:1.3">
    <PublicationTimestamp>2024-10-09T02:57:23</PublicationTimestamp>
    <ParticipantRef>SAM</ParticipantRef>
    <dataObjects>
        <CompositeFrame created="2024-10-09T02:57:23" version="20241009025723" id="SE:020:CompositeFrame:9011020078700000">
            <ValidBetween>
                <FromDate>1970-01-01T00:00:00</FromDate>
            </ValidBetween>
            <codespaces>
                <Codespace id="SE:020">
                    <Xmlns>SE:020</Xmlns>
                    <XmlnsUrl>http://www.samtrafiken.se/ns/dt</XmlnsUrl>
                </Codespace>
            </codespaces>
            <FrameDefaults>
                <DefaultLocale>
                    <TimeZone>Europe/Stockholm</TimeZone>
                    <DefaultLanguage>se</DefaultLanguage>
                </DefaultLocale>
                <DefaultLocationSystem>4326</DefaultLocationSystem>
            </FrameDefaults>
            <frames>
                <ServiceFrame version="20241009025723" id="SE:020:ServiceFrame:9011020078700000">
                    <routes>
                        <Route version="any" id="SE:020:Route:205330000096881173">
                            <Name>Flextrafik</Name>
                            <LineRef ref="SE:020:Line:9011020078700000" version="190529"/>
                            <DirectionType>outbound</DirectionType>
                            <pointsInSequence>
<PointOnRoute order="1" version="any" id="SE:020:PointOnRoute:205330000096881178">
    <RoutePointRef ref="SE:020:RoutePoint:9022020539198001"/>
</PointOnRoute>
<PointOnRoute order="2" version="any" id="SE:020:PointOnRoute:205330000096881179">
    <RoutePointRef ref="SE:020:RoutePoint:9022020539220001"/>
</PointOnRoute>
<PointOnRoute order="3" version="any" id="SE:020:PointOnRoute:205330000096881180">
    <RoutePointRef ref="SE:020:RoutePoint:9022020539197001"/>
</PointOnRoute>
<PointOnRoute order="4" version="any" id="SE:020:PointOnRoute:205330000096881181">
    <RoutePointRef ref="SE:020:RoutePoint:9022020539062002"/>
</PointOnRoute>
<PointOnRoute order="5" version="any" id="SE:020:PointOnRoute:205330000096881182">
    <RoutePointRef ref="SE:020:RoutePoint:9022020539991001"/>
</PointOnRoute>
                            </pointsInSequence>
                        </Route>
                        <Route version="any" id="SE:020:Route:205330000096881152">
                            <Name>Flextrafik</Name>
                            <LineRef ref="SE:020:Line:9011020078700000" version="190529"/>
                            <DirectionType>outbound</DirectionType>
                            <pointsInSequence>
<PointOnRoute order="1" version="any" id="SE:020:PointOnRoute:205330000096881157">
    <RoutePointRef ref="SE:020:RoutePoint:9022020539991001"/>
</PointOnRoute>
<PointOnRoute order="2" version="any" id="SE:020:PointOnRoute:205330000096881158">
    <RoutePointRef ref="SE:020:RoutePoint:9022020539062001"/>
</PointOnRoute>
<PointOnRoute order="3" version="any" id="SE:020:PointOnRoute:205330000096881159">
    <RoutePointRef ref="SE:020:RoutePoint:9022020539197001"/>
</PointOnRoute>
<PointOnRoute order="4" version="any" id="SE:020:PointOnRoute:205330000096881160">
    <RoutePointRef ref="SE:020:RoutePoint:9022020539220001"/>
</PointOnRoute>
<PointOnRoute order="5" version="any" id="SE:020:PointOnRoute:205330000096881161">
    <RoutePointRef ref="SE:020:RoutePoint:9022020539198001"/>
</PointOnRoute>
                            </pointsInSequence>
                        </Route>
                    </routes>
                    <lines>
                        <Line version="190529" id="SE:020:Line:9011020078700000">
                            <ValidBetween>
<FromDate>2019-05-29T00:00:00</FromDate>
                            </ValidBetween>
                            <Name>787</Name>
                            <TransportMode>taxi</TransportMode>
                            <PublicCode>787</PublicCode>
                            <PrivateCode>787</PrivateCode>
                            <RepresentedByGroupRef ref="SE:020:Network:9010020000000000"/>
                        </Line>
                    </lines>
                    <journeyPatterns>
                        <JourneyPattern version="any" id="SE:020:JourneyPattern:205339415000022073">
                            <RouteRef ref="SE:020:Route:205330000096881173" version="any"/>
                            <pointsInSequence>
<StopPointInJourneyPattern order="1" version="any" id="SE:020:StopPointInJourneyPattern:205339415000022073_205330000096881178">
    <ScheduledStopPointRef ref="SE:020:ScheduledStopPoint:9022020539198001"/>
    <ForAlighting>false</ForAlighting>
    <ForBoarding>true</ForBoarding>
    <DestinationDisplayRef ref="SE:020:DestinationDisplay:205330000096881190"/>
    <RequestStop>true</RequestStop>
</StopPointInJourneyPattern>
<StopPointInJourneyPattern order="2" version="any" id="SE:020:StopPointInJourneyPattern:205339415000022073_205330000096881179">
    <ScheduledStopPointRef ref="SE:020:ScheduledStopPoint:9022020539220001"/>
    <ForAlighting>true</ForAlighting>
    <ForBoarding>true</ForBoarding>
    <RequestStop>true</RequestStop>
</StopPointInJourneyPattern>
<StopPointInJourneyPattern order="3" version="any" id="SE:020:StopPointInJourneyPattern:205339415000022073_205330000096881180">
    <ScheduledStopPointRef ref="SE:020:ScheduledStopPoint:9022020539197001"/>
    <ForAlighting>true</ForAlighting>
    <ForBoarding>true</ForBoarding>
    <RequestStop>true</RequestStop>
</StopPointInJourneyPattern>
<StopPointInJourneyPattern order="4" version="any" id="SE:020:StopPointInJourneyPattern:205339415000022073_205330000096881181">
    <ScheduledStopPointRef ref="SE:020:ScheduledStopPoint:9022020539062002"/>
    <ForAlighting>true</ForAlighting>
    <ForBoarding>true</ForBoarding>
    <RequestStop>true</RequestStop>
</StopPointInJourneyPattern>
<StopPointInJourneyPattern order="5" version="any" id="SE:020:StopPointInJourneyPattern:205339415000022073_205330000096881182">
    <ScheduledStopPointRef ref="SE:020:ScheduledStopPoint:9022020539991001"/>
    <ForAlighting>true</ForAlighting>
    <ForBoarding>false</ForBoarding>
    <RequestStop>true</RequestStop>
</StopPointInJourneyPattern>
                            </pointsInSequence>
                            <linksInSequence>
<ServiceLinkInJourneyPattern order="1" version="any" id="SE:020:ServiceLinkInJourneyPattern:TAXI_38355">
    <ServiceLinkRef ref="SE:020:ServiceLink:TAXI_9025020053919801_9025020053922001"/>
</ServiceLinkInJourneyPattern>
<ServiceLinkInJourneyPattern order="2" version="any" id="SE:020:ServiceLinkInJourneyPattern:TAXI_38356">
    <ServiceLinkRef ref="SE:020:ServiceLink:TAXI_9025020053922001_9025020053919701"/>
</ServiceLinkInJourneyPattern>
<ServiceLinkInJourneyPattern order="3" version="any" id="SE:020:ServiceLinkInJourneyPattern:TAXI_38357">
    <ServiceLinkRef ref="SE:020:ServiceLink:TAXI_9025020053919701_9025020053906202"/>
</ServiceLinkInJourneyPattern>
<ServiceLinkInJourneyPattern order="4" version="any" id="SE:020:ServiceLinkInJourneyPattern:TAXI_38358">
    <ServiceLinkRef ref="SE:020:ServiceLink:TAXI_9025020053906202_9025020053999101"/>
</ServiceLinkInJourneyPattern>
                            </linksInSequence>
                        </JourneyPattern>
                        <JourneyPattern version="any" id="SE:020:JourneyPattern:205339415000024689">
                            <RouteRef ref="SE:020:Route:205330000096881173" version="any"/>
                            <pointsInSequence>
<StopPointInJourneyPattern order="1" version="any" id="SE:020:StopPointInJourneyPattern:205339415000024689_205330000096881178">
    <ScheduledStopPointRef ref="SE:020:ScheduledStopPoint:9022020539198001"/>
    <ForAlighting>false</ForAlighting>
    <ForBoarding>true</ForBoarding>
    <DestinationDisplayRef ref="SE:020:DestinationDisplay:205330000113220878"/>
    <RequestStop>true</RequestStop>
</StopPointInJourneyPattern>
<StopPointInJourneyPattern order="2" version="any" id="SE:020:StopPointInJourneyPattern:205339415000024689_205330000096881179">
    <ScheduledStopPointRef ref="SE:020:ScheduledStopPoint:9022020539220001"/>
    <ForAlighting>true</ForAlighting>
    <ForBoarding>true</ForBoarding>
    <RequestStop>true</RequestStop>
</StopPointInJourneyPattern>
<StopPointInJourneyPattern order="3" version="any" id="SE:020:StopPointInJourneyPattern:205339415000024689_205330000096881180">
    <ScheduledStopPointRef ref="SE:020:ScheduledStopPoint:9022020539197001"/>
    <ForAlighting>true</ForAlighting>
    <ForBoarding>true</ForBoarding>
    <RequestStop>true</RequestStop>
</StopPointInJourneyPattern>
<StopPointInJourneyPattern order="4" version="any" id="SE:020:StopPointInJourneyPattern:205339415000024689_205330000096881181">
    <ScheduledStopPointRef ref="SE:020:ScheduledStopPoint:9022020539062002"/>
    <ForAlighting>true</ForAlighting>
    <ForBoarding>true</ForBoarding>
    <RequestStop>true</RequestStop>
</StopPointInJourneyPattern>
<StopPointInJourneyPattern order="5" version="any" id="SE:020:StopPointInJourneyPattern:205339415000024689_205330000096881182">
    <ScheduledStopPointRef ref="SE:020:ScheduledStopPoint:9022020539991001"/>
    <ForAlighting>true</ForAlighting>
    <ForBoarding>false</ForBoarding>
    <RequestStop>true</RequestStop>
</StopPointInJourneyPattern>
                            </pointsInSequence>
                            <linksInSequence>
<ServiceLinkInJourneyPattern order="1" version="any" id="SE:020:ServiceLinkInJourneyPattern:TAXI_38359">
    <ServiceLinkRef ref="SE:020:ServiceLink:TAXI_9025020053919801_9025020053922001"/>
</ServiceLinkInJourneyPattern>
<ServiceLinkInJourneyPattern order="2" version="any" id="SE:020:ServiceLinkInJourneyPattern:TAXI_38360">
    <ServiceLinkRef ref="SE:020:ServiceLink:TAXI_9025020053922001_9025020053919701"/>
</ServiceLinkInJourneyPattern>
<ServiceLinkInJourneyPattern order="3" version="any" id="SE:020:ServiceLinkInJourneyPattern:TAXI_38361">
    <ServiceLinkRef ref="SE:020:ServiceLink:TAXI_9025020053919701_9025020053906202"/>
</ServiceLinkInJourneyPattern>
<ServiceLinkInJourneyPattern order="4" version="any" id="SE:020:ServiceLinkInJourneyPattern:TAXI_38362">
    <ServiceLinkRef ref="SE:020:ServiceLink:TAXI_9025020053906202_9025020053999101"/>
</ServiceLinkInJourneyPattern>
                            </linksInSequence>
                        </JourneyPattern>
                        <JourneyPattern version="any" id="SE:020:JourneyPattern:205339415000022072">
                            <RouteRef ref="SE:020:Route:205330000096881152" version="any"/>
                            <pointsInSequence>
<StopPointInJourneyPattern order="1" version="any" id="SE:020:StopPointInJourneyPattern:205339415000022072_205330000096881157">
    <ScheduledStopPointRef ref="SE:020:ScheduledStopPoint:9022020539991001"/>
    <ForAlighting>false</ForAlighting>
    <ForBoarding>true</ForBoarding>
    <DestinationDisplayRef ref="SE:020:DestinationDisplay:205330000096881169"/>
    <RequestStop>true</RequestStop>
</StopPointInJourneyPattern>
<StopPointInJourneyPattern order="2" version="any" id="SE:020:StopPointInJourneyPattern:205339415000022072_205330000096881158">
    <ScheduledStopPointRef ref="SE:020:ScheduledStopPoint:9022020539062001"/>
    <ForAlighting>true</ForAlighting>
    <ForBoarding>true</ForBoarding>
    <RequestStop>true</RequestStop>
</StopPointInJourneyPattern>
<StopPointInJourneyPattern order="3" version="any" id="SE:020:StopPointInJourneyPattern:205339415000022072_205330000096881159">
    <ScheduledStopPointRef ref="SE:020:ScheduledStopPoint:9022020539197001"/>
    <ForAlighting>true</ForAlighting>
    <ForBoarding>true</ForBoarding>
    <RequestStop>true</RequestStop>
</StopPointInJourneyPattern>
<StopPointInJourneyPattern order="4" version="any" id="SE:020:StopPointInJourneyPattern:205339415000022072_205330000096881160">
    <ScheduledStopPointRef ref="SE:020:ScheduledStopPoint:9022020539220001"/>
    <ForAlighting>true</ForAlighting>
    <ForBoarding>true</ForBoarding>
    <RequestStop>true</RequestStop>
</StopPointInJourneyPattern>
<StopPointInJourneyPattern order="5" version="any" id="SE:020:StopPointInJourneyPattern:205339415000022072_205330000096881161">
    <ScheduledStopPointRef ref="SE:020:ScheduledStopPoint:9022020539198001"/>
    <ForAlighting>true</ForAlighting>
    <ForBoarding>false</ForBoarding>
    <RequestStop>true</RequestStop>
</StopPointInJourneyPattern>
                            </pointsInSequence>
                            <linksInSequence>
<ServiceLinkInJourneyPattern order="1" version="any" id="SE:020:ServiceLinkInJourneyPattern:TAXI_38363">
    <ServiceLinkRef ref="SE:020:ServiceLink:TAXI_9025020053999101_9025020053906201"/>
</ServiceLinkInJourneyPattern>
<ServiceLinkInJourneyPattern order="2" version="any" id="SE:020:ServiceLinkInJourneyPattern:TAXI_38364">
    <ServiceLinkRef ref="SE:020:ServiceLink:TAXI_9025020053906201_9025020053919701"/>
</ServiceLinkInJourneyPattern>
<ServiceLinkInJourneyPattern order="3" version="any" id="SE:020:ServiceLinkInJourneyPattern:TAXI_38365">
    <ServiceLinkRef ref="SE:020:ServiceLink:TAXI_9025020053919701_9025020053922001"/>
</ServiceLinkInJourneyPattern>
<ServiceLinkInJourneyPattern order="4" version="any" id="SE:020:ServiceLinkInJourneyPattern:TAXI_38366">
    <ServiceLinkRef ref="SE:020:ServiceLink:TAXI_9025020053922001_9025020053919801"/>
</ServiceLinkInJourneyPattern>
                            </linksInSequence>
                        </JourneyPattern>
                    </journeyPatterns>
                </ServiceFrame>
                <TimetableFrame version="20241009025723" id="SE:020:TimetableFrame:9011020078700000">
                    <vehicleJourneys>
                        <ServiceJourney version="any" id="SE:020:ServiceJourney:205330000116445977">
                            <TransportMode>bus</TransportMode>
                            <TransportSubmode>
<BusSubmode>unknown</BusSubmode>
                            </TransportSubmode>
                            <dayTypes>
<DayTypeRef ref="SE:020:DayType:lvsiokc2t9s6uedj89ko6jkfou11aghp"/>
                            </dayTypes>
                            <JourneyPatternRef ref="SE:020:JourneyPattern:205339415000022072" version="any"/>
                            <OperatorRef ref="SE:020:Operator:9013020810000000"/>
                            <passingTimes>
<TimetabledPassingTime version="any" id="SE:020:TimetabledPassingTime:205330000116445970">
    <StopPointInJourneyPatternRef ref="SE:020:StopPointInJourneyPattern:205339415000022072_205330000096881157" version="any"/>
    <DepartureTime>09:00:00</DepartureTime>
</TimetabledPassingTime>
<TimetabledPassingTime version="any" id="SE:020:TimetabledPassingTime:205330000116445971">
    <StopPointInJourneyPatternRef ref="SE:020:StopPointInJourneyPattern:205339415000022072_205330000096881158" version="any"/>
    <ArrivalTime>10:00:00</ArrivalTime>
    <DepartureTime>10:00:00</DepartureTime>
</TimetabledPassingTime>
<TimetabledPassingTime version="any" id="SE:020:TimetabledPassingTime:205330000116445972">
    <StopPointInJourneyPatternRef ref="SE:020:StopPointInJourneyPattern:205339415000022072_205330000096881159" version="any"/>
    <ArrivalTime>10:02:00</ArrivalTime>
    <DepartureTime>10:02:00</DepartureTime>
</TimetabledPassingTime>
<TimetabledPassingTime version="any" id="SE:020:TimetabledPassingTime:205330000116445973">
    <StopPointInJourneyPatternRef ref="SE:020:StopPointInJourneyPattern:205339415000022072_205330000096881160" version="any"/>
    <ArrivalTime>10:03:00</ArrivalTime>
    <DepartureTime>10:03:00</DepartureTime>
</TimetabledPassingTime>
<TimetabledPassingTime version="any" id="SE:020:TimetabledPassingTime:205330000116445974">
    <StopPointInJourneyPatternRef ref="SE:020:StopPointInJourneyPattern:205339415000022072_205330000096881161" version="any"/>
    <ArrivalTime>10:05:00</ArrivalTime>
</TimetabledPassingTime>
                            </passingTimes>
                            <FlexibleServiceProperties>
<FlexibleServiceType>fixedPassingTimes</FlexibleServiceType>
<BookWhen>advanceOnly</BookWhen>
<BookingNote>Turen ska förbeställas senast 3 timmar före bussens avgångstid via telefon 0774-44 00 00.</BookingNote>
                            </FlexibleServiceProperties>
                        </ServiceJourney>
                        <ServiceJourney version="any" id="SE:020:ServiceJourney:205330000116445994">
                            <TransportMode>bus</TransportMode>
                            <TransportSubmode>
<BusSubmode>unknown</BusSubmode>
                            </TransportSubmode>
                            <dayTypes>
<DayTypeRef ref="SE:020:DayType:lvsiokc2t9s6uedj89ko6jkfou11aghp"/>
                            </dayTypes>
                            <JourneyPatternRef ref="SE:020:JourneyPattern:205339415000024689" version="any"/>
                            <OperatorRef ref="SE:020:Operator:9013020810000000"/>
                            <passingTimes>
<TimetabledPassingTime version="any" id="SE:020:TimetabledPassingTime:205330000116445987">
    <StopPointInJourneyPatternRef ref="SE:020:StopPointInJourneyPattern:205339415000024689_205330000096881178" version="any"/>
    <DepartureTime>11:35:00</DepartureTime>
</TimetabledPassingTime>
<TimetabledPassingTime version="any" id="SE:020:TimetabledPassingTime:205330000116445988">
    <StopPointInJourneyPatternRef ref="SE:020:StopPointInJourneyPattern:205339415000024689_205330000096881179" version="any"/>
    <ArrivalTime>11:37:00</ArrivalTime>
    <DepartureTime>11:37:00</DepartureTime>
</TimetabledPassingTime>
<TimetabledPassingTime version="any" id="SE:020:TimetabledPassingTime:205330000116445989">
    <StopPointInJourneyPatternRef ref="SE:020:StopPointInJourneyPattern:205339415000024689_205330000096881180" version="any"/>
    <ArrivalTime>11:39:00</ArrivalTime>
    <DepartureTime>11:39:00</DepartureTime>
</TimetabledPassingTime>
<TimetabledPassingTime version="any" id="SE:020:TimetabledPassingTime:205330000116445990">
    <StopPointInJourneyPatternRef ref="SE:020:StopPointInJourneyPattern:205339415000024689_205330000096881181" version="any"/>
    <ArrivalTime>11:41:00</ArrivalTime>
    <DepartureTime>11:41:00</DepartureTime>
</TimetabledPassingTime>
<TimetabledPassingTime version="any" id="SE:020:TimetabledPassingTime:205330000116445991">
    <StopPointInJourneyPatternRef ref="SE:020:StopPointInJourneyPattern:205339415000024689_205330000096881182" version="any"/>
    <ArrivalTime>12:41:00</ArrivalTime>
</TimetabledPassingTime>
                            </passingTimes>
                            <FlexibleServiceProperties>
<FlexibleServiceType>fixedPassingTimes</FlexibleServiceType>
<BookWhen>advanceOnly</BookWhen>
<BookingNote>Turen ska förbeställas senast 3 timmar före bussens avgångstid via telefon 0774-44 00 00.</BookingNote>
                            </FlexibleServiceProperties>
                        </ServiceJourney>
                    </vehicleJourneys>
                </TimetableFrame>
            </frames>
        </CompositeFrame>
    </dataObjects>
</PublicationDelivery>
