<?xml version="1.0" encoding="UTF-8" standalone="yes"?>
<PublicationDelivery xmlns="http://www.netex.org.uk/netex" xmlns:ns2="http://www.opengis.net/gml/3.2" xmlns:ns3="http://www.siri.org.uk/siri" xmlns:ns4="http://www.samtrafiken.se/netex" version="1.11:NO-NeTEx-networktimetable:1.3">
    <PublicationTimestamp>2024-10-09T02:57:23</PublicationTimestamp>
    <ParticipantRef>SAM</ParticipantRef>
    <dataObjects>
        <CompositeFrame created="2024-10-09T02:57:23" version="20241009025723" id="SE:020:CompositeFrame:9011020078500000">
            <ValidBetween>
                <FromDate>1970-01-01T00:00:00</FromDate>
            </ValidBetween>
            <codespaces>
                <Codespace id="SE:020">
                    <Xmlns>SE:020</Xmlns>
                    <XmlnsUrl>http://www.samtrafiken.se/ns/dt</XmlnsUrl>
                </Codespace>
            </codespaces>
            <FrameDefaults>
                <DefaultLocale>
                    <TimeZone>Europe/Stockholm</TimeZone>
                    <DefaultLanguage>se</DefaultLanguage>
                </DefaultLocale>
                <DefaultLocationSystem>4326</DefaultLocationSystem>
            </FrameDefaults>
            <frames>
                <ServiceFrame version="20241009025723" id="SE:020:ServiceFrame:9011020078500000">
                    <routes>
                        <Route version="any" id="SE:020:Route:205330000091712776">
                            <Name>Flextrafik</Name>
                            <LineRef ref="SE:020:Line:9011020078500000" version="190529"/>
                            <DirectionType>outbound</DirectionType>
                            <pointsInSequence>
<PointOnRoute order="1" version="any" id="SE:020:PointOnRoute:205330000091712781">
    <RoutePointRef ref="SE:020:RoutePoint:9022020539204001"/>
</PointOnRoute>
<PointOnRoute order="2" version="any" id="SE:020:PointOnRoute:205330000091712782">
    <RoutePointRef ref="SE:020:RoutePoint:9022020539205002"/>
</PointOnRoute>
<PointOnRoute order="3" version="any" id="SE:020:PointOnRoute:205330000091712783">
    <RoutePointRef ref="SE:020:RoutePoint:9022020539206002"/>
</PointOnRoute>
<PointOnRoute order="4" version="any" id="SE:020:PointOnRoute:205330000091712784">
    <RoutePointRef ref="SE:020:RoutePoint:9022020539076002"/>
</PointOnRoute>
<PointOnRoute order="5" version="any" id="SE:020:PointOnRoute:205330000091712785">
    <RoutePointRef ref="SE:020:RoutePoint:9022020539074002"/>
</PointOnRoute>
<PointOnRoute order="6" version="any" id="SE:020:PointOnRoute:205330000091712786">
    <RoutePointRef ref="SE:020:RoutePoint:9022020539073002"/>
</PointOnRoute>
<PointOnRoute order="7" version="any" id="SE:020:PointOnRoute:205330000091712787">
    <RoutePointRef ref="SE:020:RoutePoint:9022020539072002"/>
</PointOnRoute>
<PointOnRoute order="8" version="any" id="SE:020:PointOnRoute:205330000091712788">
    <RoutePointRef ref="SE:020:RoutePoint:9022020539052002"/>
</PointOnRoute>
<PointOnRoute order="9" version="any" id="SE:020:PointOnRoute:205330000091712789">
    <RoutePointRef ref="SE:020:RoutePoint:9022020539071002"/>
</PointOnRoute>
<PointOnRoute order="10" version="any" id="SE:020:PointOnRoute:205330000091712790">
    <RoutePointRef ref="SE:020:RoutePoint:9022020539070002"/>
</PointOnRoute>
<PointOnRoute order="11" version="any" id="SE:020:PointOnRoute:205330000091712791">
    <RoutePointRef ref="SE:020:RoutePoint:9022020539203001"/>
</PointOnRoute>
<PointOnRoute order="12" version="any" id="SE:020:PointOnRoute:205330000091712792">
    <RoutePointRef ref="SE:020:RoutePoint:9022020539075001"/>
</PointOnRoute>
<PointOnRoute order="13" version="any" id="SE:020:PointOnRoute:205330000091712793">
    <RoutePointRef ref="SE:020:RoutePoint:9022020539069002"/>
</PointOnRoute>
<PointOnRoute order="14" version="any" id="SE:020:PointOnRoute:205330000091712794">
    <RoutePointRef ref="SE:020:RoutePoint:9022020539068002"/>
</PointOnRoute>
<PointOnRoute order="15" version="any" id="SE:020:PointOnRoute:205330000091712795">
    <RoutePointRef ref="SE:020:RoutePoint:9022020539050002"/>
</PointOnRoute>
<PointOnRoute order="16" version="any" id="SE:020:PointOnRoute:205330000091712796">
    <RoutePointRef ref="SE:020:RoutePoint:9022020539061002"/>
</PointOnRoute>
<PointOnRoute order="17" version="any" id="SE:020:PointOnRoute:205330000091712797">
    <RoutePointRef ref="SE:020:RoutePoint:9022020539062002"/>
</PointOnRoute>
                            </pointsInSequence>
                        </Route>
                        <Route version="any" id="SE:020:Route:205330000090382066">
                            <Name>Flextrafik</Name>
                            <LineRef ref="SE:020:Line:9011020078500000" version="190529"/>
                            <DirectionType>inbound</DirectionType>
                            <pointsInSequence>
<PointOnRoute order="1" version="any" id="SE:020:PointOnRoute:205330000090382071">
    <RoutePointRef ref="SE:020:RoutePoint:9022020539062001"/>
</PointOnRoute>
<PointOnRoute order="2" version="any" id="SE:020:PointOnRoute:205330000090382072">
    <RoutePointRef ref="SE:020:RoutePoint:9022020539061001"/>
</PointOnRoute>
<PointOnRoute order="3" version="any" id="SE:020:PointOnRoute:205330000090382073">
    <RoutePointRef ref="SE:020:RoutePoint:9022020539050001"/>
</PointOnRoute>
<PointOnRoute order="4" version="any" id="SE:020:PointOnRoute:205330000090382074">
    <RoutePointRef ref="SE:020:RoutePoint:9022020539068001"/>
</PointOnRoute>
<PointOnRoute order="5" version="any" id="SE:020:PointOnRoute:205330000090382075">
    <RoutePointRef ref="SE:020:RoutePoint:9022020539069001"/>
</PointOnRoute>
<PointOnRoute order="6" version="any" id="SE:020:PointOnRoute:205330000090382076">
    <RoutePointRef ref="SE:020:RoutePoint:9022020539203001"/>
</PointOnRoute>
<PointOnRoute order="7" version="any" id="SE:020:PointOnRoute:205330000090382077">
    <RoutePointRef ref="SE:020:RoutePoint:9022020539075001"/>
</PointOnRoute>
<PointOnRoute order="8" version="any" id="SE:020:PointOnRoute:205330000090382078">
    <RoutePointRef ref="SE:020:RoutePoint:9022020539203002"/>
</PointOnRoute>
<PointOnRoute order="9" version="any" id="SE:020:PointOnRoute:205330000090382079">
    <RoutePointRef ref="SE:020:RoutePoint:9022020539070001"/>
</PointOnRoute>
<PointOnRoute order="10" version="any" id="SE:020:PointOnRoute:205330000090382080">
    <RoutePointRef ref="SE:020:RoutePoint:9022020539071001"/>
</PointOnRoute>
<PointOnRoute order="11" version="any" id="SE:020:PointOnRoute:205330000090382081">
    <RoutePointRef ref="SE:020:RoutePoint:9022020539052001"/>
</PointOnRoute>
<PointOnRoute order="12" version="any" id="SE:020:PointOnRoute:205330000090382082">
    <RoutePointRef ref="SE:020:RoutePoint:9022020539072001"/>
</PointOnRoute>
<PointOnRoute order="13" version="any" id="SE:020:PointOnRoute:205330000090382083">
    <RoutePointRef ref="SE:020:RoutePoint:9022020539073001"/>
</PointOnRoute>
<PointOnRoute order="14" version="any" id="SE:020:PointOnRoute:205330000090382084">
    <RoutePointRef ref="SE:020:RoutePoint:9022020539074001"/>
</PointOnRoute>
<PointOnRoute order="15" version="any" id="SE:020:PointOnRoute:205330000090382085">
    <RoutePointRef ref="SE:020:RoutePoint:9022020539076001"/>
</PointOnRoute>
<PointOnRoute order="16" version="any" id="SE:020:PointOnRoute:205330000090382086">
    <RoutePointRef ref="SE:020:RoutePoint:9022020539206001"/>
</PointOnRoute>
<PointOnRoute order="17" version="any" id="SE:020:PointOnRoute:205330000090382087">
    <RoutePointRef ref="SE:020:RoutePoint:9022020539205001"/>
</PointOnRoute>
<PointOnRoute order="18" version="any" id="SE:020:PointOnRoute:205330000090382088">
    <RoutePointRef ref="SE:020:RoutePoint:9022020539204001"/>
</PointOnRoute>
                            </pointsInSequence>
                        </Route>
                    </routes>
                    <lines>
                        <Line version="190529" id="SE:020:Line:9011020078500000">
                            <ValidBetween>
<FromDate>2019-05-29T00:00:00</FromDate>
                            </ValidBetween>
                            <Name>785</Name>
                            <TransportMode>taxi</TransportMode>
                            <PublicCode>785</PublicCode>
                            <PrivateCode>785</PrivateCode>
                            <RepresentedByGroupRef ref="SE:020:Network:9010020000000000"/>
                        </Line>
                    </lines>
                    <journeyPatterns>
                        <JourneyPattern version="any" id="SE:020:JourneyPattern:205339415000020073">
                            <RouteRef ref="SE:020:Route:205330000091712776" version="any"/>
                            <pointsInSequence>
<StopPointInJourneyPattern order="1" version="any" id="SE:020:StopPointInJourneyPattern:205339415000020073_205330000091712781">
    <ScheduledStopPointRef ref="SE:020:ScheduledStopPoint:9022020539204001"/>
    <ForAlighting>false</ForAlighting>
    <ForBoarding>true</ForBoarding>
    <DestinationDisplayRef ref="SE:020:DestinationDisplay:205330000091712805"/>
    <RequestStop>true</RequestStop>
</StopPointInJourneyPattern>
<StopPointInJourneyPattern order="2" version="any" id="SE:020:StopPointInJourneyPattern:205339415000020073_205330000091712782">
    <ScheduledStopPointRef ref="SE:020:ScheduledStopPoint:9022020539205002"/>
    <ForAlighting>true</ForAlighting>
    <ForBoarding>true</ForBoarding>
    <RequestStop>true</RequestStop>
</StopPointInJourneyPattern>
<StopPointInJourneyPattern order="3" version="any" id="SE:020:StopPointInJourneyPattern:205339415000020073_205330000091712783">
    <ScheduledStopPointRef ref="SE:020:ScheduledStopPoint:9022020539206002"/>
    <ForAlighting>true</ForAlighting>
    <ForBoarding>true</ForBoarding>
    <RequestStop>true</RequestStop>
</StopPointInJourneyPattern>
<StopPointInJourneyPattern order="4" version="any" id="SE:020:StopPointInJourneyPattern:205339415000020073_205330000091712784">
    <ScheduledStopPointRef ref="SE:020:ScheduledStopPoint:9022020539076002"/>
    <ForAlighting>true</ForAlighting>
    <ForBoarding>true</ForBoarding>
    <RequestStop>true</RequestStop>
</StopPointInJourneyPattern>
<StopPointInJourneyPattern order="5" version="any" id="SE:020:StopPointInJourneyPattern:205339415000020073_205330000091712785">
    <ScheduledStopPointRef ref="SE:020:ScheduledStopPoint:9022020539074002"/>
    <ForAlighting>true</ForAlighting>
    <ForBoarding>true</ForBoarding>
    <RequestStop>true</RequestStop>
</StopPointInJourneyPattern>
<StopPointInJourneyPattern order="6" version="any" id="SE:020:StopPointInJourneyPattern:205339415000020073_205330000091712786">
    <ScheduledStopPointRef ref="SE:020:ScheduledStopPoint:9022020539073002"/>
    <ForAlighting>true</ForAlighting>
    <ForBoarding>true</ForBoarding>
    <RequestStop>true</RequestStop>
</StopPointInJourneyPattern>
<StopPointInJourneyPattern order="7" version="any" id="SE:020:StopPointInJourneyPattern:205339415000020073_205330000091712787">
    <ScheduledStopPointRef ref="SE:020:ScheduledStopPoint:9022020539072002"/>
    <ForAlighting>true</ForAlighting>
    <ForBoarding>true</ForBoarding>
    <RequestStop>true</RequestStop>
</StopPointInJourneyPattern>
<StopPointInJourneyPattern order="8" version="any" id="SE:020:StopPointInJourneyPattern:205339415000020073_205330000091712788">
    <ScheduledStopPointRef ref="SE:020:ScheduledStopPoint:9022020539052002"/>
    <ForAlighting>true</ForAlighting>
    <ForBoarding>true</ForBoarding>
    <RequestStop>true</RequestStop>
</StopPointInJourneyPattern>
<StopPointInJourneyPattern order="9" version="any" id="SE:020:StopPointInJourneyPattern:205339415000020073_205330000091712789">
    <ScheduledStopPointRef ref="SE:020:ScheduledStopPoint:9022020539071002"/>
    <ForAlighting>true</ForAlighting>
    <ForBoarding>true</ForBoarding>
    <RequestStop>true</RequestStop>
</StopPointInJourneyPattern>
<StopPointInJourneyPattern order="10" version="any" id="SE:020:StopPointInJourneyPattern:205339415000020073_205330000091712790">
    <ScheduledStopPointRef ref="SE:020:ScheduledStopPoint:9022020539070002"/>
    <ForAlighting>true</ForAlighting>
    <ForBoarding>true</ForBoarding>
    <RequestStop>true</RequestStop>
</StopPointInJourneyPattern>
<StopPointInJourneyPattern order="11" version="any" id="SE:020:StopPointInJourneyPattern:205339415000020073_205330000091712791">
    <ScheduledStopPointRef ref="SE:020:ScheduledStopPoint:9022020539203001"/>
    <ForAlighting>true</ForAlighting>
    <ForBoarding>true</ForBoarding>
    <RequestStop>true</RequestStop>
</StopPointInJourneyPattern>
<StopPointInJourneyPattern order="12" version="any" id="SE:020:StopPointInJourneyPattern:205339415000020073_205330000091712792">
    <ScheduledStopPointRef ref="SE:020:ScheduledStopPoint:9022020539075001"/>
    <ForAlighting>true</ForAlighting>
    <ForBoarding>true</ForBoarding>
    <RequestStop>true</RequestStop>
</StopPointInJourneyPattern>
<StopPointInJourneyPattern order="13" version="any" id="SE:020:StopPointInJourneyPattern:205339415000020073_205330000091712793">
    <ScheduledStopPointRef ref="SE:020:ScheduledStopPoint:9022020539069002"/>
    <ForAlighting>true</ForAlighting>
    <ForBoarding>true</ForBoarding>
    <RequestStop>true</RequestStop>
</StopPointInJourneyPattern>
<StopPointInJourneyPattern order="14" version="any" id="SE:020:StopPointInJourneyPattern:205339415000020073_205330000091712794">
    <ScheduledStopPointRef ref="SE:020:ScheduledStopPoint:9022020539068002"/>
    <ForAlighting>true</ForAlighting>
    <ForBoarding>true</ForBoarding>
    <RequestStop>true</RequestStop>
</StopPointInJourneyPattern>
<StopPointInJourneyPattern order="15" version="any" id="SE:020:StopPointInJourneyPattern:205339415000020073_205330000091712795">
    <ScheduledStopPointRef ref="SE:020:ScheduledStopPoint:9022020539050002"/>
    <ForAlighting>true</ForAlighting>
    <ForBoarding>true</ForBoarding>
    <RequestStop>true</RequestStop>
</StopPointInJourneyPattern>
<StopPointInJourneyPattern order="16" version="any" id="SE:020:StopPointInJourneyPattern:205339415000020073_205330000091712796">
    <ScheduledStopPointRef ref="SE:020:ScheduledStopPoint:9022020539061002"/>
    <ForAlighting>true</ForAlighting>
    <ForBoarding>true</ForBoarding>
    <RequestStop>true</RequestStop>
</StopPointInJourneyPattern>
<StopPointInJourneyPattern order="17" version="any" id="SE:020:StopPointInJourneyPattern:205339415000020073_205330000091712797">
    <ScheduledStopPointRef ref="SE:020:ScheduledStopPoint:9022020539062002"/>
    <ForAlighting>true</ForAlighting>
    <ForBoarding>false</ForBoarding>
    <RequestStop>true</RequestStop>
</StopPointInJourneyPattern>
                            </pointsInSequence>
                            <linksInSequence>
<ServiceLinkInJourneyPattern order="1" version="any" id="SE:020:ServiceLinkInJourneyPattern:TAXI_38310">
    <ServiceLinkRef ref="SE:020:ServiceLink:TAXI_9025020053920401_9025020053920502"/>
</ServiceLinkInJourneyPattern>
<ServiceLinkInJourneyPattern order="2" version="any" id="SE:020:ServiceLinkInJourneyPattern:TAXI_38311">
    <ServiceLinkRef ref="SE:020:ServiceLink:TAXI_9025020053920502_9025020053920602"/>
</ServiceLinkInJourneyPattern>
<ServiceLinkInJourneyPattern order="3" version="any" id="SE:020:ServiceLinkInJourneyPattern:TAXI_38312">
    <ServiceLinkRef ref="SE:020:ServiceLink:TAXI_9025020053920602_9025020053907602"/>
</ServiceLinkInJourneyPattern>
<ServiceLinkInJourneyPattern order="4" version="any" id="SE:020:ServiceLinkInJourneyPattern:TAXI_38313">
    <ServiceLinkRef ref="SE:020:ServiceLink:TAXI_9025020053907602_9025020053907402"/>
</ServiceLinkInJourneyPattern>
<ServiceLinkInJourneyPattern order="5" version="any" id="SE:020:ServiceLinkInJourneyPattern:TAXI_38314">
    <ServiceLinkRef ref="SE:020:ServiceLink:TAXI_9025020053907402_9025020053907302"/>
</ServiceLinkInJourneyPattern>
<ServiceLinkInJourneyPattern order="6" version="any" id="SE:020:ServiceLinkInJourneyPattern:TAXI_38315">
    <ServiceLinkRef ref="SE:020:ServiceLink:TAXI_9025020053907302_9025020053907202"/>
</ServiceLinkInJourneyPattern>
<ServiceLinkInJourneyPattern order="7" version="any" id="SE:020:ServiceLinkInJourneyPattern:TAXI_38316">
    <ServiceLinkRef ref="SE:020:ServiceLink:TAXI_9025020053907202_9025020053905202"/>
</ServiceLinkInJourneyPattern>
<ServiceLinkInJourneyPattern order="8" version="any" id="SE:020:ServiceLinkInJourneyPattern:TAXI_38317">
    <ServiceLinkRef ref="SE:020:ServiceLink:TAXI_9025020053905202_9025020053907102"/>
</ServiceLinkInJourneyPattern>
<ServiceLinkInJourneyPattern order="9" version="any" id="SE:020:ServiceLinkInJourneyPattern:TAXI_38318">
    <ServiceLinkRef ref="SE:020:ServiceLink:TAXI_9025020053907102_9025020053907002"/>
</ServiceLinkInJourneyPattern>
<ServiceLinkInJourneyPattern order="10" version="any" id="SE:020:ServiceLinkInJourneyPattern:TAXI_38319">
    <ServiceLinkRef ref="SE:020:ServiceLink:TAXI_9025020053907002_9025020053920301"/>
</ServiceLinkInJourneyPattern>
<ServiceLinkInJourneyPattern order="11" version="any" id="SE:020:ServiceLinkInJourneyPattern:TAXI_38320">
    <ServiceLinkRef ref="SE:020:ServiceLink:TAXI_9025020053920301_9025020053907501"/>
</ServiceLinkInJourneyPattern>
<ServiceLinkInJourneyPattern order="12" version="any" id="SE:020:ServiceLinkInJourneyPattern:TAXI_38321">
    <ServiceLinkRef ref="SE:020:ServiceLink:TAXI_9025020053907501_9025020053906902"/>
</ServiceLinkInJourneyPattern>
<ServiceLinkInJourneyPattern order="13" version="any" id="SE:020:ServiceLinkInJourneyPattern:TAXI_38322">
    <ServiceLinkRef ref="SE:020:ServiceLink:TAXI_9025020053906902_9025020053906802"/>
</ServiceLinkInJourneyPattern>
<ServiceLinkInJourneyPattern order="14" version="any" id="SE:020:ServiceLinkInJourneyPattern:TAXI_38323">
    <ServiceLinkRef ref="SE:020:ServiceLink:TAXI_9025020053906802_9025020053905002"/>
</ServiceLinkInJourneyPattern>
<ServiceLinkInJourneyPattern order="15" version="any" id="SE:020:ServiceLinkInJourneyPattern:TAXI_38324">
    <ServiceLinkRef ref="SE:020:ServiceLink:TAXI_9025020053905002_9025020053906102"/>
</ServiceLinkInJourneyPattern>
<ServiceLinkInJourneyPattern order="16" version="any" id="SE:020:ServiceLinkInJourneyPattern:TAXI_38325">
    <ServiceLinkRef ref="SE:020:ServiceLink:TAXI_9025020053906102_9025020053906202"/>
</ServiceLinkInJourneyPattern>
                            </linksInSequence>
                        </JourneyPattern>
                        <JourneyPattern version="any" id="SE:020:JourneyPattern:205339415000019518">
                            <RouteRef ref="SE:020:Route:205330000090382066" version="any"/>
                            <pointsInSequence>
<StopPointInJourneyPattern order="1" version="any" id="SE:020:StopPointInJourneyPattern:205339415000019518_205330000090382071">
    <ScheduledStopPointRef ref="SE:020:ScheduledStopPoint:9022020539062001"/>
    <ForAlighting>false</ForAlighting>
    <ForBoarding>true</ForBoarding>
    <DestinationDisplayRef ref="SE:020:DestinationDisplay:205330000090382096"/>
    <RequestStop>true</RequestStop>
</StopPointInJourneyPattern>
<StopPointInJourneyPattern order="2" version="any" id="SE:020:StopPointInJourneyPattern:205339415000019518_205330000090382072">
    <ScheduledStopPointRef ref="SE:020:ScheduledStopPoint:9022020539061001"/>
    <ForAlighting>true</ForAlighting>
    <ForBoarding>true</ForBoarding>
    <RequestStop>true</RequestStop>
</StopPointInJourneyPattern>
<StopPointInJourneyPattern order="3" version="any" id="SE:020:StopPointInJourneyPattern:205339415000019518_205330000090382073">
    <ScheduledStopPointRef ref="SE:020:ScheduledStopPoint:9022020539050001"/>
    <ForAlighting>true</ForAlighting>
    <ForBoarding>true</ForBoarding>
    <RequestStop>true</RequestStop>
</StopPointInJourneyPattern>
<StopPointInJourneyPattern order="4" version="any" id="SE:020:StopPointInJourneyPattern:205339415000019518_205330000090382074">
    <ScheduledStopPointRef ref="SE:020:ScheduledStopPoint:9022020539068001"/>
    <ForAlighting>true</ForAlighting>
    <ForBoarding>true</ForBoarding>
    <RequestStop>true</RequestStop>
</StopPointInJourneyPattern>
<StopPointInJourneyPattern order="5" version="any" id="SE:020:StopPointInJourneyPattern:205339415000019518_205330000090382075">
    <ScheduledStopPointRef ref="SE:020:ScheduledStopPoint:9022020539069001"/>
    <ForAlighting>true</ForAlighting>
    <ForBoarding>true</ForBoarding>
    <RequestStop>true</RequestStop>
</StopPointInJourneyPattern>
<StopPointInJourneyPattern order="6" version="any" id="SE:020:StopPointInJourneyPattern:205339415000019518_205330000090382076">
    <ScheduledStopPointRef ref="SE:020:ScheduledStopPoint:9022020539203001"/>
    <ForAlighting>true</ForAlighting>
    <ForBoarding>true</ForBoarding>
    <RequestStop>true</RequestStop>
</StopPointInJourneyPattern>
<StopPointInJourneyPattern order="7" version="any" id="SE:020:StopPointInJourneyPattern:205339415000019518_205330000090382077">
    <ScheduledStopPointRef ref="SE:020:ScheduledStopPoint:9022020539075001"/>
    <ForAlighting>true</ForAlighting>
    <ForBoarding>true</ForBoarding>
    <RequestStop>true</RequestStop>
</StopPointInJourneyPattern>
<StopPointInJourneyPattern order="8" version="any" id="SE:020:StopPointInJourneyPattern:205339415000019518_205330000090382078">
    <ScheduledStopPointRef ref="SE:020:ScheduledStopPoint:9022020539203002"/>
    <ForAlighting>true</ForAlighting>
    <ForBoarding>true</ForBoarding>
    <RequestStop>true</RequestStop>
</StopPointInJourneyPattern>
<StopPointInJourneyPattern order="9" version="any" id="SE:020:StopPointInJourneyPattern:205339415000019518_205330000090382079">
    <ScheduledStopPointRef ref="SE:020:ScheduledStopPoint:9022020539070001"/>
    <ForAlighting>true</ForAlighting>
    <ForBoarding>true</ForBoarding>
    <RequestStop>true</RequestStop>
</StopPointInJourneyPattern>
<StopPointInJourneyPattern order="10" version="any" id="SE:020:StopPointInJourneyPattern:205339415000019518_205330000090382080">
    <ScheduledStopPointRef ref="SE:020:ScheduledStopPoint:9022020539071001"/>
    <ForAlighting>true</ForAlighting>
    <ForBoarding>true</ForBoarding>
    <RequestStop>true</RequestStop>
</StopPointInJourneyPattern>
<StopPointInJourneyPattern order="11" version="any" id="SE:020:StopPointInJourneyPattern:205339415000019518_205330000090382081">
    <ScheduledStopPointRef ref="SE:020:ScheduledStopPoint:9022020539052001"/>
    <ForAlighting>true</ForAlighting>
    <ForBoarding>true</ForBoarding>
    <RequestStop>true</RequestStop>
</StopPointInJourneyPattern>
<StopPointInJourneyPattern order="12" version="any" id="SE:020:StopPointInJourneyPattern:205339415000019518_205330000090382082">
    <ScheduledStopPointRef ref="SE:020:ScheduledStopPoint:9022020539072001"/>
    <ForAlighting>true</ForAlighting>
    <ForBoarding>true</ForBoarding>
    <RequestStop>true</RequestStop>
</StopPointInJourneyPattern>
<StopPointInJourneyPattern order="13" version="any" id="SE:020:StopPointInJourneyPattern:205339415000019518_205330000090382083">
    <ScheduledStopPointRef ref="SE:020:ScheduledStopPoint:9022020539073001"/>
    <ForAlighting>true</ForAlighting>
    <ForBoarding>true</ForBoarding>
    <RequestStop>true</RequestStop>
</StopPointInJourneyPattern>
<StopPointInJourneyPattern order="14" version="any" id="SE:020:StopPointInJourneyPattern:205339415000019518_205330000090382084">
    <ScheduledStopPointRef ref="SE:020:ScheduledStopPoint:9022020539074001"/>
    <ForAlighting>true</ForAlighting>
    <ForBoarding>true</ForBoarding>
    <RequestStop>true</RequestStop>
</StopPointInJourneyPattern>
<StopPointInJourneyPattern order="15" version="any" id="SE:020:StopPointInJourneyPattern:205339415000019518_205330000090382085">
    <ScheduledStopPointRef ref="SE:020:ScheduledStopPoint:9022020539076001"/>
    <ForAlighting>true</ForAlighting>
    <ForBoarding>true</ForBoarding>
    <RequestStop>true</RequestStop>
</StopPointInJourneyPattern>
<StopPointInJourneyPattern order="16" version="any" id="SE:020:StopPointInJourneyPattern:205339415000019518_205330000090382086">
    <ScheduledStopPointRef ref="SE:020:ScheduledStopPoint:9022020539206001"/>
    <ForAlighting>true</ForAlighting>
    <ForBoarding>true</ForBoarding>
    <RequestStop>true</RequestStop>
</StopPointInJourneyPattern>
<StopPointInJourneyPattern order="17" version="any" id="SE:020:StopPointInJourneyPattern:205339415000019518_205330000090382087">
    <ScheduledStopPointRef ref="SE:020:ScheduledStopPoint:9022020539205001"/>
    <ForAlighting>true</ForAlighting>
    <ForBoarding>true</ForBoarding>
    <RequestStop>true</RequestStop>
</StopPointInJourneyPattern>
<StopPointInJourneyPattern order="18" version="any" id="SE:020:StopPointInJourneyPattern:205339415000019518_205330000090382088">
    <ScheduledStopPointRef ref="SE:020:ScheduledStopPoint:9022020539204001"/>
    <ForAlighting>true</ForAlighting>
    <ForBoarding>false</ForBoarding>
    <RequestStop>true</RequestStop>
</StopPointInJourneyPattern>
                            </pointsInSequence>
                            <linksInSequence>
<ServiceLinkInJourneyPattern order="1" version="any" id="SE:020:ServiceLinkInJourneyPattern:TAXI_38326">
    <ServiceLinkRef ref="SE:020:ServiceLink:TAXI_9025020053906201_9025020053906101"/>
</ServiceLinkInJourneyPattern>
<ServiceLinkInJourneyPattern order="2" version="any" id="SE:020:ServiceLinkInJourneyPattern:TAXI_38327">
    <ServiceLinkRef ref="SE:020:ServiceLink:TAXI_9025020053906101_9025020053905001"/>
</ServiceLinkInJourneyPattern>
<ServiceLinkInJourneyPattern order="3" version="any" id="SE:020:ServiceLinkInJourneyPattern:TAXI_38328">
    <ServiceLinkRef ref="SE:020:ServiceLink:TAXI_9025020053905001_9025020053906801"/>
</ServiceLinkInJourneyPattern>
<ServiceLinkInJourneyPattern order="4" version="any" id="SE:020:ServiceLinkInJourneyPattern:TAXI_38329">
    <ServiceLinkRef ref="SE:020:ServiceLink:TAXI_9025020053906801_9025020053906901"/>
</ServiceLinkInJourneyPattern>
<ServiceLinkInJourneyPattern order="5" version="any" id="SE:020:ServiceLinkInJourneyPattern:TAXI_38330">
    <ServiceLinkRef ref="SE:020:ServiceLink:TAXI_9025020053906901_9025020053920301"/>
</ServiceLinkInJourneyPattern>
<ServiceLinkInJourneyPattern order="6" version="any" id="SE:020:ServiceLinkInJourneyPattern:TAXI_38331">
    <ServiceLinkRef ref="SE:020:ServiceLink:TAXI_9025020053920301_9025020053907501"/>
</ServiceLinkInJourneyPattern>
<ServiceLinkInJourneyPattern order="7" version="any" id="SE:020:ServiceLinkInJourneyPattern:TAXI_38332">
    <ServiceLinkRef ref="SE:020:ServiceLink:TAXI_9025020053907501_9025020053920302"/>
</ServiceLinkInJourneyPattern>
<ServiceLinkInJourneyPattern order="8" version="any" id="SE:020:ServiceLinkInJourneyPattern:TAXI_38333">
    <ServiceLinkRef ref="SE:020:ServiceLink:TAXI_9025020053920302_9025020053907001"/>
</ServiceLinkInJourneyPattern>
<ServiceLinkInJourneyPattern order="9" version="any" id="SE:020:ServiceLinkInJourneyPattern:TAXI_38334">
    <ServiceLinkRef ref="SE:020:ServiceLink:TAXI_9025020053907001_9025020053907101"/>
</ServiceLinkInJourneyPattern>
<ServiceLinkInJourneyPattern order="10" version="any" id="SE:020:ServiceLinkInJourneyPattern:TAXI_38335">
    <ServiceLinkRef ref="SE:020:ServiceLink:TAXI_9025020053907101_9025020053905201"/>
</ServiceLinkInJourneyPattern>
<ServiceLinkInJourneyPattern order="11" version="any" id="SE:020:ServiceLinkInJourneyPattern:TAXI_38336">
    <ServiceLinkRef ref="SE:020:ServiceLink:TAXI_9025020053905201_9025020053907201"/>
</ServiceLinkInJourneyPattern>
<ServiceLinkInJourneyPattern order="12" version="any" id="SE:020:ServiceLinkInJourneyPattern:TAXI_38337">
    <ServiceLinkRef ref="SE:020:ServiceLink:TAXI_9025020053907201_9025020053907301"/>
</ServiceLinkInJourneyPattern>
<ServiceLinkInJourneyPattern order="13" version="any" id="SE:020:ServiceLinkInJourneyPattern:TAXI_38338">
    <ServiceLinkRef ref="SE:020:ServiceLink:TAXI_9025020053907301_9025020053907401"/>
</ServiceLinkInJourneyPattern>
<ServiceLinkInJourneyPattern order="14" version="any" id="SE:020:ServiceLinkInJourneyPattern:TAXI_38339">
    <ServiceLinkRef ref="SE:020:ServiceLink:TAXI_9025020053907401_9025020053907601"/>
</ServiceLinkInJourneyPattern>
<ServiceLinkInJourneyPattern order="15" version="any" id="SE:020:ServiceLinkInJourneyPattern:TAXI_38340">
    <ServiceLinkRef ref="SE:020:ServiceLink:TAXI_9025020053907601_9025020053920601"/>
</ServiceLinkInJourneyPattern>
<ServiceLinkInJourneyPattern order="16" version="any" id="SE:020:ServiceLinkInJourneyPattern:TAXI_38341">
    <ServiceLinkRef ref="SE:020:ServiceLink:TAXI_9025020053920601_9025020053920501"/>
</ServiceLinkInJourneyPattern>
<ServiceLinkInJourneyPattern order="17" version="any" id="SE:020:ServiceLinkInJourneyPattern:TAXI_38342">
    <ServiceLinkRef ref="SE:020:ServiceLink:TAXI_9025020053920501_9025020053920401"/>
</ServiceLinkInJourneyPattern>
                            </linksInSequence>
                        </JourneyPattern>
                    </journeyPatterns>
                </ServiceFrame>
                <TimetableFrame version="20241009025723" id="SE:020:TimetableFrame:9011020078500000">
                    <vehicleJourneys>
                        <ServiceJourney version="any" id="SE:020:ServiceJourney:205330000113220719">
                            <TransportMode>bus</TransportMode>
                            <TransportSubmode>
<BusSubmode>unknown</BusSubmode>
                            </TransportSubmode>
                            <dayTypes>
<DayTypeRef ref="SE:020:DayType:307pj9abcf51sh6fua920i71q5gagge7"/>
                            </dayTypes>
                            <JourneyPatternRef ref="SE:020:JourneyPattern:205339415000020073" version="any"/>
                            <OperatorRef ref="SE:020:Operator:9013020810000000"/>
                            <passingTimes>
<TimetabledPassingTime version="any" id="SE:020:TimetabledPassingTime:205330000113220700">
    <StopPointInJourneyPatternRef ref="SE:020:StopPointInJourneyPattern:205339415000020073_205330000091712781" version="any"/>
    <DepartureTime>10:35:00</DepartureTime>
</TimetabledPassingTime>
<TimetabledPassingTime version="any" id="SE:020:TimetabledPassingTime:205330000113220701">
    <StopPointInJourneyPatternRef ref="SE:020:StopPointInJourneyPattern:205339415000020073_205330000091712782" version="any"/>
    <ArrivalTime>10:35:35</ArrivalTime>
    <DepartureTime>10:35:35</DepartureTime>
</TimetabledPassingTime>
<TimetabledPassingTime version="any" id="SE:020:TimetabledPassingTime:205330000113220702">
    <StopPointInJourneyPatternRef ref="SE:020:StopPointInJourneyPattern:205339415000020073_205330000091712783" version="any"/>
    <ArrivalTime>10:38:18</ArrivalTime>
    <DepartureTime>10:38:18</DepartureTime>
</TimetabledPassingTime>
<TimetabledPassingTime version="any" id="SE:020:TimetabledPassingTime:205330000113220703">
    <StopPointInJourneyPatternRef ref="SE:020:StopPointInJourneyPattern:205339415000020073_205330000091712784" version="any"/>
    <ArrivalTime>10:40:00</ArrivalTime>
    <DepartureTime>10:40:00</DepartureTime>
</TimetabledPassingTime>
<TimetabledPassingTime version="any" id="SE:020:TimetabledPassingTime:205330000113220704">
    <StopPointInJourneyPatternRef ref="SE:020:StopPointInJourneyPattern:205339415000020073_205330000091712785" version="any"/>
    <ArrivalTime>10:40:52</ArrivalTime>
    <DepartureTime>10:40:52</DepartureTime>
</TimetabledPassingTime>
<TimetabledPassingTime version="any" id="SE:020:TimetabledPassingTime:205330000113220705">
    <StopPointInJourneyPatternRef ref="SE:020:StopPointInJourneyPattern:205339415000020073_205330000091712786" version="any"/>
    <ArrivalTime>10:46:35</ArrivalTime>
    <DepartureTime>10:46:35</DepartureTime>
</TimetabledPassingTime>
<TimetabledPassingTime version="any" id="SE:020:TimetabledPassingTime:205330000113220706">
    <StopPointInJourneyPatternRef ref="SE:020:StopPointInJourneyPattern:205339415000020073_205330000091712787" version="any"/>
    <ArrivalTime>10:53:21</ArrivalTime>
    <DepartureTime>10:53:21</DepartureTime>
</TimetabledPassingTime>
<TimetabledPassingTime version="any" id="SE:020:TimetabledPassingTime:205330000113220707">
    <StopPointInJourneyPatternRef ref="SE:020:StopPointInJourneyPattern:205339415000020073_205330000091712788" version="any"/>
    <ArrivalTime>10:57:00</ArrivalTime>
    <DepartureTime>10:57:00</DepartureTime>
</TimetabledPassingTime>
<TimetabledPassingTime version="any" id="SE:020:TimetabledPassingTime:205330000113220708">
    <StopPointInJourneyPatternRef ref="SE:020:StopPointInJourneyPattern:205339415000020073_205330000091712789" version="any"/>
    <ArrivalTime>11:00:37</ArrivalTime>
    <DepartureTime>11:00:37</DepartureTime>
</TimetabledPassingTime>
<TimetabledPassingTime version="any" id="SE:020:TimetabledPassingTime:205330000113220709">
    <StopPointInJourneyPatternRef ref="SE:020:StopPointInJourneyPattern:205339415000020073_205330000091712790" version="any"/>
    <ArrivalTime>11:02:29</ArrivalTime>
    <DepartureTime>11:02:29</DepartureTime>
</TimetabledPassingTime>
<TimetabledPassingTime version="any" id="SE:020:TimetabledPassingTime:205330000113220710">
    <StopPointInJourneyPatternRef ref="SE:020:StopPointInJourneyPattern:205339415000020073_205330000091712791" version="any"/>
    <ArrivalTime>11:06:31</ArrivalTime>
    <DepartureTime>11:06:31</DepartureTime>
</TimetabledPassingTime>
<TimetabledPassingTime version="any" id="SE:020:TimetabledPassingTime:205330000113220711">
    <StopPointInJourneyPatternRef ref="SE:020:StopPointInJourneyPattern:205339415000020073_205330000091712792" version="any"/>
    <ArrivalTime>11:12:00</ArrivalTime>
    <DepartureTime>11:12:00</DepartureTime>
</TimetabledPassingTime>
<TimetabledPassingTime version="any" id="SE:020:TimetabledPassingTime:205330000113220712">
    <StopPointInJourneyPatternRef ref="SE:020:StopPointInJourneyPattern:205339415000020073_205330000091712793" version="any"/>
    <ArrivalTime>11:18:00</ArrivalTime>
    <DepartureTime>11:18:00</DepartureTime>
</TimetabledPassingTime>
<TimetabledPassingTime version="any" id="SE:020:TimetabledPassingTime:205330000113220713">
    <StopPointInJourneyPatternRef ref="SE:020:StopPointInJourneyPattern:205339415000020073_205330000091712794" version="any"/>
    <ArrivalTime>11:18:21</ArrivalTime>
    <DepartureTime>11:18:21</DepartureTime>
</TimetabledPassingTime>
<TimetabledPassingTime version="any" id="SE:020:TimetabledPassingTime:205330000113220714">
    <StopPointInJourneyPatternRef ref="SE:020:StopPointInJourneyPattern:205339415000020073_205330000091712795" version="any"/>
    <ArrivalTime>11:40:09</ArrivalTime>
    <DepartureTime>11:40:09</DepartureTime>
</TimetabledPassingTime>
<TimetabledPassingTime version="any" id="SE:020:TimetabledPassingTime:205330000113220715">
    <StopPointInJourneyPatternRef ref="SE:020:StopPointInJourneyPattern:205339415000020073_205330000091712796" version="any"/>
    <ArrivalTime>11:41:20</ArrivalTime>
    <DepartureTime>11:41:20</DepartureTime>
</TimetabledPassingTime>
<TimetabledPassingTime version="any" id="SE:020:TimetabledPassingTime:205330000113220716">
    <StopPointInJourneyPatternRef ref="SE:020:StopPointInJourneyPattern:205339415000020073_205330000091712797" version="any"/>
    <ArrivalTime>11:45:00</ArrivalTime>
</TimetabledPassingTime>
                            </passingTimes>
                            <FlexibleServiceProperties>
<FlexibleServiceType>fixedPassingTimes</FlexibleServiceType>
<BookWhen>advanceOnly</BookWhen>
<BookingNote>Turen ska förbeställas senast 3 timmar före bussens avgångstid, gäller i vår app Dalatrafik eller via telefon 0774-44 00 00.</BookingNote>
                            </FlexibleServiceProperties>
                        </ServiceJourney>
                        <ServiceJourney version="any" id="SE:020:ServiceJourney:205330000113220745">
                            <TransportMode>bus</TransportMode>
                            <TransportSubmode>
<BusSubmode>unknown</BusSubmode>
                            </TransportSubmode>
                            <dayTypes>
<DayTypeRef ref="SE:020:DayType:307pj9abcf51sh6fua920i71q5gagge7"/>
                            </dayTypes>
                            <JourneyPatternRef ref="SE:020:JourneyPattern:205339415000020073" version="any"/>
                            <OperatorRef ref="SE:020:Operator:9013020810000000"/>
                            <passingTimes>
<TimetabledPassingTime version="any" id="SE:020:TimetabledPassingTime:205330000113220726">
    <StopPointInJourneyPatternRef ref="SE:020:StopPointInJourneyPattern:205339415000020073_205330000091712781" version="any"/>
    <DepartureTime>14:30:00</DepartureTime>
</TimetabledPassingTime>
<TimetabledPassingTime version="any" id="SE:020:TimetabledPassingTime:205330000113220727">
    <StopPointInJourneyPatternRef ref="SE:020:StopPointInJourneyPattern:205339415000020073_205330000091712782" version="any"/>
    <ArrivalTime>14:30:35</ArrivalTime>
    <DepartureTime>14:30:35</DepartureTime>
</TimetabledPassingTime>
<TimetabledPassingTime version="any" id="SE:020:TimetabledPassingTime:205330000113220728">
    <StopPointInJourneyPatternRef ref="SE:020:StopPointInJourneyPattern:205339415000020073_205330000091712783" version="any"/>
    <ArrivalTime>14:33:18</ArrivalTime>
    <DepartureTime>14:33:18</DepartureTime>
</TimetabledPassingTime>
<TimetabledPassingTime version="any" id="SE:020:TimetabledPassingTime:205330000113220729">
    <StopPointInJourneyPatternRef ref="SE:020:StopPointInJourneyPattern:205339415000020073_205330000091712784" version="any"/>
    <ArrivalTime>14:35:00</ArrivalTime>
    <DepartureTime>14:35:00</DepartureTime>
</TimetabledPassingTime>
<TimetabledPassingTime version="any" id="SE:020:TimetabledPassingTime:205330000113220730">
    <StopPointInJourneyPatternRef ref="SE:020:StopPointInJourneyPattern:205339415000020073_205330000091712785" version="any"/>
    <ArrivalTime>14:35:52</ArrivalTime>
    <DepartureTime>14:35:52</DepartureTime>
</TimetabledPassingTime>
<TimetabledPassingTime version="any" id="SE:020:TimetabledPassingTime:205330000113220731">
    <StopPointInJourneyPatternRef ref="SE:020:StopPointInJourneyPattern:205339415000020073_205330000091712786" version="any"/>
    <ArrivalTime>14:41:35</ArrivalTime>
    <DepartureTime>14:41:35</DepartureTime>
</TimetabledPassingTime>
<TimetabledPassingTime version="any" id="SE:020:TimetabledPassingTime:205330000113220732">
    <StopPointInJourneyPatternRef ref="SE:020:StopPointInJourneyPattern:205339415000020073_205330000091712787" version="any"/>
    <ArrivalTime>14:48:21</ArrivalTime>
    <DepartureTime>14:48:21</DepartureTime>
</TimetabledPassingTime>
<TimetabledPassingTime version="any" id="SE:020:TimetabledPassingTime:205330000113220733">
    <StopPointInJourneyPatternRef ref="SE:020:StopPointInJourneyPattern:205339415000020073_205330000091712788" version="any"/>
    <ArrivalTime>14:52:00</ArrivalTime>
    <DepartureTime>14:52:00</DepartureTime>
</TimetabledPassingTime>
<TimetabledPassingTime version="any" id="SE:020:TimetabledPassingTime:205330000113220734">
    <StopPointInJourneyPatternRef ref="SE:020:StopPointInJourneyPattern:205339415000020073_205330000091712789" version="any"/>
    <ArrivalTime>14:55:37</ArrivalTime>
    <DepartureTime>14:55:37</DepartureTime>
</TimetabledPassingTime>
<TimetabledPassingTime version="any" id="SE:020:TimetabledPassingTime:205330000113220735">
    <StopPointInJourneyPatternRef ref="SE:020:StopPointInJourneyPattern:205339415000020073_205330000091712790" version="any"/>
    <ArrivalTime>14:57:29</ArrivalTime>
    <DepartureTime>14:57:29</DepartureTime>
</TimetabledPassingTime>
<TimetabledPassingTime version="any" id="SE:020:TimetabledPassingTime:205330000113220736">
    <StopPointInJourneyPatternRef ref="SE:020:StopPointInJourneyPattern:205339415000020073_205330000091712791" version="any"/>
    <ArrivalTime>15:01:31</ArrivalTime>
    <DepartureTime>15:01:31</DepartureTime>
</TimetabledPassingTime>
<TimetabledPassingTime version="any" id="SE:020:TimetabledPassingTime:205330000113220737">
    <StopPointInJourneyPatternRef ref="SE:020:StopPointInJourneyPattern:205339415000020073_205330000091712792" version="any"/>
    <ArrivalTime>15:07:00</ArrivalTime>
    <DepartureTime>15:07:00</DepartureTime>
</TimetabledPassingTime>
<TimetabledPassingTime version="any" id="SE:020:TimetabledPassingTime:205330000113220738">
    <StopPointInJourneyPatternRef ref="SE:020:StopPointInJourneyPattern:205339415000020073_205330000091712793" version="any"/>
    <ArrivalTime>15:13:00</ArrivalTime>
    <DepartureTime>15:13:00</DepartureTime>
</TimetabledPassingTime>
<TimetabledPassingTime version="any" id="SE:020:TimetabledPassingTime:205330000113220739">
    <StopPointInJourneyPatternRef ref="SE:020:StopPointInJourneyPattern:205339415000020073_205330000091712794" version="any"/>
    <ArrivalTime>15:13:21</ArrivalTime>
    <DepartureTime>15:13:21</DepartureTime>
</TimetabledPassingTime>
<TimetabledPassingTime version="any" id="SE:020:TimetabledPassingTime:205330000113220740">
    <StopPointInJourneyPatternRef ref="SE:020:StopPointInJourneyPattern:205339415000020073_205330000091712795" version="any"/>
    <ArrivalTime>15:35:09</ArrivalTime>
    <DepartureTime>15:35:09</DepartureTime>
</TimetabledPassingTime>
<TimetabledPassingTime version="any" id="SE:020:TimetabledPassingTime:205330000113220741">
    <StopPointInJourneyPatternRef ref="SE:020:StopPointInJourneyPattern:205339415000020073_205330000091712796" version="any"/>
    <ArrivalTime>15:36:20</ArrivalTime>
    <DepartureTime>15:36:20</DepartureTime>
</TimetabledPassingTime>
<TimetabledPassingTime version="any" id="SE:020:TimetabledPassingTime:205330000113220742">
    <StopPointInJourneyPatternRef ref="SE:020:StopPointInJourneyPattern:205339415000020073_205330000091712797" version="any"/>
    <ArrivalTime>15:40:00</ArrivalTime>
</TimetabledPassingTime>
                            </passingTimes>
                            <FlexibleServiceProperties>
<FlexibleServiceType>fixedPassingTimes</FlexibleServiceType>
<BookWhen>advanceOnly</BookWhen>
<BookingNote>Turen ska förbeställas senast 3 timmar före bussens avgångstid, gäller i vår app Dalatrafik eller via telefon 0774-44 00 00.</BookingNote>
                            </FlexibleServiceProperties>
                        </ServiceJourney>
                        <ServiceJourney version="any" id="SE:020:ServiceJourney:205330000116445882">
                            <TransportMode>bus</TransportMode>
                            <TransportSubmode>
<BusSubmode>unknown</BusSubmode>
                            </TransportSubmode>
                            <dayTypes>
<DayTypeRef ref="SE:020:DayType:307pj9abcf51sh6fua920i71q5gagge7"/>
                            </dayTypes>
                            <JourneyPatternRef ref="SE:020:JourneyPattern:205339415000019518" version="any"/>
                            <OperatorRef ref="SE:020:Operator:9013020810000000"/>
                            <passingTimes>
<TimetabledPassingTime version="any" id="SE:020:TimetabledPassingTime:205330000116445862">
    <StopPointInJourneyPatternRef ref="SE:020:StopPointInJourneyPattern:205339415000019518_205330000090382071" version="any"/>
    <DepartureTime>09:05:00</DepartureTime>
</TimetabledPassingTime>
<TimetabledPassingTime version="any" id="SE:020:TimetabledPassingTime:205330000116445863">
    <StopPointInJourneyPatternRef ref="SE:020:StopPointInJourneyPattern:205339415000019518_205330000090382072" version="any"/>
    <ArrivalTime>09:05:53</ArrivalTime>
    <DepartureTime>09:05:53</DepartureTime>
</TimetabledPassingTime>
<TimetabledPassingTime version="any" id="SE:020:TimetabledPassingTime:205330000116445864">
    <StopPointInJourneyPatternRef ref="SE:020:StopPointInJourneyPattern:205339415000019518_205330000090382073" version="any"/>
    <ArrivalTime>09:06:52</ArrivalTime>
    <DepartureTime>09:06:52</DepartureTime>
</TimetabledPassingTime>
<TimetabledPassingTime version="any" id="SE:020:TimetabledPassingTime:205330000116445865">
    <StopPointInJourneyPatternRef ref="SE:020:StopPointInJourneyPattern:205339415000019518_205330000090382074" version="any"/>
    <ArrivalTime>09:25:25</ArrivalTime>
    <DepartureTime>09:25:25</DepartureTime>
</TimetabledPassingTime>
<TimetabledPassingTime version="any" id="SE:020:TimetabledPassingTime:205330000116445866">
    <StopPointInJourneyPatternRef ref="SE:020:StopPointInJourneyPattern:205339415000019518_205330000090382075" version="any"/>
    <ArrivalTime>09:28:00</ArrivalTime>
    <DepartureTime>09:28:00</DepartureTime>
</TimetabledPassingTime>
<TimetabledPassingTime version="any" id="SE:020:TimetabledPassingTime:205330000116445867">
    <StopPointInJourneyPatternRef ref="SE:020:StopPointInJourneyPattern:205339415000019518_205330000090382076" version="any"/>
    <ArrivalTime>09:29:00</ArrivalTime>
    <DepartureTime>09:29:00</DepartureTime>
</TimetabledPassingTime>
<TimetabledPassingTime version="any" id="SE:020:TimetabledPassingTime:205330000116445868">
    <StopPointInJourneyPatternRef ref="SE:020:StopPointInJourneyPattern:205339415000019518_205330000090382077" version="any"/>
    <ArrivalTime>09:35:00</ArrivalTime>
    <DepartureTime>09:35:00</DepartureTime>
</TimetabledPassingTime>
<TimetabledPassingTime version="any" id="SE:020:TimetabledPassingTime:205330000116445869">
    <StopPointInJourneyPatternRef ref="SE:020:StopPointInJourneyPattern:205339415000019518_205330000090382078" version="any"/>
    <ArrivalTime>09:38:23</ArrivalTime>
    <DepartureTime>09:38:23</DepartureTime>
</TimetabledPassingTime>
<TimetabledPassingTime version="any" id="SE:020:TimetabledPassingTime:205330000116445870">
    <StopPointInJourneyPatternRef ref="SE:020:StopPointInJourneyPattern:205339415000019518_205330000090382079" version="any"/>
    <ArrivalTime>09:41:56</ArrivalTime>
    <DepartureTime>09:41:56</DepartureTime>
</TimetabledPassingTime>
<TimetabledPassingTime version="any" id="SE:020:TimetabledPassingTime:205330000116445871">
    <StopPointInJourneyPatternRef ref="SE:020:StopPointInJourneyPattern:205339415000019518_205330000090382080" version="any"/>
    <ArrivalTime>09:43:32</ArrivalTime>
    <DepartureTime>09:43:32</DepartureTime>
</TimetabledPassingTime>
<TimetabledPassingTime version="any" id="SE:020:TimetabledPassingTime:205330000116445872">
    <StopPointInJourneyPatternRef ref="SE:020:StopPointInJourneyPattern:205339415000019518_205330000090382081" version="any"/>
    <ArrivalTime>09:48:00</ArrivalTime>
    <DepartureTime>09:48:00</DepartureTime>
</TimetabledPassingTime>
<TimetabledPassingTime version="any" id="SE:020:TimetabledPassingTime:205330000116445873">
    <StopPointInJourneyPatternRef ref="SE:020:StopPointInJourneyPattern:205339415000019518_205330000090382082" version="any"/>
    <ArrivalTime>09:49:56</ArrivalTime>
    <DepartureTime>09:49:56</DepartureTime>
</TimetabledPassingTime>
<TimetabledPassingTime version="any" id="SE:020:TimetabledPassingTime:205330000116445874">
    <StopPointInJourneyPatternRef ref="SE:020:StopPointInJourneyPattern:205339415000019518_205330000090382083" version="any"/>
    <ArrivalTime>09:56:43</ArrivalTime>
    <DepartureTime>09:56:43</DepartureTime>
</TimetabledPassingTime>
<TimetabledPassingTime version="any" id="SE:020:TimetabledPassingTime:205330000116445875">
    <StopPointInJourneyPatternRef ref="SE:020:StopPointInJourneyPattern:205339415000019518_205330000090382084" version="any"/>
    <ArrivalTime>10:02:26</ArrivalTime>
    <DepartureTime>10:02:26</DepartureTime>
</TimetabledPassingTime>
<TimetabledPassingTime version="any" id="SE:020:TimetabledPassingTime:205330000116445876">
    <StopPointInJourneyPatternRef ref="SE:020:StopPointInJourneyPattern:205339415000019518_205330000090382085" version="any"/>
    <ArrivalTime>10:05:00</ArrivalTime>
    <DepartureTime>10:05:00</DepartureTime>
</TimetabledPassingTime>
<TimetabledPassingTime version="any" id="SE:020:TimetabledPassingTime:205330000116445877">
    <StopPointInJourneyPatternRef ref="SE:020:StopPointInJourneyPattern:205339415000019518_205330000090382086" version="any"/>
    <ArrivalTime>10:07:38</ArrivalTime>
    <DepartureTime>10:07:38</DepartureTime>
</TimetabledPassingTime>
<TimetabledPassingTime version="any" id="SE:020:TimetabledPassingTime:205330000116445878">
    <StopPointInJourneyPatternRef ref="SE:020:StopPointInJourneyPattern:205339415000019518_205330000090382087" version="any"/>
    <ArrivalTime>10:12:51</ArrivalTime>
    <DepartureTime>10:12:51</DepartureTime>
</TimetabledPassingTime>
<TimetabledPassingTime version="any" id="SE:020:TimetabledPassingTime:205330000116445879">
    <StopPointInJourneyPatternRef ref="SE:020:StopPointInJourneyPattern:205339415000019518_205330000090382088" version="any"/>
    <ArrivalTime>10:15:00</ArrivalTime>
</TimetabledPassingTime>
                            </passingTimes>
                            <FlexibleServiceProperties>
<FlexibleServiceType>fixedPassingTimes</FlexibleServiceType>
<BookWhen>advanceOnly</BookWhen>
<BookingNote>Turen ska förbeställas senast 3 timmar före bussens avgångstid, gäller i vår app Dalatrafik eller via telefon 0774-44 00 00.</BookingNote>
                            </FlexibleServiceProperties>
                        </ServiceJourney>
                        <ServiceJourney version="any" id="SE:020:ServiceJourney:205330000116445912">
                            <TransportMode>bus</TransportMode>
                            <TransportSubmode>
<BusSubmode>unknown</BusSubmode>
                            </TransportSubmode>
                            <dayTypes>
<DayTypeRef ref="SE:020:DayType:307pj9abcf51sh6fua920i71q5gagge7"/>
                            </dayTypes>
                            <JourneyPatternRef ref="SE:020:JourneyPattern:205339415000019518" version="any"/>
                            <OperatorRef ref="SE:020:Operator:9013020810000000"/>
                            <passingTimes>
<TimetabledPassingTime version="any" id="SE:020:TimetabledPassingTime:205330000116445892">
    <StopPointInJourneyPatternRef ref="SE:020:StopPointInJourneyPattern:205339415000019518_205330000090382071" version="any"/>
    <DepartureTime>16:55:00</DepartureTime>
</TimetabledPassingTime>
<TimetabledPassingTime version="any" id="SE:020:TimetabledPassingTime:205330000116445893">
    <StopPointInJourneyPatternRef ref="SE:020:StopPointInJourneyPattern:205339415000019518_205330000090382072" version="any"/>
    <ArrivalTime>16:55:53</ArrivalTime>
    <DepartureTime>16:55:53</DepartureTime>
</TimetabledPassingTime>
<TimetabledPassingTime version="any" id="SE:020:TimetabledPassingTime:205330000116445894">
    <StopPointInJourneyPatternRef ref="SE:020:StopPointInJourneyPattern:205339415000019518_205330000090382073" version="any"/>
    <ArrivalTime>16:56:52</ArrivalTime>
    <DepartureTime>16:56:52</DepartureTime>
</TimetabledPassingTime>
<TimetabledPassingTime version="any" id="SE:020:TimetabledPassingTime:205330000116445895">
    <StopPointInJourneyPatternRef ref="SE:020:StopPointInJourneyPattern:205339415000019518_205330000090382074" version="any"/>
    <ArrivalTime>17:15:25</ArrivalTime>
    <DepartureTime>17:15:25</DepartureTime>
</TimetabledPassingTime>
<TimetabledPassingTime version="any" id="SE:020:TimetabledPassingTime:205330000116445896">
    <StopPointInJourneyPatternRef ref="SE:020:StopPointInJourneyPattern:205339415000019518_205330000090382075" version="any"/>
    <ArrivalTime>17:18:00</ArrivalTime>
    <DepartureTime>17:18:00</DepartureTime>
</TimetabledPassingTime>
<TimetabledPassingTime version="any" id="SE:020:TimetabledPassingTime:205330000116445897">
    <StopPointInJourneyPatternRef ref="SE:020:StopPointInJourneyPattern:205339415000019518_205330000090382076" version="any"/>
    <ArrivalTime>17:19:00</ArrivalTime>
    <DepartureTime>17:19:00</DepartureTime>
</TimetabledPassingTime>
<TimetabledPassingTime version="any" id="SE:020:TimetabledPassingTime:205330000116445898">
    <StopPointInJourneyPatternRef ref="SE:020:StopPointInJourneyPattern:205339415000019518_205330000090382077" version="any"/>
    <ArrivalTime>17:25:00</ArrivalTime>
    <DepartureTime>17:25:00</DepartureTime>
</TimetabledPassingTime>
<TimetabledPassingTime version="any" id="SE:020:TimetabledPassingTime:205330000116445899">
    <StopPointInJourneyPatternRef ref="SE:020:StopPointInJourneyPattern:205339415000019518_205330000090382078" version="any"/>
    <ArrivalTime>17:28:23</ArrivalTime>
    <DepartureTime>17:28:23</DepartureTime>
</TimetabledPassingTime>
<TimetabledPassingTime version="any" id="SE:020:TimetabledPassingTime:205330000116445900">
    <StopPointInJourneyPatternRef ref="SE:020:StopPointInJourneyPattern:205339415000019518_205330000090382079" version="any"/>
    <ArrivalTime>17:31:56</ArrivalTime>
    <DepartureTime>17:31:56</DepartureTime>
</TimetabledPassingTime>
<TimetabledPassingTime version="any" id="SE:020:TimetabledPassingTime:205330000116445901">
    <StopPointInJourneyPatternRef ref="SE:020:StopPointInJourneyPattern:205339415000019518_205330000090382080" version="any"/>
    <ArrivalTime>17:33:32</ArrivalTime>
    <DepartureTime>17:33:32</DepartureTime>
</TimetabledPassingTime>
<TimetabledPassingTime version="any" id="SE:020:TimetabledPassingTime:205330000116445902">
    <StopPointInJourneyPatternRef ref="SE:020:StopPointInJourneyPattern:205339415000019518_205330000090382081" version="any"/>
    <ArrivalTime>17:38:00</ArrivalTime>
    <DepartureTime>17:38:00</DepartureTime>
</TimetabledPassingTime>
<TimetabledPassingTime version="any" id="SE:020:TimetabledPassingTime:205330000116445903">
    <StopPointInJourneyPatternRef ref="SE:020:StopPointInJourneyPattern:205339415000019518_205330000090382082" version="any"/>
    <ArrivalTime>17:39:56</ArrivalTime>
    <DepartureTime>17:39:56</DepartureTime>
</TimetabledPassingTime>
<TimetabledPassingTime version="any" id="SE:020:TimetabledPassingTime:205330000116445904">
    <StopPointInJourneyPatternRef ref="SE:020:StopPointInJourneyPattern:205339415000019518_205330000090382083" version="any"/>
    <ArrivalTime>17:46:43</ArrivalTime>
    <DepartureTime>17:46:43</DepartureTime>
</TimetabledPassingTime>
<TimetabledPassingTime version="any" id="SE:020:TimetabledPassingTime:205330000116445905">
    <StopPointInJourneyPatternRef ref="SE:020:StopPointInJourneyPattern:205339415000019518_205330000090382084" version="any"/>
    <ArrivalTime>17:52:26</ArrivalTime>
    <DepartureTime>17:52:26</DepartureTime>
</TimetabledPassingTime>
<TimetabledPassingTime version="any" id="SE:020:TimetabledPassingTime:205330000116445906">
    <StopPointInJourneyPatternRef ref="SE:020:StopPointInJourneyPattern:205339415000019518_205330000090382085" version="any"/>
    <ArrivalTime>17:55:00</ArrivalTime>
    <DepartureTime>17:55:00</DepartureTime>
</TimetabledPassingTime>
<TimetabledPassingTime version="any" id="SE:020:TimetabledPassingTime:205330000116445907">
    <StopPointInJourneyPatternRef ref="SE:020:StopPointInJourneyPattern:205339415000019518_205330000090382086" version="any"/>
    <ArrivalTime>17:57:38</ArrivalTime>
    <DepartureTime>17:57:38</DepartureTime>
</TimetabledPassingTime>
<TimetabledPassingTime version="any" id="SE:020:TimetabledPassingTime:205330000116445908">
    <StopPointInJourneyPatternRef ref="SE:020:StopPointInJourneyPattern:205339415000019518_205330000090382087" version="any"/>
    <ArrivalTime>18:02:51</ArrivalTime>
    <DepartureTime>18:02:51</DepartureTime>
</TimetabledPassingTime>
<TimetabledPassingTime version="any" id="SE:020:TimetabledPassingTime:205330000116445909">
    <StopPointInJourneyPatternRef ref="SE:020:StopPointInJourneyPattern:205339415000019518_205330000090382088" version="any"/>
    <ArrivalTime>18:05:00</ArrivalTime>
</TimetabledPassingTime>
                            </passingTimes>
                            <FlexibleServiceProperties>
<FlexibleServiceType>fixedPassingTimes</FlexibleServiceType>
<BookWhen>advanceOnly</BookWhen>
<BookingNote>Turen ska förbeställas senast 3 timmar före bussens avgångstid, gäller i vår app Dalatrafik eller via telefon 0774-44 00 00.</BookingNote>
                            </FlexibleServiceProperties>
                        </ServiceJourney>
                    </vehicleJourneys>
                    <journeyInterchanges>
                        <ServiceJourneyInterchange version="any" id="SE:020:ServiceJourneyInterchange:205330000116445882_1">
                            <Priority>0</Priority>
                            <Guaranteed>false</Guaranteed>
                            <Advertised>true</Advertised>
                            <FromPointRef ref="SE:020:ScheduledStopPoint:9022020539062001"/>
                            <ToPointRef ref="SE:020:ScheduledStopPoint:9022020539062001"/>
                            <FromJourneyRef ref="SE:020:ServiceJourney:205330000116166985"/>
                            <ToJourneyRef ref="SE:020:ServiceJourney:205330000116445882" version="any"/>
                        </ServiceJourneyInterchange>
                        <ServiceJourneyInterchange version="any" id="SE:020:ServiceJourneyInterchange:205330000116445912_1">
                            <Priority>0</Priority>
                            <Guaranteed>false</Guaranteed>
                            <Advertised>true</Advertised>
                            <FromPointRef ref="SE:020:ScheduledStopPoint:9022020539062001"/>
                            <ToPointRef ref="SE:020:ScheduledStopPoint:9022020539062001"/>
                            <FromJourneyRef ref="SE:020:ServiceJourney:205330000116167287"/>
                            <ToJourneyRef ref="SE:020:ServiceJourney:205330000116445912" version="any"/>
                        </ServiceJourneyInterchange>
                    </journeyInterchanges>
                </TimetableFrame>
            </frames>
        </CompositeFrame>
    </dataObjects>
</PublicationDelivery>
