<?xml version="1.0" encoding="UTF-8" standalone="yes"?>
<PublicationDelivery xmlns="http://www.netex.org.uk/netex" xmlns:ns2="http://www.opengis.net/gml/3.2" xmlns:ns3="http://www.siri.org.uk/siri" xmlns:ns4="http://www.samtrafiken.se/netex" version="1.11:NO-NeTEx-networktimetable:1.3">
    <PublicationTimestamp>2024-10-09T02:57:23</PublicationTimestamp>
    <ParticipantRef>SAM</ParticipantRef>
    <dataObjects>
        <CompositeFrame created="2024-10-09T02:57:23" version="20241009025723" id="SE:020:CompositeFrame:9011020074100000">
            <ValidBetween>
                <FromDate>1970-01-01T00:00:00</FromDate>
            </ValidBetween>
            <codespaces>
                <Codespace id="SE:020">
                    <Xmlns>SE:020</Xmlns>
                    <XmlnsUrl>http://www.samtrafiken.se/ns/dt</XmlnsUrl>
                </Codespace>
            </codespaces>
            <FrameDefaults>
                <DefaultLocale>
                    <TimeZone>Europe/Stockholm</TimeZone>
                    <DefaultLanguage>se</DefaultLanguage>
                </DefaultLocale>
                <DefaultLocationSystem>4326</DefaultLocationSystem>
            </FrameDefaults>
            <frames>
                <ServiceFrame version="20241009025723" id="SE:020:ServiceFrame:9011020074100000">
                    <routes>
                        <Route version="any" id="SE:020:Route:205330000095466725">
                            <Name>Flextrafik Torsmo-Skattungbyn</Name>
                            <LineRef ref="SE:020:Line:9011020074100000" version="200616"/>
                            <DirectionType>outbound</DirectionType>
                            <pointsInSequence>
<PointOnRoute order="1" version="any" id="SE:020:PointOnRoute:205330000095466730">
    <RoutePointRef ref="SE:020:RoutePoint:9022020534104001"/>
</PointOnRoute>
<PointOnRoute order="2" version="any" id="SE:020:PointOnRoute:205330000095466731">
    <RoutePointRef ref="SE:020:RoutePoint:9022020534103001"/>
</PointOnRoute>
<PointOnRoute order="3" version="any" id="SE:020:PointOnRoute:205330000095466732">
    <RoutePointRef ref="SE:020:RoutePoint:9022020534148001"/>
</PointOnRoute>
<PointOnRoute order="4" version="any" id="SE:020:PointOnRoute:205330000095466733">
    <RoutePointRef ref="SE:020:RoutePoint:9022020534001001"/>
</PointOnRoute>
                            </pointsInSequence>
                        </Route>
                        <Route version="any" id="SE:020:Route:205330000095466705">
                            <Name>Flextrafik Torsmo-Skattungbyn</Name>
                            <LineRef ref="SE:020:Line:9011020074100000" version="200616"/>
                            <DirectionType>outbound</DirectionType>
                            <pointsInSequence>
<PointOnRoute order="1" version="any" id="SE:020:PointOnRoute:205330000095466710">
    <RoutePointRef ref="SE:020:RoutePoint:9022020534001001"/>
</PointOnRoute>
<PointOnRoute order="2" version="any" id="SE:020:PointOnRoute:205330000095466711">
    <RoutePointRef ref="SE:020:RoutePoint:9022020534148002"/>
</PointOnRoute>
<PointOnRoute order="3" version="any" id="SE:020:PointOnRoute:205330000095466712">
    <RoutePointRef ref="SE:020:RoutePoint:9022020534103002"/>
</PointOnRoute>
<PointOnRoute order="4" version="any" id="SE:020:PointOnRoute:205330000095466713">
    <RoutePointRef ref="SE:020:RoutePoint:9022020534104002"/>
</PointOnRoute>
                            </pointsInSequence>
                        </Route>
                    </routes>
                    <lines>
                        <Line version="200616" id="SE:020:Line:9011020074100000">
                            <ValidBetween>
<FromDate>2020-06-16T00:00:00</FromDate>
                            </ValidBetween>
                            <Name>741</Name>
                            <TransportMode>bus</TransportMode>
                            <TransportSubmode>
<BusSubmode>unknown</BusSubmode>
                            </TransportSubmode>
                            <PublicCode>741</PublicCode>
                            <PrivateCode>741</PrivateCode>
                            <RepresentedByGroupRef ref="SE:020:Network:9010020000000000"/>
                        </Line>
                    </lines>
                    <journeyPatterns>
                        <JourneyPattern version="any" id="SE:020:JourneyPattern:205339415000021125">
                            <RouteRef ref="SE:020:Route:205330000095466725" version="any"/>
                            <pointsInSequence>
<StopPointInJourneyPattern order="1" version="any" id="SE:020:StopPointInJourneyPattern:205339415000021125_205330000095466730">
    <ScheduledStopPointRef ref="SE:020:ScheduledStopPoint:9022020534104001"/>
    <ForAlighting>false</ForAlighting>
    <ForBoarding>true</ForBoarding>
    <DestinationDisplayRef ref="SE:020:DestinationDisplay:205330000095466741"/>
    <RequestStop>true</RequestStop>
</StopPointInJourneyPattern>
<StopPointInJourneyPattern order="2" version="any" id="SE:020:StopPointInJourneyPattern:205339415000021125_205330000095466731">
    <ScheduledStopPointRef ref="SE:020:ScheduledStopPoint:9022020534103001"/>
    <ForAlighting>true</ForAlighting>
    <ForBoarding>true</ForBoarding>
    <RequestStop>true</RequestStop>
</StopPointInJourneyPattern>
<StopPointInJourneyPattern order="3" version="any" id="SE:020:StopPointInJourneyPattern:205339415000021125_205330000095466732">
    <ScheduledStopPointRef ref="SE:020:ScheduledStopPoint:9022020534148001"/>
    <ForAlighting>true</ForAlighting>
    <ForBoarding>true</ForBoarding>
    <RequestStop>true</RequestStop>
</StopPointInJourneyPattern>
<StopPointInJourneyPattern order="4" version="any" id="SE:020:StopPointInJourneyPattern:205339415000021125_205330000095466733">
    <ScheduledStopPointRef ref="SE:020:ScheduledStopPoint:9022020534001001"/>
    <ForAlighting>true</ForAlighting>
    <ForBoarding>false</ForBoarding>
    <RequestStop>true</RequestStop>
</StopPointInJourneyPattern>
                            </pointsInSequence>
                            <linksInSequence>
<ServiceLinkInJourneyPattern order="1" version="any" id="SE:020:ServiceLinkInJourneyPattern:BUS_40499">
    <ServiceLinkRef ref="SE:020:ServiceLink:BUS_9025020053410401_9025020053410301"/>
</ServiceLinkInJourneyPattern>
<ServiceLinkInJourneyPattern order="2" version="any" id="SE:020:ServiceLinkInJourneyPattern:BUS_40500">
    <ServiceLinkRef ref="SE:020:ServiceLink:BUS_9025020053410301_9025020053414801"/>
</ServiceLinkInJourneyPattern>
<ServiceLinkInJourneyPattern order="3" version="any" id="SE:020:ServiceLinkInJourneyPattern:BUS_40501">
    <ServiceLinkRef ref="SE:020:ServiceLink:BUS_9025020053414801_9025020053400101"/>
</ServiceLinkInJourneyPattern>
                            </linksInSequence>
                        </JourneyPattern>
                        <JourneyPattern version="any" id="SE:020:JourneyPattern:205339415000021124">
                            <RouteRef ref="SE:020:Route:205330000095466705" version="any"/>
                            <pointsInSequence>
<StopPointInJourneyPattern order="1" version="any" id="SE:020:StopPointInJourneyPattern:205339415000021124_205330000095466710">
    <ScheduledStopPointRef ref="SE:020:ScheduledStopPoint:9022020534001001"/>
    <ForAlighting>false</ForAlighting>
    <ForBoarding>true</ForBoarding>
    <DestinationDisplayRef ref="SE:020:DestinationDisplay:205330000095466721"/>
    <RequestStop>true</RequestStop>
</StopPointInJourneyPattern>
<StopPointInJourneyPattern order="2" version="any" id="SE:020:StopPointInJourneyPattern:205339415000021124_205330000095466711">
    <ScheduledStopPointRef ref="SE:020:ScheduledStopPoint:9022020534148002"/>
    <ForAlighting>true</ForAlighting>
    <ForBoarding>true</ForBoarding>
    <RequestStop>true</RequestStop>
</StopPointInJourneyPattern>
<StopPointInJourneyPattern order="3" version="any" id="SE:020:StopPointInJourneyPattern:205339415000021124_205330000095466712">
    <ScheduledStopPointRef ref="SE:020:ScheduledStopPoint:9022020534103002"/>
    <ForAlighting>true</ForAlighting>
    <ForBoarding>true</ForBoarding>
    <RequestStop>true</RequestStop>
</StopPointInJourneyPattern>
<StopPointInJourneyPattern order="4" version="any" id="SE:020:StopPointInJourneyPattern:205339415000021124_205330000095466713">
    <ScheduledStopPointRef ref="SE:020:ScheduledStopPoint:9022020534104002"/>
    <ForAlighting>true</ForAlighting>
    <ForBoarding>false</ForBoarding>
    <RequestStop>true</RequestStop>
</StopPointInJourneyPattern>
                            </pointsInSequence>
                            <linksInSequence>
<ServiceLinkInJourneyPattern order="1" version="any" id="SE:020:ServiceLinkInJourneyPattern:BUS_40502">
    <ServiceLinkRef ref="SE:020:ServiceLink:BUS_9025020053400101_9025020053414802"/>
</ServiceLinkInJourneyPattern>
<ServiceLinkInJourneyPattern order="2" version="any" id="SE:020:ServiceLinkInJourneyPattern:BUS_40503">
    <ServiceLinkRef ref="SE:020:ServiceLink:BUS_9025020053414802_9025020053410302"/>
</ServiceLinkInJourneyPattern>
<ServiceLinkInJourneyPattern order="3" version="any" id="SE:020:ServiceLinkInJourneyPattern:BUS_40504">
    <ServiceLinkRef ref="SE:020:ServiceLink:BUS_9025020053410302_9025020053410402"/>
</ServiceLinkInJourneyPattern>
                            </linksInSequence>
                        </JourneyPattern>
                    </journeyPatterns>
                </ServiceFrame>
                <TimetableFrame version="20241009025723" id="SE:020:TimetableFrame:9011020074100000">
                    <vehicleJourneys>
                        <ServiceJourney version="any" id="SE:020:ServiceJourney:205330000116445313">
                            <TransportMode>bus</TransportMode>
                            <TransportSubmode>
<BusSubmode>unknown</BusSubmode>
                            </TransportSubmode>
                            <dayTypes>
<DayTypeRef ref="SE:020:DayType:lvsiokc2t9s6uedj89ko6jkfou11aghp"/>
                            </dayTypes>
                            <JourneyPatternRef ref="SE:020:JourneyPattern:205339415000021125" version="any"/>
                            <OperatorRef ref="SE:020:Operator:9013020810000000"/>
                            <passingTimes>
<TimetabledPassingTime version="any" id="SE:020:TimetabledPassingTime:205330000116445307">
    <StopPointInJourneyPatternRef ref="SE:020:StopPointInJourneyPattern:205339415000021125_205330000095466730" version="any"/>
    <DepartureTime>11:23:00</DepartureTime>
</TimetabledPassingTime>
<TimetabledPassingTime version="any" id="SE:020:TimetabledPassingTime:205330000116445308">
    <StopPointInJourneyPatternRef ref="SE:020:StopPointInJourneyPattern:205339415000021125_205330000095466731" version="any"/>
    <ArrivalTime>11:25:00</ArrivalTime>
    <DepartureTime>11:25:00</DepartureTime>
</TimetabledPassingTime>
<TimetabledPassingTime version="any" id="SE:020:TimetabledPassingTime:205330000116445309">
    <StopPointInJourneyPatternRef ref="SE:020:StopPointInJourneyPattern:205339415000021125_205330000095466732" version="any"/>
    <ArrivalTime>11:27:00</ArrivalTime>
    <DepartureTime>11:27:00</DepartureTime>
</TimetabledPassingTime>
<TimetabledPassingTime version="any" id="SE:020:TimetabledPassingTime:205330000116445310">
    <StopPointInJourneyPatternRef ref="SE:020:StopPointInJourneyPattern:205339415000021125_205330000095466733" version="any"/>
    <ArrivalTime>11:35:00</ArrivalTime>
</TimetabledPassingTime>
                            </passingTimes>
                            <FlexibleServiceProperties>
<FlexibleServiceType>fixedPassingTimes</FlexibleServiceType>
<BookWhen>advanceOnly</BookWhen>
<BookingNote>Turen ska förbeställas senast 2 timmar före bussens avgångstid, gäller i vår app Dalatrafik eller via telefon 0774-44 00 00.</BookingNote>
                            </FlexibleServiceProperties>
                        </ServiceJourney>
                        <ServiceJourney version="any" id="SE:020:ServiceJourney:205330000116445297">
                            <TransportMode>bus</TransportMode>
                            <TransportSubmode>
<BusSubmode>unknown</BusSubmode>
                            </TransportSubmode>
                            <dayTypes>
<DayTypeRef ref="SE:020:DayType:lvsiokc2t9s6uedj89ko6jkfou11aghp"/>
                            </dayTypes>
                            <JourneyPatternRef ref="SE:020:JourneyPattern:205339415000021124" version="any"/>
                            <OperatorRef ref="SE:020:Operator:9013020810000000"/>
                            <passingTimes>
<TimetabledPassingTime version="any" id="SE:020:TimetabledPassingTime:205330000116445291">
    <StopPointInJourneyPatternRef ref="SE:020:StopPointInJourneyPattern:205339415000021124_205330000095466710" version="any"/>
    <DepartureTime>09:01:00</DepartureTime>
</TimetabledPassingTime>
<TimetabledPassingTime version="any" id="SE:020:TimetabledPassingTime:205330000116445292">
    <StopPointInJourneyPatternRef ref="SE:020:StopPointInJourneyPattern:205339415000021124_205330000095466711" version="any"/>
    <ArrivalTime>09:06:00</ArrivalTime>
    <DepartureTime>09:06:00</DepartureTime>
</TimetabledPassingTime>
<TimetabledPassingTime version="any" id="SE:020:TimetabledPassingTime:205330000116445293">
    <StopPointInJourneyPatternRef ref="SE:020:StopPointInJourneyPattern:205339415000021124_205330000095466712" version="any"/>
    <ArrivalTime>09:08:00</ArrivalTime>
    <DepartureTime>09:08:00</DepartureTime>
</TimetabledPassingTime>
<TimetabledPassingTime version="any" id="SE:020:TimetabledPassingTime:205330000116445294">
    <StopPointInJourneyPatternRef ref="SE:020:StopPointInJourneyPattern:205339415000021124_205330000095466713" version="any"/>
    <ArrivalTime>09:13:00</ArrivalTime>
</TimetabledPassingTime>
                            </passingTimes>
                            <FlexibleServiceProperties>
<FlexibleServiceType>fixedPassingTimes</FlexibleServiceType>
<BookWhen>advanceOnly</BookWhen>
<BookingNote>Turen ska förbeställas senast 2 timmar före bussens avgångstid, gäller i vår app Dalatrafik eller via telefon 0774-44 00 00.</BookingNote>
                            </FlexibleServiceProperties>
                        </ServiceJourney>
                    </vehicleJourneys>
                    <journeyInterchanges>
                        <ServiceJourneyInterchange version="any" id="SE:020:ServiceJourneyInterchange:205330000116445313_1">
                            <Priority>0</Priority>
                            <Guaranteed>false</Guaranteed>
                            <Advertised>true</Advertised>
                            <FromPointRef ref="SE:020:ScheduledStopPoint:9022020534104002"/>
                            <ToPointRef ref="SE:020:ScheduledStopPoint:9022020534104001"/>
                            <FromJourneyRef ref="SE:020:ServiceJourney:205330000116121984"/>
                            <ToJourneyRef ref="SE:020:ServiceJourney:205330000116445313" version="any"/>
                        </ServiceJourneyInterchange>
                    </journeyInterchanges>
                </TimetableFrame>
            </frames>
        </CompositeFrame>
    </dataObjects>
</PublicationDelivery>
