<?xml version="1.0" encoding="UTF-8" standalone="yes"?>
<PublicationDelivery xmlns="http://www.netex.org.uk/netex" xmlns:ns2="http://www.opengis.net/gml/3.2" xmlns:ns3="http://www.siri.org.uk/siri" xmlns:ns4="http://www.samtrafiken.se/netex" version="1.11:NO-NeTEx-networktimetable:1.3">
    <PublicationTimestamp>2024-10-09T02:57:23</PublicationTimestamp>
    <ParticipantRef>SAM</ParticipantRef>
    <dataObjects>
        <CompositeFrame created="2024-10-09T02:57:23" version="20241009025723" id="SE:020:CompositeFrame:9011020078400000">
            <ValidBetween>
                <FromDate>1970-01-01T00:00:00</FromDate>
            </ValidBetween>
            <codespaces>
                <Codespace id="SE:020">
                    <Xmlns>SE:020</Xmlns>
                    <XmlnsUrl>http://www.samtrafiken.se/ns/dt</XmlnsUrl>
                </Codespace>
            </codespaces>
            <FrameDefaults>
                <DefaultLocale>
                    <TimeZone>Europe/Stockholm</TimeZone>
                    <DefaultLanguage>se</DefaultLanguage>
                </DefaultLocale>
                <DefaultLocationSystem>4326</DefaultLocationSystem>
            </FrameDefaults>
            <frames>
                <ServiceFrame version="20241009025723" id="SE:020:ServiceFrame:9011020078400000">
                    <routes>
                        <Route version="any" id="SE:020:Route:205330000090068975">
                            <Name>Flextrafik</Name>
                            <LineRef ref="SE:020:Line:9011020078400000" version="190529"/>
                            <DirectionType>outbound</DirectionType>
                            <pointsInSequence>
<PointOnRoute order="1" version="any" id="SE:020:PointOnRoute:205330000090068980">
    <RoutePointRef ref="SE:020:RoutePoint:9022020539982001"/>
</PointOnRoute>
<PointOnRoute order="2" version="any" id="SE:020:PointOnRoute:205330000090068981">
    <RoutePointRef ref="SE:020:RoutePoint:9022020539021001"/>
</PointOnRoute>
<PointOnRoute order="3" version="any" id="SE:020:PointOnRoute:205330000090068982">
    <RoutePointRef ref="SE:020:RoutePoint:9022020539191001"/>
</PointOnRoute>
<PointOnRoute order="4" version="any" id="SE:020:PointOnRoute:205330000090068983">
    <RoutePointRef ref="SE:020:RoutePoint:9022020539041002"/>
</PointOnRoute>
                            </pointsInSequence>
                        </Route>
                        <Route version="any" id="SE:020:Route:205330000090068995">
                            <Name>Flextrafik</Name>
                            <LineRef ref="SE:020:Line:9011020078400000" version="190529"/>
                            <DirectionType>outbound</DirectionType>
                            <pointsInSequence>
<PointOnRoute order="1" version="any" id="SE:020:PointOnRoute:205330000090069000">
    <RoutePointRef ref="SE:020:RoutePoint:9022020539041002"/>
</PointOnRoute>
<PointOnRoute order="2" version="any" id="SE:020:PointOnRoute:205330000090069001">
    <RoutePointRef ref="SE:020:RoutePoint:9022020539021001"/>
</PointOnRoute>
<PointOnRoute order="3" version="any" id="SE:020:PointOnRoute:205330000090069002">
    <RoutePointRef ref="SE:020:RoutePoint:9022020539191001"/>
</PointOnRoute>
<PointOnRoute order="4" version="any" id="SE:020:PointOnRoute:205330000090069003">
    <RoutePointRef ref="SE:020:RoutePoint:9022020539982001"/>
</PointOnRoute>
                            </pointsInSequence>
                        </Route>
                    </routes>
                    <lines>
                        <Line version="190529" id="SE:020:Line:9011020078400000">
                            <ValidBetween>
<FromDate>2019-05-29T00:00:00</FromDate>
                            </ValidBetween>
                            <Name>784</Name>
                            <TransportMode>taxi</TransportMode>
                            <PublicCode>784</PublicCode>
                            <PrivateCode>784</PrivateCode>
                            <RepresentedByGroupRef ref="SE:020:Network:9010020000000000"/>
                        </Line>
                    </lines>
                    <journeyPatterns>
                        <JourneyPattern version="any" id="SE:020:JourneyPattern:205339415000019376">
                            <RouteRef ref="SE:020:Route:205330000090068975" version="any"/>
                            <pointsInSequence>
<StopPointInJourneyPattern order="1" version="any" id="SE:020:StopPointInJourneyPattern:205339415000019376_205330000090068980">
    <ScheduledStopPointRef ref="SE:020:ScheduledStopPoint:9022020539982001"/>
    <ForAlighting>false</ForAlighting>
    <ForBoarding>true</ForBoarding>
    <DestinationDisplayRef ref="SE:020:DestinationDisplay:205330000090068991"/>
    <RequestStop>true</RequestStop>
</StopPointInJourneyPattern>
<StopPointInJourneyPattern order="2" version="any" id="SE:020:StopPointInJourneyPattern:205339415000019376_205330000090068981">
    <ScheduledStopPointRef ref="SE:020:ScheduledStopPoint:9022020539021001"/>
    <ForAlighting>true</ForAlighting>
    <ForBoarding>true</ForBoarding>
    <RequestStop>true</RequestStop>
</StopPointInJourneyPattern>
<StopPointInJourneyPattern order="3" version="any" id="SE:020:StopPointInJourneyPattern:205339415000019376_205330000090068982">
    <ScheduledStopPointRef ref="SE:020:ScheduledStopPoint:9022020539191001"/>
    <ForAlighting>true</ForAlighting>
    <ForBoarding>true</ForBoarding>
    <RequestStop>true</RequestStop>
</StopPointInJourneyPattern>
<StopPointInJourneyPattern order="4" version="any" id="SE:020:StopPointInJourneyPattern:205339415000019376_205330000090068983">
    <ScheduledStopPointRef ref="SE:020:ScheduledStopPoint:9022020539041002"/>
    <ForAlighting>true</ForAlighting>
    <ForBoarding>false</ForBoarding>
    <RequestStop>true</RequestStop>
</StopPointInJourneyPattern>
                            </pointsInSequence>
                            <linksInSequence>
<ServiceLinkInJourneyPattern order="1" version="any" id="SE:020:ServiceLinkInJourneyPattern:TAXI_38304">
    <ServiceLinkRef ref="SE:020:ServiceLink:TAXI_9025020053998201_9025020053902101"/>
</ServiceLinkInJourneyPattern>
<ServiceLinkInJourneyPattern order="2" version="any" id="SE:020:ServiceLinkInJourneyPattern:TAXI_38305">
    <ServiceLinkRef ref="SE:020:ServiceLink:TAXI_9025020053902101_9025020053919101"/>
</ServiceLinkInJourneyPattern>
<ServiceLinkInJourneyPattern order="3" version="any" id="SE:020:ServiceLinkInJourneyPattern:TAXI_38306">
    <ServiceLinkRef ref="SE:020:ServiceLink:TAXI_9025020053919101_9025020053904102"/>
</ServiceLinkInJourneyPattern>
                            </linksInSequence>
                        </JourneyPattern>
                        <JourneyPattern version="any" id="SE:020:JourneyPattern:205339415000019377">
                            <RouteRef ref="SE:020:Route:205330000090068995" version="any"/>
                            <pointsInSequence>
<StopPointInJourneyPattern order="1" version="any" id="SE:020:StopPointInJourneyPattern:205339415000019377_205330000090069000">
    <ScheduledStopPointRef ref="SE:020:ScheduledStopPoint:9022020539041002"/>
    <ForAlighting>false</ForAlighting>
    <ForBoarding>true</ForBoarding>
    <DestinationDisplayRef ref="SE:020:DestinationDisplay:205330000090069011"/>
    <RequestStop>true</RequestStop>
</StopPointInJourneyPattern>
<StopPointInJourneyPattern order="2" version="any" id="SE:020:StopPointInJourneyPattern:205339415000019377_205330000090069001">
    <ScheduledStopPointRef ref="SE:020:ScheduledStopPoint:9022020539021001"/>
    <ForAlighting>true</ForAlighting>
    <ForBoarding>true</ForBoarding>
    <RequestStop>true</RequestStop>
</StopPointInJourneyPattern>
<StopPointInJourneyPattern order="3" version="any" id="SE:020:StopPointInJourneyPattern:205339415000019377_205330000090069002">
    <ScheduledStopPointRef ref="SE:020:ScheduledStopPoint:9022020539191001"/>
    <ForAlighting>true</ForAlighting>
    <ForBoarding>true</ForBoarding>
    <RequestStop>true</RequestStop>
</StopPointInJourneyPattern>
<StopPointInJourneyPattern order="4" version="any" id="SE:020:StopPointInJourneyPattern:205339415000019377_205330000090069003">
    <ScheduledStopPointRef ref="SE:020:ScheduledStopPoint:9022020539982001"/>
    <ForAlighting>true</ForAlighting>
    <ForBoarding>false</ForBoarding>
    <RequestStop>true</RequestStop>
</StopPointInJourneyPattern>
                            </pointsInSequence>
                            <linksInSequence>
<ServiceLinkInJourneyPattern order="1" version="any" id="SE:020:ServiceLinkInJourneyPattern:TAXI_38307">
    <ServiceLinkRef ref="SE:020:ServiceLink:TAXI_9025020053904102_9025020053902101"/>
</ServiceLinkInJourneyPattern>
<ServiceLinkInJourneyPattern order="2" version="any" id="SE:020:ServiceLinkInJourneyPattern:TAXI_38308">
    <ServiceLinkRef ref="SE:020:ServiceLink:TAXI_9025020053902101_9025020053919101"/>
</ServiceLinkInJourneyPattern>
<ServiceLinkInJourneyPattern order="3" version="any" id="SE:020:ServiceLinkInJourneyPattern:TAXI_38309">
    <ServiceLinkRef ref="SE:020:ServiceLink:TAXI_9025020053919101_9025020053998201"/>
</ServiceLinkInJourneyPattern>
                            </linksInSequence>
                        </JourneyPattern>
                    </journeyPatterns>
                </ServiceFrame>
                <TimetableFrame version="20241009025723" id="SE:020:TimetableFrame:9011020078400000">
                    <vehicleJourneys>
                        <ServiceJourney version="any" id="SE:020:ServiceJourney:205330000113220688">
                            <TransportMode>bus</TransportMode>
                            <TransportSubmode>
<BusSubmode>unknown</BusSubmode>
                            </TransportSubmode>
                            <dayTypes>
<DayTypeRef ref="SE:020:DayType:307pj9abcf51sh6fua920i71q5gagge7"/>
                            </dayTypes>
                            <JourneyPatternRef ref="SE:020:JourneyPattern:205339415000019377" version="any"/>
                            <OperatorRef ref="SE:020:Operator:9013020810000000"/>
                            <passingTimes>
<TimetabledPassingTime version="any" id="SE:020:TimetabledPassingTime:205330000113220682">
    <StopPointInJourneyPatternRef ref="SE:020:StopPointInJourneyPattern:205339415000019377_205330000090069000" version="any"/>
    <DepartureTime>12:15:00</DepartureTime>
</TimetabledPassingTime>
<TimetabledPassingTime version="any" id="SE:020:TimetabledPassingTime:205330000113220683">
    <StopPointInJourneyPatternRef ref="SE:020:StopPointInJourneyPattern:205339415000019377_205330000090069001" version="any"/>
    <ArrivalTime>12:17:00</ArrivalTime>
    <DepartureTime>12:17:00</DepartureTime>
</TimetabledPassingTime>
<TimetabledPassingTime version="any" id="SE:020:TimetabledPassingTime:205330000113220684">
    <StopPointInJourneyPatternRef ref="SE:020:StopPointInJourneyPattern:205339415000019377_205330000090069002" version="any"/>
    <ArrivalTime>12:19:00</ArrivalTime>
    <DepartureTime>12:19:00</DepartureTime>
</TimetabledPassingTime>
<TimetabledPassingTime version="any" id="SE:020:TimetabledPassingTime:205330000113220685">
    <StopPointInJourneyPatternRef ref="SE:020:StopPointInJourneyPattern:205339415000019377_205330000090069003" version="any"/>
    <ArrivalTime>13:20:00</ArrivalTime>
</TimetabledPassingTime>
                            </passingTimes>
                            <FlexibleServiceProperties>
<FlexibleServiceType>fixedPassingTimes</FlexibleServiceType>
<BookWhen>advanceOnly</BookWhen>
<BookingNote>Turen ska förbeställas senast 3 timmar före bussens avgångstid via telefon 0774-44 00 00.</BookingNote>
                            </FlexibleServiceProperties>
                        </ServiceJourney>
                        <ServiceJourney version="any" id="SE:020:ServiceJourney:205330000113220675">
                            <TransportMode>bus</TransportMode>
                            <TransportSubmode>
<BusSubmode>unknown</BusSubmode>
                            </TransportSubmode>
                            <dayTypes>
<DayTypeRef ref="SE:020:DayType:307pj9abcf51sh6fua920i71q5gagge7"/>
                            </dayTypes>
                            <JourneyPatternRef ref="SE:020:JourneyPattern:205339415000019376" version="any"/>
                            <OperatorRef ref="SE:020:Operator:9013020810000000"/>
                            <passingTimes>
<TimetabledPassingTime version="any" id="SE:020:TimetabledPassingTime:205330000113220669">
    <StopPointInJourneyPatternRef ref="SE:020:StopPointInJourneyPattern:205339415000019376_205330000090068980" version="any"/>
    <DepartureTime>09:10:00</DepartureTime>
</TimetabledPassingTime>
<TimetabledPassingTime version="any" id="SE:020:TimetabledPassingTime:205330000113220670">
    <StopPointInJourneyPatternRef ref="SE:020:StopPointInJourneyPattern:205339415000019376_205330000090068981" version="any"/>
    <ArrivalTime>10:10:00</ArrivalTime>
    <DepartureTime>10:10:00</DepartureTime>
</TimetabledPassingTime>
<TimetabledPassingTime version="any" id="SE:020:TimetabledPassingTime:205330000113220671">
    <StopPointInJourneyPatternRef ref="SE:020:StopPointInJourneyPattern:205339415000019376_205330000090068982" version="any"/>
    <ArrivalTime>10:12:00</ArrivalTime>
    <DepartureTime>10:12:00</DepartureTime>
</TimetabledPassingTime>
<TimetabledPassingTime version="any" id="SE:020:TimetabledPassingTime:205330000113220672">
    <StopPointInJourneyPatternRef ref="SE:020:StopPointInJourneyPattern:205339415000019376_205330000090068983" version="any"/>
    <ArrivalTime>10:15:00</ArrivalTime>
</TimetabledPassingTime>
                            </passingTimes>
                            <FlexibleServiceProperties>
<FlexibleServiceType>fixedPassingTimes</FlexibleServiceType>
<BookWhen>advanceOnly</BookWhen>
<BookingNote>Turen ska förbeställas senast 3 timmar före bussens avgångstid via telefon 0774-44 00 00.</BookingNote>
                            </FlexibleServiceProperties>
                        </ServiceJourney>
                    </vehicleJourneys>
                </TimetableFrame>
            </frames>
        </CompositeFrame>
    </dataObjects>
</PublicationDelivery>
